<?xml version="1.0" encoding="UTF-8"?>
<tables>
    <BCTDOUTGO>
        <BCTDOUTGO_row>
            <bm_fiscalyear>108</bm_fiscalyear>
            <bm_fundkind>1</bm_fundkind>
            <bm_budgetkind>1</bm_budgetkind>
            <bm_specialbudgetno/>
            <bm_agenno>57005</bm_agenno>
            <bm_agentype>C</bm_agentype>
            <bm_budgetstate>1</bm_budgetstate>
            <bm_abroadplan>1</bm_abroadplan>
            <bm_projtype>2 </bm_projtype>
            <bm_projno>01</bm_projno>
            <bm_abroadplanname>參加世界衛生組織（WHO）及其所屬組織所舉辦之各項相關會議或活動</bm_abroadplanname>
            <bm_visitsts>0</bm_visitsts>
            <bm_visitexplain/>
            <bm_dispatchstaffs>0</bm_dispatchstaffs>
            <bm_abroadsite1>瑞士日內瓦</bm_abroadsite1>
            <bm_abroadsite2>法國巴黎</bm_abroadsite2>
            <bm_abroadsite3>瑞士日內瓦</bm_abroadsite3>
            <bm_abroadperiod1>10605</bm_abroadperiod1>
            <bm_abroadperiodto1>10605</bm_abroadperiodto1>
            <bm_abroadperiod2>10605</bm_abroadperiod2>
            <bm_abroadperiodto2>10605</bm_abroadperiodto2>
            <bm_abroadperiod3>10601</bm_abroadperiod3>
            <bm_abroadperiodto3>10601</bm_abroadperiodto3>
            <bm_abroadstaffs1>1</bm_abroadstaffs1>
            <bm_abroadstaffs2>1</bm_abroadstaffs2>
            <bm_abroadstaffs3>1</bm_abroadstaffs3>
            <bm_abroadallowance1>142000.00</bm_abroadallowance1>
            <bm_abroadallowance2>139000.00</bm_abroadallowance2>
            <bm_abroadallowance3>153000.00</bm_abroadallowance3>
            <bm_budgetno>71570050200</bm_budgetno>
            <bm_regionno>43</bm_regionno>
            <bm_country>歐美亞非</bm_country>
            <bm_agency/>
            <bm_cont_text>配合政府政策，積極參與世界衛生組織及其所屬組織（WPRO等）所舉辦的如EB、WHA及區署會議等相關會議及活動，有助於本署參與國際衛生事務、推展國際防疫合作。</bm_cont_text>
            <bm_durationfrom>10801</bm_durationfrom>
            <bm_durationto>10812</bm_durationto>
            <bm_days>7</bm_days>
            <bm_persons>4</bm_persons>
            <bm_amt_trans>200000.00</bm_amt_trans>
            <bm_amt_life>217000.00</bm_amt_life>
            <bm_amt_public>15000.00</bm_amt_public>
            <bm_amt_books>0.00</bm_amt_books>
            <bm_amt_flight>0.00</bm_amt_flight>
            <bm_versiondate/>
        </BCTDOUTGO_row>
        <BCTDOUTGO_row>
            <bm_fiscalyear>108</bm_fiscalyear>
            <bm_fundkind>1</bm_fundkind>
            <bm_budgetkind>1</bm_budgetkind>
            <bm_specialbudgetno/>
            <bm_agenno>57005</bm_agenno>
            <bm_agentype>C</bm_agentype>
            <bm_budgetstate>1</bm_budgetstate>
            <bm_abroadplan>1</bm_abroadplan>
            <bm_projtype>2 </bm_projtype>
            <bm_projno>02</bm_projno>
            <bm_abroadplanname>參加亞太經濟合作（APEC）、全球衛生安全綱領（GHSA）或其他國際組織舉辦之各項衛生會議及活動</bm_abroadplanname>
            <bm_visitsts/>
            <bm_visitexplain/>
            <bm_dispatchstaffs>0</bm_dispatchstaffs>
            <bm_abroadsite1>新加坡</bm_abroadsite1>
            <bm_abroadsite2>越南胡志明市</bm_abroadsite2>
            <bm_abroadsite3>越南河內</bm_abroadsite3>
            <bm_abroadperiod1>10611</bm_abroadperiod1>
            <bm_abroadperiodto1>10611</bm_abroadperiodto1>
            <bm_abroadperiod2>10608</bm_abroadperiod2>
            <bm_abroadperiodto2>10608</bm_abroadperiodto2>
            <bm_abroadperiod3>10512</bm_abroadperiod3>
            <bm_abroadperiodto3>10512</bm_abroadperiodto3>
            <bm_abroadstaffs1>1</bm_abroadstaffs1>
            <bm_abroadstaffs2>1</bm_abroadstaffs2>
            <bm_abroadstaffs3>1</bm_abroadstaffs3>
            <bm_abroadallowance1>134000.00</bm_abroadallowance1>
            <bm_abroadallowance2>43000.00</bm_abroadallowance2>
            <bm_abroadallowance3>35000.00</bm_abroadallowance3>
            <bm_budgetno>71570050200</bm_budgetno>
            <bm_regionno>43</bm_regionno>
            <bm_country>歐美亞非</bm_country>
            <bm_agency/>
            <bm_cont_text>參加亞太經濟合作衛生工作小組、全球衛生安全綱領或其他重要國際組織舉辦之各項衛生會議及活動，參與國際衛生事務，提升國際能見度。</bm_cont_text>
            <bm_durationfrom>10801</bm_durationfrom>
            <bm_durationto>10812</bm_durationto>
            <bm_days>7</bm_days>
            <bm_persons>2</bm_persons>
            <bm_amt_trans>186000.00</bm_amt_trans>
            <bm_amt_life>78000.00</bm_amt_life>
            <bm_amt_public>19000.00</bm_amt_public>
            <bm_amt_books>0.00</bm_amt_books>
            <bm_amt_flight>0.00</bm_amt_flight>
            <bm_versiondate/>
        </BCTDOUTGO_row>
        <BCTDOUTGO_row>
            <bm_fiscalyear>108</bm_fiscalyear>
            <bm_fundkind>1</bm_fundkind>
            <bm_budgetkind>1</bm_budgetkind>
            <bm_specialbudgetno/>
            <bm_agenno>57005</bm_agenno>
            <bm_agentype>C</bm_agentype>
            <bm_budgetstate>1</bm_budgetstate>
            <bm_abroadplan>1</bm_abroadplan>
            <bm_projtype>2 </bm_projtype>
            <bm_projno>03</bm_projno>
            <bm_abroadplanname>舉辦年度雙邊或多邊會議或活動</bm_abroadplanname>
            <bm_visitsts>0</bm_visitsts>
            <bm_visitexplain/>
            <bm_dispatchstaffs>0</bm_dispatchstaffs>
            <bm_abroadsite1>越南胡志明市</bm_abroadsite1>
            <bm_abroadsite2>印度新德里</bm_abroadsite2>
            <bm_abroadsite3>美國北卡</bm_abroadsite3>
            <bm_abroadperiod1>10612</bm_abroadperiod1>
            <bm_abroadperiodto1>10612</bm_abroadperiodto1>
            <bm_abroadperiod2>10609</bm_abroadperiod2>
            <bm_abroadperiodto2>10609</bm_abroadperiodto2>
            <bm_abroadperiod3>10608</bm_abroadperiod3>
            <bm_abroadperiodto3>10608</bm_abroadperiodto3>
            <bm_abroadstaffs1>1</bm_abroadstaffs1>
            <bm_abroadstaffs2>1</bm_abroadstaffs2>
            <bm_abroadstaffs3>1</bm_abroadstaffs3>
            <bm_abroadallowance1>59000.00</bm_abroadallowance1>
            <bm_abroadallowance2>93000.00</bm_abroadallowance2>
            <bm_abroadallowance3>149000.00</bm_abroadallowance3>
            <bm_budgetno>71570050200</bm_budgetno>
            <bm_regionno>43</bm_regionno>
            <bm_country>歐美亞非</bm_country>
            <bm_agency/>
            <bm_cont_text>為執行本署與美、英、奧地利及日本簽署之合作協議，加強雙邊合作關係與聯繫，將與渠等國家防疫單位舉行雙邊或多邊年度會議或活動，以分享疾病防治資訊與經驗，維持雙邊或多邊合作機制。</bm_cont_text>
            <bm_durationfrom>10801</bm_durationfrom>
            <bm_durationto>10812</bm_durationto>
            <bm_days>7</bm_days>
            <bm_persons>3</bm_persons>
            <bm_amt_trans>180000.00</bm_amt_trans>
            <bm_amt_life>119000.00</bm_amt_life>
            <bm_amt_public>23000.00</bm_amt_public>
            <bm_amt_books>0.00</bm_amt_books>
            <bm_amt_flight>0.00</bm_amt_flight>
            <bm_versiondate/>
        </BCTDOUTGO_row>
        <BCTDOUTGO_row>
            <bm_fiscalyear>108</bm_fiscalyear>
            <bm_fundkind>1</bm_fundkind>
            <bm_budgetkind>1</bm_budgetkind>
            <bm_specialbudgetno/>
            <bm_agenno>57005</bm_agenno>
            <bm_agentype>C</bm_agentype>
            <bm_budgetstate>1</bm_budgetstate>
            <bm_abroadplan>1</bm_abroadplan>
            <bm_projtype>2 </bm_projtype>
            <bm_projno>04</bm_projno>
            <bm_abroadplanname>國際愛滋病協會年會（IAS 2019）</bm_abroadplanname>
            <bm_visitsts>0</bm_visitsts>
            <bm_visitexplain/>
            <bm_dispatchstaffs>0</bm_dispatchstaffs>
            <bm_abroadsite1>法國</bm_abroadsite1>
            <bm_abroadsite2>加拿大</bm_abroadsite2>
            <bm_abroadsite3>馬來西亞</bm_abroadsite3>
            <bm_abroadperiod1>10607</bm_abroadperiod1>
            <bm_abroadperiodto1>10607</bm_abroadperiodto1>
            <bm_abroadperiod2>10407</bm_abroadperiod2>
            <bm_abroadperiodto2>10407</bm_abroadperiodto2>
            <bm_abroadperiod3>10206</bm_abroadperiod3>
            <bm_abroadperiodto3>10206</bm_abroadperiodto3>
            <bm_abroadstaffs1>1</bm_abroadstaffs1>
            <bm_abroadstaffs2>1</bm_abroadstaffs2>
            <bm_abroadstaffs3>1</bm_abroadstaffs3>
            <bm_abroadallowance1>133000.00</bm_abroadallowance1>
            <bm_abroadallowance2>127000.00</bm_abroadallowance2>
            <bm_abroadallowance3>75000.00</bm_abroadallowance3>
            <bm_budgetno>71570050200</bm_budgetno>
            <bm_regionno>43</bm_regionno>
            <bm_country>歐美亞太</bm_country>
            <bm_agency/>
            <bm_cont_text>本會議每二年舉辦一次，為全球重要之愛滋病會議，由各國愛滋病專家學者發表相關防治策略及最新醫學發展，故參加此會議將可以了解國際最新愛滋病資訊，掌握流行趨勢及現況，增進專業知能，以做為日後訂定我國愛滋病防疫政策之參考。</bm_cont_text>
            <bm_durationfrom>10801</bm_durationfrom>
            <bm_durationto>10812</bm_durationto>
            <bm_days>9</bm_days>
            <bm_persons>1</bm_persons>
            <bm_amt_trans>55000.00</bm_amt_trans>
            <bm_amt_life>44000.00</bm_amt_life>
            <bm_amt_public>29000.00</bm_amt_public>
            <bm_amt_books>0.00</bm_amt_books>
            <bm_amt_flight>0.00</bm_amt_flight>
            <bm_versiondate/>
        </BCTDOUTGO_row>
        <BCTDOUTGO_row>
            <bm_fiscalyear>108</bm_fiscalyear>
            <bm_fundkind>1</bm_fundkind>
            <bm_budgetkind>1</bm_budgetkind>
            <bm_specialbudgetno/>
            <bm_agenno>57005</bm_agenno>
            <bm_agentype>C</bm_agentype>
            <bm_budgetstate>1</bm_budgetstate>
            <bm_abroadplan>1</bm_abroadplan>
            <bm_projtype>2 </bm_projtype>
            <bm_projno>05</bm_projno>
            <bm_abroadplanname>第10屆全球應用流行病學研討會</bm_abroadplanname>
            <bm_visitsts>0</bm_visitsts>
            <bm_visitexplain/>
            <bm_dispatchstaffs>0</bm_dispatchstaffs>
            <bm_abroadsite1>美國</bm_abroadsite1>
            <bm_abroadsite2>柬埔寨</bm_abroadsite2>
            <bm_abroadsite3>美國</bm_abroadsite3>
            <bm_abroadperiod1>10604</bm_abroadperiod1>
            <bm_abroadperiodto1>10604</bm_abroadperiodto1>
            <bm_abroadperiod2>10511</bm_abroadperiod2>
            <bm_abroadperiodto2>10511</bm_abroadperiodto2>
            <bm_abroadperiod3>10506</bm_abroadperiod3>
            <bm_abroadperiodto3>10506</bm_abroadperiodto3>
            <bm_abroadstaffs1>2</bm_abroadstaffs1>
            <bm_abroadstaffs2>2</bm_abroadstaffs2>
            <bm_abroadstaffs3>1</bm_abroadstaffs3>
            <bm_abroadallowance1>123000.00</bm_abroadallowance1>
            <bm_abroadallowance2>94000.00</bm_abroadallowance2>
            <bm_abroadallowance3>56000.00</bm_abroadallowance3>
            <bm_budgetno>71570050200</bm_budgetno>
            <bm_regionno>43</bm_regionno>
            <bm_country>歐美</bm_country>
            <bm_agency/>
            <bm_cont_text>本會議由「流行病學與公共衛生防治訓練網」（TEPHINET）所舉辦，全世界有90個國家參與該網絡，臺灣為TEPHINET創始會員，出席會議除可鞏固會員資格，亦可與各國家建立疫情調查資訊交換平臺，掌握各國疫情現況，並透過TEPHINET平臺參與全球衛生安全行動。</bm_cont_text>
            <bm_durationfrom>10801</bm_durationfrom>
            <bm_durationto>10812</bm_durationto>
            <bm_days>7</bm_days>
            <bm_persons>1</bm_persons>
            <bm_amt_trans>52000.00</bm_amt_trans>
            <bm_amt_life>40000.00</bm_amt_life>
            <bm_amt_public>38000.00</bm_amt_public>
            <bm_amt_books>0.00</bm_amt_books>
            <bm_amt_flight>0.00</bm_amt_flight>
            <bm_versiondate/>
        </BCTDOUTGO_row>
        <BCTDOUTGO_row>
            <bm_fiscalyear>108</bm_fiscalyear>
            <bm_fundkind>1</bm_fundkind>
            <bm_budgetkind>1</bm_budgetkind>
            <bm_specialbudgetno/>
            <bm_agenno>57005</bm_agenno>
            <bm_agentype>C</bm_agentype>
            <bm_budgetstate>1</bm_budgetstate>
            <bm_abroadplan>1</bm_abroadplan>
            <bm_projtype>3 </bm_projtype>
            <bm_projno>01</bm_projno>
            <bm_abroadplanname>登革熱防疫深耕隊執行計畫</bm_abroadplanname>
            <bm_visitsts/>
            <bm_visitexplain/>
            <bm_dispatchstaffs>0</bm_dispatchstaffs>
            <bm_abroadsite1/>
            <bm_abroadsite2/>
            <bm_abroadsite3/>
            <bm_abroadperiod1/>
            <bm_abroadperiodto1/>
            <bm_abroadperiod2/>
            <bm_abroadperiodto2/>
            <bm_abroadperiod3/>
            <bm_abroadperiodto3/>
            <bm_abroadstaffs1>0</bm_abroadstaffs1>
            <bm_abroadstaffs2>0</bm_abroadstaffs2>
            <bm_abroadstaffs3>0</bm_abroadstaffs3>
            <bm_abroadallowance1>0.00</bm_abroadallowance1>
            <bm_abroadallowance2>0.00</bm_abroadallowance2>
            <bm_abroadallowance3>0.00</bm_abroadallowance3>
            <bm_budgetno>71570050200</bm_budgetno>
            <bm_regionno>43</bm_regionno>
            <bm_country>亞洲</bm_country>
            <bm_agency/>
            <bm_cont_text>於新南向國家成立登革熱防治試辦社區，派遣防疫深耕隊人員於該社區與當地相關人員共同推動符合其需求之登革熱監測與防治工作，並就執行情形共同研擬改善精進方案。</bm_cont_text>
            <bm_durationfrom>10801</bm_durationfrom>
            <bm_durationto>10812</bm_durationto>
            <bm_days>12</bm_days>
            <bm_persons>4</bm_persons>
            <bm_amt_trans>142000.00</bm_amt_trans>
            <bm_amt_life>299000.00</bm_amt_life>
            <bm_amt_public>20000.00</bm_amt_public>
            <bm_amt_books>0.00</bm_amt_books>
            <bm_amt_flight>0.00</bm_amt_flight>
            <bm_versiondate/>
        </BCTDOUTGO_row>
        <BCTDOUTGO_row>
            <bm_fiscalyear>108</bm_fiscalyear>
            <bm_fundkind>1</bm_fundkind>
            <bm_budgetkind>1</bm_budgetkind>
            <bm_specialbudgetno/>
            <bm_agenno>57005</bm_agenno>
            <bm_agentype>C</bm_agentype>
            <bm_budgetstate>1</bm_budgetstate>
            <bm_abroadplan>1</bm_abroadplan>
            <bm_projtype>3 </bm_projtype>
            <bm_projno>02</bm_projno>
            <bm_abroadplanname>登革熱新南向計畫</bm_abroadplanname>
            <bm_visitsts/>
            <bm_visitexplain/>
            <bm_dispatchstaffs>0</bm_dispatchstaffs>
            <bm_abroadsite1/>
            <bm_abroadsite2/>
            <bm_abroadsite3/>
            <bm_abroadperiod1/>
            <bm_abroadperiodto1/>
            <bm_abroadperiod2/>
            <bm_abroadperiodto2/>
            <bm_abroadperiod3/>
            <bm_abroadperiodto3/>
            <bm_abroadstaffs1>0</bm_abroadstaffs1>
            <bm_abroadstaffs2>0</bm_abroadstaffs2>
            <bm_abroadstaffs3>0</bm_abroadstaffs3>
            <bm_abroadallowance1>0.00</bm_abroadallowance1>
            <bm_abroadallowance2>0.00</bm_abroadallowance2>
            <bm_abroadallowance3>0.00</bm_abroadallowance3>
            <bm_budgetno>71570050200</bm_budgetno>
            <bm_regionno>43</bm_regionno>
            <bm_country>亞洲</bm_country>
            <bm_agency/>
            <bm_cont_text>於新南向國家成立登革熱防治試辦社區，赴該國推動運用我國已發展之登革熱防治模組，於年初召開啟動會議以及年中召開執行檢討會議。</bm_cont_text>
            <bm_durationfrom>10801</bm_durationfrom>
            <bm_durationto>10812</bm_durationto>
            <bm_days>6</bm_days>
            <bm_persons>4</bm_persons>
            <bm_amt_trans>142000.00</bm_amt_trans>
            <bm_amt_life>140000.00</bm_amt_life>
            <bm_amt_public>10000.00</bm_amt_public>
            <bm_amt_books>0.00</bm_amt_books>
            <bm_amt_flight>0.00</bm_amt_flight>
            <bm_versiondate/>
        </BCTDOUTGO_row>
        <BCTDOUTGO_row>
            <bm_fiscalyear>108</bm_fiscalyear>
            <bm_fundkind>1</bm_fundkind>
            <bm_budgetkind>1</bm_budgetkind>
            <bm_specialbudgetno/>
            <bm_agenno>57005</bm_agenno>
            <bm_agentype>C</bm_agentype>
            <bm_budgetstate>1</bm_budgetstate>
            <bm_abroadplan>1</bm_abroadplan>
            <bm_projtype>3 </bm_projtype>
            <bm_projno>03</bm_projno>
            <bm_abroadplanname>結核病防疫深耕隊進駐</bm_abroadplanname>
            <bm_visitsts/>
            <bm_visitexplain/>
            <bm_dispatchstaffs>0</bm_dispatchstaffs>
            <bm_abroadsite1/>
            <bm_abroadsite2/>
            <bm_abroadsite3/>
            <bm_abroadperiod1/>
            <bm_abroadperiodto1/>
            <bm_abroadperiod2/>
            <bm_abroadperiodto2/>
            <bm_abroadperiod3/>
            <bm_abroadperiodto3/>
            <bm_abroadstaffs1>0</bm_abroadstaffs1>
            <bm_abroadstaffs2>0</bm_abroadstaffs2>
            <bm_abroadstaffs3>0</bm_abroadstaffs3>
            <bm_abroadallowance1>0.00</bm_abroadallowance1>
            <bm_abroadallowance2>0.00</bm_abroadallowance2>
            <bm_abroadallowance3>0.00</bm_abroadallowance3>
            <bm_budgetno>71570050200</bm_budgetno>
            <bm_regionno>43</bm_regionno>
            <bm_country>亞洲</bm_country>
            <bm_agency/>
            <bm_cont_text>擇定一新南向國家，由防疫技術轉殖中心派遣結核病防疫深耕隊進駐該國，實地提供符合其需求之防治模組運作之指導與協助。</bm_cont_text>
            <bm_durationfrom>10801</bm_durationfrom>
            <bm_durationto>10812</bm_durationto>
            <bm_days>20</bm_days>
            <bm_persons>8</bm_persons>
            <bm_amt_trans>220000.00</bm_amt_trans>
            <bm_amt_life>454000.00</bm_amt_life>
            <bm_amt_public>73000.00</bm_amt_public>
            <bm_amt_books>0.00</bm_amt_books>
            <bm_amt_flight>0.00</bm_amt_flight>
            <bm_versiondate/>
        </BCTDOUTGO_row>
    </BCTDOUTGO>
</tables>
