<?xml version="1.0" encoding="UTF-8"?>
<tables>
    <BCTDMANAMT>
        <BCTDMANAMT_row>
            <bn_fiscalyear>108</bn_fiscalyear>
            <bn_fundkind>1</bn_fundkind>
            <bn_budgetkind>1</bn_budgetkind>
            <bn_specialbudgetno/>
            <bn_agenno>57005</bn_agenno>
            <bn_agentype>C</bn_agentype>
            <bn_budgetstate>1</bn_budgetstate>
            <bn_budgetsource>1</bn_budgetsource>
            <bn_man1>821</bn_man1>
            <bn_man1_l>821</bn_man1_l>
            <bn_man2>0</bn_man2>
            <bn_man2_l>0</bn_man2_l>
            <bn_man3>16</bn_man3>
            <bn_man3_l>19</bn_man3_l>
            <bn_man4>25</bn_man4>
            <bn_man4_l>28</bn_man4_l>
            <bn_man5>2</bn_man5>
            <bn_man5_l>2</bn_man5_l>
            <bn_man6>3</bn_man6>
            <bn_man6_l>3</bn_man6_l>
            <bn_man7>0</bn_man7>
            <bn_man7_l>0</bn_man7_l>
            <bn_man8>3</bn_man8>
            <bn_man8_l>3</bn_man8_l>
            <bn_man9>24</bn_man9>
            <bn_man9_l>28</bn_man9_l>
            <bn_man10>0</bn_man10>
            <bn_man10_l>0</bn_man10_l>
            <bn_man11>0</bn_man11>
            <bn_man11_l>0</bn_man11_l>
            <bn_amt_man>948287000.00</bn_amt_man>
            <bn_amt_mngbsn>902131000.00</bn_amt_mngbsn>
            <bn_text>本署以業務費預計進用臨時人員67人42,105千元、勞動派遣65人38,341千元及勞務承攬36人17,447千元，分述如下：&#xd;
&amp;lt;#H1&amp;gt;科技業務，預計進用臨時人員51人，經費33,575千元；勞務承攬3人，經費2,100千元。&#xd;
&amp;lt;#H1&amp;gt;一般行政，預計進用臨時人員3人，經費1,461千元；勞動派遣2人，經費1,142千元；勞務承攬14人，經費6,184千元。&#xd;
&amp;lt;#H1&amp;gt;防疫業務，預計進用臨時人員13人，經費7,069千元；勞動派遣63人，經費37,199千元；勞務承攬19人，經費9,163千元。</bn_text>
            <display_name>71570050100 一般行政</display_name>
        </BCTDMANAMT_row>
    </BCTDMANAMT>
</tables>
