<?xml version="1.0" encoding="UTF-8"?>
<tables>
    <BCTDHELPPLAN>
        <BCTDHELPPLAN_row>
            <bh_fiscalyear>108</bh_fiscalyear>
            <bh_fundkind>1</bh_fundkind>
            <bh_budgetkind>1</bh_budgetkind>
            <bh_specialbudgetno/>
            <bh_agenno>57005</bh_agenno>
            <bh_agentype>C</bh_agentype>
            <bh_budgetstate>1</bh_budgetstate>
            <bh_versiondate/>
            <bh_objectno>0461</bh_objectno>
            <bh_endowplanno>01</bh_endowplanno>
            <bh_endowplanname>巨量資料於感染相關監測及防治策略之應用計畫</bh_endowplanname>
            <bh_donname/>
            <bh_endowsts>0</bh_endowsts>
            <bh_budgetno>52570050400</bh_budgetno>
            <bh_subprojectno>06</bh_subprojectno>
            <bh_budgetsource>1</bh_budgetsource>
            <bh_applyid>0</bh_applyid>
            <bh_startyear>108</bh_startyear>
            <bh_endyear>108</bh_endyear>
            <bh_donrem>補助公立醫院建立抗藥性相關監測資料自動交換機制之軟硬體與醫院資訊系統程式修改等費用。</bh_donrem>
            <bh_bgtyear>108</bh_bgtyear>
            <bh_amt_man>0.00</bh_amt_man>
            <bh_amt_business>0.00</bh_amt_business>
            <bh_amt_other>0.00</bh_amt_other>
            <bh_amt_land>0.00</bh_amt_land>
            <bh_amt_house>0.00</bh_amt_house>
            <bh_amt6>0.00</bh_amt6>
            <bh_amt7>1078000.00</bh_amt7>
            <bh_flowflag/>
            <bh_signflag/>
            <bh_signno/>
            <mj_subprojectno_na>06 - 巨量資料於感染相關監測及防治策略之應用計畫</mj_subprojectno_na>
        </BCTDHELPPLAN_row>
        <BCTDHELPPLAN_row>
            <bh_fiscalyear>108</bh_fiscalyear>
            <bh_fundkind>1</bh_fundkind>
            <bh_budgetkind>1</bh_budgetkind>
            <bh_specialbudgetno/>
            <bh_agenno>57005</bh_agenno>
            <bh_agentype>C</bh_agentype>
            <bh_budgetstate>1</bh_budgetstate>
            <bh_versiondate/>
            <bh_objectno>0403</bh_objectno>
            <bh_endowplanno>01</bh_endowplanno>
            <bh_endowplanname>傳染病防治計畫</bh_endowplanname>
            <bh_donname/>
            <bh_endowsts>0</bh_endowsts>
            <bh_budgetno>71570050200</bh_budgetno>
            <bh_subprojectno>01</bh_subprojectno>
            <bh_budgetsource>1</bh_budgetsource>
            <bh_applyid>0</bh_applyid>
            <bh_startyear>108</bh_startyear>
            <bh_endyear>108</bh_endyear>
            <bh_donrem>補助地方政府辦理疫病防治業務推動等相關工作（新北市5,516千元、桃園市5,021千元、臺中市5,281千元、臺南市11,812千元、高雄市15,749千元）。</bh_donrem>
            <bh_bgtyear>108</bh_bgtyear>
            <bh_amt_man>0.00</bh_amt_man>
            <bh_amt_business>43379000.00</bh_amt_business>
            <bh_amt_other>0.00</bh_amt_other>
            <bh_amt_land>0.00</bh_amt_land>
            <bh_amt_house>0.00</bh_amt_house>
            <bh_amt6>0.00</bh_amt6>
            <bh_amt7>0.00</bh_amt7>
            <bh_flowflag/>
            <bh_signflag/>
            <bh_signno/>
            <mj_subprojectno_na>01 - 傳染病防治及應變規劃</mj_subprojectno_na>
        </BCTDHELPPLAN_row>
        <BCTDHELPPLAN_row>
            <bh_fiscalyear>108</bh_fiscalyear>
            <bh_fundkind>1</bh_fundkind>
            <bh_budgetkind>1</bh_budgetkind>
            <bh_specialbudgetno/>
            <bh_agenno>57005</bh_agenno>
            <bh_agentype>C</bh_agentype>
            <bh_budgetstate>1</bh_budgetstate>
            <bh_versiondate/>
            <bh_objectno>0410</bh_objectno>
            <bh_endowplanno>01</bh_endowplanno>
            <bh_endowplanname>傳染病防治計畫</bh_endowplanname>
            <bh_donname/>
            <bh_endowsts>0</bh_endowsts>
            <bh_budgetno>71570050200</bh_budgetno>
            <bh_subprojectno>01</bh_subprojectno>
            <bh_budgetsource>1</bh_budgetsource>
            <bh_applyid>0</bh_applyid>
            <bh_startyear>108</bh_startyear>
            <bh_endyear>108</bh_endyear>
            <bh_donrem>補助地方政府辦理疫病防治業務推動等相關工作（宜蘭縣3,211千元、新竹縣2,372千元、苗栗縣2,422千元、彰化縣3,309千元、南投縣4,155千元、雲林縣2,716千元、嘉義縣4,178千元、屏東縣11,734千元、臺東縣2,907千元、花蓮縣2,999千元、澎湖縣1,415千元、基隆市1,655千元、新竹市1,309千元、嘉義市1,596千元）。</bh_donrem>
            <bh_bgtyear>108</bh_bgtyear>
            <bh_amt_man>0.00</bh_amt_man>
            <bh_amt_business>45978000.00</bh_amt_business>
            <bh_amt_other>0.00</bh_amt_other>
            <bh_amt_land>0.00</bh_amt_land>
            <bh_amt_house>0.00</bh_amt_house>
            <bh_amt6>0.00</bh_amt6>
            <bh_amt7>0.00</bh_amt7>
            <bh_flowflag/>
            <bh_signflag/>
            <bh_signno/>
            <mj_subprojectno_na>01 - 傳染病防治及應變規劃</mj_subprojectno_na>
        </BCTDHELPPLAN_row>
        <BCTDHELPPLAN_row>
            <bh_fiscalyear>108</bh_fiscalyear>
            <bh_fundkind>1</bh_fundkind>
            <bh_budgetkind>1</bh_budgetkind>
            <bh_specialbudgetno/>
            <bh_agenno>57005</bh_agenno>
            <bh_agentype>C</bh_agentype>
            <bh_budgetstate>1</bh_budgetstate>
            <bh_versiondate/>
            <bh_objectno>0429</bh_objectno>
            <bh_endowplanno>01</bh_endowplanno>
            <bh_endowplanname>傳染病防治計畫</bh_endowplanname>
            <bh_donname/>
            <bh_endowsts>0</bh_endowsts>
            <bh_budgetno>71570050200</bh_budgetno>
            <bh_subprojectno>01</bh_subprojectno>
            <bh_budgetsource>1</bh_budgetsource>
            <bh_applyid>0</bh_applyid>
            <bh_startyear>108</bh_startyear>
            <bh_endyear>108</bh_endyear>
            <bh_donrem>補助地方政府辦理疫病防治業務推動等相關工作（金門縣307千元、連江縣276千元）。</bh_donrem>
            <bh_bgtyear>108</bh_bgtyear>
            <bh_amt_man>0.00</bh_amt_man>
            <bh_amt_business>583000.00</bh_amt_business>
            <bh_amt_other>0.00</bh_amt_other>
            <bh_amt_land>0.00</bh_amt_land>
            <bh_amt_house>0.00</bh_amt_house>
            <bh_amt6>0.00</bh_amt6>
            <bh_amt7>0.00</bh_amt7>
            <bh_flowflag/>
            <bh_signflag/>
            <bh_signno/>
            <mj_subprojectno_na>01 - 傳染病防治及應變規劃</mj_subprojectno_na>
        </BCTDHELPPLAN_row>
        <BCTDHELPPLAN_row>
            <bh_fiscalyear>108</bh_fiscalyear>
            <bh_fundkind>1</bh_fundkind>
            <bh_budgetkind>1</bh_budgetkind>
            <bh_specialbudgetno/>
            <bh_agenno>57005</bh_agenno>
            <bh_agentype>C</bh_agentype>
            <bh_budgetstate>1</bh_budgetstate>
            <bh_versiondate/>
            <bh_objectno>0430</bh_objectno>
            <bh_endowplanno>02</bh_endowplanno>
            <bh_endowplanname>傳染病研究檢驗</bh_endowplanname>
            <bh_donname/>
            <bh_endowsts>0</bh_endowsts>
            <bh_budgetno>71570050200</bh_budgetno>
            <bh_subprojectno>01</bh_subprojectno>
            <bh_budgetsource>1</bh_budgetsource>
            <bh_applyid>0</bh_applyid>
            <bh_startyear>108</bh_startyear>
            <bh_endyear>108</bh_endyear>
            <bh_donrem>補助國防醫學院協助高危險病原體及列管毒素之檢驗。</bh_donrem>
            <bh_bgtyear>0</bh_bgtyear>
            <bh_amt_man>594000.00</bh_amt_man>
            <bh_amt_business>73000.00</bh_amt_business>
            <bh_amt_other>68000.00</bh_amt_other>
            <bh_amt_land>0.00</bh_amt_land>
            <bh_amt_house>0.00</bh_amt_house>
            <bh_amt6>0.00</bh_amt6>
            <bh_amt7>0.00</bh_amt7>
            <bh_flowflag/>
            <bh_signflag/>
            <bh_signno/>
            <mj_subprojectno_na>01 - 傳染病防治及應變規劃</mj_subprojectno_na>
        </BCTDHELPPLAN_row>
        <BCTDHELPPLAN_row>
            <bh_fiscalyear>108</bh_fiscalyear>
            <bh_fundkind>1</bh_fundkind>
            <bh_budgetkind>1</bh_budgetkind>
            <bh_specialbudgetno/>
            <bh_agenno>57005</bh_agenno>
            <bh_agentype>C</bh_agentype>
            <bh_budgetstate>1</bh_budgetstate>
            <bh_versiondate/>
            <bh_objectno>0461</bh_objectno>
            <bh_endowplanno>03</bh_endowplanno>
            <bh_endowplanname>愛滋病及其他特殊傳染病防治</bh_endowplanname>
            <bh_donname/>
            <bh_endowsts>0</bh_endowsts>
            <bh_budgetno>71570050200</bh_budgetno>
            <bh_subprojectno>04</bh_subprojectno>
            <bh_budgetsource>1</bh_budgetsource>
            <bh_applyid>0</bh_applyid>
            <bh_startyear>108</bh_startyear>
            <bh_endyear>108</bh_endyear>
            <bh_donrem>補助公立醫療院所及公立學校辦理愛滋病防治計畫、補助愛滋病指定醫事機構辦理服務品質提升計畫及辦理愛滋防治替代治療補助計畫等業務。</bh_donrem>
            <bh_bgtyear>108</bh_bgtyear>
            <bh_amt_man>0.00</bh_amt_man>
            <bh_amt_business>1300000.00</bh_amt_business>
            <bh_amt_other>0.00</bh_amt_other>
            <bh_amt_land>0.00</bh_amt_land>
            <bh_amt_house>0.00</bh_amt_house>
            <bh_amt6>0.00</bh_amt6>
            <bh_amt7>0.00</bh_amt7>
            <bh_flowflag/>
            <bh_signflag/>
            <bh_signno/>
            <mj_subprojectno_na>04 - 愛滋防治第六期五年計畫</mj_subprojectno_na>
        </BCTDHELPPLAN_row>
        <BCTDHELPPLAN_row>
            <bh_fiscalyear>108</bh_fiscalyear>
            <bh_fundkind>1</bh_fundkind>
            <bh_budgetkind>1</bh_budgetkind>
            <bh_specialbudgetno/>
            <bh_agenno>57005</bh_agenno>
            <bh_agentype>C</bh_agentype>
            <bh_budgetstate>1</bh_budgetstate>
            <bh_versiondate/>
            <bh_objectno>0461</bh_objectno>
            <bh_endowplanno>04</bh_endowplanno>
            <bh_endowplanname>結核病防治</bh_endowplanname>
            <bh_donname/>
            <bh_endowsts>0</bh_endowsts>
            <bh_budgetno>71570050200</bh_budgetno>
            <bh_subprojectno>05</bh_subprojectno>
            <bh_budgetsource>1</bh_budgetsource>
            <bh_applyid>0</bh_applyid>
            <bh_startyear>108</bh_startyear>
            <bh_endyear>108</bh_endyear>
            <bh_donrem>補助衛生醫療機構加強辦理結核病及漢生病診療、檢驗、管理、防治，特殊個案防治措施、探討與發展、漢生病個案確診及治療執行計畫、潛伏結核感染治療等相關業務。</bh_donrem>
            <bh_bgtyear>108</bh_bgtyear>
            <bh_amt_man>0.00</bh_amt_man>
            <bh_amt_business>1300000.00</bh_amt_business>
            <bh_amt_other>0.00</bh_amt_other>
            <bh_amt_land>0.00</bh_amt_land>
            <bh_amt_house>0.00</bh_amt_house>
            <bh_amt6>0.00</bh_amt6>
            <bh_amt7>0.00</bh_amt7>
            <bh_flowflag/>
            <bh_signflag/>
            <bh_signno/>
            <mj_subprojectno_na>05 - 我國加入WHO2035消除結核第一期計畫</mj_subprojectno_na>
        </BCTDHELPPLAN_row>
        <BCTDHELPPLAN_row>
            <bh_fiscalyear>108</bh_fiscalyear>
            <bh_fundkind>1</bh_fundkind>
            <bh_budgetkind>1</bh_budgetkind>
            <bh_specialbudgetno/>
            <bh_agenno>57005</bh_agenno>
            <bh_agentype>C</bh_agentype>
            <bh_budgetstate>1</bh_budgetstate>
            <bh_versiondate/>
            <bh_objectno>0461</bh_objectno>
            <bh_endowplanno>05</bh_endowplanno>
            <bh_endowplanname>我國因應流感大流行準備第三期計畫</bh_endowplanname>
            <bh_donname/>
            <bh_endowsts>0</bh_endowsts>
            <bh_budgetno>71570050200</bh_budgetno>
            <bh_subprojectno>06</bh_subprojectno>
            <bh_budgetsource>1</bh_budgetsource>
            <bh_applyid>0</bh_applyid>
            <bh_startyear>108</bh_startyear>
            <bh_endyear>108</bh_endyear>
            <bh_donrem>&amp;lt;#H1&amp;gt;補助傳染病防治醫療網隔離醫院因應疫情啟動致影響營運費用。&#xd;
&amp;lt;#H1&amp;gt;補助傳染病防治醫療網應變醫院病房維護費。&#xd;
&amp;lt;#H1&amp;gt;補助傳染病防治醫療網支援合作醫院相關行政費。</bh_donrem>
            <bh_bgtyear>108</bh_bgtyear>
            <bh_amt_man>0.00</bh_amt_man>
            <bh_amt_business>17361000.00</bh_amt_business>
            <bh_amt_other>0.00</bh_amt_other>
            <bh_amt_land>0.00</bh_amt_land>
            <bh_amt_house>0.00</bh_amt_house>
            <bh_amt6>0.00</bh_amt6>
            <bh_amt7>0.00</bh_amt7>
            <bh_flowflag/>
            <bh_signflag/>
            <bh_signno/>
            <mj_subprojectno_na>06 - 我國因應流感大流行準備第三期計畫</mj_subprojectno_na>
        </BCTDHELPPLAN_row>
        <BCTDHELPPLAN_row>
            <bh_fiscalyear>108</bh_fiscalyear>
            <bh_fundkind>1</bh_fundkind>
            <bh_budgetkind>1</bh_budgetkind>
            <bh_specialbudgetno/>
            <bh_agenno>57005</bh_agenno>
            <bh_agentype>C</bh_agentype>
            <bh_budgetstate>1</bh_budgetstate>
            <bh_versiondate/>
            <bh_objectno>0461</bh_objectno>
            <bh_endowplanno>06</bh_endowplanno>
            <bh_endowplanname>新興傳染病風險監測與應變整備計畫</bh_endowplanname>
            <bh_donname/>
            <bh_endowsts>0</bh_endowsts>
            <bh_budgetno>71570050200</bh_budgetno>
            <bh_subprojectno>07</bh_subprojectno>
            <bh_budgetsource>1</bh_budgetsource>
            <bh_applyid>0</bh_applyid>
            <bh_startyear>108</bh_startyear>
            <bh_endyear>108</bh_endyear>
            <bh_donrem>傳染病防治醫療網汰舊換新應變醫院負壓隔離病房相關設備。</bh_donrem>
            <bh_bgtyear>108</bh_bgtyear>
            <bh_amt_man>0.00</bh_amt_man>
            <bh_amt_business>0.00</bh_amt_business>
            <bh_amt_other>0.00</bh_amt_other>
            <bh_amt_land>0.00</bh_amt_land>
            <bh_amt_house>0.00</bh_amt_house>
            <bh_amt6>0.00</bh_amt6>
            <bh_amt7>9060000.00</bh_amt7>
            <bh_flowflag/>
            <bh_signflag/>
            <bh_signno/>
            <mj_subprojectno_na>07 - 新興傳染病風險監測與應變整備計畫</mj_subprojectno_na>
        </BCTDHELPPLAN_row>
        <BCTDHELPPLAN_row>
            <bh_fiscalyear>108</bh_fiscalyear>
            <bh_fundkind>1</bh_fundkind>
            <bh_budgetkind>1</bh_budgetkind>
            <bh_specialbudgetno/>
            <bh_agenno>57005</bh_agenno>
            <bh_agentype>C</bh_agentype>
            <bh_budgetstate>1</bh_budgetstate>
            <bh_versiondate/>
            <bh_objectno>0461</bh_objectno>
            <bh_endowplanno>07</bh_endowplanno>
            <bh_endowplanname>疫苗基金補助</bh_endowplanname>
            <bh_donname/>
            <bh_endowsts>0</bh_endowsts>
            <bh_budgetno>71570050200</bh_budgetno>
            <bh_subprojectno>08</bh_subprojectno>
            <bh_budgetsource>1</bh_budgetsource>
            <bh_applyid>0</bh_applyid>
            <bh_startyear>108</bh_startyear>
            <bh_endyear>108</bh_endyear>
            <bh_donrem>補助購買疫苗及辦理預防接種相關工作。</bh_donrem>
            <bh_bgtyear>108</bh_bgtyear>
            <bh_amt_man>0.00</bh_amt_man>
            <bh_amt_business>730160000.00</bh_amt_business>
            <bh_amt_other>0.00</bh_amt_other>
            <bh_amt_land>0.00</bh_amt_land>
            <bh_amt_house>0.00</bh_amt_house>
            <bh_amt6>0.00</bh_amt6>
            <bh_amt7>0.00</bh_amt7>
            <bh_flowflag/>
            <bh_signflag/>
            <bh_signno/>
            <mj_subprojectno_na>08 - 疫苗基金補助</mj_subprojectno_na>
        </BCTDHELPPLAN_row>
    </BCTDHELPPLAN>
</tables>
