<?xml version="1.0" encoding="UTF-8"?>
<tables>
    <BCME3450>
        <BCME3450_row>
            <objectNo>合計</objectNo>
            <budget>
                <budgetno_7157050100>1031018.00</budgetno_7157050100>
                <budgetno_5257050400>325499.00</budgetno_5257050400>
                <budgetno_7157050200>4263514.00</budgetno_7157050200>
                <budgetno_7157059800>50.00</budgetno_7157059800>
            </budget>
            <total>5620081.00</total>
        </BCME3450_row>
        <BCME3450_row>
            <objectNo>0100 人事費</objectNo>
            <budget>
                <budgetno_7157050100>1002110.00</budgetno_7157050100>
                <budgetno_5257050400/>
                <budgetno_7157050200/>
                <budgetno_7157059800/>
            </budget>
            <total>1002110.00</total>
        </BCME3450_row>
        <BCME3450_row>
            <objectNo>  0103 法定編制人員待遇</objectNo>
            <budget>
                <budgetno_7157050100>625487.00</budgetno_7157050100>
                <budgetno_5257050400/>
                <budgetno_7157050200/>
                <budgetno_7157059800/>
            </budget>
            <total>625487.00</total>
        </BCME3450_row>
        <BCME3450_row>
            <objectNo>  0104 約聘僱人員待遇</objectNo>
            <budget>
                <budgetno_7157050100>2524.00</budgetno_7157050100>
                <budgetno_5257050400/>
                <budgetno_7157050200/>
                <budgetno_7157059800/>
            </budget>
            <total>2524.00</total>
        </BCME3450_row>
        <BCME3450_row>
            <objectNo>  0105 技工及工友待遇</objectNo>
            <budget>
                <budgetno_7157050100>28460.00</budgetno_7157050100>
                <budgetno_5257050400/>
                <budgetno_7157050200/>
                <budgetno_7157059800/>
            </budget>
            <total>28460.00</total>
        </BCME3450_row>
        <BCME3450_row>
            <objectNo>  0111 獎金</objectNo>
            <budget>
                <budgetno_7157050100>187257.00</budgetno_7157050100>
                <budgetno_5257050400/>
                <budgetno_7157050200/>
                <budgetno_7157059800/>
            </budget>
            <total>187257.00</total>
        </BCME3450_row>
        <BCME3450_row>
            <objectNo>  0121 其他給與</objectNo>
            <budget>
                <budgetno_7157050100>14156.00</budgetno_7157050100>
                <budgetno_5257050400/>
                <budgetno_7157050200/>
                <budgetno_7157059800/>
            </budget>
            <total>14156.00</total>
        </BCME3450_row>
        <BCME3450_row>
            <objectNo>  0131 加班值班費</objectNo>
            <budget>
                <budgetno_7157050100>27920.00</budgetno_7157050100>
                <budgetno_5257050400/>
                <budgetno_7157050200/>
                <budgetno_7157059800/>
            </budget>
            <total>27920.00</total>
        </BCME3450_row>
        <BCME3450_row>
            <objectNo>  0142 退休退職給付</objectNo>
            <budget>
                <budgetno_7157050100>2763.00</budgetno_7157050100>
                <budgetno_5257050400/>
                <budgetno_7157050200/>
                <budgetno_7157059800/>
            </budget>
            <total>2763.00</total>
        </BCME3450_row>
        <BCME3450_row>
            <objectNo>  0143 退休離職儲金</objectNo>
            <budget>
                <budgetno_7157050100>56203.00</budgetno_7157050100>
                <budgetno_5257050400/>
                <budgetno_7157050200/>
                <budgetno_7157059800/>
            </budget>
            <total>56203.00</total>
        </BCME3450_row>
        <BCME3450_row>
            <objectNo>  0151 保險</objectNo>
            <budget>
                <budgetno_7157050100>57340.00</budgetno_7157050100>
                <budgetno_5257050400/>
                <budgetno_7157050200/>
                <budgetno_7157059800/>
            </budget>
            <total>57340.00</total>
        </BCME3450_row>
        <BCME3450_row>
            <objectNo>0200 業務費</objectNo>
            <budget>
                <budgetno_7157050100>25287.00</budgetno_7157050100>
                <budgetno_5257050400>243211.00</budgetno_5257050400>
                <budgetno_7157050200>945208.00</budgetno_7157050200>
                <budgetno_7157059800/>
            </budget>
            <total>1213706.00</total>
        </BCME3450_row>
        <BCME3450_row>
            <objectNo>  0201 教育訓練費</objectNo>
            <budget>
                <budgetno_7157050100>215.00</budgetno_7157050100>
                <budgetno_5257050400>1763.00</budgetno_5257050400>
                <budgetno_7157050200>3853.00</budgetno_7157050200>
                <budgetno_7157059800/>
            </budget>
            <total>5831.00</total>
        </BCME3450_row>
        <BCME3450_row>
            <objectNo>  0202 水電費</objectNo>
            <budget>
                <budgetno_7157050100>4500.00</budgetno_7157050100>
                <budgetno_5257050400>5385.00</budgetno_5257050400>
                <budgetno_7157050200>23136.00</budgetno_7157050200>
                <budgetno_7157059800/>
            </budget>
            <total>33021.00</total>
        </BCME3450_row>
        <BCME3450_row>
            <objectNo>  0203 通訊費</objectNo>
            <budget>
                <budgetno_7157050100>1000.00</budgetno_7157050100>
                <budgetno_5257050400>2690.00</budgetno_5257050400>
                <budgetno_7157050200>8653.00</budgetno_7157050200>
                <budgetno_7157059800/>
            </budget>
            <total>12343.00</total>
        </BCME3450_row>
        <BCME3450_row>
            <objectNo>  0211 土地租金</objectNo>
            <budget>
                <budgetno_7157050100/>
                <budgetno_5257050400/>
                <budgetno_7157050200>3964.00</budgetno_7157050200>
                <budgetno_7157059800/>
            </budget>
            <total>3964.00</total>
        </BCME3450_row>
        <BCME3450_row>
            <objectNo>  0212 權利使用費</objectNo>
            <budget>
                <budgetno_7157050100/>
                <budgetno_5257050400>200.00</budgetno_5257050400>
                <budgetno_7157050200>40.00</budgetno_7157050200>
                <budgetno_7157059800/>
            </budget>
            <total>240.00</total>
        </BCME3450_row>
        <BCME3450_row>
            <objectNo>  0215 資訊服務費</objectNo>
            <budget>
                <budgetno_7157050100/>
                <budgetno_5257050400>24010.00</budgetno_5257050400>
                <budgetno_7157050200>12795.00</budgetno_7157050200>
                <budgetno_7157059800/>
            </budget>
            <total>36805.00</total>
        </BCME3450_row>
        <BCME3450_row>
            <objectNo>  0219 其他業務租金</objectNo>
            <budget>
                <budgetno_7157050100>543.00</budgetno_7157050100>
                <budgetno_5257050400>372.00</budgetno_5257050400>
                <budgetno_7157050200>16406.00</budgetno_7157050200>
                <budgetno_7157059800/>
            </budget>
            <total>17321.00</total>
        </BCME3450_row>
        <BCME3450_row>
            <objectNo>  0221 稅捐及規費</objectNo>
            <budget>
                <budgetno_7157050100>962.00</budgetno_7157050100>
                <budgetno_5257050400/>
                <budgetno_7157050200>313.00</budgetno_7157050200>
                <budgetno_7157059800/>
            </budget>
            <total>1275.00</total>
        </BCME3450_row>
        <BCME3450_row>
            <objectNo>  0231 保險費</objectNo>
            <budget>
                <budgetno_7157050100>124.00</budgetno_7157050100>
                <budgetno_5257050400>153.00</budgetno_5257050400>
                <budgetno_7157050200>317.00</budgetno_7157050200>
                <budgetno_7157059800/>
            </budget>
            <total>594.00</total>
        </BCME3450_row>
        <BCME3450_row>
            <objectNo>  0241 兼職費</objectNo>
            <budget>
                <budgetno_7157050100/>
                <budgetno_5257050400/>
                <budgetno_7157050200>5760.00</budgetno_7157050200>
                <budgetno_7157059800/>
            </budget>
            <total>5760.00</total>
        </BCME3450_row>
        <BCME3450_row>
            <objectNo>  0249 臨時人員酬金</objectNo>
            <budget>
                <budgetno_7157050100>1461.00</budgetno_7157050100>
                <budgetno_5257050400>33575.00</budgetno_5257050400>
                <budgetno_7157050200>7069.00</budgetno_7157050200>
                <budgetno_7157059800/>
            </budget>
            <total>42105.00</total>
        </BCME3450_row>
        <BCME3450_row>
            <objectNo>  0250 按日按件計資酬金</objectNo>
            <budget>
                <budgetno_7157050100>507.00</budgetno_7157050100>
                <budgetno_5257050400>1940.00</budgetno_5257050400>
                <budgetno_7157050200>7910.00</budgetno_7157050200>
                <budgetno_7157059800/>
            </budget>
            <total>10357.00</total>
        </BCME3450_row>
        <BCME3450_row>
            <objectNo>  0251 委辦費</objectNo>
            <budget>
                <budgetno_7157050100/>
                <budgetno_5257050400>95249.00</budgetno_5257050400>
                <budgetno_7157050200>169597.00</budgetno_7157050200>
                <budgetno_7157059800/>
            </budget>
            <total>264846.00</total>
        </BCME3450_row>
        <BCME3450_row>
            <objectNo>  0261 國際組織會費</objectNo>
            <budget>
                <budgetno_7157050100/>
                <budgetno_5257050400/>
                <budgetno_7157050200>70.00</budgetno_7157050200>
                <budgetno_7157059800/>
            </budget>
            <total>70.00</total>
        </BCME3450_row>
        <BCME3450_row>
            <objectNo>  0262 國內組織會費</objectNo>
            <budget>
                <budgetno_7157050100/>
                <budgetno_5257050400>30.00</budgetno_5257050400>
                <budgetno_7157050200>536.00</budgetno_7157050200>
                <budgetno_7157059800/>
            </budget>
            <total>566.00</total>
        </BCME3450_row>
        <BCME3450_row>
            <objectNo>  0271 物品</objectNo>
            <budget>
                <budgetno_7157050100>3266.00</budgetno_7157050100>
                <budgetno_5257050400>58909.00</budgetno_5257050400>
                <budgetno_7157050200>537954.00</budgetno_7157050200>
                <budgetno_7157059800/>
            </budget>
            <total>600129.00</total>
        </BCME3450_row>
        <BCME3450_row>
            <objectNo>  0279 一般事務費</objectNo>
            <budget>
                <budgetno_7157050100>8998.00</budgetno_7157050100>
                <budgetno_5257050400>11013.00</budgetno_5257050400>
                <budgetno_7157050200>94497.00</budgetno_7157050200>
                <budgetno_7157059800/>
            </budget>
            <total>114508.00</total>
        </BCME3450_row>
        <BCME3450_row>
            <objectNo>  0282 房屋建築養護費</objectNo>
            <budget>
                <budgetno_7157050100>1100.00</budgetno_7157050100>
                <budgetno_5257050400/>
                <budgetno_7157050200>9084.00</budgetno_7157050200>
                <budgetno_7157059800/>
            </budget>
            <total>10184.00</total>
        </BCME3450_row>
        <BCME3450_row>
            <objectNo>  0283 車輛及辦公器具養護費</objectNo>
            <budget>
                <budgetno_7157050100>260.00</budgetno_7157050100>
                <budgetno_5257050400/>
                <budgetno_7157050200>1780.00</budgetno_7157050200>
                <budgetno_7157059800/>
            </budget>
            <total>2040.00</total>
        </BCME3450_row>
        <BCME3450_row>
            <objectNo>  0284 設施及機械設備養護費</objectNo>
            <budget>
                <budgetno_7157050100>1819.00</budgetno_7157050100>
                <budgetno_5257050400>5513.00</budgetno_5257050400>
                <budgetno_7157050200>27048.00</budgetno_7157050200>
                <budgetno_7157059800/>
            </budget>
            <total>34380.00</total>
        </BCME3450_row>
        <BCME3450_row>
            <objectNo>  0291 國內旅費</objectNo>
            <budget>
                <budgetno_7157050100>340.00</budgetno_7157050100>
                <budgetno_5257050400>1730.00</budgetno_5257050400>
                <budgetno_7157050200>8823.00</budgetno_7157050200>
                <budgetno_7157059800/>
            </budget>
            <total>10893.00</total>
        </BCME3450_row>
        <BCME3450_row>
            <objectNo>  0292 大陸地區旅費</objectNo>
            <budget>
                <budgetno_7157050100/>
                <budgetno_5257050400/>
                <budgetno_7157050200>325.00</budgetno_7157050200>
                <budgetno_7157059800/>
            </budget>
            <total>325.00</total>
        </BCME3450_row>
        <BCME3450_row>
            <objectNo>  0293 國外旅費</objectNo>
            <budget>
                <budgetno_7157050100/>
                <budgetno_5257050400/>
                <budgetno_7157050200>2795.00</budgetno_7157050200>
                <budgetno_7157059800/>
            </budget>
            <total>2795.00</total>
        </BCME3450_row>
        <BCME3450_row>
            <objectNo>  0294 運費</objectNo>
            <budget>
                <budgetno_7157050100>24.00</budgetno_7157050100>
                <budgetno_5257050400>615.00</budgetno_5257050400>
                <budgetno_7157050200>2268.00</budgetno_7157050200>
                <budgetno_7157059800/>
            </budget>
            <total>2907.00</total>
        </BCME3450_row>
        <BCME3450_row>
            <objectNo>  0295 短程車資</objectNo>
            <budget>
                <budgetno_7157050100>10.00</budgetno_7157050100>
                <budgetno_5257050400>64.00</budgetno_5257050400>
                <budgetno_7157050200>215.00</budgetno_7157050200>
                <budgetno_7157059800/>
            </budget>
            <total>289.00</total>
        </BCME3450_row>
        <BCME3450_row>
            <objectNo>  0299 特別費</objectNo>
            <budget>
                <budgetno_7157050100>158.00</budgetno_7157050100>
                <budgetno_5257050400/>
                <budgetno_7157050200/>
                <budgetno_7157059800/>
            </budget>
            <total>158.00</total>
        </BCME3450_row>
        <BCME3450_row>
            <objectNo>0300 設備及投資</objectNo>
            <budget>
                <budgetno_7157050100>2191.00</budgetno_7157050100>
                <budgetno_5257050400>76270.00</budgetno_5257050400>
                <budgetno_7157050200>66732.00</budgetno_7157050200>
                <budgetno_7157059800/>
            </budget>
            <total>145193.00</total>
        </BCME3450_row>
        <BCME3450_row>
            <objectNo>  0304 機械設備費</objectNo>
            <budget>
                <budgetno_7157050100/>
                <budgetno_5257050400>6185.00</budgetno_5257050400>
                <budgetno_7157050200>23109.00</budgetno_7157050200>
                <budgetno_7157059800/>
            </budget>
            <total>29294.00</total>
        </BCME3450_row>
        <BCME3450_row>
            <objectNo>  0305 運輸設備費</objectNo>
            <budget>
                <budgetno_7157050100/>
                <budgetno_5257050400/>
                <budgetno_7157050200>70.00</budgetno_7157050200>
                <budgetno_7157059800/>
            </budget>
            <total>70.00</total>
        </BCME3450_row>
        <BCME3450_row>
            <objectNo>  0306 資訊軟硬體設備費</objectNo>
            <budget>
                <budgetno_7157050100/>
                <budgetno_5257050400>69924.00</budgetno_5257050400>
                <budgetno_7157050200>37492.00</budgetno_7157050200>
                <budgetno_7157059800/>
            </budget>
            <total>107416.00</total>
        </BCME3450_row>
        <BCME3450_row>
            <objectNo>  0319 雜項設備費</objectNo>
            <budget>
                <budgetno_7157050100>2191.00</budgetno_7157050100>
                <budgetno_5257050400>161.00</budgetno_5257050400>
                <budgetno_7157050200>6061.00</budgetno_7157050200>
                <budgetno_7157059800/>
            </budget>
            <total>8413.00</total>
        </BCME3450_row>
        <BCME3450_row>
            <objectNo>0400 獎補助費</objectNo>
            <budget>
                <budgetno_7157050100>1430.00</budgetno_7157050100>
                <budgetno_5257050400>6018.00</budgetno_5257050400>
                <budgetno_7157050200>3251574.00</budgetno_7157050200>
                <budgetno_7157059800/>
            </budget>
            <total>3259022.00</total>
        </BCME3450_row>
        <BCME3450_row>
            <objectNo>  0403 對直轄市政府之補助</objectNo>
            <budget>
                <budgetno_7157050100/>
                <budgetno_5257050400/>
                <budgetno_7157050200>43379.00</budgetno_7157050200>
                <budgetno_7157059800/>
            </budget>
            <total>43379.00</total>
        </BCME3450_row>
        <BCME3450_row>
            <objectNo>  0410 對臺灣省各縣市之補助</objectNo>
            <budget>
                <budgetno_7157050100/>
                <budgetno_5257050400/>
                <budgetno_7157050200>45978.00</budgetno_7157050200>
                <budgetno_7157059800/>
            </budget>
            <total>45978.00</total>
        </BCME3450_row>
        <BCME3450_row>
            <objectNo>  0429 對福建省各縣之補助</objectNo>
            <budget>
                <budgetno_7157050100/>
                <budgetno_5257050400/>
                <budgetno_7157050200>583.00</budgetno_7157050200>
                <budgetno_7157059800/>
            </budget>
            <total>583.00</total>
        </BCME3450_row>
        <BCME3450_row>
            <objectNo>  0430 政府機關間之補助</objectNo>
            <budget>
                <budgetno_7157050100/>
                <budgetno_5257050400/>
                <budgetno_7157050200>735.00</budgetno_7157050200>
                <budgetno_7157059800/>
            </budget>
            <total>735.00</total>
        </BCME3450_row>
        <BCME3450_row>
            <objectNo>  0432 對特種基金之補助</objectNo>
            <budget>
                <budgetno_7157050100/>
                <budgetno_5257050400>1078.00</budgetno_5257050400>
                <budgetno_7157050200>759181.00</budgetno_7157050200>
                <budgetno_7157059800/>
            </budget>
            <total>760259.00</total>
        </BCME3450_row>
        <BCME3450_row>
            <objectNo>  0437 對國內團體之捐助</objectNo>
            <budget>
                <budgetno_7157050100/>
                <budgetno_5257050400>4740.00</budgetno_5257050400>
                <budgetno_7157050200>21332.00</budgetno_7157050200>
                <budgetno_7157059800/>
            </budget>
            <total>26072.00</total>
        </BCME3450_row>
        <BCME3450_row>
            <objectNo>  0438 對私校之獎助</objectNo>
            <budget>
                <budgetno_7157050100/>
                <budgetno_5257050400/>
                <budgetno_7157050200>200.00</budgetno_7157050200>
                <budgetno_7157059800/>
            </budget>
            <total>200.00</total>
        </BCME3450_row>
        <BCME3450_row>
            <objectNo>  0445 社會福利津貼及濟助</objectNo>
            <budget>
                <budgetno_7157050100/>
                <budgetno_5257050400/>
                <budgetno_7157050200>2378876.00</budgetno_7157050200>
                <budgetno_7157059800/>
            </budget>
            <total>2378876.00</total>
        </BCME3450_row>
        <BCME3450_row>
            <objectNo>  0454 差額補貼</objectNo>
            <budget>
                <budgetno_7157050100>152.00</budgetno_7157050100>
                <budgetno_5257050400/>
                <budgetno_7157050200/>
                <budgetno_7157059800/>
            </budget>
            <total>152.00</total>
        </BCME3450_row>
        <BCME3450_row>
            <objectNo>  0475 獎勵及慰問</objectNo>
            <budget>
                <budgetno_7157050100>1278.00</budgetno_7157050100>
                <budgetno_5257050400>200.00</budgetno_5257050400>
                <budgetno_7157050200>1300.00</budgetno_7157050200>
                <budgetno_7157059800/>
            </budget>
            <total>2778.00</total>
        </BCME3450_row>
        <BCME3450_row>
            <objectNo>  0476 其他補助及捐助</objectNo>
            <budget>
                <budgetno_7157050100/>
                <budgetno_5257050400/>
                <budgetno_7157050200>10.00</budgetno_7157050200>
                <budgetno_7157059800/>
            </budget>
            <total>10.00</total>
        </BCME3450_row>
        <BCME3450_row>
            <objectNo>0900 預備金</objectNo>
            <budget>
                <budgetno_7157050100/>
                <budgetno_5257050400/>
                <budgetno_7157050200/>
                <budgetno_7157059800>50.00</budgetno_7157059800>
            </budget>
            <total>50.00</total>
        </BCME3450_row>
        <BCME3450_row>
            <objectNo>  0901 第一預備金</objectNo>
            <budget>
                <budgetno_7157050100/>
                <budgetno_5257050400/>
                <budgetno_7157050200/>
                <budgetno_7157059800>50.00</budgetno_7157059800>
            </budget>
            <total>50.00</total>
        </BCME3450_row>
    </BCME3450>
</tables>
