<?xml version="1.0" encoding="UTF-8"?>
<tables>
    <BCTMCAR>
        <BCTMCAR_row>
            <bq_fiscalyear>108</bq_fiscalyear>
            <bq_fundkind>1</bq_fundkind>
            <bq_budgetkind>1</bq_budgetkind>
            <bq_specialbudgetno/>
            <bq_agenno>57005</bq_agenno>
            <bq_agentype>C</bq_agentype>
            <bq_budgetstate>1</bq_budgetstate>
            <bq_budgetno>71570050200</bq_budgetno>
            <bq_objectno>07351500</bq_objectno>
            <bq_carid>001</bq_carid>
            <bq_persons>5</bq_persons>
            <bq_buydate>10709</bq_buydate>
            <bq_ventsize>1800</bq_ventsize>
            <bq_oilamt>1668</bq_oilamt>
            <bq_oilprice>32.40</bq_oilprice>
            <bq_amt_maintain>9000.00</bq_amt_maintain>
            <bq_amt5>25000.00</bq_amt5>
            <bq_carnum>1</bq_carnum>
            <bq_remark>防疫業務，預計107年9月購置。&#xd;
</bq_remark>
            <bq_lpgamt>0</bq_lpgamt>
            <bq_lpgprice>0.00</bq_lpgprice>
            <bq_versiondate/>
        </BCTMCAR_row>
        <BCTMCAR_row>
            <bq_fiscalyear>108</bq_fiscalyear>
            <bq_fundkind>1</bq_fundkind>
            <bq_budgetkind>1</bq_budgetkind>
            <bq_specialbudgetno/>
            <bq_agenno>57005</bq_agenno>
            <bq_agentype>C</bq_agentype>
            <bq_budgetstate>1</bq_budgetstate>
            <bq_budgetno>71570050200</bq_budgetno>
            <bq_objectno>07351500</bq_objectno>
            <bq_carid>002</bq_carid>
            <bq_persons>5</bq_persons>
            <bq_buydate>10709</bq_buydate>
            <bq_ventsize>1800</bq_ventsize>
            <bq_oilamt>1668</bq_oilamt>
            <bq_oilprice>32.40</bq_oilprice>
            <bq_amt_maintain>9000.00</bq_amt_maintain>
            <bq_amt5>25000.00</bq_amt5>
            <bq_carnum>1</bq_carnum>
            <bq_remark>防疫業務，預計107年9月購置。</bq_remark>
            <bq_lpgamt>0</bq_lpgamt>
            <bq_lpgprice>0.00</bq_lpgprice>
            <bq_versiondate/>
        </BCTMCAR_row>
        <BCTMCAR_row>
            <bq_fiscalyear>108</bq_fiscalyear>
            <bq_fundkind>1</bq_fundkind>
            <bq_budgetkind>1</bq_budgetkind>
            <bq_specialbudgetno/>
            <bq_agenno>57005</bq_agenno>
            <bq_agentype>C</bq_agentype>
            <bq_budgetstate>1</bq_budgetstate>
            <bq_budgetno>71570050200</bq_budgetno>
            <bq_objectno>07351500</bq_objectno>
            <bq_carid>003</bq_carid>
            <bq_persons>5</bq_persons>
            <bq_buydate>10709</bq_buydate>
            <bq_ventsize>1800</bq_ventsize>
            <bq_oilamt>1668</bq_oilamt>
            <bq_oilprice>32.40</bq_oilprice>
            <bq_amt_maintain>9000.00</bq_amt_maintain>
            <bq_amt5>25000.00</bq_amt5>
            <bq_carnum>1</bq_carnum>
            <bq_remark>防疫業務，預計107年9月購置。</bq_remark>
            <bq_lpgamt>0</bq_lpgamt>
            <bq_lpgprice>0.00</bq_lpgprice>
            <bq_versiondate/>
        </BCTMCAR_row>
        <BCTMCAR_row>
            <bq_fiscalyear>108</bq_fiscalyear>
            <bq_fundkind>1</bq_fundkind>
            <bq_budgetkind>1</bq_budgetkind>
            <bq_specialbudgetno/>
            <bq_agenno>57005</bq_agenno>
            <bq_agentype>C</bq_agentype>
            <bq_budgetstate>1</bq_budgetstate>
            <bq_budgetno>71570050200</bq_budgetno>
            <bq_objectno>07351500</bq_objectno>
            <bq_carid>004</bq_carid>
            <bq_persons>5</bq_persons>
            <bq_buydate>10709</bq_buydate>
            <bq_ventsize>1800</bq_ventsize>
            <bq_oilamt>1668</bq_oilamt>
            <bq_oilprice>32.40</bq_oilprice>
            <bq_amt_maintain>9000.00</bq_amt_maintain>
            <bq_amt5>25000.00</bq_amt5>
            <bq_carnum>1</bq_carnum>
            <bq_remark>防疫業務，預計107年9月購置。</bq_remark>
            <bq_lpgamt>0</bq_lpgamt>
            <bq_lpgprice>0.00</bq_lpgprice>
            <bq_versiondate/>
        </BCTMCAR_row>
        <BCTMCAR_row>
            <bq_fiscalyear>108</bq_fiscalyear>
            <bq_fundkind>1</bq_fundkind>
            <bq_budgetkind>1</bq_budgetkind>
            <bq_specialbudgetno/>
            <bq_agenno>57005</bq_agenno>
            <bq_agentype>C</bq_agentype>
            <bq_budgetstate>1</bq_budgetstate>
            <bq_budgetno>71570050200</bq_budgetno>
            <bq_objectno>07351500</bq_objectno>
            <bq_carid>005</bq_carid>
            <bq_persons>5</bq_persons>
            <bq_buydate>10709</bq_buydate>
            <bq_ventsize>1800</bq_ventsize>
            <bq_oilamt>1668</bq_oilamt>
            <bq_oilprice>32.40</bq_oilprice>
            <bq_amt_maintain>9000.00</bq_amt_maintain>
            <bq_amt5>25000.00</bq_amt5>
            <bq_carnum>1</bq_carnum>
            <bq_remark>防疫業務，預計107年9月購置。</bq_remark>
            <bq_lpgamt>0</bq_lpgamt>
            <bq_lpgprice>0.00</bq_lpgprice>
            <bq_versiondate/>
        </BCTMCAR_row>
        <BCTMCAR_row>
            <bq_fiscalyear>108</bq_fiscalyear>
            <bq_fundkind>1</bq_fundkind>
            <bq_budgetkind>1</bq_budgetkind>
            <bq_specialbudgetno/>
            <bq_agenno>57005</bq_agenno>
            <bq_agentype>C</bq_agentype>
            <bq_budgetstate>1</bq_budgetstate>
            <bq_budgetno>71570050200</bq_budgetno>
            <bq_objectno>07351500</bq_objectno>
            <bq_carid>006</bq_carid>
            <bq_persons>5</bq_persons>
            <bq_buydate>10709</bq_buydate>
            <bq_ventsize>1800</bq_ventsize>
            <bq_oilamt>1668</bq_oilamt>
            <bq_oilprice>32.40</bq_oilprice>
            <bq_amt_maintain>9000.00</bq_amt_maintain>
            <bq_amt5>25000.00</bq_amt5>
            <bq_carnum>1</bq_carnum>
            <bq_remark>防疫業務，預計107年9月購置。</bq_remark>
            <bq_lpgamt>0</bq_lpgamt>
            <bq_lpgprice>0.00</bq_lpgprice>
            <bq_versiondate/>
        </BCTMCAR_row>
        <BCTMCAR_row>
            <bq_fiscalyear>108</bq_fiscalyear>
            <bq_fundkind>1</bq_fundkind>
            <bq_budgetkind>1</bq_budgetkind>
            <bq_specialbudgetno/>
            <bq_agenno>57005</bq_agenno>
            <bq_agentype>C</bq_agentype>
            <bq_budgetstate>1</bq_budgetstate>
            <bq_budgetno>71570050200</bq_budgetno>
            <bq_objectno>07351600</bq_objectno>
            <bq_carid>050</bq_carid>
            <bq_persons>1</bq_persons>
            <bq_buydate>10103</bq_buydate>
            <bq_ventsize>125</bq_ventsize>
            <bq_oilamt>312</bq_oilamt>
            <bq_oilprice>30.40</bq_oilprice>
            <bq_amt_maintain>2000.00</bq_amt_maintain>
            <bq_amt5>2000.00</bq_amt5>
            <bq_carnum>1</bq_carnum>
            <bq_remark>050-JXV。&#xd;
防疫業務。</bq_remark>
            <bq_lpgamt>0</bq_lpgamt>
            <bq_lpgprice>0.00</bq_lpgprice>
            <bq_versiondate/>
        </BCTMCAR_row>
        <BCTMCAR_row>
            <bq_fiscalyear>108</bq_fiscalyear>
            <bq_fundkind>1</bq_fundkind>
            <bq_budgetkind>1</bq_budgetkind>
            <bq_specialbudgetno/>
            <bq_agenno>57005</bq_agenno>
            <bq_agentype>C</bq_agentype>
            <bq_budgetstate>1</bq_budgetstate>
            <bq_budgetno>71570050200</bq_budgetno>
            <bq_objectno>07351600</bq_objectno>
            <bq_carid>0672</bq_carid>
            <bq_persons>1</bq_persons>
            <bq_buydate>10502</bq_buydate>
            <bq_ventsize>100</bq_ventsize>
            <bq_oilamt>312</bq_oilamt>
            <bq_oilprice>30.40</bq_oilprice>
            <bq_amt_maintain>2000.00</bq_amt_maintain>
            <bq_amt5>2000.00</bq_amt5>
            <bq_carnum>1</bq_carnum>
            <bq_remark>MCC-0672。&#xd;
防疫業務。</bq_remark>
            <bq_lpgamt>0</bq_lpgamt>
            <bq_lpgprice>0.00</bq_lpgprice>
            <bq_versiondate/>
        </BCTMCAR_row>
        <BCTMCAR_row>
            <bq_fiscalyear>108</bq_fiscalyear>
            <bq_fundkind>1</bq_fundkind>
            <bq_budgetkind>1</bq_budgetkind>
            <bq_specialbudgetno/>
            <bq_agenno>57005</bq_agenno>
            <bq_agentype>C</bq_agentype>
            <bq_budgetstate>1</bq_budgetstate>
            <bq_budgetno>71570050200</bq_budgetno>
            <bq_objectno>07351600</bq_objectno>
            <bq_carid>0973</bq_carid>
            <bq_persons>1</bq_persons>
            <bq_buydate>10602</bq_buydate>
            <bq_ventsize>125</bq_ventsize>
            <bq_oilamt>312</bq_oilamt>
            <bq_oilprice>30.40</bq_oilprice>
            <bq_amt_maintain>2000.00</bq_amt_maintain>
            <bq_amt5>2000.00</bq_amt5>
            <bq_carnum>1</bq_carnum>
            <bq_remark>MLM-0973。&#xd;
防疫業務。</bq_remark>
            <bq_lpgamt>0</bq_lpgamt>
            <bq_lpgprice>0.00</bq_lpgprice>
            <bq_versiondate/>
        </BCTMCAR_row>
        <BCTMCAR_row>
            <bq_fiscalyear>108</bq_fiscalyear>
            <bq_fundkind>1</bq_fundkind>
            <bq_budgetkind>1</bq_budgetkind>
            <bq_specialbudgetno/>
            <bq_agenno>57005</bq_agenno>
            <bq_agentype>C</bq_agentype>
            <bq_budgetstate>1</bq_budgetstate>
            <bq_budgetno>71570050200</bq_budgetno>
            <bq_objectno>07351600</bq_objectno>
            <bq_carid>107</bq_carid>
            <bq_persons>1</bq_persons>
            <bq_buydate>10402</bq_buydate>
            <bq_ventsize>100</bq_ventsize>
            <bq_oilamt>312</bq_oilamt>
            <bq_oilprice>30.40</bq_oilprice>
            <bq_amt_maintain>2000.00</bq_amt_maintain>
            <bq_amt5>2000.00</bq_amt5>
            <bq_carnum>1</bq_carnum>
            <bq_remark>107-PVB。&#xd;
防疫業務。</bq_remark>
            <bq_lpgamt>0</bq_lpgamt>
            <bq_lpgprice>0.00</bq_lpgprice>
            <bq_versiondate/>
        </BCTMCAR_row>
        <BCTMCAR_row>
            <bq_fiscalyear>108</bq_fiscalyear>
            <bq_fundkind>1</bq_fundkind>
            <bq_budgetkind>1</bq_budgetkind>
            <bq_specialbudgetno/>
            <bq_agenno>57005</bq_agenno>
            <bq_agentype>C</bq_agentype>
            <bq_budgetstate>1</bq_budgetstate>
            <bq_budgetno>71570050200</bq_budgetno>
            <bq_objectno>07351600</bq_objectno>
            <bq_carid>173</bq_carid>
            <bq_persons>1</bq_persons>
            <bq_buydate>10404</bq_buydate>
            <bq_ventsize>125</bq_ventsize>
            <bq_oilamt>312</bq_oilamt>
            <bq_oilprice>30.40</bq_oilprice>
            <bq_amt_maintain>2000.00</bq_amt_maintain>
            <bq_amt5>2000.00</bq_amt5>
            <bq_carnum>1</bq_carnum>
            <bq_remark>173-TEB。&#xd;
防疫業務。</bq_remark>
            <bq_lpgamt>0</bq_lpgamt>
            <bq_lpgprice>0.00</bq_lpgprice>
            <bq_versiondate/>
        </BCTMCAR_row>
        <BCTMCAR_row>
            <bq_fiscalyear>108</bq_fiscalyear>
            <bq_fundkind>1</bq_fundkind>
            <bq_budgetkind>1</bq_budgetkind>
            <bq_specialbudgetno/>
            <bq_agenno>57005</bq_agenno>
            <bq_agentype>C</bq_agentype>
            <bq_budgetstate>1</bq_budgetstate>
            <bq_budgetno>71570050200</bq_budgetno>
            <bq_objectno>07351600</bq_objectno>
            <bq_carid>1869</bq_carid>
            <bq_persons>1</bq_persons>
            <bq_buydate>10503</bq_buydate>
            <bq_ventsize>100</bq_ventsize>
            <bq_oilamt>312</bq_oilamt>
            <bq_oilprice>30.40</bq_oilprice>
            <bq_amt_maintain>2000.00</bq_amt_maintain>
            <bq_amt5>2000.00</bq_amt5>
            <bq_carnum>1</bq_carnum>
            <bq_remark>MCC-1869。&#xd;
防疫業務。</bq_remark>
            <bq_lpgamt>0</bq_lpgamt>
            <bq_lpgprice>0.00</bq_lpgprice>
            <bq_versiondate/>
        </BCTMCAR_row>
        <BCTMCAR_row>
            <bq_fiscalyear>108</bq_fiscalyear>
            <bq_fundkind>1</bq_fundkind>
            <bq_budgetkind>1</bq_budgetkind>
            <bq_specialbudgetno/>
            <bq_agenno>57005</bq_agenno>
            <bq_agentype>C</bq_agentype>
            <bq_budgetstate>1</bq_budgetstate>
            <bq_budgetno>71570050100</bq_budgetno>
            <bq_objectno>07350400</bq_objectno>
            <bq_carid>1922-QB</bq_carid>
            <bq_persons>4</bq_persons>
            <bq_buydate>09506</bq_buydate>
            <bq_ventsize>1988</bq_ventsize>
            <bq_oilamt>1668</bq_oilamt>
            <bq_oilprice>30.40</bq_oilprice>
            <bq_amt_maintain>51000.00</bq_amt_maintain>
            <bq_amt5>25000.00</bq_amt5>
            <bq_carnum>1</bq_carnum>
            <bq_remark>一般行政。</bq_remark>
            <bq_lpgamt>0</bq_lpgamt>
            <bq_lpgprice>0.00</bq_lpgprice>
            <bq_versiondate/>
        </BCTMCAR_row>
        <BCTMCAR_row>
            <bq_fiscalyear>108</bq_fiscalyear>
            <bq_fundkind>1</bq_fundkind>
            <bq_budgetkind>1</bq_budgetkind>
            <bq_specialbudgetno/>
            <bq_agenno>57005</bq_agenno>
            <bq_agentype>C</bq_agentype>
            <bq_budgetstate>1</bq_budgetstate>
            <bq_budgetno>71570050200</bq_budgetno>
            <bq_objectno>07351600</bq_objectno>
            <bq_carid>2161</bq_carid>
            <bq_persons>1</bq_persons>
            <bq_buydate>10503</bq_buydate>
            <bq_ventsize>125</bq_ventsize>
            <bq_oilamt>312</bq_oilamt>
            <bq_oilprice>30.40</bq_oilprice>
            <bq_amt_maintain>2000.00</bq_amt_maintain>
            <bq_amt5>2000.00</bq_amt5>
            <bq_carnum>1</bq_carnum>
            <bq_remark>MEW-2161。&#xd;
防疫業務。</bq_remark>
            <bq_lpgamt>0</bq_lpgamt>
            <bq_lpgprice>0.00</bq_lpgprice>
            <bq_versiondate/>
        </BCTMCAR_row>
        <BCTMCAR_row>
            <bq_fiscalyear>108</bq_fiscalyear>
            <bq_fundkind>1</bq_fundkind>
            <bq_budgetkind>1</bq_budgetkind>
            <bq_specialbudgetno/>
            <bq_agenno>57005</bq_agenno>
            <bq_agentype>C</bq_agentype>
            <bq_budgetstate>1</bq_budgetstate>
            <bq_budgetno>71570050200</bq_budgetno>
            <bq_objectno>07351600</bq_objectno>
            <bq_carid>220</bq_carid>
            <bq_persons>1</bq_persons>
            <bq_buydate>10204</bq_buydate>
            <bq_ventsize>125</bq_ventsize>
            <bq_oilamt>312</bq_oilamt>
            <bq_oilprice>30.40</bq_oilprice>
            <bq_amt_maintain>2000.00</bq_amt_maintain>
            <bq_amt5>2000.00</bq_amt5>
            <bq_carnum>1</bq_carnum>
            <bq_remark>220-MDK。&#xd;
防疫業務。</bq_remark>
            <bq_lpgamt>0</bq_lpgamt>
            <bq_lpgprice>0.00</bq_lpgprice>
            <bq_versiondate/>
        </BCTMCAR_row>
        <BCTMCAR_row>
            <bq_fiscalyear>108</bq_fiscalyear>
            <bq_fundkind>1</bq_fundkind>
            <bq_budgetkind>1</bq_budgetkind>
            <bq_specialbudgetno/>
            <bq_agenno>57005</bq_agenno>
            <bq_agentype>C</bq_agentype>
            <bq_budgetstate>1</bq_budgetstate>
            <bq_budgetno>71570050200</bq_budgetno>
            <bq_objectno>07351600</bq_objectno>
            <bq_carid>378</bq_carid>
            <bq_persons>1</bq_persons>
            <bq_buydate>10006</bq_buydate>
            <bq_ventsize>125</bq_ventsize>
            <bq_oilamt>312</bq_oilamt>
            <bq_oilprice>30.40</bq_oilprice>
            <bq_amt_maintain>2000.00</bq_amt_maintain>
            <bq_amt5>2000.00</bq_amt5>
            <bq_carnum>1</bq_carnum>
            <bq_remark>378-KDV。&#xd;
防疫業務。</bq_remark>
            <bq_lpgamt>0</bq_lpgamt>
            <bq_lpgprice>0.00</bq_lpgprice>
            <bq_versiondate/>
        </BCTMCAR_row>
        <BCTMCAR_row>
            <bq_fiscalyear>108</bq_fiscalyear>
            <bq_fundkind>1</bq_fundkind>
            <bq_budgetkind>1</bq_budgetkind>
            <bq_specialbudgetno/>
            <bq_agenno>57005</bq_agenno>
            <bq_agentype>C</bq_agentype>
            <bq_budgetstate>1</bq_budgetstate>
            <bq_budgetno>71570050200</bq_budgetno>
            <bq_objectno>07351500</bq_objectno>
            <bq_carid>4003-QD</bq_carid>
            <bq_persons>8</bq_persons>
            <bq_buydate>09509</bq_buydate>
            <bq_ventsize>2461</bq_ventsize>
            <bq_oilamt>1668</bq_oilamt>
            <bq_oilprice>27.00</bq_oilprice>
            <bq_amt_maintain>51000.00</bq_amt_maintain>
            <bq_amt5>25000.00</bq_amt5>
            <bq_carnum>1</bq_carnum>
            <bq_remark>防疫業務。</bq_remark>
            <bq_lpgamt>0</bq_lpgamt>
            <bq_lpgprice>0.00</bq_lpgprice>
            <bq_versiondate/>
        </BCTMCAR_row>
        <BCTMCAR_row>
            <bq_fiscalyear>108</bq_fiscalyear>
            <bq_fundkind>1</bq_fundkind>
            <bq_budgetkind>1</bq_budgetkind>
            <bq_specialbudgetno/>
            <bq_agenno>57005</bq_agenno>
            <bq_agentype>C</bq_agentype>
            <bq_budgetstate>1</bq_budgetstate>
            <bq_budgetno>71570050200</bq_budgetno>
            <bq_objectno>07351500</bq_objectno>
            <bq_carid>4005-QD</bq_carid>
            <bq_persons>8</bq_persons>
            <bq_buydate>09509</bq_buydate>
            <bq_ventsize>2461</bq_ventsize>
            <bq_oilamt>1668</bq_oilamt>
            <bq_oilprice>27.00</bq_oilprice>
            <bq_amt_maintain>51000.00</bq_amt_maintain>
            <bq_amt5>25000.00</bq_amt5>
            <bq_carnum>1</bq_carnum>
            <bq_remark>防疫業務。</bq_remark>
            <bq_lpgamt>0</bq_lpgamt>
            <bq_lpgprice>0.00</bq_lpgprice>
            <bq_versiondate/>
        </BCTMCAR_row>
        <BCTMCAR_row>
            <bq_fiscalyear>108</bq_fiscalyear>
            <bq_fundkind>1</bq_fundkind>
            <bq_budgetkind>1</bq_budgetkind>
            <bq_specialbudgetno/>
            <bq_agenno>57005</bq_agenno>
            <bq_agentype>C</bq_agentype>
            <bq_budgetstate>1</bq_budgetstate>
            <bq_budgetno>71570050100</bq_budgetno>
            <bq_objectno>07351500</bq_objectno>
            <bq_carid>4006-QD</bq_carid>
            <bq_persons>8</bq_persons>
            <bq_buydate>09509</bq_buydate>
            <bq_ventsize>2461</bq_ventsize>
            <bq_oilamt>1668</bq_oilamt>
            <bq_oilprice>27.00</bq_oilprice>
            <bq_amt_maintain>51000.00</bq_amt_maintain>
            <bq_amt5>25000.00</bq_amt5>
            <bq_carnum>1</bq_carnum>
            <bq_remark>一般行政。</bq_remark>
            <bq_lpgamt>0</bq_lpgamt>
            <bq_lpgprice>0.00</bq_lpgprice>
            <bq_versiondate/>
        </BCTMCAR_row>
        <BCTMCAR_row>
            <bq_fiscalyear>108</bq_fiscalyear>
            <bq_fundkind>1</bq_fundkind>
            <bq_budgetkind>1</bq_budgetkind>
            <bq_specialbudgetno/>
            <bq_agenno>57005</bq_agenno>
            <bq_agentype>C</bq_agentype>
            <bq_budgetstate>1</bq_budgetstate>
            <bq_budgetno>71570050100</bq_budgetno>
            <bq_objectno>07351500</bq_objectno>
            <bq_carid>4008-QD</bq_carid>
            <bq_persons>8</bq_persons>
            <bq_buydate>09509</bq_buydate>
            <bq_ventsize>2461</bq_ventsize>
            <bq_oilamt>1668</bq_oilamt>
            <bq_oilprice>27.00</bq_oilprice>
            <bq_amt_maintain>51000.00</bq_amt_maintain>
            <bq_amt5>25000.00</bq_amt5>
            <bq_carnum>1</bq_carnum>
            <bq_remark>一般行政。</bq_remark>
            <bq_lpgamt>0</bq_lpgamt>
            <bq_lpgprice>0.00</bq_lpgprice>
            <bq_versiondate/>
        </BCTMCAR_row>
        <BCTMCAR_row>
            <bq_fiscalyear>108</bq_fiscalyear>
            <bq_fundkind>1</bq_fundkind>
            <bq_budgetkind>1</bq_budgetkind>
            <bq_specialbudgetno/>
            <bq_agenno>57005</bq_agenno>
            <bq_agentype>C</bq_agentype>
            <bq_budgetstate>1</bq_budgetstate>
            <bq_budgetno>71570050200</bq_budgetno>
            <bq_objectno>07351500</bq_objectno>
            <bq_carid>4422-EL</bq_carid>
            <bq_persons>4</bq_persons>
            <bq_buydate>09408</bq_buydate>
            <bq_ventsize>2438</bq_ventsize>
            <bq_oilamt>1668</bq_oilamt>
            <bq_oilprice>30.40</bq_oilprice>
            <bq_amt_maintain>51000.00</bq_amt_maintain>
            <bq_amt5>25000.00</bq_amt5>
            <bq_carnum>1</bq_carnum>
            <bq_remark>防疫業務。</bq_remark>
            <bq_lpgamt>0</bq_lpgamt>
            <bq_lpgprice>0.00</bq_lpgprice>
            <bq_versiondate/>
        </BCTMCAR_row>
        <BCTMCAR_row>
            <bq_fiscalyear>108</bq_fiscalyear>
            <bq_fundkind>1</bq_fundkind>
            <bq_budgetkind>1</bq_budgetkind>
            <bq_specialbudgetno/>
            <bq_agenno>57005</bq_agenno>
            <bq_agentype>C</bq_agentype>
            <bq_budgetstate>1</bq_budgetstate>
            <bq_budgetno>71570050200</bq_budgetno>
            <bq_objectno>07351500</bq_objectno>
            <bq_carid>4423-EL</bq_carid>
            <bq_persons>4</bq_persons>
            <bq_buydate>09408</bq_buydate>
            <bq_ventsize>2438</bq_ventsize>
            <bq_oilamt>1668</bq_oilamt>
            <bq_oilprice>30.40</bq_oilprice>
            <bq_amt_maintain>51000.00</bq_amt_maintain>
            <bq_amt5>25000.00</bq_amt5>
            <bq_carnum>1</bq_carnum>
            <bq_remark>防疫業務。</bq_remark>
            <bq_lpgamt>0</bq_lpgamt>
            <bq_lpgprice>0.00</bq_lpgprice>
            <bq_versiondate/>
        </BCTMCAR_row>
        <BCTMCAR_row>
            <bq_fiscalyear>108</bq_fiscalyear>
            <bq_fundkind>1</bq_fundkind>
            <bq_budgetkind>1</bq_budgetkind>
            <bq_specialbudgetno/>
            <bq_agenno>57005</bq_agenno>
            <bq_agentype>C</bq_agentype>
            <bq_budgetstate>1</bq_budgetstate>
            <bq_budgetno>71570050200</bq_budgetno>
            <bq_objectno>07351500</bq_objectno>
            <bq_carid>4425-EL</bq_carid>
            <bq_persons>4</bq_persons>
            <bq_buydate>09408</bq_buydate>
            <bq_ventsize>2438</bq_ventsize>
            <bq_oilamt>1668</bq_oilamt>
            <bq_oilprice>30.40</bq_oilprice>
            <bq_amt_maintain>51000.00</bq_amt_maintain>
            <bq_amt5>25000.00</bq_amt5>
            <bq_carnum>1</bq_carnum>
            <bq_remark>防疫業務。</bq_remark>
            <bq_lpgamt>0</bq_lpgamt>
            <bq_lpgprice>0.00</bq_lpgprice>
            <bq_versiondate/>
        </BCTMCAR_row>
        <BCTMCAR_row>
            <bq_fiscalyear>108</bq_fiscalyear>
            <bq_fundkind>1</bq_fundkind>
            <bq_budgetkind>1</bq_budgetkind>
            <bq_specialbudgetno/>
            <bq_agenno>57005</bq_agenno>
            <bq_agentype>C</bq_agentype>
            <bq_budgetstate>1</bq_budgetstate>
            <bq_budgetno>71570050200</bq_budgetno>
            <bq_objectno>07351500</bq_objectno>
            <bq_carid>4426-EL</bq_carid>
            <bq_persons>4</bq_persons>
            <bq_buydate>09408</bq_buydate>
            <bq_ventsize>2438</bq_ventsize>
            <bq_oilamt>1668</bq_oilamt>
            <bq_oilprice>30.40</bq_oilprice>
            <bq_amt_maintain>51000.00</bq_amt_maintain>
            <bq_amt5>25000.00</bq_amt5>
            <bq_carnum>1</bq_carnum>
            <bq_remark>防疫業務。</bq_remark>
            <bq_lpgamt>0</bq_lpgamt>
            <bq_lpgprice>0.00</bq_lpgprice>
            <bq_versiondate/>
        </BCTMCAR_row>
        <BCTMCAR_row>
            <bq_fiscalyear>108</bq_fiscalyear>
            <bq_fundkind>1</bq_fundkind>
            <bq_budgetkind>1</bq_budgetkind>
            <bq_specialbudgetno/>
            <bq_agenno>57005</bq_agenno>
            <bq_agentype>C</bq_agentype>
            <bq_budgetstate>1</bq_budgetstate>
            <bq_budgetno>71570050200</bq_budgetno>
            <bq_objectno>07351500</bq_objectno>
            <bq_carid>4427-EL</bq_carid>
            <bq_persons>4</bq_persons>
            <bq_buydate>09408</bq_buydate>
            <bq_ventsize>2438</bq_ventsize>
            <bq_oilamt>1668</bq_oilamt>
            <bq_oilprice>30.40</bq_oilprice>
            <bq_amt_maintain>51000.00</bq_amt_maintain>
            <bq_amt5>25000.00</bq_amt5>
            <bq_carnum>1</bq_carnum>
            <bq_remark>防疫業務。</bq_remark>
            <bq_lpgamt>0</bq_lpgamt>
            <bq_lpgprice>0.00</bq_lpgprice>
            <bq_versiondate/>
        </BCTMCAR_row>
        <BCTMCAR_row>
            <bq_fiscalyear>108</bq_fiscalyear>
            <bq_fundkind>1</bq_fundkind>
            <bq_budgetkind>1</bq_budgetkind>
            <bq_specialbudgetno/>
            <bq_agenno>57005</bq_agenno>
            <bq_agentype>C</bq_agentype>
            <bq_budgetstate>1</bq_budgetstate>
            <bq_budgetno>71570050200</bq_budgetno>
            <bq_objectno>07351500</bq_objectno>
            <bq_carid>4428-EL</bq_carid>
            <bq_persons>4</bq_persons>
            <bq_buydate>09408</bq_buydate>
            <bq_ventsize>2438</bq_ventsize>
            <bq_oilamt>1668</bq_oilamt>
            <bq_oilprice>30.40</bq_oilprice>
            <bq_amt_maintain>51000.00</bq_amt_maintain>
            <bq_amt5>25000.00</bq_amt5>
            <bq_carnum>1</bq_carnum>
            <bq_remark>防疫業務。</bq_remark>
            <bq_lpgamt>0</bq_lpgamt>
            <bq_lpgprice>0.00</bq_lpgprice>
            <bq_versiondate/>
        </BCTMCAR_row>
        <BCTMCAR_row>
            <bq_fiscalyear>108</bq_fiscalyear>
            <bq_fundkind>1</bq_fundkind>
            <bq_budgetkind>1</bq_budgetkind>
            <bq_specialbudgetno/>
            <bq_agenno>57005</bq_agenno>
            <bq_agentype>C</bq_agentype>
            <bq_budgetstate>1</bq_budgetstate>
            <bq_budgetno>71570050200</bq_budgetno>
            <bq_objectno>07351500</bq_objectno>
            <bq_carid>4429-EL</bq_carid>
            <bq_persons>4</bq_persons>
            <bq_buydate>09408</bq_buydate>
            <bq_ventsize>2438</bq_ventsize>
            <bq_oilamt>1668</bq_oilamt>
            <bq_oilprice>30.40</bq_oilprice>
            <bq_amt_maintain>51000.00</bq_amt_maintain>
            <bq_amt5>25000.00</bq_amt5>
            <bq_carnum>1</bq_carnum>
            <bq_remark>防疫業務。</bq_remark>
            <bq_lpgamt>0</bq_lpgamt>
            <bq_lpgprice>0.00</bq_lpgprice>
            <bq_versiondate/>
        </BCTMCAR_row>
        <BCTMCAR_row>
            <bq_fiscalyear>108</bq_fiscalyear>
            <bq_fundkind>1</bq_fundkind>
            <bq_budgetkind>1</bq_budgetkind>
            <bq_specialbudgetno/>
            <bq_agenno>57005</bq_agenno>
            <bq_agentype>C</bq_agentype>
            <bq_budgetstate>1</bq_budgetstate>
            <bq_budgetno>71570050200</bq_budgetno>
            <bq_objectno>07351500</bq_objectno>
            <bq_carid>4430-EL</bq_carid>
            <bq_persons>4</bq_persons>
            <bq_buydate>09408</bq_buydate>
            <bq_ventsize>2438</bq_ventsize>
            <bq_oilamt>1668</bq_oilamt>
            <bq_oilprice>30.40</bq_oilprice>
            <bq_amt_maintain>51000.00</bq_amt_maintain>
            <bq_amt5>25000.00</bq_amt5>
            <bq_carnum>1</bq_carnum>
            <bq_remark>防疫業務。</bq_remark>
            <bq_lpgamt>0</bq_lpgamt>
            <bq_lpgprice>0.00</bq_lpgprice>
            <bq_versiondate/>
        </BCTMCAR_row>
        <BCTMCAR_row>
            <bq_fiscalyear>108</bq_fiscalyear>
            <bq_fundkind>1</bq_fundkind>
            <bq_budgetkind>1</bq_budgetkind>
            <bq_specialbudgetno/>
            <bq_agenno>57005</bq_agenno>
            <bq_agentype>C</bq_agentype>
            <bq_budgetstate>1</bq_budgetstate>
            <bq_budgetno>71570050200</bq_budgetno>
            <bq_objectno>07351500</bq_objectno>
            <bq_carid>4431-EL</bq_carid>
            <bq_persons>4</bq_persons>
            <bq_buydate>09408</bq_buydate>
            <bq_ventsize>2438</bq_ventsize>
            <bq_oilamt>1668</bq_oilamt>
            <bq_oilprice>30.40</bq_oilprice>
            <bq_amt_maintain>51000.00</bq_amt_maintain>
            <bq_amt5>25000.00</bq_amt5>
            <bq_carnum>1</bq_carnum>
            <bq_remark>防疫業務。</bq_remark>
            <bq_lpgamt>0</bq_lpgamt>
            <bq_lpgprice>0.00</bq_lpgprice>
            <bq_versiondate/>
        </BCTMCAR_row>
        <BCTMCAR_row>
            <bq_fiscalyear>108</bq_fiscalyear>
            <bq_fundkind>1</bq_fundkind>
            <bq_budgetkind>1</bq_budgetkind>
            <bq_specialbudgetno/>
            <bq_agenno>57005</bq_agenno>
            <bq_agentype>C</bq_agentype>
            <bq_budgetstate>1</bq_budgetstate>
            <bq_budgetno>71570050200</bq_budgetno>
            <bq_objectno>07351500</bq_objectno>
            <bq_carid>4432-EL</bq_carid>
            <bq_persons>4</bq_persons>
            <bq_buydate>09408</bq_buydate>
            <bq_ventsize>2438</bq_ventsize>
            <bq_oilamt>1668</bq_oilamt>
            <bq_oilprice>30.40</bq_oilprice>
            <bq_amt_maintain>51000.00</bq_amt_maintain>
            <bq_amt5>25000.00</bq_amt5>
            <bq_carnum>1</bq_carnum>
            <bq_remark>防疫業務。</bq_remark>
            <bq_lpgamt>0</bq_lpgamt>
            <bq_lpgprice>0.00</bq_lpgprice>
            <bq_versiondate/>
        </BCTMCAR_row>
        <BCTMCAR_row>
            <bq_fiscalyear>108</bq_fiscalyear>
            <bq_fundkind>1</bq_fundkind>
            <bq_budgetkind>1</bq_budgetkind>
            <bq_specialbudgetno/>
            <bq_agenno>57005</bq_agenno>
            <bq_agentype>C</bq_agentype>
            <bq_budgetstate>1</bq_budgetstate>
            <bq_budgetno>71570050200</bq_budgetno>
            <bq_objectno>07351500</bq_objectno>
            <bq_carid>4433-EL</bq_carid>
            <bq_persons>4</bq_persons>
            <bq_buydate>09408</bq_buydate>
            <bq_ventsize>2438</bq_ventsize>
            <bq_oilamt>1668</bq_oilamt>
            <bq_oilprice>30.40</bq_oilprice>
            <bq_amt_maintain>51000.00</bq_amt_maintain>
            <bq_amt5>25000.00</bq_amt5>
            <bq_carnum>1</bq_carnum>
            <bq_remark>防疫業務。</bq_remark>
            <bq_lpgamt>0</bq_lpgamt>
            <bq_lpgprice>0.00</bq_lpgprice>
            <bq_versiondate/>
        </BCTMCAR_row>
        <BCTMCAR_row>
            <bq_fiscalyear>108</bq_fiscalyear>
            <bq_fundkind>1</bq_fundkind>
            <bq_budgetkind>1</bq_budgetkind>
            <bq_specialbudgetno/>
            <bq_agenno>57005</bq_agenno>
            <bq_agentype>C</bq_agentype>
            <bq_budgetstate>1</bq_budgetstate>
            <bq_budgetno>71570050200</bq_budgetno>
            <bq_objectno>07351500</bq_objectno>
            <bq_carid>4435-EL</bq_carid>
            <bq_persons>4</bq_persons>
            <bq_buydate>09408</bq_buydate>
            <bq_ventsize>2438</bq_ventsize>
            <bq_oilamt>1668</bq_oilamt>
            <bq_oilprice>30.40</bq_oilprice>
            <bq_amt_maintain>51000.00</bq_amt_maintain>
            <bq_amt5>25000.00</bq_amt5>
            <bq_carnum>1</bq_carnum>
            <bq_remark>防疫業務。</bq_remark>
            <bq_lpgamt>0</bq_lpgamt>
            <bq_lpgprice>0.00</bq_lpgprice>
            <bq_versiondate/>
        </BCTMCAR_row>
        <BCTMCAR_row>
            <bq_fiscalyear>108</bq_fiscalyear>
            <bq_fundkind>1</bq_fundkind>
            <bq_budgetkind>1</bq_budgetkind>
            <bq_specialbudgetno/>
            <bq_agenno>57005</bq_agenno>
            <bq_agentype>C</bq_agentype>
            <bq_budgetstate>1</bq_budgetstate>
            <bq_budgetno>71570050200</bq_budgetno>
            <bq_objectno>07351500</bq_objectno>
            <bq_carid>4436-EL</bq_carid>
            <bq_persons>4</bq_persons>
            <bq_buydate>09408</bq_buydate>
            <bq_ventsize>2438</bq_ventsize>
            <bq_oilamt>1668</bq_oilamt>
            <bq_oilprice>30.40</bq_oilprice>
            <bq_amt_maintain>30000.00</bq_amt_maintain>
            <bq_amt5>25000.00</bq_amt5>
            <bq_carnum>1</bq_carnum>
            <bq_remark>防疫業務。</bq_remark>
            <bq_lpgamt>0</bq_lpgamt>
            <bq_lpgprice>0.00</bq_lpgprice>
            <bq_versiondate/>
        </BCTMCAR_row>
        <BCTMCAR_row>
            <bq_fiscalyear>108</bq_fiscalyear>
            <bq_fundkind>1</bq_fundkind>
            <bq_budgetkind>1</bq_budgetkind>
            <bq_specialbudgetno/>
            <bq_agenno>57005</bq_agenno>
            <bq_agentype>C</bq_agentype>
            <bq_budgetstate>1</bq_budgetstate>
            <bq_budgetno>71570050100</bq_budgetno>
            <bq_objectno>07351500</bq_objectno>
            <bq_carid>4437-EL</bq_carid>
            <bq_persons>4</bq_persons>
            <bq_buydate>09408</bq_buydate>
            <bq_ventsize>2438</bq_ventsize>
            <bq_oilamt>1668</bq_oilamt>
            <bq_oilprice>30.40</bq_oilprice>
            <bq_amt_maintain>51000.00</bq_amt_maintain>
            <bq_amt5>25000.00</bq_amt5>
            <bq_carnum>1</bq_carnum>
            <bq_remark>一般行政。</bq_remark>
            <bq_lpgamt>0</bq_lpgamt>
            <bq_lpgprice>0.00</bq_lpgprice>
            <bq_versiondate/>
        </BCTMCAR_row>
        <BCTMCAR_row>
            <bq_fiscalyear>108</bq_fiscalyear>
            <bq_fundkind>1</bq_fundkind>
            <bq_budgetkind>1</bq_budgetkind>
            <bq_specialbudgetno/>
            <bq_agenno>57005</bq_agenno>
            <bq_agentype>C</bq_agentype>
            <bq_budgetstate>1</bq_budgetstate>
            <bq_budgetno>71570050200</bq_budgetno>
            <bq_objectno>07351500</bq_objectno>
            <bq_carid>4438-EL</bq_carid>
            <bq_persons>4</bq_persons>
            <bq_buydate>09408</bq_buydate>
            <bq_ventsize>2438</bq_ventsize>
            <bq_oilamt>1668</bq_oilamt>
            <bq_oilprice>30.40</bq_oilprice>
            <bq_amt_maintain>30000.00</bq_amt_maintain>
            <bq_amt5>25000.00</bq_amt5>
            <bq_carnum>1</bq_carnum>
            <bq_remark>防疫業務。</bq_remark>
            <bq_lpgamt>0</bq_lpgamt>
            <bq_lpgprice>0.00</bq_lpgprice>
            <bq_versiondate/>
        </BCTMCAR_row>
        <BCTMCAR_row>
            <bq_fiscalyear>108</bq_fiscalyear>
            <bq_fundkind>1</bq_fundkind>
            <bq_budgetkind>1</bq_budgetkind>
            <bq_specialbudgetno/>
            <bq_agenno>57005</bq_agenno>
            <bq_agentype>C</bq_agentype>
            <bq_budgetstate>1</bq_budgetstate>
            <bq_budgetno>71570050200</bq_budgetno>
            <bq_objectno>07351500</bq_objectno>
            <bq_carid>4453-EL</bq_carid>
            <bq_persons>4</bq_persons>
            <bq_buydate>09408</bq_buydate>
            <bq_ventsize>2438</bq_ventsize>
            <bq_oilamt>1668</bq_oilamt>
            <bq_oilprice>30.40</bq_oilprice>
            <bq_amt_maintain>51000.00</bq_amt_maintain>
            <bq_amt5>25000.00</bq_amt5>
            <bq_carnum>1</bq_carnum>
            <bq_remark>防疫業務。</bq_remark>
            <bq_lpgamt>0</bq_lpgamt>
            <bq_lpgprice>0.00</bq_lpgprice>
            <bq_versiondate/>
        </BCTMCAR_row>
        <BCTMCAR_row>
            <bq_fiscalyear>108</bq_fiscalyear>
            <bq_fundkind>1</bq_fundkind>
            <bq_budgetkind>1</bq_budgetkind>
            <bq_specialbudgetno/>
            <bq_agenno>57005</bq_agenno>
            <bq_agentype>C</bq_agentype>
            <bq_budgetstate>1</bq_budgetstate>
            <bq_budgetno>71570050200</bq_budgetno>
            <bq_objectno>07351500</bq_objectno>
            <bq_carid>4686-EP</bq_carid>
            <bq_persons>4</bq_persons>
            <bq_buydate>09409</bq_buydate>
            <bq_ventsize>2488</bq_ventsize>
            <bq_oilamt>1668</bq_oilamt>
            <bq_oilprice>30.40</bq_oilprice>
            <bq_amt_maintain>51000.00</bq_amt_maintain>
            <bq_amt5>25000.00</bq_amt5>
            <bq_carnum>1</bq_carnum>
            <bq_remark>防疫業務。</bq_remark>
            <bq_lpgamt>0</bq_lpgamt>
            <bq_lpgprice>0.00</bq_lpgprice>
            <bq_versiondate/>
        </BCTMCAR_row>
        <BCTMCAR_row>
            <bq_fiscalyear>108</bq_fiscalyear>
            <bq_fundkind>1</bq_fundkind>
            <bq_budgetkind>1</bq_budgetkind>
            <bq_specialbudgetno/>
            <bq_agenno>57005</bq_agenno>
            <bq_agentype>C</bq_agentype>
            <bq_budgetstate>1</bq_budgetstate>
            <bq_budgetno>71570050200</bq_budgetno>
            <bq_objectno>07351600</bq_objectno>
            <bq_carid>638</bq_carid>
            <bq_persons>1</bq_persons>
            <bq_buydate>09802</bq_buydate>
            <bq_ventsize>125</bq_ventsize>
            <bq_oilamt>312</bq_oilamt>
            <bq_oilprice>30.40</bq_oilprice>
            <bq_amt_maintain>2000.00</bq_amt_maintain>
            <bq_amt5>2000.00</bq_amt5>
            <bq_carnum>1</bq_carnum>
            <bq_remark>638-EDB。&#xd;
防疫業務。</bq_remark>
            <bq_lpgamt>0</bq_lpgamt>
            <bq_lpgprice>0.00</bq_lpgprice>
            <bq_versiondate/>
        </BCTMCAR_row>
        <BCTMCAR_row>
            <bq_fiscalyear>108</bq_fiscalyear>
            <bq_fundkind>1</bq_fundkind>
            <bq_budgetkind>1</bq_budgetkind>
            <bq_specialbudgetno/>
            <bq_agenno>57005</bq_agenno>
            <bq_agentype>C</bq_agentype>
            <bq_budgetstate>1</bq_budgetstate>
            <bq_budgetno>71570050200</bq_budgetno>
            <bq_objectno>07351600</bq_objectno>
            <bq_carid>782</bq_carid>
            <bq_persons>1</bq_persons>
            <bq_buydate>10404</bq_buydate>
            <bq_ventsize>100</bq_ventsize>
            <bq_oilamt>312</bq_oilamt>
            <bq_oilprice>30.40</bq_oilprice>
            <bq_amt_maintain>2000.00</bq_amt_maintain>
            <bq_amt5>2000.00</bq_amt5>
            <bq_carnum>1</bq_carnum>
            <bq_remark>782-TJP。&#xd;
防疫業務。</bq_remark>
            <bq_lpgamt>0</bq_lpgamt>
            <bq_lpgprice>0.00</bq_lpgprice>
            <bq_versiondate/>
        </BCTMCAR_row>
        <BCTMCAR_row>
            <bq_fiscalyear>108</bq_fiscalyear>
            <bq_fundkind>1</bq_fundkind>
            <bq_budgetkind>1</bq_budgetkind>
            <bq_specialbudgetno/>
            <bq_agenno>57005</bq_agenno>
            <bq_agentype>C</bq_agentype>
            <bq_budgetstate>1</bq_budgetstate>
            <bq_budgetno>71570050200</bq_budgetno>
            <bq_objectno>07351500</bq_objectno>
            <bq_carid>8D-1120</bq_carid>
            <bq_persons>4</bq_persons>
            <bq_buydate>09107</bq_buydate>
            <bq_ventsize>3498</bq_ventsize>
            <bq_oilamt>1668</bq_oilamt>
            <bq_oilprice>30.40</bq_oilprice>
            <bq_amt_maintain>40000.00</bq_amt_maintain>
            <bq_amt5>40000.00</bq_amt5>
            <bq_carnum>1</bq_carnum>
            <bq_remark>防疫業務。</bq_remark>
            <bq_lpgamt>0</bq_lpgamt>
            <bq_lpgprice>0.00</bq_lpgprice>
            <bq_versiondate/>
        </BCTMCAR_row>
        <BCTMCAR_row>
            <bq_fiscalyear>108</bq_fiscalyear>
            <bq_fundkind>1</bq_fundkind>
            <bq_budgetkind>1</bq_budgetkind>
            <bq_specialbudgetno/>
            <bq_agenno>57005</bq_agenno>
            <bq_agentype>C</bq_agentype>
            <bq_budgetstate>1</bq_budgetstate>
            <bq_budgetno>71570050200</bq_budgetno>
            <bq_objectno>07351500</bq_objectno>
            <bq_carid>8D-1121</bq_carid>
            <bq_persons>4</bq_persons>
            <bq_buydate>09107</bq_buydate>
            <bq_ventsize>3498</bq_ventsize>
            <bq_oilamt>1668</bq_oilamt>
            <bq_oilprice>32.40</bq_oilprice>
            <bq_amt_maintain>51000.00</bq_amt_maintain>
            <bq_amt5>40000.00</bq_amt5>
            <bq_carnum>1</bq_carnum>
            <bq_remark>防疫業務。</bq_remark>
            <bq_lpgamt>0</bq_lpgamt>
            <bq_lpgprice>0.00</bq_lpgprice>
            <bq_versiondate/>
        </BCTMCAR_row>
        <BCTMCAR_row>
            <bq_fiscalyear>108</bq_fiscalyear>
            <bq_fundkind>1</bq_fundkind>
            <bq_budgetkind>1</bq_budgetkind>
            <bq_specialbudgetno/>
            <bq_agenno>57005</bq_agenno>
            <bq_agentype>C</bq_agentype>
            <bq_budgetstate>1</bq_budgetstate>
            <bq_budgetno>71570050200</bq_budgetno>
            <bq_objectno>07351500</bq_objectno>
            <bq_carid>8D-1125</bq_carid>
            <bq_persons>4</bq_persons>
            <bq_buydate>09107</bq_buydate>
            <bq_ventsize>3498</bq_ventsize>
            <bq_oilamt>1668</bq_oilamt>
            <bq_oilprice>32.40</bq_oilprice>
            <bq_amt_maintain>51000.00</bq_amt_maintain>
            <bq_amt5>40000.00</bq_amt5>
            <bq_carnum>1</bq_carnum>
            <bq_remark>防疫業務。</bq_remark>
            <bq_lpgamt>0</bq_lpgamt>
            <bq_lpgprice>0.00</bq_lpgprice>
            <bq_versiondate/>
        </BCTMCAR_row>
        <BCTMCAR_row>
            <bq_fiscalyear>108</bq_fiscalyear>
            <bq_fundkind>1</bq_fundkind>
            <bq_budgetkind>1</bq_budgetkind>
            <bq_specialbudgetno/>
            <bq_agenno>57005</bq_agenno>
            <bq_agentype>C</bq_agentype>
            <bq_budgetstate>1</bq_budgetstate>
            <bq_budgetno>71570050200</bq_budgetno>
            <bq_objectno>07351500</bq_objectno>
            <bq_carid>8D-1127</bq_carid>
            <bq_persons>4</bq_persons>
            <bq_buydate>09107</bq_buydate>
            <bq_ventsize>3498</bq_ventsize>
            <bq_oilamt>1668</bq_oilamt>
            <bq_oilprice>30.40</bq_oilprice>
            <bq_amt_maintain>51000.00</bq_amt_maintain>
            <bq_amt5>40000.00</bq_amt5>
            <bq_carnum>1</bq_carnum>
            <bq_remark>防疫業務。</bq_remark>
            <bq_lpgamt>0</bq_lpgamt>
            <bq_lpgprice>0.00</bq_lpgprice>
            <bq_versiondate/>
        </BCTMCAR_row>
        <BCTMCAR_row>
            <bq_fiscalyear>108</bq_fiscalyear>
            <bq_fundkind>1</bq_fundkind>
            <bq_budgetkind>1</bq_budgetkind>
            <bq_specialbudgetno/>
            <bq_agenno>57005</bq_agenno>
            <bq_agentype>C</bq_agentype>
            <bq_budgetstate>1</bq_budgetstate>
            <bq_budgetno>71570050200</bq_budgetno>
            <bq_objectno>07351600</bq_objectno>
            <bq_carid>937</bq_carid>
            <bq_persons>1</bq_persons>
            <bq_buydate>09702</bq_buydate>
            <bq_ventsize>125</bq_ventsize>
            <bq_oilamt>312</bq_oilamt>
            <bq_oilprice>30.40</bq_oilprice>
            <bq_amt_maintain>2000.00</bq_amt_maintain>
            <bq_amt5>2000.00</bq_amt5>
            <bq_carnum>1</bq_carnum>
            <bq_remark>937-BFN。&#xd;
防疫業務。</bq_remark>
            <bq_lpgamt>0</bq_lpgamt>
            <bq_lpgprice>0.00</bq_lpgprice>
            <bq_versiondate/>
        </BCTMCAR_row>
        <BCTMCAR_row>
            <bq_fiscalyear>108</bq_fiscalyear>
            <bq_fundkind>1</bq_fundkind>
            <bq_budgetkind>1</bq_budgetkind>
            <bq_specialbudgetno/>
            <bq_agenno>57005</bq_agenno>
            <bq_agentype>C</bq_agentype>
            <bq_budgetstate>1</bq_budgetstate>
            <bq_budgetno>71570050200</bq_budgetno>
            <bq_objectno>07351500</bq_objectno>
            <bq_carid>9C-4896</bq_carid>
            <bq_persons>3</bq_persons>
            <bq_buydate>09011</bq_buydate>
            <bq_ventsize>1997</bq_ventsize>
            <bq_oilamt>1668</bq_oilamt>
            <bq_oilprice>28.90</bq_oilprice>
            <bq_amt_maintain>40000.00</bq_amt_maintain>
            <bq_amt5>25000.00</bq_amt5>
            <bq_carnum>1</bq_carnum>
            <bq_remark>防疫業務。</bq_remark>
            <bq_lpgamt>0</bq_lpgamt>
            <bq_lpgprice>0.00</bq_lpgprice>
            <bq_versiondate/>
        </BCTMCAR_row>
        <BCTMCAR_row>
            <bq_fiscalyear>108</bq_fiscalyear>
            <bq_fundkind>1</bq_fundkind>
            <bq_budgetkind>1</bq_budgetkind>
            <bq_specialbudgetno/>
            <bq_agenno>57005</bq_agenno>
            <bq_agentype>C</bq_agentype>
            <bq_budgetstate>1</bq_budgetstate>
            <bq_budgetno>71570050200</bq_budgetno>
            <bq_objectno>07351500</bq_objectno>
            <bq_carid>9C-4897</bq_carid>
            <bq_persons>3</bq_persons>
            <bq_buydate>09011</bq_buydate>
            <bq_ventsize>1997</bq_ventsize>
            <bq_oilamt>1668</bq_oilamt>
            <bq_oilprice>28.90</bq_oilprice>
            <bq_amt_maintain>51000.00</bq_amt_maintain>
            <bq_amt5>25000.00</bq_amt5>
            <bq_carnum>1</bq_carnum>
            <bq_remark>防疫業務。</bq_remark>
            <bq_lpgamt>0</bq_lpgamt>
            <bq_lpgprice>0.00</bq_lpgprice>
            <bq_versiondate/>
        </BCTMCAR_row>
        <BCTMCAR_row>
            <bq_fiscalyear>108</bq_fiscalyear>
            <bq_fundkind>1</bq_fundkind>
            <bq_budgetkind>1</bq_budgetkind>
            <bq_specialbudgetno/>
            <bq_agenno>57005</bq_agenno>
            <bq_agentype>C</bq_agentype>
            <bq_budgetstate>1</bq_budgetstate>
            <bq_budgetno>71570050200</bq_budgetno>
            <bq_objectno>07351500</bq_objectno>
            <bq_carid>AML-0360</bq_carid>
            <bq_persons>6</bq_persons>
            <bq_buydate>10312</bq_buydate>
            <bq_ventsize>2362</bq_ventsize>
            <bq_oilamt>1668</bq_oilamt>
            <bq_oilprice>30.40</bq_oilprice>
            <bq_amt_maintain>34000.00</bq_amt_maintain>
            <bq_amt5>25000.00</bq_amt5>
            <bq_carnum>1</bq_carnum>
            <bq_remark>防疫業務。</bq_remark>
            <bq_lpgamt>0</bq_lpgamt>
            <bq_lpgprice>0.00</bq_lpgprice>
            <bq_versiondate/>
        </BCTMCAR_row>
        <BCTMCAR_row>
            <bq_fiscalyear>108</bq_fiscalyear>
            <bq_fundkind>1</bq_fundkind>
            <bq_budgetkind>1</bq_budgetkind>
            <bq_specialbudgetno/>
            <bq_agenno>57005</bq_agenno>
            <bq_agentype>C</bq_agentype>
            <bq_budgetstate>1</bq_budgetstate>
            <bq_budgetno>71570050200</bq_budgetno>
            <bq_objectno>07351500</bq_objectno>
            <bq_carid>AML-0361</bq_carid>
            <bq_persons>6</bq_persons>
            <bq_buydate>10312</bq_buydate>
            <bq_ventsize>2362</bq_ventsize>
            <bq_oilamt>1668</bq_oilamt>
            <bq_oilprice>30.40</bq_oilprice>
            <bq_amt_maintain>34000.00</bq_amt_maintain>
            <bq_amt5>25000.00</bq_amt5>
            <bq_carnum>1</bq_carnum>
            <bq_remark>防疫業務。</bq_remark>
            <bq_lpgamt>0</bq_lpgamt>
            <bq_lpgprice>0.00</bq_lpgprice>
            <bq_versiondate/>
        </BCTMCAR_row>
        <BCTMCAR_row>
            <bq_fiscalyear>108</bq_fiscalyear>
            <bq_fundkind>1</bq_fundkind>
            <bq_budgetkind>1</bq_budgetkind>
            <bq_specialbudgetno/>
            <bq_agenno>57005</bq_agenno>
            <bq_agentype>C</bq_agentype>
            <bq_budgetstate>1</bq_budgetstate>
            <bq_budgetno>71570050200</bq_budgetno>
            <bq_objectno>07351500</bq_objectno>
            <bq_carid>ANR-5365</bq_carid>
            <bq_persons>6</bq_persons>
            <bq_buydate>10411</bq_buydate>
            <bq_ventsize>2362</bq_ventsize>
            <bq_oilamt>1668</bq_oilamt>
            <bq_oilprice>30.40</bq_oilprice>
            <bq_amt_maintain>26000.00</bq_amt_maintain>
            <bq_amt5>25000.00</bq_amt5>
            <bq_carnum>1</bq_carnum>
            <bq_remark>防疫業務。</bq_remark>
            <bq_lpgamt>0</bq_lpgamt>
            <bq_lpgprice>0.00</bq_lpgprice>
            <bq_versiondate/>
        </BCTMCAR_row>
        <BCTMCAR_row>
            <bq_fiscalyear>108</bq_fiscalyear>
            <bq_fundkind>1</bq_fundkind>
            <bq_budgetkind>1</bq_budgetkind>
            <bq_specialbudgetno/>
            <bq_agenno>57005</bq_agenno>
            <bq_agentype>C</bq_agentype>
            <bq_budgetstate>1</bq_budgetstate>
            <bq_budgetno>71570050200</bq_budgetno>
            <bq_objectno>07351500</bq_objectno>
            <bq_carid>ANR-5367</bq_carid>
            <bq_persons>6</bq_persons>
            <bq_buydate>10411</bq_buydate>
            <bq_ventsize>2362</bq_ventsize>
            <bq_oilamt>1668</bq_oilamt>
            <bq_oilprice>30.40</bq_oilprice>
            <bq_amt_maintain>26000.00</bq_amt_maintain>
            <bq_amt5>25000.00</bq_amt5>
            <bq_carnum>1</bq_carnum>
            <bq_remark>防疫業務。</bq_remark>
            <bq_lpgamt>0</bq_lpgamt>
            <bq_lpgprice>0.00</bq_lpgprice>
            <bq_versiondate/>
        </BCTMCAR_row>
        <BCTMCAR_row>
            <bq_fiscalyear>108</bq_fiscalyear>
            <bq_fundkind>1</bq_fundkind>
            <bq_budgetkind>1</bq_budgetkind>
            <bq_specialbudgetno/>
            <bq_agenno>57005</bq_agenno>
            <bq_agentype>C</bq_agentype>
            <bq_budgetstate>1</bq_budgetstate>
            <bq_budgetno>71570050100</bq_budgetno>
            <bq_objectno>07351500</bq_objectno>
            <bq_carid>AQV-7323</bq_carid>
            <bq_persons>6</bq_persons>
            <bq_buydate>10510</bq_buydate>
            <bq_ventsize>2362</bq_ventsize>
            <bq_oilamt>1668</bq_oilamt>
            <bq_oilprice>30.40</bq_oilprice>
            <bq_amt_maintain>26000.00</bq_amt_maintain>
            <bq_amt5>25000.00</bq_amt5>
            <bq_carnum>1</bq_carnum>
            <bq_remark>一般行政。</bq_remark>
            <bq_lpgamt>0</bq_lpgamt>
            <bq_lpgprice>0.00</bq_lpgprice>
            <bq_versiondate/>
        </BCTMCAR_row>
        <BCTMCAR_row>
            <bq_fiscalyear>108</bq_fiscalyear>
            <bq_fundkind>1</bq_fundkind>
            <bq_budgetkind>1</bq_budgetkind>
            <bq_specialbudgetno/>
            <bq_agenno>57005</bq_agenno>
            <bq_agentype>C</bq_agentype>
            <bq_budgetstate>1</bq_budgetstate>
            <bq_budgetno>71570050200</bq_budgetno>
            <bq_objectno>07351500</bq_objectno>
            <bq_carid>AQV-7325</bq_carid>
            <bq_persons>6</bq_persons>
            <bq_buydate>10510</bq_buydate>
            <bq_ventsize>2362</bq_ventsize>
            <bq_oilamt>1668</bq_oilamt>
            <bq_oilprice>30.40</bq_oilprice>
            <bq_amt_maintain>26000.00</bq_amt_maintain>
            <bq_amt5>25000.00</bq_amt5>
            <bq_carnum>1</bq_carnum>
            <bq_remark>防疫業務。</bq_remark>
            <bq_lpgamt>0</bq_lpgamt>
            <bq_lpgprice>0.00</bq_lpgprice>
            <bq_versiondate/>
        </BCTMCAR_row>
        <BCTMCAR_row>
            <bq_fiscalyear>108</bq_fiscalyear>
            <bq_fundkind>1</bq_fundkind>
            <bq_budgetkind>1</bq_budgetkind>
            <bq_specialbudgetno/>
            <bq_agenno>57005</bq_agenno>
            <bq_agentype>C</bq_agentype>
            <bq_budgetstate>1</bq_budgetstate>
            <bq_budgetno>71570050100</bq_budgetno>
            <bq_objectno>07350100</bq_objectno>
            <bq_carid>AXF-1922</bq_carid>
            <bq_persons>4</bq_persons>
            <bq_buydate>10708</bq_buydate>
            <bq_ventsize>1798</bq_ventsize>
            <bq_oilamt>1668</bq_oilamt>
            <bq_oilprice>30.40</bq_oilprice>
            <bq_amt_maintain>9000.00</bq_amt_maintain>
            <bq_amt5>25000.00</bq_amt5>
            <bq_carnum>1</bq_carnum>
            <bq_remark>一般行政。</bq_remark>
            <bq_lpgamt>0</bq_lpgamt>
            <bq_lpgprice>0.00</bq_lpgprice>
            <bq_versiondate/>
        </BCTMCAR_row>
        <BCTMCAR_row>
            <bq_fiscalyear>108</bq_fiscalyear>
            <bq_fundkind>1</bq_fundkind>
            <bq_budgetkind>1</bq_budgetkind>
            <bq_specialbudgetno/>
            <bq_agenno>57005</bq_agenno>
            <bq_agentype>C</bq_agentype>
            <bq_budgetstate>1</bq_budgetstate>
            <bq_budgetno>71570050200</bq_budgetno>
            <bq_objectno>07351500</bq_objectno>
            <bq_carid>M8-7332</bq_carid>
            <bq_persons>4</bq_persons>
            <bq_buydate>08704</bq_buydate>
            <bq_ventsize>2476</bq_ventsize>
            <bq_oilamt>1668</bq_oilamt>
            <bq_oilprice>27.00</bq_oilprice>
            <bq_amt_maintain>20000.00</bq_amt_maintain>
            <bq_amt5>25000.00</bq_amt5>
            <bq_carnum>1</bq_carnum>
            <bq_remark>防疫業務。</bq_remark>
            <bq_lpgamt>0</bq_lpgamt>
            <bq_lpgprice>0.00</bq_lpgprice>
            <bq_versiondate/>
        </BCTMCAR_row>
        <BCTMCAR_row>
            <bq_fiscalyear>108</bq_fiscalyear>
            <bq_fundkind>1</bq_fundkind>
            <bq_budgetkind>1</bq_budgetkind>
            <bq_specialbudgetno/>
            <bq_agenno>57005</bq_agenno>
            <bq_agentype>C</bq_agentype>
            <bq_budgetstate>1</bq_budgetstate>
            <bq_budgetno>71570050200</bq_budgetno>
            <bq_objectno>07351610</bq_objectno>
            <bq_carid>新購001</bq_carid>
            <bq_persons>1</bq_persons>
            <bq_buydate>10806</bq_buydate>
            <bq_ventsize>0</bq_ventsize>
            <bq_oilamt>0</bq_oilamt>
            <bq_oilprice>0.00</bq_oilprice>
            <bq_amt_maintain>1000.00</bq_amt_maintain>
            <bq_amt5>9000.00</bq_amt5>
            <bq_carnum>1</bq_carnum>
            <bq_remark>防疫業務，預計108年6月購置。</bq_remark>
            <bq_lpgamt>0</bq_lpgamt>
            <bq_lpgprice>0.00</bq_lpgprice>
            <bq_versiondate/>
        </BCTMCAR_row>
    </BCTMCAR>
</tables>
