<?xml version="1.0" encoding="UTF-8"?>
<tables>
    <BCTDHELPPLAN>
        <BCTDHELPPLAN_row>
            <bh_fiscalyear>108</bh_fiscalyear>
            <bh_fundkind>1</bh_fundkind>
            <bh_budgetkind>1</bh_budgetkind>
            <bh_specialbudgetno/>
            <bh_agenno>57005</bh_agenno>
            <bh_agentype>C</bh_agentype>
            <bh_budgetstate>1</bh_budgetstate>
            <bh_versiondate/>
            <bh_objectno>0475</bh_objectno>
            <bh_endowplanno>01</bh_endowplanno>
            <bh_endowplanname>防疫雲2.0計畫</bh_endowplanname>
            <bh_donname>醫療機構</bh_donname>
            <bh_endowsts>1</bh_endowsts>
            <bh_budgetno>52570050400</bh_budgetno>
            <bh_subprojectno>02</bh_subprojectno>
            <bh_budgetsource>1</bh_budgetsource>
            <bh_applyid>0</bh_applyid>
            <bh_startyear>108</bh_startyear>
            <bh_endyear>108</bh_endyear>
            <bh_donrem>獎勵醫療機構持續參與運用醫院電子病歷進行傳染病通報、實驗室傳染病自動通報系統200千元。</bh_donrem>
            <bh_bgtyear>0</bh_bgtyear>
            <bh_amt_man>0.00</bh_amt_man>
            <bh_amt_business>200000.00</bh_amt_business>
            <bh_amt_other>0.00</bh_amt_other>
            <bh_amt_land>0.00</bh_amt_land>
            <bh_amt_house>0.00</bh_amt_house>
            <bh_amt6>0.00</bh_amt6>
            <bh_amt7>0.00</bh_amt7>
            <bh_flowflag/>
            <bh_signflag/>
            <bh_signno/>
            <mj_subprojectno_na>02 - 防疫雲2.0計畫</mj_subprojectno_na>
        </BCTDHELPPLAN_row>
        <BCTDHELPPLAN_row>
            <bh_fiscalyear>108</bh_fiscalyear>
            <bh_fundkind>1</bh_fundkind>
            <bh_budgetkind>1</bh_budgetkind>
            <bh_specialbudgetno/>
            <bh_agenno>57005</bh_agenno>
            <bh_agentype>C</bh_agentype>
            <bh_budgetstate>1</bh_budgetstate>
            <bh_versiondate/>
            <bh_objectno>0437</bh_objectno>
            <bh_endowplanno>06</bh_endowplanno>
            <bh_endowplanname>巨量資料於感染相關監測及防治策略之應用計畫</bh_endowplanname>
            <bh_donname>醫療機構</bh_donname>
            <bh_endowsts>1</bh_endowsts>
            <bh_budgetno>52570050400</bh_budgetno>
            <bh_subprojectno>06</bh_subprojectno>
            <bh_budgetsource>1</bh_budgetsource>
            <bh_applyid>0</bh_applyid>
            <bh_startyear>108</bh_startyear>
            <bh_endyear>108</bh_endyear>
            <bh_donrem>捐助私立醫療機構建立抗藥性相關監測資料自動交換機制之軟硬體與醫院資訊系統程式修改等費用2,240千元（資本門）。</bh_donrem>
            <bh_bgtyear>0</bh_bgtyear>
            <bh_amt_man>0.00</bh_amt_man>
            <bh_amt_business>0.00</bh_amt_business>
            <bh_amt_other>0.00</bh_amt_other>
            <bh_amt_land>0.00</bh_amt_land>
            <bh_amt_house>0.00</bh_amt_house>
            <bh_amt6>0.00</bh_amt6>
            <bh_amt7>2240000.00</bh_amt7>
            <bh_flowflag/>
            <bh_signflag/>
            <bh_signno/>
            <mj_subprojectno_na>06 - 巨量資料於感染相關監測及防治策略之應用計畫</mj_subprojectno_na>
        </BCTDHELPPLAN_row>
        <BCTDHELPPLAN_row>
            <bh_fiscalyear>108</bh_fiscalyear>
            <bh_fundkind>1</bh_fundkind>
            <bh_budgetkind>1</bh_budgetkind>
            <bh_specialbudgetno/>
            <bh_agenno>57005</bh_agenno>
            <bh_agentype>C</bh_agentype>
            <bh_budgetstate>1</bh_budgetstate>
            <bh_versiondate/>
            <bh_objectno>0437</bh_objectno>
            <bh_endowplanno>07</bh_endowplanno>
            <bh_endowplanname>新世代智慧防疫行動計畫</bh_endowplanname>
            <bh_donname>醫療機構</bh_donname>
            <bh_endowsts>1</bh_endowsts>
            <bh_budgetno>52570050400</bh_budgetno>
            <bh_subprojectno>07</bh_subprojectno>
            <bh_budgetsource>1</bh_budgetsource>
            <bh_applyid>0</bh_applyid>
            <bh_startyear>108</bh_startyear>
            <bh_endyear>108</bh_endyear>
            <bh_donrem>捐助參加計畫之醫療院所，其配合計畫執行醫院資訊系統程式修改費用2,500千元（資本門）。</bh_donrem>
            <bh_bgtyear>0</bh_bgtyear>
            <bh_amt_man>0.00</bh_amt_man>
            <bh_amt_business>0.00</bh_amt_business>
            <bh_amt_other>0.00</bh_amt_other>
            <bh_amt_land>0.00</bh_amt_land>
            <bh_amt_house>0.00</bh_amt_house>
            <bh_amt6>0.00</bh_amt6>
            <bh_amt7>2500000.00</bh_amt7>
            <bh_flowflag/>
            <bh_signflag/>
            <bh_signno/>
            <mj_subprojectno_na>07 - 新世代智慧防疫行動計畫</mj_subprojectno_na>
        </BCTDHELPPLAN_row>
        <BCTDHELPPLAN_row>
            <bh_fiscalyear>108</bh_fiscalyear>
            <bh_fundkind>1</bh_fundkind>
            <bh_budgetkind>1</bh_budgetkind>
            <bh_specialbudgetno/>
            <bh_agenno>57005</bh_agenno>
            <bh_agentype>C</bh_agentype>
            <bh_budgetstate>1</bh_budgetstate>
            <bh_versiondate/>
            <bh_objectno>0454</bh_objectno>
            <bh_endowplanno>01</bh_endowplanno>
            <bh_endowplanname>基本行政工作維持</bh_endowplanname>
            <bh_donname>退休退職人員</bh_donname>
            <bh_endowsts>1</bh_endowsts>
            <bh_budgetno>71570050100</bh_budgetno>
            <bh_subprojectno>02</bh_subprojectno>
            <bh_budgetsource>1</bh_budgetsource>
            <bh_applyid>0</bh_applyid>
            <bh_startyear>108</bh_startyear>
            <bh_endyear>108</bh_endyear>
            <bh_donrem>退休人員優惠存款利息差額補貼152千元。&#xd;
</bh_donrem>
            <bh_bgtyear>0</bh_bgtyear>
            <bh_amt_man>0.00</bh_amt_man>
            <bh_amt_business>0.00</bh_amt_business>
            <bh_amt_other>152000.00</bh_amt_other>
            <bh_amt_land>0.00</bh_amt_land>
            <bh_amt_house>0.00</bh_amt_house>
            <bh_amt6>0.00</bh_amt6>
            <bh_amt7>0.00</bh_amt7>
            <bh_flowflag/>
            <bh_signflag/>
            <bh_signno/>
            <mj_subprojectno_na>02 - 基本行政工作維持</mj_subprojectno_na>
        </BCTDHELPPLAN_row>
        <BCTDHELPPLAN_row>
            <bh_fiscalyear>108</bh_fiscalyear>
            <bh_fundkind>1</bh_fundkind>
            <bh_budgetkind>1</bh_budgetkind>
            <bh_specialbudgetno/>
            <bh_agenno>57005</bh_agenno>
            <bh_agentype>C</bh_agentype>
            <bh_budgetstate>1</bh_budgetstate>
            <bh_versiondate/>
            <bh_objectno>0475</bh_objectno>
            <bh_endowplanno>01</bh_endowplanno>
            <bh_endowplanname>基本行政工作維持</bh_endowplanname>
            <bh_donname>退休退職人員</bh_donname>
            <bh_endowsts>1</bh_endowsts>
            <bh_budgetno>71570050100</bh_budgetno>
            <bh_subprojectno>02</bh_subprojectno>
            <bh_budgetsource>1</bh_budgetsource>
            <bh_applyid>0</bh_applyid>
            <bh_startyear>108</bh_startyear>
            <bh_endyear>108</bh_endyear>
            <bh_donrem>退休退職人員三節慰問金1,278千元。</bh_donrem>
            <bh_bgtyear>0</bh_bgtyear>
            <bh_amt_man>0.00</bh_amt_man>
            <bh_amt_business>0.00</bh_amt_business>
            <bh_amt_other>1278000.00</bh_amt_other>
            <bh_amt_land>0.00</bh_amt_land>
            <bh_amt_house>0.00</bh_amt_house>
            <bh_amt6>0.00</bh_amt6>
            <bh_amt7>0.00</bh_amt7>
            <bh_flowflag/>
            <bh_signflag/>
            <bh_signno/>
            <mj_subprojectno_na>02 - 基本行政工作維持</mj_subprojectno_na>
        </BCTDHELPPLAN_row>
        <BCTDHELPPLAN_row>
            <bh_fiscalyear>108</bh_fiscalyear>
            <bh_fundkind>1</bh_fundkind>
            <bh_budgetkind>1</bh_budgetkind>
            <bh_specialbudgetno/>
            <bh_agenno>57005</bh_agenno>
            <bh_agentype>C</bh_agentype>
            <bh_budgetstate>1</bh_budgetstate>
            <bh_versiondate/>
            <bh_objectno>0437</bh_objectno>
            <bh_endowplanno>01</bh_endowplanno>
            <bh_endowplanname>傳染病防治及應變規劃</bh_endowplanname>
            <bh_donname>學會、學術團體、醫療機構</bh_donname>
            <bh_endowsts>1</bh_endowsts>
            <bh_budgetno>71570050200</bh_budgetno>
            <bh_subprojectno>01</bh_subprojectno>
            <bh_budgetsource>1</bh_budgetsource>
            <bh_applyid>0</bh_applyid>
            <bh_startyear>108</bh_startyear>
            <bh_endyear>108</bh_endyear>
            <bh_donrem>捐助國內民間團體辦理人畜共通傳染病或因應氣候變遷相關傳染病防治相關事宜200千元。</bh_donrem>
            <bh_bgtyear>0</bh_bgtyear>
            <bh_amt_man>0.00</bh_amt_man>
            <bh_amt_business>200000.00</bh_amt_business>
            <bh_amt_other>0.00</bh_amt_other>
            <bh_amt_land>0.00</bh_amt_land>
            <bh_amt_house>0.00</bh_amt_house>
            <bh_amt6>0.00</bh_amt6>
            <bh_amt7>0.00</bh_amt7>
            <bh_flowflag/>
            <bh_signflag/>
            <bh_signno/>
            <mj_subprojectno_na>01 - 傳染病防治及應變規劃</mj_subprojectno_na>
        </BCTDHELPPLAN_row>
        <BCTDHELPPLAN_row>
            <bh_fiscalyear>108</bh_fiscalyear>
            <bh_fundkind>1</bh_fundkind>
            <bh_budgetkind>1</bh_budgetkind>
            <bh_specialbudgetno/>
            <bh_agenno>57005</bh_agenno>
            <bh_agentype>C</bh_agentype>
            <bh_budgetstate>1</bh_budgetstate>
            <bh_versiondate/>
            <bh_objectno>0445</bh_objectno>
            <bh_endowplanno>01</bh_endowplanno>
            <bh_endowplanname>傳染病防治及應變規劃</bh_endowplanname>
            <bh_donname>藥品產生不良反應者、新興及再浮現傳染病患者</bh_donname>
            <bh_endowsts>1</bh_endowsts>
            <bh_budgetno>71570050200</bh_budgetno>
            <bh_subprojectno>01</bh_subprojectno>
            <bh_budgetsource>1</bh_budgetsource>
            <bh_applyid>0</bh_applyid>
            <bh_startyear>108</bh_startyear>
            <bh_endyear>108</bh_endyear>
            <bh_donrem>&amp;lt;#H1&amp;gt;寄生蟲治療藥品不良反應之給付費20千元。&#xd;
&amp;lt;#H1&amp;gt;第一類或第五類等新興及再浮現傳染病患者隔離治療費用3千元。</bh_donrem>
            <bh_bgtyear>0</bh_bgtyear>
            <bh_amt_man>0.00</bh_amt_man>
            <bh_amt_business>23000.00</bh_amt_business>
            <bh_amt_other>0.00</bh_amt_other>
            <bh_amt_land>0.00</bh_amt_land>
            <bh_amt_house>0.00</bh_amt_house>
            <bh_amt6>0.00</bh_amt6>
            <bh_amt7>0.00</bh_amt7>
            <bh_flowflag/>
            <bh_signflag/>
            <bh_signno/>
            <mj_subprojectno_na>01 - 傳染病防治及應變規劃</mj_subprojectno_na>
        </BCTDHELPPLAN_row>
        <BCTDHELPPLAN_row>
            <bh_fiscalyear>108</bh_fiscalyear>
            <bh_fundkind>1</bh_fundkind>
            <bh_budgetkind>1</bh_budgetkind>
            <bh_specialbudgetno/>
            <bh_agenno>57005</bh_agenno>
            <bh_agentype>C</bh_agentype>
            <bh_budgetstate>1</bh_budgetstate>
            <bh_versiondate/>
            <bh_objectno>0475</bh_objectno>
            <bh_endowplanno>01</bh_endowplanno>
            <bh_endowplanname>傳染病防治及應變規劃</bh_endowplanname>
            <bh_donname>醫事人員、對防疫業務著有績效之人員及團體</bh_donname>
            <bh_endowsts>1</bh_endowsts>
            <bh_budgetno>71570050200</bh_budgetno>
            <bh_subprojectno>01</bh_subprojectno>
            <bh_budgetsource>1</bh_budgetsource>
            <bh_applyid>0</bh_applyid>
            <bh_startyear>108</bh_startyear>
            <bh_endyear>108</bh_endyear>
            <bh_donrem>&amp;lt;#H1&amp;gt;依據傳染病防治法及傳染病防治獎勵辦法辦理，成立傳染病防治審議會，召開會議審查並獎勵受推薦之績效卓著之人員及團體300千元。&#xd;
&amp;lt;#H1&amp;gt;人畜共通傳染病通報獎金20千元。</bh_donrem>
            <bh_bgtyear>0</bh_bgtyear>
            <bh_amt_man>0.00</bh_amt_man>
            <bh_amt_business>320000.00</bh_amt_business>
            <bh_amt_other>0.00</bh_amt_other>
            <bh_amt_land>0.00</bh_amt_land>
            <bh_amt_house>0.00</bh_amt_house>
            <bh_amt6>0.00</bh_amt6>
            <bh_amt7>0.00</bh_amt7>
            <bh_flowflag/>
            <bh_signflag/>
            <bh_signno/>
            <mj_subprojectno_na>01 - 傳染病防治及應變規劃</mj_subprojectno_na>
        </BCTDHELPPLAN_row>
        <BCTDHELPPLAN_row>
            <bh_fiscalyear>108</bh_fiscalyear>
            <bh_fundkind>1</bh_fundkind>
            <bh_budgetkind>1</bh_budgetkind>
            <bh_specialbudgetno/>
            <bh_agenno>57005</bh_agenno>
            <bh_agentype>C</bh_agentype>
            <bh_budgetstate>1</bh_budgetstate>
            <bh_versiondate/>
            <bh_objectno>0437</bh_objectno>
            <bh_endowplanno>02</bh_endowplanno>
            <bh_endowplanname>急性傳染病流行風險監控與管理第二期計畫</bh_endowplanname>
            <bh_donname>學會、學術團體、醫療機構</bh_donname>
            <bh_endowsts>1</bh_endowsts>
            <bh_budgetno>71570050200</bh_budgetno>
            <bh_subprojectno>02</bh_subprojectno>
            <bh_budgetsource>1</bh_budgetsource>
            <bh_applyid>0</bh_applyid>
            <bh_startyear>108</bh_startyear>
            <bh_endyear>108</bh_endyear>
            <bh_donrem>&amp;lt;#H1&amp;gt;捐助學會、學術團體、醫療機構辦理腸病毒等急性傳染病教育訓練、病例討論會1,350千元。&#xd;
&amp;lt;#H1&amp;gt;捐助醫療院所協助麻疹個案接觸者實施暴露後預防所需IMIG、耗材、掛號費、診察費等15千元。&#xd;
&amp;lt;#H1&amp;gt;捐助國內民間團體辦理病毒性肝炎防治相關事宜400千元。</bh_donrem>
            <bh_bgtyear>0</bh_bgtyear>
            <bh_amt_man>0.00</bh_amt_man>
            <bh_amt_business>1765000.00</bh_amt_business>
            <bh_amt_other>0.00</bh_amt_other>
            <bh_amt_land>0.00</bh_amt_land>
            <bh_amt_house>0.00</bh_amt_house>
            <bh_amt6>0.00</bh_amt6>
            <bh_amt7>0.00</bh_amt7>
            <bh_flowflag/>
            <bh_signflag/>
            <bh_signno/>
            <mj_subprojectno_na>02 - 急性傳染病流行風險監控與管理第二期計畫</mj_subprojectno_na>
        </BCTDHELPPLAN_row>
        <BCTDHELPPLAN_row>
            <bh_fiscalyear>108</bh_fiscalyear>
            <bh_fundkind>1</bh_fundkind>
            <bh_budgetkind>1</bh_budgetkind>
            <bh_specialbudgetno/>
            <bh_agenno>57005</bh_agenno>
            <bh_agentype>C</bh_agentype>
            <bh_budgetstate>1</bh_budgetstate>
            <bh_versiondate/>
            <bh_objectno>0475</bh_objectno>
            <bh_endowplanno>02</bh_endowplanno>
            <bh_endowplanname>急性傳染病流行風險監控與管理第二期計畫</bh_endowplanname>
            <bh_donname>醫事人員、民眾</bh_donname>
            <bh_endowsts>1</bh_endowsts>
            <bh_budgetno>71570050200</bh_budgetno>
            <bh_subprojectno>02</bh_subprojectno>
            <bh_budgetsource>1</bh_budgetsource>
            <bh_applyid>0</bh_applyid>
            <bh_startyear>108</bh_startyear>
            <bh_endyear>108</bh_endyear>
            <bh_donrem>登革熱及其他病媒傳染病、腸病毒、腸道、三麻一風通報獎金680千元。</bh_donrem>
            <bh_bgtyear>0</bh_bgtyear>
            <bh_amt_man>0.00</bh_amt_man>
            <bh_amt_business>680000.00</bh_amt_business>
            <bh_amt_other>0.00</bh_amt_other>
            <bh_amt_land>0.00</bh_amt_land>
            <bh_amt_house>0.00</bh_amt_house>
            <bh_amt6>0.00</bh_amt6>
            <bh_amt7>0.00</bh_amt7>
            <bh_flowflag/>
            <bh_signflag/>
            <bh_signno/>
            <mj_subprojectno_na>02 - 急性傳染病流行風險監控與管理第二期計畫</mj_subprojectno_na>
        </BCTDHELPPLAN_row>
        <BCTDHELPPLAN_row>
            <bh_fiscalyear>108</bh_fiscalyear>
            <bh_fundkind>1</bh_fundkind>
            <bh_budgetkind>1</bh_budgetkind>
            <bh_specialbudgetno/>
            <bh_agenno>57005</bh_agenno>
            <bh_agentype>C</bh_agentype>
            <bh_budgetstate>1</bh_budgetstate>
            <bh_versiondate/>
            <bh_objectno>0445</bh_objectno>
            <bh_endowplanno>02</bh_endowplanno>
            <bh_endowplanname>強化邊境檢疫及境外防疫第一期計畫</bh_endowplanname>
            <bh_donname>使用瘧疾預防用藥產生不良反應者</bh_donname>
            <bh_endowsts>1</bh_endowsts>
            <bh_budgetno>71570050200</bh_budgetno>
            <bh_subprojectno>03</bh_subprojectno>
            <bh_budgetsource>1</bh_budgetsource>
            <bh_applyid>0</bh_applyid>
            <bh_startyear>108</bh_startyear>
            <bh_endyear>108</bh_endyear>
            <bh_donrem>專案進口瘧疾預防用藥產生不良反應之給付相關濟助費10千元。</bh_donrem>
            <bh_bgtyear>0</bh_bgtyear>
            <bh_amt_man>0.00</bh_amt_man>
            <bh_amt_business>10000.00</bh_amt_business>
            <bh_amt_other>0.00</bh_amt_other>
            <bh_amt_land>0.00</bh_amt_land>
            <bh_amt_house>0.00</bh_amt_house>
            <bh_amt6>0.00</bh_amt6>
            <bh_amt7>0.00</bh_amt7>
            <bh_flowflag/>
            <bh_signflag/>
            <bh_signno/>
            <mj_subprojectno_na>03 - 強化邊境檢疫及境外防疫第一期計畫</mj_subprojectno_na>
        </BCTDHELPPLAN_row>
        <BCTDHELPPLAN_row>
            <bh_fiscalyear>108</bh_fiscalyear>
            <bh_fundkind>1</bh_fundkind>
            <bh_budgetkind>1</bh_budgetkind>
            <bh_specialbudgetno/>
            <bh_agenno>57005</bh_agenno>
            <bh_agentype>C</bh_agentype>
            <bh_budgetstate>1</bh_budgetstate>
            <bh_versiondate/>
            <bh_objectno>0475</bh_objectno>
            <bh_endowplanno>03</bh_endowplanno>
            <bh_endowplanname>強化邊境檢疫及境外防疫第一期計畫</bh_endowplanname>
            <bh_donname>醫事人員、民眾或導遊領隊</bh_donname>
            <bh_endowsts>1</bh_endowsts>
            <bh_budgetno>71570050200</bh_budgetno>
            <bh_subprojectno>03</bh_subprojectno>
            <bh_budgetsource>1</bh_budgetsource>
            <bh_applyid>0</bh_applyid>
            <bh_startyear>108</bh_startyear>
            <bh_endyear>108</bh_endyear>
            <bh_donrem>民眾或導遊、領隊於入境時主動向檢疫單位通報疑似登革熱等傳染病並經確診者之通報獎金300千元。</bh_donrem>
            <bh_bgtyear>0</bh_bgtyear>
            <bh_amt_man>0.00</bh_amt_man>
            <bh_amt_business>300000.00</bh_amt_business>
            <bh_amt_other>0.00</bh_amt_other>
            <bh_amt_land>0.00</bh_amt_land>
            <bh_amt_house>0.00</bh_amt_house>
            <bh_amt6>0.00</bh_amt6>
            <bh_amt7>0.00</bh_amt7>
            <bh_flowflag/>
            <bh_signflag/>
            <bh_signno/>
            <mj_subprojectno_na>03 - 強化邊境檢疫及境外防疫第一期計畫</mj_subprojectno_na>
        </BCTDHELPPLAN_row>
        <BCTDHELPPLAN_row>
            <bh_fiscalyear>108</bh_fiscalyear>
            <bh_fundkind>1</bh_fundkind>
            <bh_budgetkind>1</bh_budgetkind>
            <bh_specialbudgetno/>
            <bh_agenno>57005</bh_agenno>
            <bh_agentype>C</bh_agentype>
            <bh_budgetstate>1</bh_budgetstate>
            <bh_versiondate/>
            <bh_objectno>0476</bh_objectno>
            <bh_endowplanno>01</bh_endowplanno>
            <bh_endowplanname>強化邊境檢疫及境外防疫第一期計畫</bh_endowplanname>
            <bh_donname>病理解剖病例之死亡家屬</bh_donname>
            <bh_endowsts>1</bh_endowsts>
            <bh_budgetno>71570050200</bh_budgetno>
            <bh_subprojectno>03</bh_subprojectno>
            <bh_budgetsource>1</bh_budgetsource>
            <bh_applyid>0</bh_applyid>
            <bh_startyear>108</bh_startyear>
            <bh_endyear>108</bh_endyear>
            <bh_donrem>對疑似傳染病致死病例解剖之喪葬補助費10千元。</bh_donrem>
            <bh_bgtyear>0</bh_bgtyear>
            <bh_amt_man>0.00</bh_amt_man>
            <bh_amt_business>10000.00</bh_amt_business>
            <bh_amt_other>0.00</bh_amt_other>
            <bh_amt_land>0.00</bh_amt_land>
            <bh_amt_house>0.00</bh_amt_house>
            <bh_amt6>0.00</bh_amt6>
            <bh_amt7>0.00</bh_amt7>
            <bh_flowflag/>
            <bh_signflag/>
            <bh_signno/>
            <mj_subprojectno_na>03 - 強化邊境檢疫及境外防疫第一期計畫</mj_subprojectno_na>
        </BCTDHELPPLAN_row>
        <BCTDHELPPLAN_row>
            <bh_fiscalyear>108</bh_fiscalyear>
            <bh_fundkind>1</bh_fundkind>
            <bh_budgetkind>1</bh_budgetkind>
            <bh_specialbudgetno/>
            <bh_agenno>57005</bh_agenno>
            <bh_agentype>C</bh_agentype>
            <bh_budgetstate>1</bh_budgetstate>
            <bh_versiondate/>
            <bh_objectno>0437</bh_objectno>
            <bh_endowplanno>03</bh_endowplanno>
            <bh_endowplanname>愛滋防治第六期五年計畫</bh_endowplanname>
            <bh_donname>民間團體、醫療機構等</bh_donname>
            <bh_endowsts>1</bh_endowsts>
            <bh_budgetno>71570050200</bh_budgetno>
            <bh_subprojectno>04</bh_subprojectno>
            <bh_budgetsource>1</bh_budgetsource>
            <bh_applyid>0</bh_applyid>
            <bh_startyear>108</bh_startyear>
            <bh_endyear>108</bh_endyear>
            <bh_donrem>捐助私立醫療機構辦理愛滋病指定醫事機構服務品質提升計畫、愛滋防治替代治療補助計畫、捐助愛滋防治民間團體辦理同志族群衛教活動、愛滋感染者現身說法、婦女族群、青少年族群衛教訓練活動、愛滋病毒感染者行為諮詢服務、藥癮者多元服務、性傳染病防治及高危險行為者衛教關懷服務計畫、愛滋病毒篩檢及暴露愛滋病毒前預防性投藥計畫等14,467千元。</bh_donrem>
            <bh_bgtyear>0</bh_bgtyear>
            <bh_amt_man>0.00</bh_amt_man>
            <bh_amt_business>14467000.00</bh_amt_business>
            <bh_amt_other>0.00</bh_amt_other>
            <bh_amt_land>0.00</bh_amt_land>
            <bh_amt_house>0.00</bh_amt_house>
            <bh_amt6>0.00</bh_amt6>
            <bh_amt7>0.00</bh_amt7>
            <bh_flowflag/>
            <bh_signflag/>
            <bh_signno/>
            <mj_subprojectno_na>04 - 愛滋防治第六期五年計畫</mj_subprojectno_na>
        </BCTDHELPPLAN_row>
        <BCTDHELPPLAN_row>
            <bh_fiscalyear>108</bh_fiscalyear>
            <bh_fundkind>1</bh_fundkind>
            <bh_budgetkind>1</bh_budgetkind>
            <bh_specialbudgetno/>
            <bh_agenno>57005</bh_agenno>
            <bh_agentype>C</bh_agentype>
            <bh_budgetstate>1</bh_budgetstate>
            <bh_versiondate/>
            <bh_objectno>0438</bh_objectno>
            <bh_endowplanno>01</bh_endowplanno>
            <bh_endowplanname>愛滋防治第六期五年計畫</bh_endowplanname>
            <bh_donname>私立學校</bh_donname>
            <bh_endowsts>1</bh_endowsts>
            <bh_budgetno>71570050200</bh_budgetno>
            <bh_subprojectno>04</bh_subprojectno>
            <bh_budgetsource>1</bh_budgetsource>
            <bh_applyid>0</bh_applyid>
            <bh_startyear>108</bh_startyear>
            <bh_endyear>108</bh_endyear>
            <bh_donrem>獎助私立學校辦理愛滋病防治計畫200千元。</bh_donrem>
            <bh_bgtyear>0</bh_bgtyear>
            <bh_amt_man>0.00</bh_amt_man>
            <bh_amt_business>200000.00</bh_amt_business>
            <bh_amt_other>0.00</bh_amt_other>
            <bh_amt_land>0.00</bh_amt_land>
            <bh_amt_house>0.00</bh_amt_house>
            <bh_amt6>0.00</bh_amt6>
            <bh_amt7>0.00</bh_amt7>
            <bh_flowflag/>
            <bh_signflag/>
            <bh_signno/>
            <mj_subprojectno_na>04 - 愛滋防治第六期五年計畫</mj_subprojectno_na>
        </BCTDHELPPLAN_row>
        <BCTDHELPPLAN_row>
            <bh_fiscalyear>108</bh_fiscalyear>
            <bh_fundkind>1</bh_fundkind>
            <bh_budgetkind>1</bh_budgetkind>
            <bh_specialbudgetno/>
            <bh_agenno>57005</bh_agenno>
            <bh_agentype>C</bh_agentype>
            <bh_budgetstate>1</bh_budgetstate>
            <bh_versiondate/>
            <bh_objectno>0445</bh_objectno>
            <bh_endowplanno>03</bh_endowplanno>
            <bh_endowplanname>愛滋防治第六期五年計畫</bh_endowplanname>
            <bh_donname>執行愛滋病防治工作而感染者及血友愛滋病患等</bh_donname>
            <bh_endowsts>1</bh_endowsts>
            <bh_budgetno>71570050200</bh_budgetno>
            <bh_subprojectno>04</bh_subprojectno>
            <bh_budgetsource>1</bh_budgetsource>
            <bh_applyid>0</bh_applyid>
            <bh_startyear>108</bh_startyear>
            <bh_endyear>108</bh_endyear>
            <bh_donrem>&amp;lt;#H1&amp;gt;感染愛滋病毒之血友病患健保自付保費、愛滋血友病患等特殊案例、因執行愛滋病防治工作而感染愛滋病毒者合理補償等之濟助費20千元。&#xd;
&amp;lt;#H1&amp;gt;捐助依條例規定報告感染人類免疫缺乏病毒者及認定有接受人類免疫缺乏病毒檢查必要者等之檢驗、預防及治療所需之相關醫療費用等1,604,452千元。</bh_donrem>
            <bh_bgtyear>0</bh_bgtyear>
            <bh_amt_man>0.00</bh_amt_man>
            <bh_amt_business>1604472000.00</bh_amt_business>
            <bh_amt_other>0.00</bh_amt_other>
            <bh_amt_land>0.00</bh_amt_land>
            <bh_amt_house>0.00</bh_amt_house>
            <bh_amt6>0.00</bh_amt6>
            <bh_amt7>0.00</bh_amt7>
            <bh_flowflag/>
            <bh_signflag/>
            <bh_signno/>
            <mj_subprojectno_na>04 - 愛滋防治第六期五年計畫</mj_subprojectno_na>
        </BCTDHELPPLAN_row>
        <BCTDHELPPLAN_row>
            <bh_fiscalyear>108</bh_fiscalyear>
            <bh_fundkind>1</bh_fundkind>
            <bh_budgetkind>1</bh_budgetkind>
            <bh_specialbudgetno/>
            <bh_agenno>57005</bh_agenno>
            <bh_agentype>C</bh_agentype>
            <bh_budgetstate>1</bh_budgetstate>
            <bh_versiondate/>
            <bh_objectno>0437</bh_objectno>
            <bh_endowplanno>04</bh_endowplanno>
            <bh_endowplanname>我國加入WHO2035消除結核第一期計畫</bh_endowplanname>
            <bh_donname>民間團體、醫療機構等</bh_donname>
            <bh_endowsts>1</bh_endowsts>
            <bh_budgetno>71570050200</bh_budgetno>
            <bh_subprojectno>05</bh_subprojectno>
            <bh_budgetsource>1</bh_budgetsource>
            <bh_applyid>0</bh_applyid>
            <bh_startyear>108</bh_startyear>
            <bh_endyear>108</bh_endyear>
            <bh_donrem>捐助民間醫療機構加強辦理結核病及漢生病診療、檢驗、管理、防治，特殊個案防治措施、培育民間團體及學術單位等拓展結核病防治網絡、潛伏結核感染治療等相關業務2,100千元。</bh_donrem>
            <bh_bgtyear>0</bh_bgtyear>
            <bh_amt_man>0.00</bh_amt_man>
            <bh_amt_business>2100000.00</bh_amt_business>
            <bh_amt_other>0.00</bh_amt_other>
            <bh_amt_land>0.00</bh_amt_land>
            <bh_amt_house>0.00</bh_amt_house>
            <bh_amt6>0.00</bh_amt6>
            <bh_amt7>0.00</bh_amt7>
            <bh_flowflag/>
            <bh_signflag/>
            <bh_signno/>
            <mj_subprojectno_na>05 - 我國加入WHO2035消除結核第一期計畫</mj_subprojectno_na>
        </BCTDHELPPLAN_row>
        <BCTDHELPPLAN_row>
            <bh_fiscalyear>108</bh_fiscalyear>
            <bh_fundkind>1</bh_fundkind>
            <bh_budgetkind>1</bh_budgetkind>
            <bh_specialbudgetno/>
            <bh_agenno>57005</bh_agenno>
            <bh_agentype>C</bh_agentype>
            <bh_budgetstate>1</bh_budgetstate>
            <bh_versiondate/>
            <bh_objectno>0445</bh_objectno>
            <bh_endowplanno>04</bh_endowplanno>
            <bh_endowplanname>我國加入WHO2035消除結核第一期計畫</bh_endowplanname>
            <bh_donname>結核病個案、結核病接觸者、結核菌潛伏感染者</bh_donname>
            <bh_endowsts>1</bh_endowsts>
            <bh_budgetno>71570050200</bh_budgetno>
            <bh_subprojectno>05</bh_subprojectno>
            <bh_budgetsource>1</bh_budgetsource>
            <bh_applyid>0</bh_applyid>
            <bh_startyear>108</bh_startyear>
            <bh_endyear>108</bh_endyear>
            <bh_donrem>&amp;lt;#H1&amp;gt;慢性傳染性肺結核病患生活費、營養費、治療結核病產生不良反應之費用、結核病接觸者檢查、潛伏結核感染之治療及提升防疫照護品質等費用1,830千元。&#xd;
&amp;lt;#H1&amp;gt;捐助法定傳染病病人之隔離治療等相關醫療費用；捐助結核病相關門住診醫療費用部分負擔和無健保結核病醫療費用；捐助潛伏結核感染治療、接觸者檢查之部分負擔及感染檢驗費用；捐助持續推動都治計畫診療費用；捐助抗藥性病患進階都治費用 ；捐助結核病患所服用之抗結核免費藥物費用；捐助委託代辦山地鄉結核病主動篩檢費等772,541千元。</bh_donrem>
            <bh_bgtyear>0</bh_bgtyear>
            <bh_amt_man>0.00</bh_amt_man>
            <bh_amt_business>774371000.00</bh_amt_business>
            <bh_amt_other>0.00</bh_amt_other>
            <bh_amt_land>0.00</bh_amt_land>
            <bh_amt_house>0.00</bh_amt_house>
            <bh_amt6>0.00</bh_amt6>
            <bh_amt7>0.00</bh_amt7>
            <bh_flowflag/>
            <bh_signflag/>
            <bh_signno/>
            <mj_subprojectno_na>05 - 我國加入WHO2035消除結核第一期計畫</mj_subprojectno_na>
        </BCTDHELPPLAN_row>
        <BCTDHELPPLAN_row>
            <bh_fiscalyear>108</bh_fiscalyear>
            <bh_fundkind>1</bh_fundkind>
            <bh_budgetkind>1</bh_budgetkind>
            <bh_specialbudgetno/>
            <bh_agenno>57005</bh_agenno>
            <bh_agentype>C</bh_agentype>
            <bh_budgetstate>1</bh_budgetstate>
            <bh_versiondate/>
            <bh_objectno>0437</bh_objectno>
            <bh_endowplanno>05</bh_endowplanno>
            <bh_endowplanname>我國因應流感大流行準備第三期計畫</bh_endowplanname>
            <bh_donname>支援合作醫院</bh_donname>
            <bh_endowsts>1</bh_endowsts>
            <bh_budgetno>71570050200</bh_budgetno>
            <bh_subprojectno>06</bh_subprojectno>
            <bh_budgetsource>1</bh_budgetsource>
            <bh_applyid>0</bh_applyid>
            <bh_startyear>108</bh_startyear>
            <bh_endyear>108</bh_endyear>
            <bh_donrem>捐助傳染病防治醫療網支援合作醫院相關行政費2,800千元。</bh_donrem>
            <bh_bgtyear>0</bh_bgtyear>
            <bh_amt_man>0.00</bh_amt_man>
            <bh_amt_business>2800000.00</bh_amt_business>
            <bh_amt_other>0.00</bh_amt_other>
            <bh_amt_land>0.00</bh_amt_land>
            <bh_amt_house>0.00</bh_amt_house>
            <bh_amt6>0.00</bh_amt6>
            <bh_amt7>0.00</bh_amt7>
            <bh_flowflag/>
            <bh_signflag/>
            <bh_signno/>
            <mj_subprojectno_na>06 - 我國因應流感大流行準備第三期計畫</mj_subprojectno_na>
        </BCTDHELPPLAN_row>
    </BCTDHELPPLAN>
</tables>
