<?xml version="1.0" encoding="UTF-8"?>
<tables>
    <BCME3470>
        <BCME3470_row>
            <budgetno>00570000000</budgetno>
            <budgetname>衛生福利部主管</budgetname>
            <damt1>0.000000</damt1>
            <damt2>0.000000</damt2>
            <damt3>0.000000</damt3>
            <damt4>29294.000000</damt4>
            <damt5>70.000000</damt5>
            <damt6>107416.000000</damt6>
            <damt7>8413.000000</damt7>
            <damt8>0.000000</damt8>
            <damt9>0.000000</damt9>
            <damt10>14878.000000</damt10>
            <damt11>160071.000000</damt11>
            <no1>19</no1>
            <no2>00</no2>
            <no3>00</no3>
            <no4>00</no4>
            <budgetno_conver>0057000000</budgetno_conver>
            <b_level>1</b_level>
        </BCME3470_row>
        <BCME3470_row>
            <budgetno>00570050000</budgetno>
            <budgetname>疾病管制署</budgetname>
            <damt1>0.000000</damt1>
            <damt2>0.000000</damt2>
            <damt3>0.000000</damt3>
            <damt4>29294.000000</damt4>
            <damt5>70.000000</damt5>
            <damt6>107416.000000</damt6>
            <damt7>8413.000000</damt7>
            <damt8>0.000000</damt8>
            <damt9>0.000000</damt9>
            <damt10>14878.000000</damt10>
            <damt11>160071.000000</damt11>
            <no1>19</no1>
            <no2>02</no2>
            <no3>00</no3>
            <no4>00</no4>
            <budgetno_conver>0057050000</budgetno_conver>
            <b_level>2</b_level>
        </BCME3470_row>
        <BCME3470_row>
            <budgetno>52570050000</budgetno>
            <budgetname>科學支出</budgetname>
            <damt1>0.000000</damt1>
            <damt2>0.000000</damt2>
            <damt3>0.000000</damt3>
            <damt4>6185.000000</damt4>
            <damt5>0.000000</damt5>
            <damt6>69924.000000</damt6>
            <damt7>161.000000</damt7>
            <damt8>0.000000</damt8>
            <damt9>0.000000</damt9>
            <damt10>5818.000000</damt10>
            <damt11>82088.000000</damt11>
            <no1>19</no1>
            <no2/>
            <no3/>
            <no4/>
            <budgetno_conver>5257050000</budgetno_conver>
            <b_level>2</b_level>
        </BCME3470_row>
        <BCME3470_row>
            <budgetno>52570050400</budgetno>
            <budgetname>科技業務</budgetname>
            <damt1>0.000000</damt1>
            <damt2>0.000000</damt2>
            <damt3>0.000000</damt3>
            <damt4>6185.000000</damt4>
            <damt5>0.000000</damt5>
            <damt6>69924.000000</damt6>
            <damt7>161.000000</damt7>
            <damt8>0.000000</damt8>
            <damt9>0.000000</damt9>
            <damt10>5818.000000</damt10>
            <damt11>82088.000000</damt11>
            <no1>19</no1>
            <no2>02</no2>
            <no3>01</no3>
            <no4>00</no4>
            <budgetno_conver>5257050400</budgetno_conver>
            <b_level>3</b_level>
        </BCME3470_row>
        <BCME3470_row>
            <budgetno>71570050000</budgetno>
            <budgetname>醫療保健支出</budgetname>
            <damt1>0.000000</damt1>
            <damt2>0.000000</damt2>
            <damt3>0.000000</damt3>
            <damt4>23109.000000</damt4>
            <damt5>70.000000</damt5>
            <damt6>37492.000000</damt6>
            <damt7>8252.000000</damt7>
            <damt8>0.000000</damt8>
            <damt9>0.000000</damt9>
            <damt10>9060.000000</damt10>
            <damt11>77983.000000</damt11>
            <no1>19</no1>
            <no2/>
            <no3/>
            <no4/>
            <budgetno_conver>7157050000</budgetno_conver>
            <b_level>2</b_level>
        </BCME3470_row>
        <BCME3470_row>
            <budgetno>71570050100</budgetno>
            <budgetname>一般行政</budgetname>
            <damt1>0.000000</damt1>
            <damt2>0.000000</damt2>
            <damt3>0.000000</damt3>
            <damt4>0.000000</damt4>
            <damt5>0.000000</damt5>
            <damt6>0.000000</damt6>
            <damt7>2191.000000</damt7>
            <damt8>0.000000</damt8>
            <damt9>0.000000</damt9>
            <damt10>0.000000</damt10>
            <damt11>2191.000000</damt11>
            <no1>19</no1>
            <no2>02</no2>
            <no3>02</no3>
            <no4>00</no4>
            <budgetno_conver>7157050100</budgetno_conver>
            <b_level>3</b_level>
        </BCME3470_row>
        <BCME3470_row>
            <budgetno>71570050200</budgetno>
            <budgetname>防疫業務</budgetname>
            <damt1>0.000000</damt1>
            <damt2>0.000000</damt2>
            <damt3>0.000000</damt3>
            <damt4>23109.000000</damt4>
            <damt5>70.000000</damt5>
            <damt6>37492.000000</damt6>
            <damt7>6061.000000</damt7>
            <damt8>0.000000</damt8>
            <damt9>0.000000</damt9>
            <damt10>9060.000000</damt10>
            <damt11>75792.000000</damt11>
            <no1>19</no1>
            <no2>02</no2>
            <no3>03</no3>
            <no4>00</no4>
            <budgetno_conver>7157050200</budgetno_conver>
            <b_level>3</b_level>
        </BCME3470_row>
    </BCME3470>
</tables>
