<?xml version="1.0" encoding="UTF-8"?>
<Root>
    <Row>
        <款>19</款>
        <項/>
        <目/>
        <節/>
        <科目名稱>衛生福利部主管</科目名稱>
        <預算科目編號>00570000000</預算科目編號>
        <人事費>1002110</人事費>
        <業務費_經>1213706</業務費_經>
        <奬補助費_經>3244144</奬補助費_經>
        <債務費>0</債務費>
        <預備金_經>50</預備金_經>
        <經常支出小計>5460010</經常支出小計>
        <業務費_資>0</業務費_資>
        <設備及投資>145193</設備及投資>
        <奬補助費_資>14878</奬補助費_資>
        <預備金_資>0</預備金_資>
        <資本支出小計>160071</資本支出小計>
        <合計>5620081</合計>
    </Row>
    <Row>
        <款/>
        <項>2</項>
        <目/>
        <節/>
        <科目名稱>疾病管制署</科目名稱>
        <預算科目編號>00570050000</預算科目編號>
        <人事費>1002110</人事費>
        <業務費_經>1213706</業務費_經>
        <奬補助費_經>3244144</奬補助費_經>
        <債務費>0</債務費>
        <預備金_經>50</預備金_經>
        <經常支出小計>5460010</經常支出小計>
        <業務費_資>0</業務費_資>
        <設備及投資>145193</設備及投資>
        <奬補助費_資>14878</奬補助費_資>
        <預備金_資>0</預備金_資>
        <資本支出小計>160071</資本支出小計>
        <合計>5620081</合計>
    </Row>
    <Row>
        <款/>
        <項/>
        <目/>
        <節/>
        <科目名稱>科學支出</科目名稱>
        <預算科目編號>52570050000</預算科目編號>
        <人事費>0</人事費>
        <業務費_經>243211</業務費_經>
        <奬補助費_經>200</奬補助費_經>
        <債務費>0</債務費>
        <預備金_經>0</預備金_經>
        <經常支出小計>243411</經常支出小計>
        <業務費_資>0</業務費_資>
        <設備及投資>76270</設備及投資>
        <奬補助費_資>5818</奬補助費_資>
        <預備金_資>0</預備金_資>
        <資本支出小計>82088</資本支出小計>
        <合計>325499</合計>
    </Row>
    <Row>
        <款/>
        <項/>
        <目>1</目>
        <節/>
        <科目名稱>科技業務</科目名稱>
        <預算科目編號>52570050400</預算科目編號>
        <人事費>0</人事費>
        <業務費_經>243211</業務費_經>
        <奬補助費_經>200</奬補助費_經>
        <債務費>0</債務費>
        <預備金_經>0</預備金_經>
        <經常支出小計>243411</經常支出小計>
        <業務費_資>0</業務費_資>
        <設備及投資>76270</設備及投資>
        <奬補助費_資>5818</奬補助費_資>
        <預備金_資>0</預備金_資>
        <資本支出小計>82088</資本支出小計>
        <合計>325499</合計>
    </Row>
    <Row>
        <款/>
        <項/>
        <目/>
        <節/>
        <科目名稱>醫療保健支出</科目名稱>
        <預算科目編號>71570050000</預算科目編號>
        <人事費>1002110</人事費>
        <業務費_經>970495</業務費_經>
        <奬補助費_經>3243944</奬補助費_經>
        <債務費>0</債務費>
        <預備金_經>50</預備金_經>
        <經常支出小計>5216599</經常支出小計>
        <業務費_資>0</業務費_資>
        <設備及投資>68923</設備及投資>
        <奬補助費_資>9060</奬補助費_資>
        <預備金_資>0</預備金_資>
        <資本支出小計>77983</資本支出小計>
        <合計>5294582</合計>
    </Row>
    <Row>
        <款/>
        <項/>
        <目>2</目>
        <節/>
        <科目名稱>一般行政</科目名稱>
        <預算科目編號>71570050100</預算科目編號>
        <人事費>1002110</人事費>
        <業務費_經>25287</業務費_經>
        <奬補助費_經>1430</奬補助費_經>
        <債務費>0</債務費>
        <預備金_經>0</預備金_經>
        <經常支出小計>1028827</經常支出小計>
        <業務費_資>0</業務費_資>
        <設備及投資>2191</設備及投資>
        <奬補助費_資>0</奬補助費_資>
        <預備金_資>0</預備金_資>
        <資本支出小計>2191</資本支出小計>
        <合計>1031018</合計>
    </Row>
    <Row>
        <款/>
        <項/>
        <目>3</目>
        <節/>
        <科目名稱>防疫業務</科目名稱>
        <預算科目編號>71570050200</預算科目編號>
        <人事費>0</人事費>
        <業務費_經>945208</業務費_經>
        <奬補助費_經>3242514</奬補助費_經>
        <債務費>0</債務費>
        <預備金_經>0</預備金_經>
        <經常支出小計>4187722</經常支出小計>
        <業務費_資>0</業務費_資>
        <設備及投資>66732</設備及投資>
        <奬補助費_資>9060</奬補助費_資>
        <預備金_資>0</預備金_資>
        <資本支出小計>75792</資本支出小計>
        <合計>4263514</合計>
    </Row>
    <Row>
        <款/>
        <項/>
        <目>6</目>
        <節/>
        <科目名稱>第一預備金</科目名稱>
        <預算科目編號>71570059800</預算科目編號>
        <人事費>0</人事費>
        <業務費_經>0</業務費_經>
        <奬補助費_經>0</奬補助費_經>
        <債務費>0</債務費>
        <預備金_經>50</預備金_經>
        <經常支出小計>50</經常支出小計>
        <業務費_資>0</業務費_資>
        <設備及投資>0</設備及投資>
        <奬補助費_資>0</奬補助費_資>
        <預備金_資>0</預備金_資>
        <資本支出小計>0</資本支出小計>
        <合計>50</合計>
    </Row>
</Root>
