<?xml version="1.0" encoding="UTF-8"?>
<tables>
    <BCME3410_row>
        <mh_itemserialno1/>
        <mh_itemserialno2/>
        <mh_itemserialno3/>
        <mh_itemserialno4/>
        <budgetno/>
        <mh_budgetname>合         計</mh_budgetname>
        <budgetno_conver/>
        <tyear_amt>111209.000000</tyear_amt>
        <lyear_amt>129616.000000</lyear_amt>
        <byear_amt>186486.000000</byear_amt>
        <b_amt>-18407.000000</b_amt>
        <bc_content/>
        <blevel>9</blevel>
        <ordinaryid>1</ordinaryid>
    </BCME3410_row>
    <BCME3410_row>
        <mh_itemserialno1>2</mh_itemserialno1>
        <mh_itemserialno2/>
        <mh_itemserialno3/>
        <mh_itemserialno4/>
        <budgetno>04000000000</budgetno>
        <mh_budgetname>罰款及賠償收入</mh_budgetname>
        <budgetno_conver>0400000000</budgetno_conver>
        <tyear_amt>600.000000</tyear_amt>
        <lyear_amt>4500.000000</lyear_amt>
        <byear_amt>923.000000</byear_amt>
        <b_amt>-3900.000000</b_amt>
        <bc_content/>
        <blevel>1</blevel>
        <ordinaryid/>
    </BCME3410_row>
    <BCME3410_row>
        <mh_itemserialno1/>
        <mh_itemserialno2>181</mh_itemserialno2>
        <mh_itemserialno3/>
        <mh_itemserialno4/>
        <budgetno>04570050000</budgetno>
        <mh_budgetname>疾病管制署</mh_budgetname>
        <budgetno_conver>0457050000</budgetno_conver>
        <tyear_amt>600.000000</tyear_amt>
        <lyear_amt>4500.000000</lyear_amt>
        <byear_amt>923.000000</byear_amt>
        <b_amt>-3900.000000</b_amt>
        <bc_content/>
        <blevel>2</blevel>
        <ordinaryid/>
    </BCME3410_row>
    <BCME3410_row>
        <mh_itemserialno1/>
        <mh_itemserialno2/>
        <mh_itemserialno3>01</mh_itemserialno3>
        <mh_itemserialno4/>
        <budgetno>04570050300</budgetno>
        <mh_budgetname>賠償收入</mh_budgetname>
        <budgetno_conver>0457050300</budgetno_conver>
        <tyear_amt>600.000000</tyear_amt>
        <lyear_amt>4500.000000</lyear_amt>
        <byear_amt>923.000000</byear_amt>
        <b_amt>-3900.000000</b_amt>
        <bc_content/>
        <blevel>3</blevel>
        <ordinaryid/>
    </BCME3410_row>
    <BCME3410_row>
        <mh_itemserialno1/>
        <mh_itemserialno2/>
        <mh_itemserialno3/>
        <mh_itemserialno4>01</mh_itemserialno4>
        <budgetno>04570050301</budgetno>
        <mh_budgetname>一般賠償收入</mh_budgetname>
        <budgetno_conver>0457050301</budgetno_conver>
        <tyear_amt>600.000000</tyear_amt>
        <lyear_amt>4500.000000</lyear_amt>
        <byear_amt>923.000000</byear_amt>
        <b_amt>-3900.000000</b_amt>
        <bc_key>04570050301xxxxxxxxxxxxxxxxxxxxxxxx1R1x0</bc_key>
        <bc_content>本年度預算數係廠商違約逾期交
貨之賠償收入。</bc_content>
        <blevel>4</blevel>
        <ordinaryid/>
    </BCME3410_row>
    <BCME3410_row>
        <mh_itemserialno1>3</mh_itemserialno1>
        <mh_itemserialno2/>
        <mh_itemserialno3/>
        <mh_itemserialno4/>
        <budgetno>05000000000</budgetno>
        <mh_budgetname>規費收入</mh_budgetname>
        <budgetno_conver>0500000000</budgetno_conver>
        <tyear_amt>109134.000000</tyear_amt>
        <lyear_amt>124021.000000</lyear_amt>
        <byear_amt>113828.000000</byear_amt>
        <b_amt>-14887.000000</b_amt>
        <bc_content/>
        <blevel>1</blevel>
        <ordinaryid/>
    </BCME3410_row>
    <BCME3410_row>
        <mh_itemserialno1/>
        <mh_itemserialno2>152</mh_itemserialno2>
        <mh_itemserialno3/>
        <mh_itemserialno4/>
        <budgetno>05570050000</budgetno>
        <mh_budgetname>疾病管制署</mh_budgetname>
        <budgetno_conver>0557050000</budgetno_conver>
        <tyear_amt>109134.000000</tyear_amt>
        <lyear_amt>124021.000000</lyear_amt>
        <byear_amt>113828.000000</byear_amt>
        <b_amt>-14887.000000</b_amt>
        <bc_content/>
        <blevel>2</blevel>
        <ordinaryid/>
    </BCME3410_row>
    <BCME3410_row>
        <mh_itemserialno1/>
        <mh_itemserialno2/>
        <mh_itemserialno3>01</mh_itemserialno3>
        <mh_itemserialno4/>
        <budgetno>05570050100</budgetno>
        <mh_budgetname>行政規費收入</mh_budgetname>
        <budgetno_conver>0557050100</budgetno_conver>
        <tyear_amt>41036.000000</tyear_amt>
        <lyear_amt>40247.000000</lyear_amt>
        <byear_amt>42547.000000</byear_amt>
        <b_amt>789.000000</b_amt>
        <bc_content/>
        <blevel>3</blevel>
        <ordinaryid/>
    </BCME3410_row>
    <BCME3410_row>
        <mh_itemserialno1/>
        <mh_itemserialno2/>
        <mh_itemserialno3/>
        <mh_itemserialno4>01</mh_itemserialno4>
        <budgetno>05570050101</budgetno>
        <mh_budgetname>審查費</mh_budgetname>
        <budgetno_conver>0557050101</budgetno_conver>
        <tyear_amt>34257.000000</tyear_amt>
        <lyear_amt>34257.000000</lyear_amt>
        <byear_amt>35514.000000</byear_amt>
        <b_amt>0.000000</b_amt>
        <bc_key>05570050101xxxxxxxxxxxxxxxxxxxxxxxx1R1x0</bc_key>
        <bc_content>本年度預算數係船舶衛生檢疫收
入。</bc_content>
        <blevel>4</blevel>
        <ordinaryid/>
    </BCME3410_row>
    <BCME3410_row>
        <mh_itemserialno1/>
        <mh_itemserialno2/>
        <mh_itemserialno3/>
        <mh_itemserialno4>02</mh_itemserialno4>
        <budgetno>05570050102</budgetno>
        <mh_budgetname>證照費</mh_budgetname>
        <budgetno_conver>0557050102</budgetno_conver>
        <tyear_amt>6779.000000</tyear_amt>
        <lyear_amt>5990.000000</lyear_amt>
        <byear_amt>7033.000000</byear_amt>
        <b_amt>789.000000</b_amt>
        <bc_key>05570050102xxxxxxxxxxxxxxxxxxxxxxxx1R1x0</bc_key>
        <bc_content>本年度預算數係核發國際預防接
種證明書、船舶衛生管制或免予
衛生管制證明書及屍體出境准許
證等證照費收入。</bc_content>
        <blevel>4</blevel>
        <ordinaryid/>
    </BCME3410_row>
    <BCME3410_row>
        <mh_itemserialno1/>
        <mh_itemserialno2/>
        <mh_itemserialno3>02</mh_itemserialno3>
        <mh_itemserialno4/>
        <budgetno>05570050300</budgetno>
        <mh_budgetname>使用規費收入</mh_budgetname>
        <budgetno_conver>0557050300</budgetno_conver>
        <tyear_amt>68098.000000</tyear_amt>
        <lyear_amt>83774.000000</lyear_amt>
        <byear_amt>71281.000000</byear_amt>
        <b_amt>-15676.000000</b_amt>
        <bc_content/>
        <blevel>3</blevel>
        <ordinaryid/>
    </BCME3410_row>
    <BCME3410_row>
        <mh_itemserialno1/>
        <mh_itemserialno2/>
        <mh_itemserialno3/>
        <mh_itemserialno4>01</mh_itemserialno4>
        <budgetno>05570050305</budgetno>
        <mh_budgetname>資料使用費</mh_budgetname>
        <budgetno_conver>0557050305</budgetno_conver>
        <tyear_amt>0.000000</tyear_amt>
        <lyear_amt>0.000000</lyear_amt>
        <byear_amt>55.000000</byear_amt>
        <b_amt>0.000000</b_amt>
        <bc_key>05570050305xxxxxxxxxxxxxxxxxxxxxxxx1R1x0</bc_key>
        <bc_content>前年度決算數係提供防疫資料庫
擷取等收入。</bc_content>
        <blevel>4</blevel>
        <ordinaryid/>
    </BCME3410_row>
    <BCME3410_row>
        <mh_itemserialno1/>
        <mh_itemserialno2/>
        <mh_itemserialno3/>
        <mh_itemserialno4>02</mh_itemserialno4>
        <budgetno>05570050311</budgetno>
        <mh_budgetname>供應費</mh_budgetname>
        <budgetno_conver>0557050311</budgetno_conver>
        <tyear_amt>68098.000000</tyear_amt>
        <lyear_amt>83774.000000</lyear_amt>
        <byear_amt>71226.000000</byear_amt>
        <b_amt>-15676.000000</b_amt>
        <bc_key>05570050311xxxxxxxxxxxxxxxxxxxxxxxx1R1x0</bc_key>
        <bc_content>本年度預算數係生物製劑、瘧疾
預防藥品、阿米巴性痢疾藥品、
清潔針具及保險套供應費收入。</bc_content>
        <blevel>4</blevel>
        <ordinaryid/>
    </BCME3410_row>
    <BCME3410_row>
        <mh_itemserialno1>4</mh_itemserialno1>
        <mh_itemserialno2/>
        <mh_itemserialno3/>
        <mh_itemserialno4/>
        <budgetno>07000000000</budgetno>
        <mh_budgetname>財產收入</mh_budgetname>
        <budgetno_conver>0700000000</budgetno_conver>
        <tyear_amt>626.000000</tyear_amt>
        <lyear_amt>626.000000</lyear_amt>
        <byear_amt>1539.000000</byear_amt>
        <b_amt>0.000000</b_amt>
        <bc_content/>
        <blevel>1</blevel>
        <ordinaryid/>
    </BCME3410_row>
    <BCME3410_row>
        <mh_itemserialno1/>
        <mh_itemserialno2>196</mh_itemserialno2>
        <mh_itemserialno3/>
        <mh_itemserialno4/>
        <budgetno>07570050000</budgetno>
        <mh_budgetname>疾病管制署</mh_budgetname>
        <budgetno_conver>0757050000</budgetno_conver>
        <tyear_amt>626.000000</tyear_amt>
        <lyear_amt>626.000000</lyear_amt>
        <byear_amt>1539.000000</byear_amt>
        <b_amt>0.000000</b_amt>
        <bc_content/>
        <blevel>2</blevel>
        <ordinaryid/>
    </BCME3410_row>
    <BCME3410_row>
        <mh_itemserialno1/>
        <mh_itemserialno2/>
        <mh_itemserialno3>01</mh_itemserialno3>
        <mh_itemserialno4/>
        <budgetno>07570050100</budgetno>
        <mh_budgetname>財產孳息</mh_budgetname>
        <budgetno_conver>0757050100</budgetno_conver>
        <tyear_amt>336.000000</tyear_amt>
        <lyear_amt>336.000000</lyear_amt>
        <byear_amt>392.000000</byear_amt>
        <b_amt>0.000000</b_amt>
        <bc_content/>
        <blevel>3</blevel>
        <ordinaryid/>
    </BCME3410_row>
    <BCME3410_row>
        <mh_itemserialno1/>
        <mh_itemserialno2/>
        <mh_itemserialno3/>
        <mh_itemserialno4>01</mh_itemserialno4>
        <budgetno>07570050106</budgetno>
        <mh_budgetname>租金收入</mh_budgetname>
        <budgetno_conver>0757050106</budgetno_conver>
        <tyear_amt>336.000000</tyear_amt>
        <lyear_amt>336.000000</lyear_amt>
        <byear_amt>392.000000</byear_amt>
        <b_amt>0.000000</b_amt>
        <bc_key>07570050106xxxxxxxxxxxxxxxxxxxxxxxx1R1x0</bc_key>
        <bc_content>本年度預算數係員工停車位租金
收入。</bc_content>
        <blevel>4</blevel>
        <ordinaryid/>
    </BCME3410_row>
    <BCME3410_row>
        <mh_itemserialno1/>
        <mh_itemserialno2/>
        <mh_itemserialno3>02</mh_itemserialno3>
        <mh_itemserialno4/>
        <budgetno>07570050600</budgetno>
        <mh_budgetname>廢舊物資售價</mh_budgetname>
        <budgetno_conver>0757050600</budgetno_conver>
        <tyear_amt>290.000000</tyear_amt>
        <lyear_amt>290.000000</lyear_amt>
        <byear_amt>1147.000000</byear_amt>
        <b_amt>0.000000</b_amt>
        <bc_key>07570050600xxxxxxxxxxxxxxxxxxxxxxxx1R1x0</bc_key>
        <bc_content>本年度預算數係出售廢舊財物等
收入。</bc_content>
        <blevel>3</blevel>
        <ordinaryid/>
    </BCME3410_row>
    <BCME3410_row>
        <mh_itemserialno1>7</mh_itemserialno1>
        <mh_itemserialno2/>
        <mh_itemserialno3/>
        <mh_itemserialno4/>
        <budgetno>11000000000</budgetno>
        <mh_budgetname>其他收入</mh_budgetname>
        <budgetno_conver>1100000000</budgetno_conver>
        <tyear_amt>849.000000</tyear_amt>
        <lyear_amt>469.000000</lyear_amt>
        <byear_amt>70196.000000</byear_amt>
        <b_amt>380.000000</b_amt>
        <bc_content/>
        <blevel>1</blevel>
        <ordinaryid/>
    </BCME3410_row>
    <BCME3410_row>
        <mh_itemserialno1/>
        <mh_itemserialno2>193</mh_itemserialno2>
        <mh_itemserialno3/>
        <mh_itemserialno4/>
        <budgetno>11570050000</budgetno>
        <mh_budgetname>疾病管制署</mh_budgetname>
        <budgetno_conver>1157050000</budgetno_conver>
        <tyear_amt>849.000000</tyear_amt>
        <lyear_amt>469.000000</lyear_amt>
        <byear_amt>70196.000000</byear_amt>
        <b_amt>380.000000</b_amt>
        <bc_content/>
        <blevel>2</blevel>
        <ordinaryid/>
    </BCME3410_row>
    <BCME3410_row>
        <mh_itemserialno1/>
        <mh_itemserialno2/>
        <mh_itemserialno3>01</mh_itemserialno3>
        <mh_itemserialno4/>
        <budgetno>11570050900</budgetno>
        <mh_budgetname>雜項收入</mh_budgetname>
        <budgetno_conver>1157050900</budgetno_conver>
        <tyear_amt>849.000000</tyear_amt>
        <lyear_amt>469.000000</lyear_amt>
        <byear_amt>70196.000000</byear_amt>
        <b_amt>380.000000</b_amt>
        <bc_content/>
        <blevel>3</blevel>
        <ordinaryid/>
    </BCME3410_row>
    <BCME3410_row>
        <mh_itemserialno1/>
        <mh_itemserialno2/>
        <mh_itemserialno3/>
        <mh_itemserialno4>01</mh_itemserialno4>
        <budgetno>11570050901</budgetno>
        <mh_budgetname>收回以前年度歲出</mh_budgetname>
        <budgetno_conver>1157050901</budgetno_conver>
        <tyear_amt>700.000000</tyear_amt>
        <lyear_amt>300.000000</lyear_amt>
        <byear_amt>69993.000000</byear_amt>
        <b_amt>400.000000</b_amt>
        <bc_key>11570050901xxxxxxxxxxxxxxxxxxxxxxxx1R1x0</bc_key>
        <bc_content>本年度預算數係收回以前年度委
辦及補助計畫賸餘款繳庫數。</bc_content>
        <blevel>4</blevel>
        <ordinaryid/>
    </BCME3410_row>
    <BCME3410_row>
        <mh_itemserialno1/>
        <mh_itemserialno2/>
        <mh_itemserialno3/>
        <mh_itemserialno4>02</mh_itemserialno4>
        <budgetno>11570050909</budgetno>
        <mh_budgetname>其他雜項收入</mh_budgetname>
        <budgetno_conver>1157050909</budgetno_conver>
        <tyear_amt>149.000000</tyear_amt>
        <lyear_amt>169.000000</lyear_amt>
        <byear_amt>203.000000</byear_amt>
        <b_amt>-20.000000</b_amt>
        <bc_key>11570050909xxxxxxxxxxxxxxxxxxxxxxxx1R1x0</bc_key>
        <bc_content>本年度預算數係借用宿舍員工自
薪資扣回繳庫數及出售政府出版
品等收入。</bc_content>
        <blevel>4</blevel>
        <ordinaryid/>
    </BCME3410_row>
</tables>
