<?xml version="1.0" encoding="UTF-8"?>
<GenericData>
　　<Header>
　　　　<Table Id="FNGAUSE" Name="各項費用彙計表" Domain="NBA" />
　　　　<Program Id="NBAGBR150_A" />
　　　　<Sender Name="疫苗基金" />
　　　　<報表名稱>各項費用彙計表</報表名稱>
　　　　<年度>106</年度>
　　　　<基金>疫苗基金</基金>
　　　　<階段>預算案</階段>
　　　　<版本>1</版本>
　　　　<單位>新臺幣千元</單位>
　　</Header>
　　<DataSet>
　　　　<ROW>
　　　　　　<SEQNO>1</SEQNO>
　　　　　　<LEVEL>1</LEVEL>
　　　　　　<BOLD>1</BOLD>
　　　　　　<前年度決算數>58.00</前年度決算數>
　　　　　　<上年度預算數>80.00</上年度預算數>
　　　　　　<科目名稱>用人費用</科目名稱>
　　　　　　<合計>80.00</合計>
　　　　　　<一般行政管理計畫>80.00</一般行政管理計畫>
　　　　</ROW>
　　　　<ROW>
　　　　　　<SEQNO>2</SEQNO>
　　　　　　<LEVEL>2</LEVEL>
　　　　　　<BOLD>0</BOLD>
　　　　　　<前年度決算數>58.00</前年度決算數>
　　　　　　<上年度預算數>80.00</上年度預算數>
　　　　　　<科目名稱>超時工作報酬</科目名稱>
　　　　　　<合計>80.00</合計>
　　　　　　<一般行政管理計畫>80.00</一般行政管理計畫>
　　　　</ROW>
　　　　<ROW>
　　　　　　<SEQNO>3</SEQNO>
　　　　　　<LEVEL>1</LEVEL>
　　　　　　<BOLD>1</BOLD>
　　　　　　<前年度決算數>13129.00</前年度決算數>
　　　　　　<上年度預算數>19841.00</上年度預算數>
　　　　　　<科目名稱>服務費用</科目名稱>
　　　　　　<合計>16826.00</合計>
　　　　　　<疫苗接種計畫>15548.00</疫苗接種計畫>
　　　　　　<一般行政管理計畫>1278.00</一般行政管理計畫>
　　　　</ROW>
　　　　<ROW>
　　　　　　<SEQNO>4</SEQNO>
　　　　　　<LEVEL>2</LEVEL>
　　　　　　<BOLD>0</BOLD>
　　　　　　<前年度決算數>342.00</前年度決算數>
　　　　　　<上年度預算數>342.00</上年度預算數>
　　　　　　<科目名稱>水電費</科目名稱>
　　　　　　<合計>342.00</合計>
　　　　　　<一般行政管理計畫>342.00</一般行政管理計畫>
　　　　</ROW>
　　　　<ROW>
　　　　　　<SEQNO>5</SEQNO>
　　　　　　<LEVEL>2</LEVEL>
　　　　　　<BOLD>0</BOLD>
　　　　　　<前年度決算數>600.00</前年度決算數>
　　　　　　<上年度預算數>1600.00</上年度預算數>
　　　　　　<科目名稱>郵電費</科目名稱>
　　　　　　<合計>1600.00</合計>
　　　　　　<疫苗接種計畫>1600.00</疫苗接種計畫>
　　　　</ROW>
　　　　<ROW>
　　　　　　<SEQNO>6</SEQNO>
　　　　　　<LEVEL>2</LEVEL>
　　　　　　<BOLD>0</BOLD>
　　　　　　<前年度決算數>1301.00</前年度決算數>
　　　　　　<上年度預算數>1963.00</上年度預算數>
　　　　　　<科目名稱>旅運費</科目名稱>
　　　　　　<合計>1963.00</合計>
　　　　　　<疫苗接種計畫>1963.00</疫苗接種計畫>
　　　　</ROW>
　　　　<ROW>
　　　　　　<SEQNO>7</SEQNO>
　　　　　　<LEVEL>2</LEVEL>
　　　　　　<BOLD>0</BOLD>
　　　　　　<前年度決算數>1736.00</前年度決算數>
　　　　　　<上年度預算數>3194.00</上年度預算數>
　　　　　　<科目名稱>印刷裝訂與廣告費</科目名稱>
　　　　　　<合計>3194.00</合計>
　　　　　　<疫苗接種計畫>3144.00</疫苗接種計畫>
　　　　　　<一般行政管理計畫>50.00</一般行政管理計畫>
　　　　</ROW>
　　　　<ROW>
　　　　　　<SEQNO>8</SEQNO>
　　　　　　<LEVEL>2</LEVEL>
　　　　　　<BOLD>0</BOLD>
　　　　　　<前年度決算數>45.00</前年度決算數>
　　　　　　<上年度預算數>150.00</上年度預算數>
　　　　　　<科目名稱>修理保養及保固費</科目名稱>
　　　　　　<合計>150.00</合計>
　　　　　　<一般行政管理計畫>150.00</一般行政管理計畫>
　　　　</ROW>
　　　　<ROW>
　　　　　　<SEQNO>9</SEQNO>
　　　　　　<LEVEL>2</LEVEL>
　　　　　　<BOLD>0</BOLD>
　　　　　　<前年度決算數>32.00</前年度決算數>
　　　　　　<上年度預算數>-</上年度預算數>
　　　　　　<科目名稱>保險費</科目名稱>
　　　　　　<合計>-</合計>
　　　　　　<疫苗接種計畫>-</疫苗接種計畫>
　　　　</ROW>
　　　　<ROW>
　　　　　　<SEQNO>10</SEQNO>
　　　　　　<LEVEL>2</LEVEL>
　　　　　　<BOLD>0</BOLD>
　　　　　　<前年度決算數>2591.00</前年度決算數>
　　　　　　<上年度預算數>3492.00</上年度預算數>
　　　　　　<科目名稱>一般服務費</科目名稱>
　　　　　　<合計>3007.00</合計>
　　　　　　<疫苗接種計畫>2271.00</疫苗接種計畫>
　　　　　　<一般行政管理計畫>736.00</一般行政管理計畫>
　　　　</ROW>
　　　　<ROW>
　　　　　　<SEQNO>11</SEQNO>
　　　　　　<LEVEL>2</LEVEL>
　　　　　　<BOLD>0</BOLD>
　　　　　　<前年度決算數>6481.00</前年度決算數>
　　　　　　<上年度預算數>9100.00</上年度預算數>
　　　　　　<科目名稱>專業服務費</科目名稱>
　　　　　　<合計>6570.00</合計>
　　　　　　<疫苗接種計畫>6570.00</疫苗接種計畫>
　　　　</ROW>
　　　　<ROW>
　　　　　　<SEQNO>12</SEQNO>
　　　　　　<LEVEL>1</LEVEL>
　　　　　　<BOLD>1</BOLD>
　　　　　　<前年度決算數>1532185.00</前年度決算數>
　　　　　　<上年度預算數>1553015.00</上年度預算數>
　　　　　　<科目名稱>材料及用品費</科目名稱>
　　　　　　<合計>1972018.00</合計>
　　　　　　<疫苗接種計畫>1971892.00</疫苗接種計畫>
　　　　　　<一般行政管理計畫>126.00</一般行政管理計畫>
　　　　</ROW>
　　　　<ROW>
　　　　　　<SEQNO>13</SEQNO>
　　　　　　<LEVEL>2</LEVEL>
　　　　　　<BOLD>0</BOLD>
　　　　　　<前年度決算數>1532185.00</前年度決算數>
　　　　　　<上年度預算數>1553015.00</上年度預算數>
　　　　　　<科目名稱>用品消耗</科目名稱>
　　　　　　<合計>1972018.00</合計>
　　　　　　<疫苗接種計畫>1971892.00</疫苗接種計畫>
　　　　　　<一般行政管理計畫>126.00</一般行政管理計畫>
　　　　</ROW>
　　　　<ROW>
　　　　　　<SEQNO>14</SEQNO>
　　　　　　<LEVEL>1</LEVEL>
　　　　　　<BOLD>1</BOLD>
　　　　　　<前年度決算數>-</前年度決算數>
　　　　　　<上年度預算數>583.00</上年度預算數>
　　　　　　<科目名稱>租金、償債與利息</科目名稱>
　　　　　　<合計>-</合計>
　　　　　　<疫苗接種計畫>-</疫苗接種計畫>
　　　　</ROW>
　　　　<ROW>
　　　　　　<SEQNO>15</SEQNO>
　　　　　　<LEVEL>2</LEVEL>
　　　　　　<BOLD>0</BOLD>
　　　　　　<前年度決算數>-</前年度決算數>
　　　　　　<上年度預算數>583.00</上年度預算數>
　　　　　　<科目名稱>地租及水租</科目名稱>
　　　　　　<合計>-</合計>
　　　　　　<疫苗接種計畫>-</疫苗接種計畫>
　　　　</ROW>
　　　　<ROW>
　　　　　　<SEQNO>16</SEQNO>
　　　　　　<LEVEL>1</LEVEL>
　　　　　　<BOLD>1</BOLD>
　　　　　　<前年度決算數>35421.00</前年度決算數>
　　　　　　<上年度預算數>27472.00</上年度預算數>
　　　　　　<科目名稱>購建固定資產、無形資產及非理財目的之長期投資</科目名稱>
　　　　　　<合計>10000.00</合計>
　　　　　　<疫苗接種計畫>10000.00</疫苗接種計畫>
　　　　</ROW>
　　　　<ROW>
　　　　　　<SEQNO>17</SEQNO>
　　　　　　<LEVEL>2</LEVEL>
　　　　　　<BOLD>0</BOLD>
　　　　　　<前年度決算數>13774.00</前年度決算數>
　　　　　　<上年度預算數>20240.00</上年度預算數>
　　　　　　<科目名稱>購置固定資產</科目名稱>
　　　　　　<合計>4500.00</合計>
　　　　　　<疫苗接種計畫>4500.00</疫苗接種計畫>
　　　　</ROW>
　　　　<ROW>
　　　　　　<SEQNO>18</SEQNO>
　　　　　　<LEVEL>2</LEVEL>
　　　　　　<BOLD>0</BOLD>
　　　　　　<前年度決算數>21647.00</前年度決算數>
　　　　　　<上年度預算數>7232.00</上年度預算數>
　　　　　　<科目名稱>購置無形資產</科目名稱>
　　　　　　<合計>5500.00</合計>
　　　　　　<疫苗接種計畫>5500.00</疫苗接種計畫>
　　　　</ROW>
　　　　<ROW>
　　　　　　<SEQNO>19</SEQNO>
　　　　　　<LEVEL>1</LEVEL>
　　　　　　<BOLD>1</BOLD>
　　　　　　<前年度決算數>190852.00</前年度決算數>
　　　　　　<上年度預算數>291113.00</上年度預算數>
　　　　　　<科目名稱>會費、捐助、補助、分攤、照護、救濟與交流活動費</科目名稱>
　　　　　　<合計>291113.00</合計>
　　　　　　<疫苗接種計畫>291113.00</疫苗接種計畫>
　　　　</ROW>
　　　　<ROW>
　　　　　　<SEQNO>20</SEQNO>
　　　　　　<LEVEL>2</LEVEL>
　　　　　　<BOLD>0</BOLD>
　　　　　　<前年度決算數>190343.00</前年度決算數>
　　　　　　<上年度預算數>289913.00</上年度預算數>
　　　　　　<科目名稱>捐助、補助與獎助</科目名稱>
　　　　　　<合計>289913.00</合計>
　　　　　　<疫苗接種計畫>289913.00</疫苗接種計畫>
　　　　</ROW>
　　　　<ROW>
　　　　　　<SEQNO>21</SEQNO>
　　　　　　<LEVEL>2</LEVEL>
　　　　　　<BOLD>0</BOLD>
　　　　　　<前年度決算數>509.00</前年度決算數>
　　　　　　<上年度預算數>1200.00</上年度預算數>
　　　　　　<科目名稱>補貼(償)、獎勵、慰問、照護與救濟</科目名稱>
　　　　　　<合計>1200.00</合計>
　　　　　　<疫苗接種計畫>1200.00</疫苗接種計畫>
　　　　</ROW>
　　　　<ROW>
　　　　　　<SEQNO>22</SEQNO>
　　　　　　<LEVEL>1</LEVEL>
　　　　　　<BOLD>1</BOLD>
　　　　　　<前年度決算數>2873.00</前年度決算數>
　　　　　　<上年度預算數>-</上年度預算數>
　　　　　　<科目名稱>其他</科目名稱>
　　　　　　<合計>-</合計>
　　　　　　<疫苗接種計畫>-</疫苗接種計畫>
　　　　</ROW>
　　　　<ROW>
　　　　　　<SEQNO>23</SEQNO>
　　　　　　<LEVEL>2</LEVEL>
　　　　　　<BOLD>0</BOLD>
　　　　　　<前年度決算數>2873.00</前年度決算數>
　　　　　　<上年度預算數>-</上年度預算數>
　　　　　　<科目名稱>其他支出</科目名稱>
　　　　　　<合計>-</合計>
　　　　　　<疫苗接種計畫>-</疫苗接種計畫>
　　　　</ROW>
　　　　<ROW>
　　　　　　<SEQNO>24</SEQNO>
　　　　　　<LEVEL>1</LEVEL>
　　　　　　<BOLD>1</BOLD>
　　　　　　<前年度決算數>1774518.00</前年度決算數>
　　　　　　<上年度預算數>1892104.00</上年度預算數>
　　　　　　<科目名稱>合計</科目名稱>
　　　　　　<合計>2290037.00</合計>
　　　　　　<疫苗接種計畫>2288553.00</疫苗接種計畫>
　　　　　　<一般行政管理計畫>1484.00</一般行政管理計畫>
　　　　</ROW>
　　</DataSet>
</GenericData>

