<?xml version="1.0" encoding="UTF-8"?>
<GenericData>
　　<Header>
　　　　<Table Id="fngbfixed" Name="固定項目明細表" Domain="NBA" />
　　　　<Program Id="NBAGBR180_A" />
　　　　<Sender Name="疫苗基金" />
　　　　<報表名稱>固定項目明細表</報表名稱>
　　　　<年度>106</年度>
　　　　<基金>疫苗基金</基金>
　　　　<階段>預算案</階段>
　　　　<版本>1</版本>
　　　　<單位>新臺幣千元</單位>
　　</Header>
　　<DataSet>
　　　　<ROW>
　　　　　　<SEQNO>1</SEQNO>
　　　　　　<LEVEL>1</LEVEL>
　　　　　　<BOLD>1</BOLD>
　　　　　　<項目>資產</項目>
　　　　　　<期初餘額>-</期初餘額>
　　　　　　<本年度增加>-</本年度增加>
　　　　　　<期末餘額>-</期末餘額>
　　　　　　<說明 />
　　　　</ROW>
　　　　<ROW>
　　　　　　<SEQNO>2</SEQNO>
　　　　　　<LEVEL>2</LEVEL>
　　　　　　<BOLD>1</BOLD>
　　　　　　<項目>機械及設備</項目>
　　　　　　<期初餘額>38478.00</期初餘額>
　　　　　　<本年度增加>4100.00</本年度增加>
　　　　　　<期末餘額>42578.00</期末餘額>
　　　　　　<說明>1.購置、汰換存放疫苗之冷運冷藏及溫度監視等設備100千元。
2.因應新版全國性預防接種資訊管理系統上線及推廣預防接種業務電子化所需之掃瞄器等設備4,000千元。</說明>
　　　　</ROW>
　　　　<ROW>
　　　　　　<SEQNO>3</SEQNO>
　　　　　　<LEVEL>2</LEVEL>
　　　　　　<BOLD>1</BOLD>
　　　　　　<項目>交通及運輸設備</項目>
　　　　　　<期初餘額>28.00</期初餘額>
　　　　　　<本年度增加>-</本年度增加>
　　　　　　<期末餘額>28.00</期末餘額>
　　　　　　<說明 />
　　　　</ROW>
　　　　<ROW>
　　　　　　<SEQNO>4</SEQNO>
　　　　　　<LEVEL>2</LEVEL>
　　　　　　<BOLD>1</BOLD>
　　　　　　<項目>什項設備</項目>
　　　　　　<期初餘額>615.00</期初餘額>
　　　　　　<本年度增加>400.00</本年度增加>
　　　　　　<期末餘額>1015.00</期末餘額>
　　　　　　<說明>購置、汰換存放疫苗之冰箱等設備400千元。</說明>
　　　　</ROW>
　　　　<ROW>
　　　　　　<SEQNO>5</SEQNO>
　　　　　　<LEVEL>2</LEVEL>
　　　　　　<BOLD>1</BOLD>
　　　　　　<項目>電腦軟體</項目>
　　　　　　<期初餘額>36647.00</期初餘額>
　　　　　　<本年度增加>5500.00</本年度增加>
　　　　　　<期末餘額>42147.00</期末餘額>
　　　　　　<說明>1.購置全國性預防接種資訊管理系統改版及效能提升跨年延續性計畫之系統設計開發及功能擴增5,000千元。
2.購置流感疫苗管理系統功能擴增500千元。</說明>
　　　　</ROW>
　　　　<ROW>
　　　　　　<SEQNO>6</SEQNO>
　　　　　　<LEVEL>X</LEVEL>
　　　　　　<BOLD>1</BOLD>
　　　　　　<項目>資產總額</項目>
　　　　　　<期初餘額>75768.00</期初餘額>
　　　　　　<本年度增加>10000.00</本年度增加>
　　　　　　<期末餘額>85768.00</期末餘額>
　　　　　　<說明 />
　　　　</ROW>
　　</DataSet>
</GenericData>

