﻿"name","schema","description"
"114-會計月報_歲入累計表_20250619114610.xml","schema-會計月報_歲入累計表.csv","會計月報_歲入累計表"
"114-會計月報_經費累計表_20250619114611.xml","schema-會計月報_經費累計表.csv","會計月報_經費累計表"
"114-會計月報_以前年度歲出轉入數累計表_20250619114612.xml","schema-會計月報_以前年度歲出轉入數累計表.csv","會計月報_以前年度歲出轉入數累計表"
"114-歲出用途別累計表_20250619114613.xml","schema-歲出用途別累計表.csv","歲出用途別累計表"
"114-繳付公庫數分析表_20250619114616.xml","schema-繳付公庫數分析表.csv","繳付公庫數分析表"
"114-公庫撥入數分析表_20250619114617.xml","schema-公庫撥入數分析表.csv","公庫撥入數分析表"
"114-平衡表_20250619114618.xml","schema-平衡表.csv","平衡表"
"114-收入支出表_20250619114621.xml","schema-收入支出表.csv","收入支出表"
"114-長期投資、固定資產、遞耗資產及無形資產變動表_20250619114623.xml","schema-長期投資、固定資產、遞耗資產及無形資產變動表.csv","長期投資、固定資產、遞耗資產及無形資產變動表"
"114_會計月報_預算執行及會計收支對照表_20250619114624.xml","schema-會計月報_預算執行及會計收支對照表.csv","會計月報_預算執行及會計收支對照表"
