﻿"name","schema","description"
"108_決算編制_歲入來源別決算表_20200917104437.xml","schema-決算編制_歲入來源別決算表.csv","決算編制_歲入來源別決算表"
"108_決算編制_歲出政事別決算表_20200917104439.xml","schema-決算編制_歲出政事別決算表.csv","決算編制_歲出政事別決算表"
"108_決算編制_歲出機關別決算表_20200917104447.xml","schema-決算編制_歲出機關別決算表.csv","決算編制_歲出機關別決算表"
"108_決算編制_以前年度歲出政事別轉入數決算表_20200917104448.xml","schema-決算編制_以前年度歲出政事別轉入數決算表.csv","決算編制_以前年度歲出政事別轉入數決算表"
"108_決算編制_以前年度歲出機關別轉入數決算表_20200917104448.xml","schema-決算編制_以前年度歲出機關別轉入數決算表.csv","決算編制_以前年度歲出機關別轉入數決算表"
"108-平衡表_20200917104450.xml","schema-平衡表.csv","平衡表"
"108-資本資產表_20200917104450.xml","schema-資本資產表.csv","資本資產表"
