<?xml version="1.0" encoding="UTF-8"?>
<tables>
    <BCTDOUTGO>
        <BCTDOUTGO_row>
            <bm_fiscalyear>109</bm_fiscalyear>
            <bm_fundkind>1</bm_fundkind>
            <bm_budgetkind>1</bm_budgetkind>
            <bm_specialbudgetno/>
            <bm_agenno>57005</bm_agenno>
            <bm_agentype>C</bm_agentype>
            <bm_budgetstate>1</bm_budgetstate>
            <bm_abroadplan>1</bm_abroadplan>
            <bm_projtype>8 </bm_projtype>
            <bm_projno>01</bm_projno>
            <bm_abroadplanname>執行臺美4號合作協定參加美國疾病管制局之傳染病防治與流病疫情調查研習</bm_abroadplanname>
            <bm_visitsts/>
            <bm_visitexplain/>
            <bm_dispatchstaffs>2</bm_dispatchstaffs>
            <bm_abroadsite1/>
            <bm_abroadsite2/>
            <bm_abroadsite3/>
            <bm_abroadperiod1/>
            <bm_abroadperiodto1/>
            <bm_abroadperiod2/>
            <bm_abroadperiodto2/>
            <bm_abroadperiod3/>
            <bm_abroadperiodto3/>
            <bm_abroadstaffs1>0</bm_abroadstaffs1>
            <bm_abroadstaffs2>0</bm_abroadstaffs2>
            <bm_abroadstaffs3>0</bm_abroadstaffs3>
            <bm_abroadallowance1>0.00</bm_abroadallowance1>
            <bm_abroadallowance2>0.00</bm_abroadallowance2>
            <bm_abroadallowance3>0.00</bm_abroadallowance3>
            <bm_budgetno>65570050200</bm_budgetno>
            <bm_regionno>43</bm_regionno>
            <bm_country>美國</bm_country>
            <bm_agency/>
            <bm_cont_text>為執行我國與美國簽署之臺美4號合作協定，由本署派員參與美國CDC舉辦為期二年之傳染病防治與流病疫情調查專業人才訓練計畫案（EIS）。</bm_cont_text>
            <bm_durationfrom>10901</bm_durationfrom>
            <bm_durationto>10912</bm_durationto>
            <bm_days>222</bm_days>
            <bm_persons>2</bm_persons>
            <bm_amt_trans>0.00</bm_amt_trans>
            <bm_amt_life>400000.00</bm_amt_life>
            <bm_amt_public>0.00</bm_amt_public>
            <bm_amt_books>55000.00</bm_amt_books>
            <bm_amt_flight>70000.00</bm_amt_flight>
            <bm_versiondate/>
        </BCTDOUTGO_row>
        <BCTDOUTGO_row>
            <bm_fiscalyear>109</bm_fiscalyear>
            <bm_fundkind>1</bm_fundkind>
            <bm_budgetkind>1</bm_budgetkind>
            <bm_specialbudgetno/>
            <bm_agenno>57005</bm_agenno>
            <bm_agentype>C</bm_agentype>
            <bm_budgetstate>1</bm_budgetstate>
            <bm_abroadplan>1</bm_abroadplan>
            <bm_projtype>8 </bm_projtype>
            <bm_projno>02</bm_projno>
            <bm_abroadplanname>緊急或新興傳染病疫情調查研習</bm_abroadplanname>
            <bm_visitsts>0</bm_visitsts>
            <bm_visitexplain/>
            <bm_dispatchstaffs>27</bm_dispatchstaffs>
            <bm_abroadsite1/>
            <bm_abroadsite2/>
            <bm_abroadsite3/>
            <bm_abroadperiod1/>
            <bm_abroadperiodto1/>
            <bm_abroadperiod2/>
            <bm_abroadperiodto2/>
            <bm_abroadperiod3/>
            <bm_abroadperiodto3/>
            <bm_abroadstaffs1>0</bm_abroadstaffs1>
            <bm_abroadstaffs2>0</bm_abroadstaffs2>
            <bm_abroadstaffs3>0</bm_abroadstaffs3>
            <bm_abroadallowance1>0.00</bm_abroadallowance1>
            <bm_abroadallowance2>0.00</bm_abroadallowance2>
            <bm_abroadallowance3>0.00</bm_abroadallowance3>
            <bm_budgetno>65570050200</bm_budgetno>
            <bm_regionno>43</bm_regionno>
            <bm_country>歐美亞非</bm_country>
            <bm_agency/>
            <bm_cont_text>&amp;lt;#H1&amp;gt;派員赴發生緊急或新興傳染病之地區，學習國內罕見傳染病之疫情調查及防治技能，將疫病阻絕於境外，保護國人健康。&#xd;
&amp;lt;#H1&amp;gt;學習國際疫情調查模式，提升參與國際衛生防疫事務之經驗。</bm_cont_text>
            <bm_durationfrom>10901</bm_durationfrom>
            <bm_durationto>10912</bm_durationto>
            <bm_days>10</bm_days>
            <bm_persons>3</bm_persons>
            <bm_amt_trans>0.00</bm_amt_trans>
            <bm_amt_life>175000.00</bm_amt_life>
            <bm_amt_public>0.00</bm_amt_public>
            <bm_amt_books>10000.00</bm_amt_books>
            <bm_amt_flight>98000.00</bm_amt_flight>
            <bm_versiondate/>
        </BCTDOUTGO_row>
        <BCTDOUTGO_row>
            <bm_fiscalyear>109</bm_fiscalyear>
            <bm_fundkind>1</bm_fundkind>
            <bm_budgetkind>1</bm_budgetkind>
            <bm_specialbudgetno/>
            <bm_agenno>57005</bm_agenno>
            <bm_agentype>C</bm_agentype>
            <bm_budgetstate>1</bm_budgetstate>
            <bm_abroadplan>1</bm_abroadplan>
            <bm_projtype>8 </bm_projtype>
            <bm_projno>03</bm_projno>
            <bm_abroadplanname>歐盟CDC或國際衛生組織舉辦之傳染病防治研習或技術訓練計畫</bm_abroadplanname>
            <bm_visitsts>0</bm_visitsts>
            <bm_visitexplain/>
            <bm_dispatchstaffs>8</bm_dispatchstaffs>
            <bm_abroadsite1/>
            <bm_abroadsite2/>
            <bm_abroadsite3/>
            <bm_abroadperiod1/>
            <bm_abroadperiodto1/>
            <bm_abroadperiod2/>
            <bm_abroadperiodto2/>
            <bm_abroadperiod3/>
            <bm_abroadperiodto3/>
            <bm_abroadstaffs1>0</bm_abroadstaffs1>
            <bm_abroadstaffs2>0</bm_abroadstaffs2>
            <bm_abroadstaffs3>0</bm_abroadstaffs3>
            <bm_abroadallowance1>0.00</bm_abroadallowance1>
            <bm_abroadallowance2>0.00</bm_abroadallowance2>
            <bm_abroadallowance3>0.00</bm_abroadallowance3>
            <bm_budgetno>65570050200</bm_budgetno>
            <bm_regionno>43</bm_regionno>
            <bm_country>歐美亞非</bm_country>
            <bm_agency/>
            <bm_cont_text>參加歐盟CDC或國際組織開辦之課程，研習傳染病防治等新知及技術，並建立國際人脈及雙（多）邊合作技術交流，藉以提升我國防疫量能及國際能見度。</bm_cont_text>
            <bm_durationfrom>10901</bm_durationfrom>
            <bm_durationto>10912</bm_durationto>
            <bm_days>12</bm_days>
            <bm_persons>2</bm_persons>
            <bm_amt_trans>0.00</bm_amt_trans>
            <bm_amt_life>163000.00</bm_amt_life>
            <bm_amt_public>0.00</bm_amt_public>
            <bm_amt_books>9000.00</bm_amt_books>
            <bm_amt_flight>88000.00</bm_amt_flight>
            <bm_versiondate/>
        </BCTDOUTGO_row>
        <BCTDOUTGO_row>
            <bm_fiscalyear>109</bm_fiscalyear>
            <bm_fundkind>1</bm_fundkind>
            <bm_budgetkind>1</bm_budgetkind>
            <bm_specialbudgetno/>
            <bm_agenno>57005</bm_agenno>
            <bm_agentype>C</bm_agentype>
            <bm_budgetstate>1</bm_budgetstate>
            <bm_abroadplan>1</bm_abroadplan>
            <bm_projtype>8 </bm_projtype>
            <bm_projno>04</bm_projno>
            <bm_abroadplanname>傳染性疾病國際研習</bm_abroadplanname>
            <bm_visitsts>0</bm_visitsts>
            <bm_visitexplain/>
            <bm_dispatchstaffs>0</bm_dispatchstaffs>
            <bm_abroadsite1/>
            <bm_abroadsite2/>
            <bm_abroadsite3/>
            <bm_abroadperiod1/>
            <bm_abroadperiodto1/>
            <bm_abroadperiod2/>
            <bm_abroadperiodto2/>
            <bm_abroadperiod3/>
            <bm_abroadperiodto3/>
            <bm_abroadstaffs1>0</bm_abroadstaffs1>
            <bm_abroadstaffs2>0</bm_abroadstaffs2>
            <bm_abroadstaffs3>0</bm_abroadstaffs3>
            <bm_abroadallowance1>0.00</bm_abroadallowance1>
            <bm_abroadallowance2>0.00</bm_abroadallowance2>
            <bm_abroadallowance3>0.00</bm_abroadallowance3>
            <bm_budgetno>65570050200</bm_budgetno>
            <bm_regionno>43</bm_regionno>
            <bm_country>亞洲</bm_country>
            <bm_agency/>
            <bm_cont_text>受到氣候變遷與國際交流頻繁之影響，近年蟲媒傳染病在國際間快速流行傳播，藉由參與國際間重要的傳染病研討會，了解蟲媒傳染病之最新流行現況及防治新知，可做為擬訂防疫政策之參考。</bm_cont_text>
            <bm_durationfrom>10901</bm_durationfrom>
            <bm_durationto>10912</bm_durationto>
            <bm_days>6</bm_days>
            <bm_persons>1</bm_persons>
            <bm_amt_trans>0.00</bm_amt_trans>
            <bm_amt_life>28000.00</bm_amt_life>
            <bm_amt_public>0.00</bm_amt_public>
            <bm_amt_books>14000.00</bm_amt_books>
            <bm_amt_flight>30000.00</bm_amt_flight>
            <bm_versiondate/>
        </BCTDOUTGO_row>
        <BCTDOUTGO_row>
            <bm_fiscalyear>109</bm_fiscalyear>
            <bm_fundkind>1</bm_fundkind>
            <bm_budgetkind>1</bm_budgetkind>
            <bm_specialbudgetno/>
            <bm_agenno>57005</bm_agenno>
            <bm_agentype>C</bm_agentype>
            <bm_budgetstate>1</bm_budgetstate>
            <bm_abroadplan>1</bm_abroadplan>
            <bm_projtype>8 </bm_projtype>
            <bm_projno>05</bm_projno>
            <bm_abroadplanname>新型愛滋檢驗試劑及預防策略研究</bm_abroadplanname>
            <bm_visitsts>0</bm_visitsts>
            <bm_visitexplain/>
            <bm_dispatchstaffs>0</bm_dispatchstaffs>
            <bm_abroadsite1/>
            <bm_abroadsite2/>
            <bm_abroadsite3/>
            <bm_abroadperiod1/>
            <bm_abroadperiodto1/>
            <bm_abroadperiod2/>
            <bm_abroadperiodto2/>
            <bm_abroadperiod3/>
            <bm_abroadperiodto3/>
            <bm_abroadstaffs1>0</bm_abroadstaffs1>
            <bm_abroadstaffs2>0</bm_abroadstaffs2>
            <bm_abroadstaffs3>0</bm_abroadstaffs3>
            <bm_abroadallowance1>0.00</bm_abroadallowance1>
            <bm_abroadallowance2>0.00</bm_abroadallowance2>
            <bm_abroadallowance3>0.00</bm_abroadallowance3>
            <bm_budgetno>65570050200</bm_budgetno>
            <bm_regionno>43</bm_regionno>
            <bm_country>歐美亞非</bm_country>
            <bm_agency/>
            <bm_cont_text>聯合國愛滋病規劃署提出於2020年達成「90-90-90」的目標以有效防治愛滋疫情，其中第一個90為感染者知道自身感染狀態之比例。本計畫擬派員透過與當地專家深入訪談、參與研習課程、參與工作坊等方式，了解現行國際新型檢驗工具及他國高風險行為族群之篩檢策略及預防模式。</bm_cont_text>
            <bm_durationfrom>10901</bm_durationfrom>
            <bm_durationto>10912</bm_durationto>
            <bm_days>8</bm_days>
            <bm_persons>1</bm_persons>
            <bm_amt_trans>0.00</bm_amt_trans>
            <bm_amt_life>45000.00</bm_amt_life>
            <bm_amt_public>0.00</bm_amt_public>
            <bm_amt_books>37000.00</bm_amt_books>
            <bm_amt_flight>50000.00</bm_amt_flight>
            <bm_versiondate/>
        </BCTDOUTGO_row>
        <BCTDOUTGO_row>
            <bm_fiscalyear>109</bm_fiscalyear>
            <bm_fundkind>1</bm_fundkind>
            <bm_budgetkind>1</bm_budgetkind>
            <bm_specialbudgetno/>
            <bm_agenno>57005</bm_agenno>
            <bm_agentype>C</bm_agentype>
            <bm_budgetstate>1</bm_budgetstate>
            <bm_abroadplan>1</bm_abroadplan>
            <bm_projtype>8 </bm_projtype>
            <bm_projno>06</bm_projno>
            <bm_abroadplanname>參加全球防疫一體之研習或活動</bm_abroadplanname>
            <bm_visitsts>0</bm_visitsts>
            <bm_visitexplain/>
            <bm_dispatchstaffs>0</bm_dispatchstaffs>
            <bm_abroadsite1/>
            <bm_abroadsite2/>
            <bm_abroadsite3/>
            <bm_abroadperiod1/>
            <bm_abroadperiodto1/>
            <bm_abroadperiod2/>
            <bm_abroadperiodto2/>
            <bm_abroadperiod3/>
            <bm_abroadperiodto3/>
            <bm_abroadstaffs1>0</bm_abroadstaffs1>
            <bm_abroadstaffs2>0</bm_abroadstaffs2>
            <bm_abroadstaffs3>0</bm_abroadstaffs3>
            <bm_abroadallowance1>0.00</bm_abroadallowance1>
            <bm_abroadallowance2>0.00</bm_abroadallowance2>
            <bm_abroadallowance3>0.00</bm_abroadallowance3>
            <bm_budgetno>65570050200</bm_budgetno>
            <bm_regionno>43</bm_regionno>
            <bm_country>歐美亞非</bm_country>
            <bm_agency/>
            <bm_cont_text>與各國防疫一體領域專家學者，針對人與動物健康管理介面所執行之觀察與科學研究結果進行交流及討論。考量國內近年除持續有各類動物疫情感染人類的風險未能被排除，故人與動物間的防疫工作應持續以建構防疫一體概念落實執行，故預期藉由與國外專家進行經驗交流，並取得最新研究及防治政策資訊，以持續精進我國防疫一體相關防疫政策。</bm_cont_text>
            <bm_durationfrom>10901</bm_durationfrom>
            <bm_durationto>10912</bm_durationto>
            <bm_days>7</bm_days>
            <bm_persons>1</bm_persons>
            <bm_amt_trans>0.00</bm_amt_trans>
            <bm_amt_life>43000.00</bm_amt_life>
            <bm_amt_public>0.00</bm_amt_public>
            <bm_amt_books>30000.00</bm_amt_books>
            <bm_amt_flight>55000.00</bm_amt_flight>
            <bm_versiondate/>
        </BCTDOUTGO_row>
        <BCTDOUTGO_row>
            <bm_fiscalyear>109</bm_fiscalyear>
            <bm_fundkind>1</bm_fundkind>
            <bm_budgetkind>1</bm_budgetkind>
            <bm_specialbudgetno/>
            <bm_agenno>57005</bm_agenno>
            <bm_agentype>C</bm_agentype>
            <bm_budgetstate>1</bm_budgetstate>
            <bm_abroadplan>1</bm_abroadplan>
            <bm_projtype>8 </bm_projtype>
            <bm_projno>07</bm_projno>
            <bm_abroadplanname>國際抗藥性微生物及醫療照護感染預防監測控制策略研習</bm_abroadplanname>
            <bm_visitsts>0</bm_visitsts>
            <bm_visitexplain/>
            <bm_dispatchstaffs>1</bm_dispatchstaffs>
            <bm_abroadsite1/>
            <bm_abroadsite2/>
            <bm_abroadsite3/>
            <bm_abroadperiod1/>
            <bm_abroadperiodto1/>
            <bm_abroadperiod2/>
            <bm_abroadperiodto2/>
            <bm_abroadperiod3/>
            <bm_abroadperiodto3/>
            <bm_abroadstaffs1>0</bm_abroadstaffs1>
            <bm_abroadstaffs2>0</bm_abroadstaffs2>
            <bm_abroadstaffs3>0</bm_abroadstaffs3>
            <bm_abroadallowance1>0.00</bm_abroadallowance1>
            <bm_abroadallowance2>0.00</bm_abroadallowance2>
            <bm_abroadallowance3>0.00</bm_abroadallowance3>
            <bm_budgetno>65570050200</bm_budgetno>
            <bm_regionno>43</bm_regionno>
            <bm_country>歐美亞</bm_country>
            <bm_agency/>
            <bm_cont_text>醫療照護相關感染及抗生素抗藥性為現今國際重要之公共衛生議題，參與國際重要學會團體舉辦之相關研習課程（如IDSA之ID week或ESCMID舉辦之ECCMID等），以了解國際微生物抗藥性防治、感染管制策略之研究發展趨勢及實務經驗。</bm_cont_text>
            <bm_durationfrom>10901</bm_durationfrom>
            <bm_durationto>10912</bm_durationto>
            <bm_days>8</bm_days>
            <bm_persons>1</bm_persons>
            <bm_amt_trans>0.00</bm_amt_trans>
            <bm_amt_life>63000.00</bm_amt_life>
            <bm_amt_public>0.00</bm_amt_public>
            <bm_amt_books>26000.00</bm_amt_books>
            <bm_amt_flight>46000.00</bm_amt_flight>
            <bm_versiondate/>
        </BCTDOUTGO_row>
        <BCTDOUTGO_row>
            <bm_fiscalyear>109</bm_fiscalyear>
            <bm_fundkind>1</bm_fundkind>
            <bm_budgetkind>1</bm_budgetkind>
            <bm_specialbudgetno/>
            <bm_agenno>57005</bm_agenno>
            <bm_agentype>C</bm_agentype>
            <bm_budgetstate>1</bm_budgetstate>
            <bm_abroadplan>1</bm_abroadplan>
            <bm_projtype>8 </bm_projtype>
            <bm_projno>08</bm_projno>
            <bm_abroadplanname>管制性病原及毒素管理實務研習</bm_abroadplanname>
            <bm_visitsts/>
            <bm_visitexplain/>
            <bm_dispatchstaffs>0</bm_dispatchstaffs>
            <bm_abroadsite1/>
            <bm_abroadsite2/>
            <bm_abroadsite3/>
            <bm_abroadperiod1/>
            <bm_abroadperiodto1/>
            <bm_abroadperiod2/>
            <bm_abroadperiodto2/>
            <bm_abroadperiod3/>
            <bm_abroadperiodto3/>
            <bm_abroadstaffs1>0</bm_abroadstaffs1>
            <bm_abroadstaffs2>0</bm_abroadstaffs2>
            <bm_abroadstaffs3>0</bm_abroadstaffs3>
            <bm_abroadallowance1>0.00</bm_abroadallowance1>
            <bm_abroadallowance2>0.00</bm_abroadallowance2>
            <bm_abroadallowance3>0.00</bm_abroadallowance3>
            <bm_budgetno>65570050200</bm_budgetno>
            <bm_regionno>43</bm_regionno>
            <bm_country>歐美亞</bm_country>
            <bm_agency/>
            <bm_cont_text>赴先進國家政府部門或相關機構研習先進國家對於「管制性病原及毒素」之管理制度及運作，以做為國內政策法規修訂之參考。</bm_cont_text>
            <bm_durationfrom>10901</bm_durationfrom>
            <bm_durationto>10912</bm_durationto>
            <bm_days>8</bm_days>
            <bm_persons>1</bm_persons>
            <bm_amt_trans>0.00</bm_amt_trans>
            <bm_amt_life>51000.00</bm_amt_life>
            <bm_amt_public>0.00</bm_amt_public>
            <bm_amt_books>34000.00</bm_amt_books>
            <bm_amt_flight>50000.00</bm_amt_flight>
            <bm_versiondate/>
        </BCTDOUTGO_row>
        <BCTDOUTGO_row>
            <bm_fiscalyear>109</bm_fiscalyear>
            <bm_fundkind>1</bm_fundkind>
            <bm_budgetkind>1</bm_budgetkind>
            <bm_specialbudgetno/>
            <bm_agenno>57005</bm_agenno>
            <bm_agentype>C</bm_agentype>
            <bm_budgetstate>1</bm_budgetstate>
            <bm_abroadplan>1</bm_abroadplan>
            <bm_projtype>8 </bm_projtype>
            <bm_projno>09</bm_projno>
            <bm_abroadplanname>參加R語言暨開發平臺技術研習</bm_abroadplanname>
            <bm_visitsts/>
            <bm_visitexplain/>
            <bm_dispatchstaffs>0</bm_dispatchstaffs>
            <bm_abroadsite1/>
            <bm_abroadsite2/>
            <bm_abroadsite3/>
            <bm_abroadperiod1/>
            <bm_abroadperiodto1/>
            <bm_abroadperiod2/>
            <bm_abroadperiodto2/>
            <bm_abroadperiod3/>
            <bm_abroadperiodto3/>
            <bm_abroadstaffs1>0</bm_abroadstaffs1>
            <bm_abroadstaffs2>0</bm_abroadstaffs2>
            <bm_abroadstaffs3>0</bm_abroadstaffs3>
            <bm_abroadallowance1>0.00</bm_abroadallowance1>
            <bm_abroadallowance2>0.00</bm_abroadallowance2>
            <bm_abroadallowance3>0.00</bm_abroadallowance3>
            <bm_budgetno>65570050200</bm_budgetno>
            <bm_regionno>43</bm_regionno>
            <bm_country>歐美亞非</bm_country>
            <bm_agency/>
            <bm_cont_text>R語言是當今統計分析、資料探勘領域易用性、社群支援性及使用頻率均極高的開源語言之一。研習內容涵蓋技術工作坊、技術交流、新知分享、應用成果分享等主題，尤其涵蓋人工智慧等新興熱門領域。藉由參與交流最新R語言技術新知及了解不同領域應用經驗，做為本署疫情防治資料整合暨資訊提供平臺規劃建構之參考。</bm_cont_text>
            <bm_durationfrom>10901</bm_durationfrom>
            <bm_durationto>10912</bm_durationto>
            <bm_days>7</bm_days>
            <bm_persons>1</bm_persons>
            <bm_amt_trans>0.00</bm_amt_trans>
            <bm_amt_life>43000.00</bm_amt_life>
            <bm_amt_public>0.00</bm_amt_public>
            <bm_amt_books>35000.00</bm_amt_books>
            <bm_amt_flight>54000.00</bm_amt_flight>
            <bm_versiondate/>
        </BCTDOUTGO_row>
        <BCTDOUTGO_row>
            <bm_fiscalyear>109</bm_fiscalyear>
            <bm_fundkind>1</bm_fundkind>
            <bm_budgetkind>1</bm_budgetkind>
            <bm_specialbudgetno/>
            <bm_agenno>57005</bm_agenno>
            <bm_agentype>C</bm_agentype>
            <bm_budgetstate>1</bm_budgetstate>
            <bm_abroadplan>1</bm_abroadplan>
            <bm_projtype>8 </bm_projtype>
            <bm_projno>10</bm_projno>
            <bm_abroadplanname>人畜共通傳染病流行病學調查與防治研習</bm_abroadplanname>
            <bm_visitsts/>
            <bm_visitexplain/>
            <bm_dispatchstaffs>1</bm_dispatchstaffs>
            <bm_abroadsite1/>
            <bm_abroadsite2/>
            <bm_abroadsite3/>
            <bm_abroadperiod1/>
            <bm_abroadperiodto1/>
            <bm_abroadperiod2/>
            <bm_abroadperiodto2/>
            <bm_abroadperiod3/>
            <bm_abroadperiodto3/>
            <bm_abroadstaffs1>0</bm_abroadstaffs1>
            <bm_abroadstaffs2>0</bm_abroadstaffs2>
            <bm_abroadstaffs3>0</bm_abroadstaffs3>
            <bm_abroadallowance1>0.00</bm_abroadallowance1>
            <bm_abroadallowance2>0.00</bm_abroadallowance2>
            <bm_abroadallowance3>0.00</bm_abroadallowance3>
            <bm_budgetno>52570050400</bm_budgetno>
            <bm_regionno>43</bm_regionno>
            <bm_country>歐美亞非</bm_country>
            <bm_agency/>
            <bm_cont_text>為因應禽流感、狂犬病等人畜共通傳染病，派員參與相關疫情監測或防治技術之訓練，並建立合作交流管道，提升我國防疫量能。</bm_cont_text>
            <bm_durationfrom>10901</bm_durationfrom>
            <bm_durationto>10912</bm_durationto>
            <bm_days>7</bm_days>
            <bm_persons>1</bm_persons>
            <bm_amt_trans>0.00</bm_amt_trans>
            <bm_amt_life>43000.00</bm_amt_life>
            <bm_amt_public>0.00</bm_amt_public>
            <bm_amt_books>23000.00</bm_amt_books>
            <bm_amt_flight>64000.00</bm_amt_flight>
            <bm_versiondate/>
        </BCTDOUTGO_row>
        <BCTDOUTGO_row>
            <bm_fiscalyear>109</bm_fiscalyear>
            <bm_fundkind>1</bm_fundkind>
            <bm_budgetkind>1</bm_budgetkind>
            <bm_specialbudgetno/>
            <bm_agenno>57005</bm_agenno>
            <bm_agentype>C</bm_agentype>
            <bm_budgetstate>1</bm_budgetstate>
            <bm_abroadplan>1</bm_abroadplan>
            <bm_projtype>8 </bm_projtype>
            <bm_projno>11</bm_projno>
            <bm_abroadplanname>參加應用病媒學（含寄生蟲、昆蟲）DAP＆E或其它病媒調查研習</bm_abroadplanname>
            <bm_visitsts/>
            <bm_visitexplain/>
            <bm_dispatchstaffs>0</bm_dispatchstaffs>
            <bm_abroadsite1/>
            <bm_abroadsite2/>
            <bm_abroadsite3/>
            <bm_abroadperiod1/>
            <bm_abroadperiodto1/>
            <bm_abroadperiod2/>
            <bm_abroadperiodto2/>
            <bm_abroadperiod3/>
            <bm_abroadperiodto3/>
            <bm_abroadstaffs1>0</bm_abroadstaffs1>
            <bm_abroadstaffs2>0</bm_abroadstaffs2>
            <bm_abroadstaffs3>0</bm_abroadstaffs3>
            <bm_abroadallowance1>0.00</bm_abroadallowance1>
            <bm_abroadallowance2>0.00</bm_abroadallowance2>
            <bm_abroadallowance3>0.00</bm_abroadallowance3>
            <bm_budgetno>65570050200</bm_budgetno>
            <bm_regionno>43</bm_regionno>
            <bm_country>亞洲</bm_country>
            <bm_agency/>
            <bm_cont_text>參與國際應用病媒學（含寄生蟲、昆蟲）研習課程DAP＆E（Diploma In Applied Parasitology And Entomology）或其它病媒監測防治研習，以了解國際上病媒的野外調查方法、實驗室檢測技術與研究方法、病媒的生態及防治技術，提升我國防疫量能。</bm_cont_text>
            <bm_durationfrom>10901</bm_durationfrom>
            <bm_durationto>10912</bm_durationto>
            <bm_days>23</bm_days>
            <bm_persons>1</bm_persons>
            <bm_amt_trans>0.00</bm_amt_trans>
            <bm_amt_life>92000.00</bm_amt_life>
            <bm_amt_public>0.00</bm_amt_public>
            <bm_amt_books>25000.00</bm_amt_books>
            <bm_amt_flight>15000.00</bm_amt_flight>
            <bm_versiondate/>
        </BCTDOUTGO_row>
        <BCTDOUTGO_row>
            <bm_fiscalyear>109</bm_fiscalyear>
            <bm_fundkind>1</bm_fundkind>
            <bm_budgetkind>1</bm_budgetkind>
            <bm_specialbudgetno/>
            <bm_agenno>57005</bm_agenno>
            <bm_agentype>C</bm_agentype>
            <bm_budgetstate>1</bm_budgetstate>
            <bm_abroadplan>1</bm_abroadplan>
            <bm_projtype>8 </bm_projtype>
            <bm_projno>12</bm_projno>
            <bm_abroadplanname>提升新南向人員健康服務品質計畫</bm_abroadplanname>
            <bm_visitsts/>
            <bm_visitexplain/>
            <bm_dispatchstaffs>3</bm_dispatchstaffs>
            <bm_abroadsite1/>
            <bm_abroadsite2/>
            <bm_abroadsite3/>
            <bm_abroadperiod1/>
            <bm_abroadperiodto1/>
            <bm_abroadperiod2/>
            <bm_abroadperiodto2/>
            <bm_abroadperiod3/>
            <bm_abroadperiodto3/>
            <bm_abroadstaffs1>0</bm_abroadstaffs1>
            <bm_abroadstaffs2>0</bm_abroadstaffs2>
            <bm_abroadstaffs3>0</bm_abroadstaffs3>
            <bm_abroadallowance1>0.00</bm_abroadallowance1>
            <bm_abroadallowance2>0.00</bm_abroadallowance2>
            <bm_abroadallowance3>0.00</bm_abroadallowance3>
            <bm_budgetno>65570050200</bm_budgetno>
            <bm_regionno>43</bm_regionno>
            <bm_country>歐美亞</bm_country>
            <bm_agency/>
            <bm_cont_text>參加國際組織活動、前往歐美亞等政府機關（構）或醫療組織等，研習各國外派高疫病風險地區人員行前諮詢、檢查與返國後健康醫療協助，或提供外國人友善醫療服務經驗等，提升新南向人員健康服務品質。</bm_cont_text>
            <bm_durationfrom>10901</bm_durationfrom>
            <bm_durationto>10912</bm_durationto>
            <bm_days>6</bm_days>
            <bm_persons>3</bm_persons>
            <bm_amt_trans>0.00</bm_amt_trans>
            <bm_amt_life>83000.00</bm_amt_life>
            <bm_amt_public>0.00</bm_amt_public>
            <bm_amt_books>12000.00</bm_amt_books>
            <bm_amt_flight>105000.00</bm_amt_flight>
            <bm_versiondate/>
        </BCTDOUTGO_row>
        <BCTDOUTGO_row>
            <bm_fiscalyear>109</bm_fiscalyear>
            <bm_fundkind>1</bm_fundkind>
            <bm_budgetkind>1</bm_budgetkind>
            <bm_specialbudgetno/>
            <bm_agenno>57005</bm_agenno>
            <bm_agentype>C</bm_agentype>
            <bm_budgetstate>1</bm_budgetstate>
            <bm_abroadplan>1</bm_abroadplan>
            <bm_projtype>8 </bm_projtype>
            <bm_projno>13</bm_projno>
            <bm_abroadplanname>長照機構感染管制推動策略研習</bm_abroadplanname>
            <bm_visitsts/>
            <bm_visitexplain/>
            <bm_dispatchstaffs>1</bm_dispatchstaffs>
            <bm_abroadsite1/>
            <bm_abroadsite2/>
            <bm_abroadsite3/>
            <bm_abroadperiod1/>
            <bm_abroadperiodto1/>
            <bm_abroadperiod2/>
            <bm_abroadperiodto2/>
            <bm_abroadperiod3/>
            <bm_abroadperiodto3/>
            <bm_abroadstaffs1>0</bm_abroadstaffs1>
            <bm_abroadstaffs2>0</bm_abroadstaffs2>
            <bm_abroadstaffs3>0</bm_abroadstaffs3>
            <bm_abroadallowance1>0.00</bm_abroadallowance1>
            <bm_abroadallowance2>0.00</bm_abroadallowance2>
            <bm_abroadallowance3>0.00</bm_abroadallowance3>
            <bm_budgetno>65570050200</bm_budgetno>
            <bm_regionno>43</bm_regionno>
            <bm_country>歐美亞非</bm_country>
            <bm_agency/>
            <bm_cont_text>研習國際間照護機構感染管制措施推動策略及實務經驗，做為本署推動相關政策之參考，以提升照護機構感染管制品質。</bm_cont_text>
            <bm_durationfrom>10901</bm_durationfrom>
            <bm_durationto>10912</bm_durationto>
            <bm_days>7</bm_days>
            <bm_persons>1</bm_persons>
            <bm_amt_trans>0.00</bm_amt_trans>
            <bm_amt_life>41000.00</bm_amt_life>
            <bm_amt_public>0.00</bm_amt_public>
            <bm_amt_books>36000.00</bm_amt_books>
            <bm_amt_flight>55000.00</bm_amt_flight>
            <bm_versiondate/>
        </BCTDOUTGO_row>
        <BCTDOUTGO_row>
            <bm_fiscalyear>109</bm_fiscalyear>
            <bm_fundkind>1</bm_fundkind>
            <bm_budgetkind>1</bm_budgetkind>
            <bm_specialbudgetno/>
            <bm_agenno>57005</bm_agenno>
            <bm_agentype>C</bm_agentype>
            <bm_budgetstate>1</bm_budgetstate>
            <bm_abroadplan>1</bm_abroadplan>
            <bm_projtype>8 </bm_projtype>
            <bm_projno>14</bm_projno>
            <bm_abroadplanname>參加國際傳染病流行病學監測相關研習</bm_abroadplanname>
            <bm_visitsts/>
            <bm_visitexplain/>
            <bm_dispatchstaffs>1</bm_dispatchstaffs>
            <bm_abroadsite1/>
            <bm_abroadsite2/>
            <bm_abroadsite3/>
            <bm_abroadperiod1/>
            <bm_abroadperiodto1/>
            <bm_abroadperiod2/>
            <bm_abroadperiodto2/>
            <bm_abroadperiod3/>
            <bm_abroadperiodto3/>
            <bm_abroadstaffs1>0</bm_abroadstaffs1>
            <bm_abroadstaffs2>0</bm_abroadstaffs2>
            <bm_abroadstaffs3>0</bm_abroadstaffs3>
            <bm_abroadallowance1>0.00</bm_abroadallowance1>
            <bm_abroadallowance2>0.00</bm_abroadallowance2>
            <bm_abroadallowance3>0.00</bm_abroadallowance3>
            <bm_budgetno>65570050200</bm_budgetno>
            <bm_regionno>43</bm_regionno>
            <bm_country>歐美亞非</bm_country>
            <bm_agency/>
            <bm_cont_text>因應新興傳染病興起及全球化，傳染病跨境傳播風險提高，透過學習應用於傳染病流行病學及公共衛生之最新知識及經驗，進行風險評估及提升監測技能。</bm_cont_text>
            <bm_durationfrom>10901</bm_durationfrom>
            <bm_durationto>10912</bm_durationto>
            <bm_days>6</bm_days>
            <bm_persons>1</bm_persons>
            <bm_amt_trans>0.00</bm_amt_trans>
            <bm_amt_life>44000.00</bm_amt_life>
            <bm_amt_public>0.00</bm_amt_public>
            <bm_amt_books>30000.00</bm_amt_books>
            <bm_amt_flight>56000.00</bm_amt_flight>
            <bm_versiondate/>
        </BCTDOUTGO_row>
        <BCTDOUTGO_row>
            <bm_fiscalyear>109</bm_fiscalyear>
            <bm_fundkind>1</bm_fundkind>
            <bm_budgetkind>1</bm_budgetkind>
            <bm_specialbudgetno/>
            <bm_agenno>57005</bm_agenno>
            <bm_agentype>C</bm_agentype>
            <bm_budgetstate>1</bm_budgetstate>
            <bm_abroadplan>1</bm_abroadplan>
            <bm_projtype>8 </bm_projtype>
            <bm_projno>15</bm_projno>
            <bm_abroadplanname>生物資訊分析模組建置與應用研習</bm_abroadplanname>
            <bm_visitsts/>
            <bm_visitexplain/>
            <bm_dispatchstaffs>0</bm_dispatchstaffs>
            <bm_abroadsite1/>
            <bm_abroadsite2/>
            <bm_abroadsite3/>
            <bm_abroadperiod1/>
            <bm_abroadperiodto1/>
            <bm_abroadperiod2/>
            <bm_abroadperiodto2/>
            <bm_abroadperiod3/>
            <bm_abroadperiodto3/>
            <bm_abroadstaffs1>0</bm_abroadstaffs1>
            <bm_abroadstaffs2>0</bm_abroadstaffs2>
            <bm_abroadstaffs3>0</bm_abroadstaffs3>
            <bm_abroadallowance1>0.00</bm_abroadallowance1>
            <bm_abroadallowance2>0.00</bm_abroadallowance2>
            <bm_abroadallowance3>0.00</bm_abroadallowance3>
            <bm_budgetno>52570050400</bm_budgetno>
            <bm_regionno>43</bm_regionno>
            <bm_country>歐美亞</bm_country>
            <bm_agency/>
            <bm_cont_text>為提升本署生物材料庫整合與應用，擬派員學習微生物病原基因體資料庫大數據資料處理與流行病學資料整合運用，與系統化處理數據問題之方法。</bm_cont_text>
            <bm_durationfrom>10901</bm_durationfrom>
            <bm_durationto>10912</bm_durationto>
            <bm_days>12</bm_days>
            <bm_persons>1</bm_persons>
            <bm_amt_trans>0.00</bm_amt_trans>
            <bm_amt_life>76000.00</bm_amt_life>
            <bm_amt_public>0.00</bm_amt_public>
            <bm_amt_books>4000.00</bm_amt_books>
            <bm_amt_flight>50000.00</bm_amt_flight>
            <bm_versiondate/>
        </BCTDOUTGO_row>
        <BCTDOUTGO_row>
            <bm_fiscalyear>109</bm_fiscalyear>
            <bm_fundkind>1</bm_fundkind>
            <bm_budgetkind>1</bm_budgetkind>
            <bm_specialbudgetno/>
            <bm_agenno>57005</bm_agenno>
            <bm_agentype>C</bm_agentype>
            <bm_budgetstate>1</bm_budgetstate>
            <bm_abroadplan>1</bm_abroadplan>
            <bm_projtype>8 </bm_projtype>
            <bm_projno>16</bm_projno>
            <bm_abroadplanname>歐盟或北美VSP船舶衛生檢查及港埠檢疫訓練課程或活動</bm_abroadplanname>
            <bm_visitsts/>
            <bm_visitexplain/>
            <bm_dispatchstaffs>2</bm_dispatchstaffs>
            <bm_abroadsite1/>
            <bm_abroadsite2/>
            <bm_abroadsite3/>
            <bm_abroadperiod1/>
            <bm_abroadperiodto1/>
            <bm_abroadperiod2/>
            <bm_abroadperiodto2/>
            <bm_abroadperiod3/>
            <bm_abroadperiodto3/>
            <bm_abroadstaffs1>0</bm_abroadstaffs1>
            <bm_abroadstaffs2>0</bm_abroadstaffs2>
            <bm_abroadstaffs3>0</bm_abroadstaffs3>
            <bm_abroadallowance1>0.00</bm_abroadallowance1>
            <bm_abroadallowance2>0.00</bm_abroadallowance2>
            <bm_abroadallowance3>0.00</bm_abroadallowance3>
            <bm_budgetno>65570050200</bm_budgetno>
            <bm_regionno>43</bm_regionno>
            <bm_country>歐美</bm_country>
            <bm_agency/>
            <bm_cont_text>近年我國郵輪產業蓬勃發展，積極推動Fly－cruise旅遊，參與歐盟或北美（如US.CDC）開辦之船舶衛生檢查訓練（VSP）及港埠檢疫課程或活動，提升我國港埠檢疫及緊急應變處理能力，並做為我國擬訂檢疫政策之參考。</bm_cont_text>
            <bm_durationfrom>10901</bm_durationfrom>
            <bm_durationto>10912</bm_durationto>
            <bm_days>7</bm_days>
            <bm_persons>1</bm_persons>
            <bm_amt_trans>0.00</bm_amt_trans>
            <bm_amt_life>47000.00</bm_amt_life>
            <bm_amt_public>0.00</bm_amt_public>
            <bm_amt_books>23000.00</bm_amt_books>
            <bm_amt_flight>60000.00</bm_amt_flight>
            <bm_versiondate/>
        </BCTDOUTGO_row>
        <BCTDOUTGO_row>
            <bm_fiscalyear>109</bm_fiscalyear>
            <bm_fundkind>1</bm_fundkind>
            <bm_budgetkind>1</bm_budgetkind>
            <bm_specialbudgetno/>
            <bm_agenno>57005</bm_agenno>
            <bm_agentype>C</bm_agentype>
            <bm_budgetstate>1</bm_budgetstate>
            <bm_abroadplan>1</bm_abroadplan>
            <bm_projtype>8 </bm_projtype>
            <bm_projno>17</bm_projno>
            <bm_abroadplanname>參加2020年國際蜱媒及立克次體檢驗診斷研習</bm_abroadplanname>
            <bm_visitsts/>
            <bm_visitexplain/>
            <bm_dispatchstaffs>0</bm_dispatchstaffs>
            <bm_abroadsite1/>
            <bm_abroadsite2/>
            <bm_abroadsite3/>
            <bm_abroadperiod1/>
            <bm_abroadperiodto1/>
            <bm_abroadperiod2/>
            <bm_abroadperiodto2/>
            <bm_abroadperiod3/>
            <bm_abroadperiodto3/>
            <bm_abroadstaffs1>0</bm_abroadstaffs1>
            <bm_abroadstaffs2>0</bm_abroadstaffs2>
            <bm_abroadstaffs3>0</bm_abroadstaffs3>
            <bm_abroadallowance1>0.00</bm_abroadallowance1>
            <bm_abroadallowance2>0.00</bm_abroadallowance2>
            <bm_abroadallowance3>0.00</bm_abroadallowance3>
            <bm_budgetno>65570050200</bm_budgetno>
            <bm_regionno>43</bm_regionno>
            <bm_country>歐美亞非</bm_country>
            <bm_agency/>
            <bm_cont_text>立克次體為我國現今最重要蜱媒法定傳染病，派員研習最新立克次體分子生物學及傳染病診斷最新發展，有助於本署參與國際蜱媒及立克次體衛生事務、推展國際防疫合作。</bm_cont_text>
            <bm_durationfrom>10901</bm_durationfrom>
            <bm_durationto>10912</bm_durationto>
            <bm_days>8</bm_days>
            <bm_persons>1</bm_persons>
            <bm_amt_trans>0.00</bm_amt_trans>
            <bm_amt_life>47000.00</bm_amt_life>
            <bm_amt_public>0.00</bm_amt_public>
            <bm_amt_books>17000.00</bm_amt_books>
            <bm_amt_flight>60000.00</bm_amt_flight>
            <bm_versiondate/>
        </BCTDOUTGO_row>
    </BCTDOUTGO>
</tables>
