<?xml version="1.0" encoding="UTF-8"?>
<tables>
    <BCTDYEARPLAN>
        <BCTDYEARPLAN_row>
            <b06_fiscalyear>109</b06_fiscalyear>
            <b06_fundkind>1</b06_fundkind>
            <b06_budgetkind>1         </b06_budgetkind>
            <b06_specialbudgetno/>
            <b06_agenno>57005     </b06_agenno>
            <b06_agentype>C         </b06_agentype>
            <b06_budgetstate>1</b06_budgetstate>
            <b06_planno>01</b06_planno>
            <b06_planname>我國加入WHO2035消除結核第一期計畫  </b06_planname>
            <b06_startyear>105</b06_startyear>
            <b06_endyear>109</b06_endyear>
            <b06_budgetamt>5102929000.00</b06_budgetamt>
            <b06_amt1>3111130000.00</b06_amt1>
            <b06_amt2>1009258000.00</b06_amt2>
            <b06_amt3>982541000.00</b06_amt3>
            <b06_amt4>0.00</b06_amt4>
            <b06_memo>&amp;lt;#H1&amp;gt;行政院104年5月25日院臺衛字第1040027289號函核定。&#xd;
&amp;lt;#H1&amp;gt;本計畫109年度預算編列於「防疫業務」科目9.83億元。</b06_memo>
            <b06_upduserno/>
            <b06_upddatetime/>
            <b06_versiondate/>
            <b06_amt1_display>31.111300000000</b06_amt1_display>
            <b06_amt2_display>10.092580000000</b06_amt2_display>
            <b06_amt3_display>9.825410000000</b06_amt3_display>
            <b06_amt4_display>0E-12</b06_amt4_display>
            <b06_budgetamt_display>51.029290000000</b06_budgetamt_display>
        </BCTDYEARPLAN_row>
        <BCTDYEARPLAN_row>
            <b06_fiscalyear>109</b06_fiscalyear>
            <b06_fundkind>1</b06_fundkind>
            <b06_budgetkind>1         </b06_budgetkind>
            <b06_specialbudgetno/>
            <b06_agenno>57005     </b06_agenno>
            <b06_agentype>C         </b06_agentype>
            <b06_budgetstate>1</b06_budgetstate>
            <b06_planno>02</b06_planno>
            <b06_planname>我國因應流感大流行準備第三期計畫</b06_planname>
            <b06_startyear>105</b06_startyear>
            <b06_endyear>110</b06_endyear>
            <b06_budgetamt>2234175000.00</b06_budgetamt>
            <b06_amt1>1081175000.00</b06_amt1>
            <b06_amt2>371596000.00</b06_amt2>
            <b06_amt3>342062000.00</b06_amt3>
            <b06_amt4>439342000.00</b06_amt4>
            <b06_memo>&amp;lt;#H1&amp;gt;行政院104年5月26日院臺衛字第104027662號函及106年10月6日院臺衛字第1060032472號函核定。&#xd;
&amp;lt;#H1&amp;gt;本計畫109年度預算編列於「防疫業務」科目3.42億元。</b06_memo>
            <b06_upduserno/>
            <b06_upddatetime/>
            <b06_versiondate/>
            <b06_amt1_display>10.811750000000</b06_amt1_display>
            <b06_amt2_display>3.715960000000</b06_amt2_display>
            <b06_amt3_display>3.420620000000</b06_amt3_display>
            <b06_amt4_display>4.393420000000</b06_amt4_display>
            <b06_budgetamt_display>22.341750000000</b06_budgetamt_display>
        </BCTDYEARPLAN_row>
        <BCTDYEARPLAN_row>
            <b06_fiscalyear>109</b06_fiscalyear>
            <b06_fundkind>1</b06_fundkind>
            <b06_budgetkind>1         </b06_budgetkind>
            <b06_specialbudgetno/>
            <b06_agenno>57005     </b06_agenno>
            <b06_agentype>C         </b06_agentype>
            <b06_budgetstate>1</b06_budgetstate>
            <b06_planno>03</b06_planno>
            <b06_planname>新興傳染病風險監測與應變整備計畫</b06_planname>
            <b06_startyear>105</b06_startyear>
            <b06_endyear>110</b06_endyear>
            <b06_budgetamt>661340000.00</b06_budgetamt>
            <b06_amt1>16630000.00</b06_amt1>
            <b06_amt2>14428000.00</b06_amt2>
            <b06_amt3>14257000.00</b06_amt3>
            <b06_amt4>616025000.00</b06_amt4>
            <b06_memo>&amp;lt;#H1&amp;gt;行政院104年6月9日院臺衛字第1040029876號函核定。&#xd;
&amp;lt;#H1&amp;gt;本計畫109年度預算編列於「防疫業務」科目0.14億元。</b06_memo>
            <b06_upduserno/>
            <b06_upddatetime/>
            <b06_versiondate/>
            <b06_amt1_display>0.166300000000</b06_amt1_display>
            <b06_amt2_display>0.144280000000</b06_amt2_display>
            <b06_amt3_display>0.142570000000</b06_amt3_display>
            <b06_amt4_display>6.160250000000</b06_amt4_display>
            <b06_budgetamt_display>6.613400000000</b06_budgetamt_display>
        </BCTDYEARPLAN_row>
        <BCTDYEARPLAN_row>
            <b06_fiscalyear>109</b06_fiscalyear>
            <b06_fundkind>1</b06_fundkind>
            <b06_budgetkind>1         </b06_budgetkind>
            <b06_specialbudgetno/>
            <b06_agenno>57005     </b06_agenno>
            <b06_agentype>C         </b06_agentype>
            <b06_budgetstate>1</b06_budgetstate>
            <b06_planno>04</b06_planno>
            <b06_planname>急性傳染病流行風險監控與管理第二期計畫</b06_planname>
            <b06_startyear>105</b06_startyear>
            <b06_endyear>109</b06_endyear>
            <b06_budgetamt>337860000.00</b06_budgetamt>
            <b06_amt1>243982000.00</b06_amt1>
            <b06_amt2>46939000.00</b06_amt2>
            <b06_amt3>46939000.00</b06_amt3>
            <b06_amt4>0.00</b06_amt4>
            <b06_memo>&amp;lt;#H1&amp;gt;行政院104年7月8日院臺衛字第1040035699號函及108年3月28日院臺衛字第1080009167號函核定。&#xd;
&amp;lt;#H1&amp;gt;本計畫總經費39.5億元，其中編列於本署3.38億元、疫苗基金36.12億元。&#xd;
&amp;lt;#H1&amp;gt;本計畫109年度預算編列於「防疫業務」科目0.47億元。&#xd;
&#xd;
</b06_memo>
            <b06_upduserno/>
            <b06_upddatetime/>
            <b06_versiondate/>
            <b06_amt1_display>2.439820000000</b06_amt1_display>
            <b06_amt2_display>0.469390000000</b06_amt2_display>
            <b06_amt3_display>0.469390000000</b06_amt3_display>
            <b06_amt4_display>0E-12</b06_amt4_display>
            <b06_budgetamt_display>3.378600000000</b06_budgetamt_display>
        </BCTDYEARPLAN_row>
        <BCTDYEARPLAN_row>
            <b06_fiscalyear>109</b06_fiscalyear>
            <b06_fundkind>1</b06_fundkind>
            <b06_budgetkind>1         </b06_budgetkind>
            <b06_specialbudgetno/>
            <b06_agenno>57005     </b06_agenno>
            <b06_agentype>C         </b06_agentype>
            <b06_budgetstate>1</b06_budgetstate>
            <b06_planno>05</b06_planno>
            <b06_planname>愛滋防治第六期五年計畫</b06_planname>
            <b06_startyear>106</b06_startyear>
            <b06_endyear>110</b06_endyear>
            <b06_budgetamt>12504544000.00</b06_budgetamt>
            <b06_amt1>3011646000.00</b06_amt1>
            <b06_amt2>1734274000.00</b06_amt2>
            <b06_amt3>1633035000.00</b06_amt3>
            <b06_amt4>6125589000.00</b06_amt4>
            <b06_memo>&amp;lt;#H1&amp;gt;行政院105年7月14日院臺衛字第1050028653號函核定。&#xd;
&amp;lt;#H1&amp;gt;本計畫109年度預算編列於「一般行政」科目0.01億元、「防疫業務」科目16.32億元。</b06_memo>
            <b06_upduserno/>
            <b06_upddatetime/>
            <b06_versiondate/>
            <b06_amt1_display>30.116460000000</b06_amt1_display>
            <b06_amt2_display>17.342740000000</b06_amt2_display>
            <b06_amt3_display>16.330350000000</b06_amt3_display>
            <b06_amt4_display>61.255890000000</b06_amt4_display>
            <b06_budgetamt_display>125.045440000000</b06_budgetamt_display>
        </BCTDYEARPLAN_row>
        <BCTDYEARPLAN_row>
            <b06_fiscalyear>109</b06_fiscalyear>
            <b06_fundkind>1</b06_fundkind>
            <b06_budgetkind>1         </b06_budgetkind>
            <b06_specialbudgetno/>
            <b06_agenno>57005     </b06_agenno>
            <b06_agentype>C         </b06_agentype>
            <b06_budgetstate>1</b06_budgetstate>
            <b06_planno>06</b06_planno>
            <b06_planname>強化邊境檢疫及境外防疫第一期計畫</b06_planname>
            <b06_startyear>107</b06_startyear>
            <b06_endyear>111</b06_endyear>
            <b06_budgetamt>620300000.00</b06_budgetamt>
            <b06_amt1>51270000.00</b06_amt1>
            <b06_amt2>47221000.00</b06_amt2>
            <b06_amt3>47221000.00</b06_amt3>
            <b06_amt4>474588000.00</b06_amt4>
            <b06_memo>&amp;lt;#H1&amp;gt;行政院106年6月19日院臺衛字第1060017738號函核定。&#xd;
&amp;lt;#H1&amp;gt;本計畫109年度預算編列於「一般行政」科目0.01億元、「防疫業務」科目0.46億元。&#xd;
</b06_memo>
            <b06_upduserno/>
            <b06_upddatetime/>
            <b06_versiondate/>
            <b06_amt1_display>0.512700000000</b06_amt1_display>
            <b06_amt2_display>0.472210000000</b06_amt2_display>
            <b06_amt3_display>0.472210000000</b06_amt3_display>
            <b06_amt4_display>4.745880000000</b06_amt4_display>
            <b06_budgetamt_display>6.203000000000</b06_budgetamt_display>
        </BCTDYEARPLAN_row>
        <BCTDYEARPLAN_row>
            <b06_fiscalyear>109</b06_fiscalyear>
            <b06_fundkind>1</b06_fundkind>
            <b06_budgetkind>1         </b06_budgetkind>
            <b06_specialbudgetno/>
            <b06_agenno>57005     </b06_agenno>
            <b06_agentype>C         </b06_agentype>
            <b06_budgetstate>1</b06_budgetstate>
            <b06_planno>07</b06_planno>
            <b06_planname>新南向醫衛合作與產業鏈發展中長程計畫</b06_planname>
            <b06_startyear>107</b06_startyear>
            <b06_endyear>110</b06_endyear>
            <b06_budgetamt>202100000.00</b06_budgetamt>
            <b06_amt1>29522000.00</b06_amt1>
            <b06_amt2>29352000.00</b06_amt2>
            <b06_amt3>26366000.00</b06_amt3>
            <b06_amt4>116860000.00</b06_amt4>
            <b06_memo>&amp;lt;#H1&amp;gt;行政院106年7月17日院臺衛字第1060021980號函及108年5月6日院臺衛字第1080013632號函核定。&#xd;
&amp;lt;#H1&amp;gt;本計畫總經費16.71億元，其中編列於衛生福利部12.08億元、本署2.02億元、食品藥物管理署1.57億元、中央健康保險署0.25億元、國民健康署0.19億元、國家中醫藥研究所0.6億元。&#xd;
&amp;lt;#H1&amp;gt;本計畫109年度預算編列於「防疫業務」科目0.26億元。</b06_memo>
            <b06_upduserno/>
            <b06_upddatetime/>
            <b06_versiondate/>
            <b06_amt1_display>0.295220000000</b06_amt1_display>
            <b06_amt2_display>0.293520000000</b06_amt2_display>
            <b06_amt3_display>0.263660000000</b06_amt3_display>
            <b06_amt4_display>1.168600000000</b06_amt4_display>
            <b06_budgetamt_display>2.021000000000</b06_budgetamt_display>
        </BCTDYEARPLAN_row>
        <BCTDYEARPLAN_row>
            <b06_fiscalyear>109</b06_fiscalyear>
            <b06_fundkind>1</b06_fundkind>
            <b06_budgetkind>1         </b06_budgetkind>
            <b06_specialbudgetno/>
            <b06_agenno>57005     </b06_agenno>
            <b06_agentype>C         </b06_agentype>
            <b06_budgetstate>1</b06_budgetstate>
            <b06_planno>08</b06_planno>
            <b06_planname>充實國家疫苗基金及促進國民免疫力第三期計畫</b06_planname>
            <b06_startyear>108</b06_startyear>
            <b06_endyear>112</b06_endyear>
            <b06_budgetamt>10874156000.00</b06_budgetamt>
            <b06_amt1>0.00</b06_amt1>
            <b06_amt2>730160000.00</b06_amt2>
            <b06_amt3>1027300000.00</b06_amt3>
            <b06_amt4>9116696000.00</b06_amt4>
            <b06_memo>&amp;lt;#H1&amp;gt;行政院108年2月1日院臺衛字第1070032483號函及108年6月6日院臺衛字第1080017110號函核定。&#xd;
&amp;lt;#H1&amp;gt;本計畫總經費195.69億元，其中編列於本署108.74億元、疫苗基金86.95億元。&#xd;
&amp;lt;#H1&amp;gt;本計畫109年度預算編列於「防疫業務」科目10.27億元。</b06_memo>
            <b06_upduserno/>
            <b06_upddatetime/>
            <b06_versiondate/>
            <b06_amt1_display>0E-12</b06_amt1_display>
            <b06_amt2_display>7.301600000000</b06_amt2_display>
            <b06_amt3_display>10.273000000000</b06_amt3_display>
            <b06_amt4_display>91.166960000000</b06_amt4_display>
            <b06_budgetamt_display>108.741560000000</b06_budgetamt_display>
        </BCTDYEARPLAN_row>
        <BCTDYEARPLAN_row>
            <b06_fiscalyear>109</b06_fiscalyear>
            <b06_fundkind>1</b06_fundkind>
            <b06_budgetkind>1         </b06_budgetkind>
            <b06_specialbudgetno/>
            <b06_agenno>57005     </b06_agenno>
            <b06_agentype>C         </b06_agentype>
            <b06_budgetstate>1</b06_budgetstate>
            <b06_planno>09</b06_planno>
            <b06_planname>邁向全球衛生安全－抗生素抗藥性管理行動策略計畫</b06_planname>
            <b06_startyear>109</b06_startyear>
            <b06_endyear>113</b06_endyear>
            <b06_budgetamt>553500000.00</b06_budgetamt>
            <b06_amt1>0.00</b06_amt1>
            <b06_amt2>0.00</b06_amt2>
            <b06_amt3>20000000.00</b06_amt3>
            <b06_amt4>533500000.00</b06_amt4>
            <b06_memo>&amp;lt;#H1&amp;gt;行政院108年7月11日院臺衛字第1080021810號函核定。&#xd;
&amp;lt;#H1&amp;gt;本計畫109年度預算編列於「防疫業務」科目0.2億元。</b06_memo>
            <b06_upduserno/>
            <b06_upddatetime/>
            <b06_versiondate/>
            <b06_amt1_display>0E-12</b06_amt1_display>
            <b06_amt2_display>0E-12</b06_amt2_display>
            <b06_amt3_display>0.200000000000</b06_amt3_display>
            <b06_amt4_display>5.335000000000</b06_amt4_display>
            <b06_budgetamt_display>5.535000000000</b06_budgetamt_display>
        </BCTDYEARPLAN_row>
        <BCTDYEARPLAN_row>
            <b06_fiscalyear>109</b06_fiscalyear>
            <b06_fundkind>1</b06_fundkind>
            <b06_budgetkind>1         </b06_budgetkind>
            <b06_specialbudgetno/>
            <b06_agenno>57005     </b06_agenno>
            <b06_agentype>C         </b06_agentype>
            <b06_budgetstate>1</b06_budgetstate>
            <b06_planno>10</b06_planno>
            <b06_planname>建構新世代國家傳染病檢驗網絡強化防疫檢驗量能計畫</b06_planname>
            <b06_startyear>109</b06_startyear>
            <b06_endyear>114</b06_endyear>
            <b06_budgetamt>1432446000.00</b06_budgetamt>
            <b06_amt1>0.00</b06_amt1>
            <b06_amt2>0.00</b06_amt2>
            <b06_amt3>50000000.00</b06_amt3>
            <b06_amt4>1382446000.00</b06_amt4>
            <b06_memo>&amp;lt;#H1&amp;gt;行政院108年7月19日院臺衛字第1080022409號函核定。&#xd;
&amp;lt;#H1&amp;gt;本計畫109年度預算編列於「防疫業務」科目0.5億元。</b06_memo>
            <b06_upduserno/>
            <b06_upddatetime/>
            <b06_versiondate/>
            <b06_amt1_display>0E-12</b06_amt1_display>
            <b06_amt2_display>0E-12</b06_amt2_display>
            <b06_amt3_display>0.500000000000</b06_amt3_display>
            <b06_amt4_display>13.824460000000</b06_amt4_display>
            <b06_budgetamt_display>14.324460000000</b06_budgetamt_display>
        </BCTDYEARPLAN_row>
    </BCTDYEARPLAN>
</tables>
