<?xml version="1.0" encoding="UTF-8"?>
<tables>
    <BCTDOUTGOLASTYEAR>
        <BCTDOUTGOLASTYEAR_row>
            <b07_fiscalyear>109</b07_fiscalyear>
            <b07_fundkind>1</b07_fundkind>
            <b07_budgetkind>1</b07_budgetkind>
            <b07_specialbudgetno/>
            <b07_agenno>57005</b07_agenno>
            <b07_agentype>C</b07_agentype>
            <b07_budgetstate>1</b07_budgetstate>
            <b07_projtype>合計</b07_projtype>
            <b07_abroadplan/>
            <b07_items>24</b07_items>
            <b07_daypersons>601</b07_daypersons>
            <b07_budgetamt>5565000.00</b07_budgetamt>
            <b07_versiondate/>
            <this_items>24</this_items>
            <this_daypersons>943</this_daypersons>
            <this_budgetamt>5565000.00</this_budgetamt>
        </BCTDOUTGOLASTYEAR_row>
        <BCTDOUTGOLASTYEAR_row>
            <b07_fiscalyear>109</b07_fiscalyear>
            <b07_fundkind>1</b07_fundkind>
            <b07_budgetkind>1</b07_budgetkind>
            <b07_specialbudgetno/>
            <b07_agenno>57005</b07_agenno>
            <b07_agentype>C</b07_agentype>
            <b07_budgetstate>1</b07_budgetstate>
            <b07_projtype>考察</b07_projtype>
            <b07_abroadplan>1</b07_abroadplan>
            <b07_versiondate/>
            <this_items>0</this_items>
            <this_daypersons>0</this_daypersons>
            <this_budgetamt>0</this_budgetamt>
        </BCTDOUTGOLASTYEAR_row>
        <BCTDOUTGOLASTYEAR_row>
            <b07_fiscalyear>109</b07_fiscalyear>
            <b07_fundkind>1</b07_fundkind>
            <b07_budgetkind>1</b07_budgetkind>
            <b07_specialbudgetno/>
            <b07_agenno>57005</b07_agenno>
            <b07_agentype>C</b07_agentype>
            <b07_budgetstate>1</b07_budgetstate>
            <b07_projtype>視察</b07_projtype>
            <b07_abroadplan>1</b07_abroadplan>
            <b07_versiondate/>
            <this_items>0</this_items>
            <this_daypersons>0</this_daypersons>
            <this_budgetamt>0</this_budgetamt>
        </BCTDOUTGOLASTYEAR_row>
        <BCTDOUTGOLASTYEAR_row>
            <b07_fiscalyear>109</b07_fiscalyear>
            <b07_fundkind>1</b07_fundkind>
            <b07_budgetkind>1</b07_budgetkind>
            <b07_specialbudgetno/>
            <b07_agenno>57005</b07_agenno>
            <b07_agentype>C</b07_agentype>
            <b07_budgetstate>1</b07_budgetstate>
            <b07_projtype>訪問</b07_projtype>
            <b07_abroadplan>1</b07_abroadplan>
            <b07_versiondate/>
            <this_items>0</this_items>
            <this_daypersons>0</this_daypersons>
            <this_budgetamt>0</this_budgetamt>
        </BCTDOUTGOLASTYEAR_row>
        <BCTDOUTGOLASTYEAR_row>
            <b07_fiscalyear>109</b07_fiscalyear>
            <b07_fundkind>1</b07_fundkind>
            <b07_budgetkind>1</b07_budgetkind>
            <b07_specialbudgetno/>
            <b07_agenno>57005</b07_agenno>
            <b07_agentype>C</b07_agentype>
            <b07_budgetstate>1</b07_budgetstate>
            <b07_projtype>定期會議</b07_projtype>
            <b07_abroadplan>1</b07_abroadplan>
            <b07_items>5</b07_items>
            <b07_daypersons>79</b07_daypersons>
            <b07_budgetamt>1225000.00</b07_budgetamt>
            <b07_versiondate/>
            <this_items>7</this_items>
            <this_daypersons>313</this_daypersons>
            <this_budgetamt>2655000.00</this_budgetamt>
        </BCTDOUTGOLASTYEAR_row>
        <BCTDOUTGOLASTYEAR_row>
            <b07_fiscalyear>109</b07_fiscalyear>
            <b07_fundkind>1</b07_fundkind>
            <b07_budgetkind>1</b07_budgetkind>
            <b07_specialbudgetno/>
            <b07_agenno>57005</b07_agenno>
            <b07_agentype>C</b07_agentype>
            <b07_budgetstate>1</b07_budgetstate>
            <b07_projtype>不定期會議</b07_projtype>
            <b07_abroadplan>1</b07_abroadplan>
            <b07_items>3</b07_items>
            <b07_daypersons>232</b07_daypersons>
            <b07_budgetamt>1430000.00</b07_budgetamt>
            <b07_versiondate/>
            <this_items>0</this_items>
            <this_daypersons>0</this_daypersons>
            <this_budgetamt>0.00</this_budgetamt>
        </BCTDOUTGOLASTYEAR_row>
        <BCTDOUTGOLASTYEAR_row>
            <b07_fiscalyear>109</b07_fiscalyear>
            <b07_fundkind>1</b07_fundkind>
            <b07_budgetkind>1</b07_budgetkind>
            <b07_specialbudgetno/>
            <b07_agenno>57005</b07_agenno>
            <b07_agentype>C</b07_agentype>
            <b07_budgetstate>1</b07_budgetstate>
            <b07_projtype>談判</b07_projtype>
            <b07_abroadplan>1</b07_abroadplan>
            <b07_versiondate/>
            <this_items>0</this_items>
            <this_daypersons>0</this_daypersons>
            <this_budgetamt>0</this_budgetamt>
        </BCTDOUTGOLASTYEAR_row>
        <BCTDOUTGOLASTYEAR_row>
            <b07_fiscalyear>109</b07_fiscalyear>
            <b07_fundkind>1</b07_fundkind>
            <b07_budgetkind>1</b07_budgetkind>
            <b07_specialbudgetno/>
            <b07_agenno>57005</b07_agenno>
            <b07_agentype>C</b07_agentype>
            <b07_budgetstate>1</b07_budgetstate>
            <b07_projtype>進修</b07_projtype>
            <b07_abroadplan>1</b07_abroadplan>
            <b07_versiondate/>
            <this_items>0</this_items>
            <this_daypersons>0</this_daypersons>
            <this_budgetamt>0</this_budgetamt>
        </BCTDOUTGOLASTYEAR_row>
        <BCTDOUTGOLASTYEAR_row>
            <b07_fiscalyear>109</b07_fiscalyear>
            <b07_fundkind>1</b07_fundkind>
            <b07_budgetkind>1</b07_budgetkind>
            <b07_specialbudgetno/>
            <b07_agenno>57005</b07_agenno>
            <b07_agentype>C</b07_agentype>
            <b07_budgetstate>1</b07_budgetstate>
            <b07_projtype>研究</b07_projtype>
            <b07_abroadplan>1</b07_abroadplan>
            <b07_items>16</b07_items>
            <b07_daypersons>290</b07_daypersons>
            <b07_budgetamt>2910000.00</b07_budgetamt>
            <b07_versiondate/>
            <this_items>17</this_items>
            <this_daypersons>630</this_daypersons>
            <this_budgetamt>2910000.00</this_budgetamt>
        </BCTDOUTGOLASTYEAR_row>
        <BCTDOUTGOLASTYEAR_row>
            <b07_fiscalyear>109</b07_fiscalyear>
            <b07_fundkind>1</b07_fundkind>
            <b07_budgetkind>1</b07_budgetkind>
            <b07_specialbudgetno/>
            <b07_agenno>57005</b07_agenno>
            <b07_agentype>C</b07_agentype>
            <b07_budgetstate>1</b07_budgetstate>
            <b07_projtype>實習</b07_projtype>
            <b07_abroadplan>1</b07_abroadplan>
            <b07_versiondate/>
            <this_items>0</this_items>
            <this_daypersons>0</this_daypersons>
            <this_budgetamt>0</this_budgetamt>
        </BCTDOUTGOLASTYEAR_row>
    </BCTDOUTGOLASTYEAR>
</tables>
