<?xml version="1.0" encoding="UTF-8"?>
<tables>
    <BCME3420>
        <BCME3420_row>
            <budgetno/>
            <agenno/>
            <agentype/>
            <mh_budgetname>合    計</mh_budgetname>
            <displayname>合    計</displayname>
            <budgetno_conver/>
            <tyear_amt>5798420000</tyear_amt>
            <lyear_amt>5598279000</lyear_amt>
            <byear_amt>5504888924</byear_amt>
            <b_amt>200141000</b_amt>
            <bc_content/>
            <memo/>
        </BCME3420_row>
        <BCME3420_row>
            <budgetno>00570000000</budgetno>
            <agenno>57005</agenno>
            <agentype>C</agentype>
            <mh_budgetname>衛生福利部主管</mh_budgetname>
            <displayname>衛生福利部主管</displayname>
            <budgetno_conver>0057000000</budgetno_conver>
            <tyear_amt>5798420000</tyear_amt>
            <lyear_amt>5598279000</lyear_amt>
            <byear_amt>5504888924</byear_amt>
            <b_amt>200141000</b_amt>
            <bc_content/>
        </BCME3420_row>
        <BCME3420_row>
            <budgetno>00570050000</budgetno>
            <agenno>57005</agenno>
            <agentype>C</agentype>
            <mh_budgetname>疾病管制署</mh_budgetname>
            <displayname>疾病管制署</displayname>
            <budgetno_conver>0057050000</budgetno_conver>
            <tyear_amt>5798420000</tyear_amt>
            <lyear_amt>5598279000</lyear_amt>
            <byear_amt>5504888924</byear_amt>
            <b_amt>200141000</b_amt>
            <bc_content/>
        </BCME3420_row>
        <BCME3420_row>
            <budgetno>52570050000</budgetno>
            <agenno>57005</agenno>
            <agentype>C</agentype>
            <mh_budgetname>科學支出</mh_budgetname>
            <displayname>科學支出</displayname>
            <budgetno_conver>5257050000</budgetno_conver>
            <tyear_amt>304872000</tyear_amt>
            <lyear_amt>314430000</lyear_amt>
            <byear_amt>331564129</byear_amt>
            <b_amt>-9558000</b_amt>
            <bc_content/>
        </BCME3420_row>
        <BCME3420_row>
            <budgetno>52570050400</budgetno>
            <agenno>57005</agenno>
            <agentype>C</agentype>
            <mh_budgetname>科技業務</mh_budgetname>
            <displayname>科技業務</displayname>
            <budgetno_conver>5257050400</budgetno_conver>
            <tyear_amt>304872000</tyear_amt>
            <lyear_amt>314430000</lyear_amt>
            <byear_amt>331564129</byear_amt>
            <b_amt>-9558000</b_amt>
            <bc_content>&lt;#H1&gt;本年度預算數304,872千元，包括業務費233,717千元，設備及投資65,641千元，獎補助費5,514千元。&#xd;
&lt;#H1&gt;本年度預算數之內容與上年度之比較如下：&#xd;
&lt;#H2&gt;防疫科技發展研究及科技管理經費127,262千元，較上年度增列辦理國際衛生條例核心能力評估分析等經費5,089千元。&#xd;
&lt;#H2&gt;防疫雲2.0計畫經費12,029千元，較上年度減列辦理疫情資料倉儲及防疫資訊交換中心系統建置等經費1,853千元。&#xd;
&lt;#H2&gt;防疫一體傳染病整合防治計畫經費63,170千元，較上年度減列辦理流感病毒報告病毒系統與跨物種感染研究等經費4,529千元。&#xd;
&lt;#H2&gt;巨量資料於感染相關監測及防治策略之應用計畫經費4,420千元，較上年度減列建置抗藥性相關監測資料自動交換機制等經費1,108千元。&#xd;
&lt;#H2&gt;新世代智慧防疫行動計畫經費75,104千元，較上年度減列辦理校園流感疫苗電子化系統推廣等經費61千元。&#xd;
&lt;#H2&gt;禽傳人之流感防控技術經費14,600千元，較上年度減列辦理禽（動物）流感疫情監測資料之跨系統介接及程式開發等經費3,400千元。&#xd;
&lt;#H2&gt;新增新興生醫臨床試驗提升計畫經費8,287千元。&#xd;
&lt;#H2&gt;上年度傳染病快速檢驗試劑之研發及生物風險管理系統預算業已編竣，所列9,126千元如數減列。&#xd;
&lt;#H2&gt;上年度氣候變遷相關傳染病對國人健康及防疫影響之評估預算業已編竣，所列2,857千元如數減列。</bc_content>
        </BCME3420_row>
        <BCME3420_row>
            <budgetno>65570050000</budgetno>
            <agenno>57005</agenno>
            <agentype>C</agentype>
            <mh_budgetname>醫療保健支出</mh_budgetname>
            <displayname>醫療保健支出</displayname>
            <budgetno_conver>6557050000</budgetno_conver>
            <tyear_amt>5493548000</tyear_amt>
            <lyear_amt>5283849000</lyear_amt>
            <byear_amt>5173324795</byear_amt>
            <b_amt>209699000</b_amt>
            <bc_content/>
        </BCME3420_row>
        <BCME3420_row>
            <budgetno>65570050100</budgetno>
            <agenno>57005</agenno>
            <agentype>C</agentype>
            <mh_budgetname>一般行政</mh_budgetname>
            <displayname>一般行政</displayname>
            <budgetno_conver>6557050100</budgetno_conver>
            <tyear_amt>1028988000</tyear_amt>
            <lyear_amt>1031018000</lyear_amt>
            <byear_amt>967210495</byear_amt>
            <b_amt>-2030000</b_amt>
            <bc_content>&lt;#H1&gt;本年度預算數1,028,988千元，包括人事費996,394千元，業務費29,308千元，設備及投資1,862千元，獎補助費1,424千元。 &#xd;
&lt;#H1&gt;本年度預算數之內容與上年度之比較如下：&#xd;
&lt;#H2&gt;人員維持費975,323千元，較上年度核實減列人事費884千元。&#xd;
&lt;#H2&gt;基本行政工作維持費32,594千元，較上年度增列維護辦公及公共區域等經費3,686千元。&#xd;
&lt;#H2&gt;研發替代役經費21,071千元，較上年度減列4,832千元，其中：&#xd;
&lt;#H3&gt;強化邊境檢疫及境外防疫第一期計畫總經費620,000千元，分5年辦理，107至108年度已編列98,491千元，本年度續編第3年經費47,221千元，分配本科目編列1,700千元，較上年度增列200千元。&#xd;
&lt;#H3&gt;愛滋防治第六期五年計畫總經費12,504,544千元，分5年辦理，106至108年度已編列4,745,920千元，本年度續編第4年經費1,633,035千元，分配本科目編列1,110千元，較上年度減列190千元。&#xd;
&lt;#H3&gt;我國加入WHO2035消除結核第一期計畫總經費5,102,929千元，分5年辦理，105至108年度已編列4,120,388千元，本年度續編最後1年經費982,541千元，分配本科目編列630千元，較上年度增列30千元。</bc_content>
        </BCME3420_row>
        <BCME3420_row>
            <budgetno>65570050200</budgetno>
            <agenno>57005</agenno>
            <agentype>C</agentype>
            <mh_budgetname>防疫業務</mh_budgetname>
            <displayname>防疫業務</displayname>
            <budgetno_conver>6557050200</budgetno_conver>
            <tyear_amt>4464510000</tyear_amt>
            <lyear_amt>4252781000</lyear_amt>
            <byear_amt>4165419951</byear_amt>
            <b_amt>211729000</b_amt>
            <bc_content>&lt;#H1&gt;本年度預算數4,464,510千元，包括業務費927,205千元，設備及投資64,778千元，獎補助費3,472,527千元。&#xd;
&lt;#H1&gt;本年度預算數之內容與上年度之比較如下：&#xd;
&lt;#H2&gt;傳染病防治及應變規劃經費278,229千元，較上年度增列辦理第10屆東南亞及西太平洋雙區聯合應用流行病學研討會等經費5,276千元。&#xd;
&lt;#H2&gt;急性傳染病流行風險監控與管理第二期計畫總經費3,949,867千元，公務預算負擔337,860千元，分5年辦理，105至108年度已編列290,921千元，本年度續編最後1年經費46,939千元，與上年度同。&#xd;
&lt;#H2&gt;強化邊境檢疫及境外防疫第一期計畫總經費620,000千元，分5年辦理，107至108年度已編列98,491千元，本年度續編第3年經費47,221千元，分配本科目編列45,521千元，較上年度減列200千元。&#xd;
&lt;#H2&gt;愛滋防治第六期五年計畫總經費12,504,544千元，分5年辦理，106至108年度已編列4,745,920千元，本年度續編第4年經費1,633,035千元，分配本科目編列1,631,925千元，較上年度減列101,049千元。&#xd;
&lt;#H2&gt;我國加入WHO2035消除結核第一期計畫總經費5,102,929千元，分5年辦理，105至108年度已編列4,120,388千元，本年度續編最後1年經費982,541千元，分配本科目編列981,911千元，較上年度減列26,747千元。&#xd;
&lt;#H2&gt;我國因應流感大流行準備第三期計畫總經費2,234,475千元，分6年辦理，105至108年度已編列1,452,771千元，本年度續編第5年經費342,062千元，較上年度減列29,534千元。&#xd;
&lt;#H2&gt;新興傳染病風險監測與應變整備計畫總經費661,340千元，分6年辦理，105至108年度已編列31,058千元，本年度續編第5年經費14,257千元，較上年度減列171千元。&#xd;
&lt;#H2&gt;充實國家疫苗基金及促進國民免疫力第三期計畫總經費19,568,531千元，公務預算負擔10,873,556千元，分5年辦理，108年度已編列730,160千元，本年度續編第2年經費1,027,300千元，較上年度增列297,140千元。&#xd;
&lt;#H2&gt;新南向醫衛合作與產業鏈發展中長程計畫總經費1,670,845千元，分4年辦理，107至108年度已編列535,365千元，本年度續編第3年經費247,086千元，分配本科目編列26,366千元，較上年度減列2,986千元。&#xd;
&lt;#H2&gt;新增邁向全球衛生安全－抗生素抗藥性管理行動策略計畫總經費553,500千元，分5年辦理，本年度編列第1年經費20,000千元。&#xd;
&lt;#H2&gt;新增建構新世代國家傳染病檢驗網絡強化防疫檢驗量能計畫總經費1,432,446千元，分6年辦理，本年度編列第1年經費50,000千元。</bc_content>
        </BCME3420_row>
        <BCME3420_row>
            <budgetno>65570059800</budgetno>
            <agenno>57005</agenno>
            <agentype>C</agentype>
            <mh_budgetname>第一預備金</mh_budgetname>
            <displayname>第一預備金</displayname>
            <budgetno_conver>6557059800</budgetno_conver>
            <tyear_amt>50000</tyear_amt>
            <lyear_amt>50000</lyear_amt>
            <byear_amt>0</byear_amt>
            <b_amt>0</b_amt>
            <bc_content>仍照上年度預算數編列。</bc_content>
        </BCME3420_row>
    </BCME3420>
</tables>
