<?xml version="1.0" encoding="UTF-8"?>
<tables>
    <BCME3420>
        <BCME3420_row>
            <budgetno/>
            <agenno/>
            <agentype/>
            <mh_budgetname>合    計</mh_budgetname>
            <displayname>合    計</displayname>
            <budgetno_conver/>
            <tyear_amt>5051291000</tyear_amt>
            <lyear_amt>5624044000</lyear_amt>
            <byear_amt>5667049944</byear_amt>
            <b_amt>-572753000</b_amt>
            <bc_content/>
            <memo/>
        </BCME3420_row>
        <BCME3420_row>
            <budgetno>00570000000</budgetno>
            <agenno>57005</agenno>
            <agentype>C</agentype>
            <mh_budgetname>衛生福利部主管</mh_budgetname>
            <displayname>衛生福利部主管</displayname>
            <budgetno_conver>0057000000</budgetno_conver>
            <tyear_amt>5051291000</tyear_amt>
            <lyear_amt>5624044000</lyear_amt>
            <byear_amt>5667049944</byear_amt>
            <b_amt>-572753000</b_amt>
            <bc_content/>
        </BCME3420_row>
        <BCME3420_row>
            <budgetno>00570050000</budgetno>
            <agenno>57005</agenno>
            <agentype>C</agentype>
            <mh_budgetname>疾病管制署</mh_budgetname>
            <displayname>疾病管制署</displayname>
            <budgetno_conver>0057050000</budgetno_conver>
            <tyear_amt>5051291000</tyear_amt>
            <lyear_amt>5624044000</lyear_amt>
            <byear_amt>5667049944</byear_amt>
            <b_amt>-572753000</b_amt>
            <bc_content/>
        </BCME3420_row>
        <BCME3420_row>
            <budgetno>52570050000</budgetno>
            <agenno>57005</agenno>
            <agentype>C</agentype>
            <mh_budgetname>科學支出</mh_budgetname>
            <displayname>科學支出</displayname>
            <budgetno_conver>5257050000</budgetno_conver>
            <tyear_amt>367323000</tyear_amt>
            <lyear_amt>269178000</lyear_amt>
            <byear_amt>252022259</byear_amt>
            <b_amt>98145000</b_amt>
            <bc_content/>
        </BCME3420_row>
        <BCME3420_row>
            <budgetno>52570050400</budgetno>
            <agenno>57005</agenno>
            <agentype>C</agentype>
            <mh_budgetname>科技發展工作</mh_budgetname>
            <displayname>科技發展工作</displayname>
            <budgetno_conver>5257050400</budgetno_conver>
            <tyear_amt>367323000</tyear_amt>
            <lyear_amt>269178000</lyear_amt>
            <byear_amt>252022259</byear_amt>
            <b_amt>98145000</b_amt>
            <bc_content>&lt;#H1&gt;本年度預算數367,323千元，包括業務費308,176千元，設備及投資54,122千元，獎補助費5,025千元。&#xd;
&lt;#H1&gt;本年度預算數之內容與上年度之比較如下：&#xd;
&lt;#H2&gt;防疫科技發展研究及科技管理經費145,797千元，較上年度減列委託辦理防疫發展工作等經費9,697千元。&#xd;
&lt;#H2&gt;物質成癮整合型計畫進行藥癮族群愛滋防治研究經費1,181千元，較上年度減列購置採血用品、檢驗相關耗材與試劑等經費39千元。&#xd;
&lt;#H2&gt;食媒性傳染病及其病原監測防護網研究計畫經費99,119千元，較上年度增列購置科技研究檢測相關試劑耗材等經費32,479千元。&#xd;
&lt;#H2&gt;防疫雲2.0計畫經費15,000千元，較上年度減列補捐助醫療院所配合實驗室傳染病自動通報系統所需軟硬體與程式修改等經費7,896千元。&#xd;
&lt;#H2&gt;傳染病快速檢驗試劑之研發及生物風險管理系統經費12,059千元，較上年度減列辦理流感檢驗研究工作等經費221千元。&#xd;
&lt;#H2&gt;氣候變遷相關傳染病對國人健康及防疫影響之評估經費9,811千元，較上年度減列購置檢測分析使用試劑耗材等經費837千元。&#xd;
&lt;#H2&gt;新增防疫一體傳染病整合防治計畫經費75,905千元。&#xd;
&lt;#H2&gt;新增巨量資料於感染相關監測及防治策略之應用計畫經費8,451千元。&#xd;
</bc_content>
        </BCME3420_row>
        <BCME3420_row>
            <budgetno>71570050000</budgetno>
            <agenno>57005</agenno>
            <agentype>C</agentype>
            <mh_budgetname>醫療保健支出</mh_budgetname>
            <displayname>醫療保健支出</displayname>
            <budgetno_conver>7157050000</budgetno_conver>
            <tyear_amt>4683968000</tyear_amt>
            <lyear_amt>5354866000</lyear_amt>
            <byear_amt>5415027685</byear_amt>
            <b_amt>-670898000</b_amt>
            <bc_content/>
        </BCME3420_row>
        <BCME3420_row>
            <budgetno>71570050100</budgetno>
            <agenno>57005</agenno>
            <agentype>C</agentype>
            <mh_budgetname>一般行政</mh_budgetname>
            <displayname>一般行政</displayname>
            <budgetno_conver>7157050100</budgetno_conver>
            <tyear_amt>966247000</tyear_amt>
            <lyear_amt>1003711000</lyear_amt>
            <byear_amt>1002498887</byear_amt>
            <b_amt>-37464000</b_amt>
            <bc_content>&lt;#H1&gt;本年度預算數966,247千元，包括人事費935,477千元，業務費28,279千元，設備及投資1,073千元，獎補助費1,418千元。 &#xd;
&lt;#H1&gt;本年度預算數之內容與上年度之比較如下：&#xd;
&lt;#H2&gt;人員維持經費935,477千元，較上年度核實減列人事費34,977千元。&#xd;
&lt;#H2&gt;基本行政工作維持經費30,770千元，較上年度減列退休職人員三節慰問金等2,487千元。&#xd;
&#xd;
&#xd;
&#xd;
</bc_content>
        </BCME3420_row>
        <BCME3420_row>
            <budgetno>71570050200</budgetno>
            <agenno>57005</agenno>
            <agentype>C</agentype>
            <mh_budgetname>防疫業務</mh_budgetname>
            <displayname>防疫業務</displayname>
            <budgetno_conver>7157050200</budgetno_conver>
            <tyear_amt>3717671000</tyear_amt>
            <lyear_amt>4348105000</lyear_amt>
            <byear_amt>4409568798</byear_amt>
            <b_amt>-630434000</b_amt>
            <bc_content>&lt;#H1&gt;本年度預算數3,717,671千元，包括業務費867,502千元，設備及投資59,373千元，獎補助費2,790,796千元。&#xd;
&lt;#H1&gt;本年度預算數之內容與上年度之比較如下：&#xd;
&lt;#H2&gt;企劃及綜合業務經費95,294千元，較上年度增列72,037千元，包括：&#xd;
&lt;#H3&gt;辦理防疫綜合業務經費26,878千元，較上年度增列補助地方政府辦理疫病防治業務及社區防疫等經費3,621千元。&#xd;
&lt;#H3&gt;急性傳染病流行風險監控與管理第二期計畫總經費3,911,999千元，公務預算分攤299,992千元，分5年辦理，105年已編列49,066千元，本年度續編第2年經費49,539千元，新增本科目編列25,761千元。&#xd;
&lt;#H3&gt;我國加入WHO2035消除結核第一期計畫總經費18,390,319千元，分5年辦理，105年已編列1,062,865千元，本年度續編第2年經費1,058,989千元，新增本科目編列18,812千元。&#xd;
&lt;#H3&gt;新增愛滋防治第六期五年計畫總經費12,504,544千元，分5年辦理，本年度編列第1年經費1,261,826千元，其中本科目編列23,843千元。&#xd;
&lt;#H2&gt;檢疫防疫業務經費90,859千元，較上年度減列23,773千元，包括：&#xd;
&lt;#H3&gt;急性傳染病流行風險監控與管理第二期計畫總經費3,911,999千元，公務預算分攤299,992千元，分5年辦理，105年已編列49,066千元，本年度續編第2年經費49,539千元，其中本科目編列23,778千元，較上年度減列25,288千元。&#xd;
&lt;#H3&gt;辦理人畜共通傳染病及因應氣候變遷相關傳染病業務經費3,252千元，較上年度減列防疫消毒劑、藥品及器材之儲備等經費1,043千元。&#xd;
&lt;#H3&gt;辦理轄區傳染病防治及邊境檢疫業務經費63,829千元，較上年度增列汰換紅外線熱影像儀等經費2,558千元。&#xd;
&lt;#H2&gt;慢性傳染病防治業務經費378,654千元，較上年度減列53,058千元，包括：&#xd;
&lt;#H3&gt;我國加入WHO2035消除結核第一期計畫總經費18,390,319千元，分5年辦理，105年已編列1,062,865千元，本年度續編第2年經費1,058,989千元，其中本科目編列240,671千元，較上年度減列22,634千元。&#xd;
&lt;#H3&gt;新增愛滋防治第六期五年計畫總經費12,504,544千元，分5年辦理，本年度編列第1年經費1,261,826千元，其中本科目編列137,983千元。&#xd;
&lt;#H3&gt;上年度辦理愛滋防治第五期五年計畫預算業已編竣，本科目所列168,407千元如數減列。&#xd;
&lt;#H2&gt;緊急應變整備業務經費326,497千元，較上年度減列13,792千元，包括：&#xd;
&lt;#H3&gt;我國因應流感大流行準備第三期計畫總經費3,228,200千元，分6年辦理，105年已編列314,614千元，本年度續編第2年經費304,471千元，較上年度減列10,143千元。&#xd;
&lt;#H3&gt;新興傳染病風險監測與應變整備計畫總經費661,340千元，分6年辦理，105年已編列6,447千元，本年度續編第2年經費5,755千元，較上年度減列692千元。&#xd;
&lt;#H3&gt;辦理應變規劃業務經費9,188千元，較上年度減列購置應變規劃物品等經費1,694千元。&#xd;
&lt;#H3&gt;辦理感染症防治中心業務經費7,083千元，較上年度減列辦理相關公共事務管理等經費1,263千元。&#xd;
&lt;#H2&gt;疾病監測及調查業務經費68,680千元，較上年度減列辦理防疫資訊作業等經費14,852千元。&#xd;
&lt;#H2&gt;傳染病研究檢驗及血清疫苗研製業務經費126,971千元，較上年度增列卡介苗及抗蛇毒血清生物製劑生產供應計畫等經費3,058千元。&#xd;
&lt;#H2&gt;傳染病防治醫療業務經費1,899,506千元，較上年度減列600,054千元，包括：&#xd;
&lt;#H3&gt;我國加入WHO2035消除結核第一期計畫總經費18,390,319千元，分5年辦理，105年已編列1,062,865千元，本年度續編第2年經費1,058,989千元，其中本科目編列799,506千元，較上年度減列54千元。&#xd;
&lt;#H3&gt;新增愛滋防治第六期五年計畫總經費12,504,544千元，分5年辦理，本年度編列第1年經費1,261,826千元，其中本科目編列1,100,000千元。&#xd;
&lt;#H3&gt;上年度愛滋防治第五期五年計畫預算業已編竣，本科目所列1,700,000千元如數減列。&#xd;
&lt;#H2&gt;疫苗基金補助充實國家疫苗基金及促進國民免疫力第二期計畫總經費3,655,000千元，分5年辦理，103至105年已編列2,193,630千元，本年度續編第4年經費731,210千元，與上年度同。&#xd;
</bc_content>
        </BCME3420_row>
        <BCME3420_row>
            <budgetno>71570059000</budgetno>
            <agenno>57005</agenno>
            <agentype>C</agentype>
            <mh_budgetname>一般建築及設備</mh_budgetname>
            <displayname>一般建築及設備</displayname>
            <budgetno_conver>7157059000</budgetno_conver>
            <tyear_amt>0</tyear_amt>
            <lyear_amt>3000000</lyear_amt>
            <byear_amt>2960000</byear_amt>
            <b_amt>-3000000</b_amt>
            <bc_content/>
        </BCME3420_row>
        <BCME3420_row>
            <budgetno>71570059011</budgetno>
            <agenno>57005</agenno>
            <agentype>C</agentype>
            <mh_budgetname>交通及運輸設備</mh_budgetname>
            <displayname>交通及運輸設備</displayname>
            <budgetno_conver>7157059011</budgetno_conver>
            <tyear_amt>0</tyear_amt>
            <lyear_amt>3000000</lyear_amt>
            <byear_amt>2960000</byear_amt>
            <b_amt>-3000000</b_amt>
            <bc_content>上年度購置生物防護車2輛預算業已編竣，所列3,000千元如數減列。&#xd;
</bc_content>
        </BCME3420_row>
        <BCME3420_row>
            <budgetno>71570059800</budgetno>
            <agenno>57005</agenno>
            <agentype>C</agentype>
            <mh_budgetname>第一預備金</mh_budgetname>
            <displayname>第一預備金</displayname>
            <budgetno_conver>7157059800</budgetno_conver>
            <tyear_amt>50000</tyear_amt>
            <lyear_amt>50000</lyear_amt>
            <byear_amt>0</byear_amt>
            <b_amt>0</b_amt>
            <bc_content>仍照上年度預算數編列。</bc_content>
        </BCME3420_row>
    </BCME3420>
</tables>
