<?xml version="1.0" encoding="UTF-8"?>
<tables>
    <BCME3450>
        <BCME3450_row>
            <objectNo>合計</objectNo>
            <budget>
                <budgetno_7157050100>966247.00</budgetno_7157050100>
                <budgetno_5257050400>367323.00</budgetno_5257050400>
                <budgetno_7157050200>3717671.00</budgetno_7157050200>
                <budgetno_7157059800>50.00</budgetno_7157059800>
            </budget>
            <total>5051291.00</total>
        </BCME3450_row>
        <BCME3450_row>
            <objectNo>0100 人事費</objectNo>
            <budget>
                <budgetno_7157050100>935477.00</budgetno_7157050100>
                <budgetno_5257050400/>
                <budgetno_7157050200/>
                <budgetno_7157059800/>
            </budget>
            <total>935477.00</total>
        </BCME3450_row>
        <BCME3450_row>
            <objectNo>  0103 法定編制人員待遇</objectNo>
            <budget>
                <budgetno_7157050100>560575.00</budgetno_7157050100>
                <budgetno_5257050400/>
                <budgetno_7157050200/>
                <budgetno_7157059800/>
            </budget>
            <total>560575.00</total>
        </BCME3450_row>
        <BCME3450_row>
            <objectNo>  0104 約聘僱人員待遇</objectNo>
            <budget>
                <budgetno_7157050100>2452.00</budgetno_7157050100>
                <budgetno_5257050400/>
                <budgetno_7157050200/>
                <budgetno_7157059800/>
            </budget>
            <total>2452.00</total>
        </BCME3450_row>
        <BCME3450_row>
            <objectNo>  0105 技工及工友待遇</objectNo>
            <budget>
                <budgetno_7157050100>32852.00</budgetno_7157050100>
                <budgetno_5257050400/>
                <budgetno_7157050200/>
                <budgetno_7157059800/>
            </budget>
            <total>32852.00</total>
        </BCME3450_row>
        <BCME3450_row>
            <objectNo>  0111 獎金</objectNo>
            <budget>
                <budgetno_7157050100>178198.00</budgetno_7157050100>
                <budgetno_5257050400/>
                <budgetno_7157050200/>
                <budgetno_7157059800/>
            </budget>
            <total>178198.00</total>
        </BCME3450_row>
        <BCME3450_row>
            <objectNo>  0121 其他給與</objectNo>
            <budget>
                <budgetno_7157050100>14156.00</budgetno_7157050100>
                <budgetno_5257050400/>
                <budgetno_7157050200/>
                <budgetno_7157059800/>
            </budget>
            <total>14156.00</total>
        </BCME3450_row>
        <BCME3450_row>
            <objectNo>  0131 加班值班費</objectNo>
            <budget>
                <budgetno_7157050100>25945.00</budgetno_7157050100>
                <budgetno_5257050400/>
                <budgetno_7157050200/>
                <budgetno_7157059800/>
            </budget>
            <total>25945.00</total>
        </BCME3450_row>
        <BCME3450_row>
            <objectNo>  0142 退休退職給付</objectNo>
            <budget>
                <budgetno_7157050100>2763.00</budgetno_7157050100>
                <budgetno_5257050400/>
                <budgetno_7157050200/>
                <budgetno_7157059800/>
            </budget>
            <total>2763.00</total>
        </BCME3450_row>
        <BCME3450_row>
            <objectNo>  0143 退休離職儲金</objectNo>
            <budget>
                <budgetno_7157050100>53751.00</budgetno_7157050100>
                <budgetno_5257050400/>
                <budgetno_7157050200/>
                <budgetno_7157059800/>
            </budget>
            <total>53751.00</total>
        </BCME3450_row>
        <BCME3450_row>
            <objectNo>  0151 保險</objectNo>
            <budget>
                <budgetno_7157050100>64785.00</budgetno_7157050100>
                <budgetno_5257050400/>
                <budgetno_7157050200/>
                <budgetno_7157059800/>
            </budget>
            <total>64785.00</total>
        </BCME3450_row>
        <BCME3450_row>
            <objectNo>0200 業務費</objectNo>
            <budget>
                <budgetno_7157050100>28279.00</budgetno_7157050100>
                <budgetno_5257050400>308176.00</budgetno_5257050400>
                <budgetno_7157050200>867502.00</budgetno_7157050200>
                <budgetno_7157059800/>
            </budget>
            <total>1203957.00</total>
        </BCME3450_row>
        <BCME3450_row>
            <objectNo>  0201 教育訓練費</objectNo>
            <budget>
                <budgetno_7157050100>215.00</budgetno_7157050100>
                <budgetno_5257050400>814.00</budgetno_5257050400>
                <budgetno_7157050200>4420.00</budgetno_7157050200>
                <budgetno_7157059800/>
            </budget>
            <total>5449.00</total>
        </BCME3450_row>
        <BCME3450_row>
            <objectNo>  0202 水電費</objectNo>
            <budget>
                <budgetno_7157050100>6032.00</budgetno_7157050100>
                <budgetno_5257050400>5076.00</budgetno_5257050400>
                <budgetno_7157050200>23628.00</budgetno_7157050200>
                <budgetno_7157059800/>
            </budget>
            <total>34736.00</total>
        </BCME3450_row>
        <BCME3450_row>
            <objectNo>  0203 通訊費</objectNo>
            <budget>
                <budgetno_7157050100>1000.00</budgetno_7157050100>
                <budgetno_5257050400>2025.00</budgetno_5257050400>
                <budgetno_7157050200>9121.00</budgetno_7157050200>
                <budgetno_7157059800/>
            </budget>
            <total>12146.00</total>
        </BCME3450_row>
        <BCME3450_row>
            <objectNo>  0211 土地租金</objectNo>
            <budget>
                <budgetno_7157050100/>
                <budgetno_5257050400/>
                <budgetno_7157050200>3339.00</budgetno_7157050200>
                <budgetno_7157059800/>
            </budget>
            <total>3339.00</total>
        </BCME3450_row>
        <BCME3450_row>
            <objectNo>  0212 權利使用費</objectNo>
            <budget>
                <budgetno_7157050100/>
                <budgetno_5257050400>250.00</budgetno_5257050400>
                <budgetno_7157050200>50.00</budgetno_7157050200>
                <budgetno_7157059800/>
            </budget>
            <total>300.00</total>
        </BCME3450_row>
        <BCME3450_row>
            <objectNo>  0215 資訊服務費</objectNo>
            <budget>
                <budgetno_7157050100/>
                <budgetno_5257050400>5828.00</budgetno_5257050400>
                <budgetno_7157050200>7570.00</budgetno_7157050200>
                <budgetno_7157059800/>
            </budget>
            <total>13398.00</total>
        </BCME3450_row>
        <BCME3450_row>
            <objectNo>  0219 其他業務租金</objectNo>
            <budget>
                <budgetno_7157050100>343.00</budgetno_7157050100>
                <budgetno_5257050400>360.00</budgetno_5257050400>
                <budgetno_7157050200>17392.00</budgetno_7157050200>
                <budgetno_7157059800/>
            </budget>
            <total>18095.00</total>
        </BCME3450_row>
        <BCME3450_row>
            <objectNo>  0221 稅捐及規費</objectNo>
            <budget>
                <budgetno_7157050100>1000.00</budgetno_7157050100>
                <budgetno_5257050400/>
                <budgetno_7157050200>588.00</budgetno_7157050200>
                <budgetno_7157059800/>
            </budget>
            <total>1588.00</total>
        </BCME3450_row>
        <BCME3450_row>
            <objectNo>  0231 保險費</objectNo>
            <budget>
                <budgetno_7157050100>325.00</budgetno_7157050100>
                <budgetno_5257050400>160.00</budgetno_5257050400>
                <budgetno_7157050200>191.00</budgetno_7157050200>
                <budgetno_7157059800/>
            </budget>
            <total>676.00</total>
        </BCME3450_row>
        <BCME3450_row>
            <objectNo>  0241 兼職費</objectNo>
            <budget>
                <budgetno_7157050100/>
                <budgetno_5257050400/>
                <budgetno_7157050200>5760.00</budgetno_7157050200>
                <budgetno_7157059800/>
            </budget>
            <total>5760.00</total>
        </BCME3450_row>
        <BCME3450_row>
            <objectNo>  0249 臨時人員酬金</objectNo>
            <budget>
                <budgetno_7157050100>837.00</budgetno_7157050100>
                <budgetno_5257050400>33993.00</budgetno_5257050400>
                <budgetno_7157050200>8352.00</budgetno_7157050200>
                <budgetno_7157059800/>
            </budget>
            <total>43182.00</total>
        </BCME3450_row>
        <BCME3450_row>
            <objectNo>  0250 按日按件計資酬金</objectNo>
            <budget>
                <budgetno_7157050100>608.00</budgetno_7157050100>
                <budgetno_5257050400>2319.00</budgetno_5257050400>
                <budgetno_7157050200>7205.00</budgetno_7157050200>
                <budgetno_7157059800/>
            </budget>
            <total>10132.00</total>
        </BCME3450_row>
        <BCME3450_row>
            <objectNo>  0251 委辦費</objectNo>
            <budget>
                <budgetno_7157050100/>
                <budgetno_5257050400>100951.00</budgetno_5257050400>
                <budgetno_7157050200>176627.00</budgetno_7157050200>
                <budgetno_7157059800/>
            </budget>
            <total>277578.00</total>
        </BCME3450_row>
        <BCME3450_row>
            <objectNo>  0261 國際組織會費</objectNo>
            <budget>
                <budgetno_7157050100/>
                <budgetno_5257050400/>
                <budgetno_7157050200>44.00</budgetno_7157050200>
                <budgetno_7157059800/>
            </budget>
            <total>44.00</total>
        </BCME3450_row>
        <BCME3450_row>
            <objectNo>  0262 國內組織會費</objectNo>
            <budget>
                <budgetno_7157050100/>
                <budgetno_5257050400>60.00</budgetno_5257050400>
                <budgetno_7157050200>568.00</budgetno_7157050200>
                <budgetno_7157059800/>
            </budget>
            <total>628.00</total>
        </BCME3450_row>
        <BCME3450_row>
            <objectNo>  0271 物品</objectNo>
            <budget>
                <budgetno_7157050100>3709.00</budgetno_7157050100>
                <budgetno_5257050400>100211.00</budgetno_5257050400>
                <budgetno_7157050200>425663.00</budgetno_7157050200>
                <budgetno_7157059800/>
            </budget>
            <total>529583.00</total>
        </BCME3450_row>
        <BCME3450_row>
            <objectNo>  0279 一般事務費</objectNo>
            <budget>
                <budgetno_7157050100>10617.00</budgetno_7157050100>
                <budgetno_5257050400>37841.00</budgetno_5257050400>
                <budgetno_7157050200>134217.00</budgetno_7157050200>
                <budgetno_7157059800/>
            </budget>
            <total>182675.00</total>
        </BCME3450_row>
        <BCME3450_row>
            <objectNo>  0282 房屋建築養護費</objectNo>
            <budget>
                <budgetno_7157050100>1100.00</budgetno_7157050100>
                <budgetno_5257050400/>
                <budgetno_7157050200>2589.00</budgetno_7157050200>
                <budgetno_7157059800/>
            </budget>
            <total>3689.00</total>
        </BCME3450_row>
        <BCME3450_row>
            <objectNo>  0283 車輛及辦公器具養護費</objectNo>
            <budget>
                <budgetno_7157050100>260.00</budgetno_7157050100>
                <budgetno_5257050400/>
                <budgetno_7157050200>2151.00</budgetno_7157050200>
                <budgetno_7157059800/>
            </budget>
            <total>2411.00</total>
        </BCME3450_row>
        <BCME3450_row>
            <objectNo>  0284 設施及機械設備養護費</objectNo>
            <budget>
                <budgetno_7157050100>1530.00</budgetno_7157050100>
                <budgetno_5257050400>14160.00</budgetno_5257050400>
                <budgetno_7157050200>24611.00</budgetno_7157050200>
                <budgetno_7157059800/>
            </budget>
            <total>40301.00</total>
        </BCME3450_row>
        <BCME3450_row>
            <objectNo>  0291 國內旅費</objectNo>
            <budget>
                <budgetno_7157050100>400.00</budgetno_7157050100>
                <budgetno_5257050400>2110.00</budgetno_5257050400>
                <budgetno_7157050200>8536.00</budgetno_7157050200>
                <budgetno_7157059800/>
            </budget>
            <total>11046.00</total>
        </BCME3450_row>
        <BCME3450_row>
            <objectNo>  0292 大陸地區旅費</objectNo>
            <budget>
                <budgetno_7157050100/>
                <budgetno_5257050400/>
                <budgetno_7157050200>434.00</budgetno_7157050200>
                <budgetno_7157059800/>
            </budget>
            <total>434.00</total>
        </BCME3450_row>
        <BCME3450_row>
            <objectNo>  0293 國外旅費</objectNo>
            <budget>
                <budgetno_7157050100/>
                <budgetno_5257050400/>
                <budgetno_7157050200>1442.00</budgetno_7157050200>
                <budgetno_7157059800/>
            </budget>
            <total>1442.00</total>
        </BCME3450_row>
        <BCME3450_row>
            <objectNo>  0294 運費</objectNo>
            <budget>
                <budgetno_7157050100>100.00</budgetno_7157050100>
                <budgetno_5257050400>1923.00</budgetno_5257050400>
                <budgetno_7157050200>2222.00</budgetno_7157050200>
                <budgetno_7157059800/>
            </budget>
            <total>4245.00</total>
        </BCME3450_row>
        <BCME3450_row>
            <objectNo>  0295 短程車資</objectNo>
            <budget>
                <budgetno_7157050100>45.00</budgetno_7157050100>
                <budgetno_5257050400>95.00</budgetno_5257050400>
                <budgetno_7157050200>782.00</budgetno_7157050200>
                <budgetno_7157059800/>
            </budget>
            <total>922.00</total>
        </BCME3450_row>
        <BCME3450_row>
            <objectNo>  0299 特別費</objectNo>
            <budget>
                <budgetno_7157050100>158.00</budgetno_7157050100>
                <budgetno_5257050400/>
                <budgetno_7157050200/>
                <budgetno_7157059800/>
            </budget>
            <total>158.00</total>
        </BCME3450_row>
        <BCME3450_row>
            <objectNo>0300 設備及投資</objectNo>
            <budget>
                <budgetno_7157050100>1073.00</budgetno_7157050100>
                <budgetno_5257050400>54122.00</budgetno_5257050400>
                <budgetno_7157050200>59373.00</budgetno_7157050200>
                <budgetno_7157059800/>
            </budget>
            <total>114568.00</total>
        </BCME3450_row>
        <BCME3450_row>
            <objectNo>  0302 房屋建築及設備費</objectNo>
            <budget>
                <budgetno_7157050100/>
                <budgetno_5257050400/>
                <budgetno_7157050200>71.00</budgetno_7157050200>
                <budgetno_7157059800/>
            </budget>
            <total>71.00</total>
        </BCME3450_row>
        <BCME3450_row>
            <objectNo>  0303 公共建設及設施費</objectNo>
            <budget>
                <budgetno_7157050100/>
                <budgetno_5257050400/>
                <budgetno_7157050200>1000.00</budgetno_7157050200>
                <budgetno_7157059800/>
            </budget>
            <total>1000.00</total>
        </BCME3450_row>
        <BCME3450_row>
            <objectNo>  0304 機械設備費</objectNo>
            <budget>
                <budgetno_7157050100>500.00</budgetno_7157050100>
                <budgetno_5257050400>20860.00</budgetno_5257050400>
                <budgetno_7157050200>15518.00</budgetno_7157050200>
                <budgetno_7157059800/>
            </budget>
            <total>36878.00</total>
        </BCME3450_row>
        <BCME3450_row>
            <objectNo>  0305 運輸設備費</objectNo>
            <budget>
                <budgetno_7157050100/>
                <budgetno_5257050400/>
                <budgetno_7157050200>55.00</budgetno_7157050200>
                <budgetno_7157059800/>
            </budget>
            <total>55.00</total>
        </BCME3450_row>
        <BCME3450_row>
            <objectNo>  0306 資訊軟硬體設備費</objectNo>
            <budget>
                <budgetno_7157050100/>
                <budgetno_5257050400>33062.00</budgetno_5257050400>
                <budgetno_7157050200>35205.00</budgetno_7157050200>
                <budgetno_7157059800/>
            </budget>
            <total>68267.00</total>
        </BCME3450_row>
        <BCME3450_row>
            <objectNo>  0319 雜項設備費</objectNo>
            <budget>
                <budgetno_7157050100>573.00</budgetno_7157050100>
                <budgetno_5257050400>200.00</budgetno_5257050400>
                <budgetno_7157050200>7524.00</budgetno_7157050200>
                <budgetno_7157059800/>
            </budget>
            <total>8297.00</total>
        </BCME3450_row>
        <BCME3450_row>
            <objectNo>0400 獎補助費</objectNo>
            <budget>
                <budgetno_7157050100>1418.00</budgetno_7157050100>
                <budgetno_5257050400>5025.00</budgetno_5257050400>
                <budgetno_7157050200>2790796.00</budgetno_7157050200>
                <budgetno_7157059800/>
            </budget>
            <total>2797239.00</total>
        </BCME3450_row>
        <BCME3450_row>
            <objectNo>  0403 對直轄市政府之補助</objectNo>
            <budget>
                <budgetno_7157050100/>
                <budgetno_5257050400/>
                <budgetno_7157050200>38798.00</budgetno_7157050200>
                <budgetno_7157059800/>
            </budget>
            <total>38798.00</total>
        </BCME3450_row>
        <BCME3450_row>
            <objectNo>  0410 對臺灣省各縣市之補助</objectNo>
            <budget>
                <budgetno_7157050100/>
                <budgetno_5257050400/>
                <budgetno_7157050200>36139.00</budgetno_7157050200>
                <budgetno_7157059800/>
            </budget>
            <total>36139.00</total>
        </BCME3450_row>
        <BCME3450_row>
            <objectNo>  0429 對福建省各縣之補助</objectNo>
            <budget>
                <budgetno_7157050100/>
                <budgetno_5257050400/>
                <budgetno_7157050200>589.00</budgetno_7157050200>
                <budgetno_7157059800/>
            </budget>
            <total>589.00</total>
        </BCME3450_row>
        <BCME3450_row>
            <objectNo>  0430 政府機關間之補助</objectNo>
            <budget>
                <budgetno_7157050100/>
                <budgetno_5257050400/>
                <budgetno_7157050200>1050.00</budgetno_7157050200>
                <budgetno_7157059800/>
            </budget>
            <total>1050.00</total>
        </BCME3450_row>
        <BCME3450_row>
            <objectNo>  0432 對特種基金之補助</objectNo>
            <budget>
                <budgetno_7157050100/>
                <budgetno_5257050400>1500.00</budgetno_5257050400>
                <budgetno_7157050200>769632.00</budgetno_7157050200>
                <budgetno_7157059800/>
            </budget>
            <total>771132.00</total>
        </BCME3450_row>
        <BCME3450_row>
            <objectNo>  0437 對國內團體之捐助</objectNo>
            <budget>
                <budgetno_7157050100/>
                <budgetno_5257050400>3325.00</budgetno_5257050400>
                <budgetno_7157050200>32596.00</budgetno_7157050200>
                <budgetno_7157059800/>
            </budget>
            <total>35921.00</total>
        </BCME3450_row>
        <BCME3450_row>
            <objectNo>  0438 對私校之獎助</objectNo>
            <budget>
                <budgetno_7157050100/>
                <budgetno_5257050400/>
                <budgetno_7157050200>250.00</budgetno_7157050200>
                <budgetno_7157059800/>
            </budget>
            <total>250.00</total>
        </BCME3450_row>
        <BCME3450_row>
            <objectNo>  0445 社會福利津貼及濟助</objectNo>
            <budget>
                <budgetno_7157050100/>
                <budgetno_5257050400/>
                <budgetno_7157050200>1901644.00</budgetno_7157050200>
                <budgetno_7157059800/>
            </budget>
            <total>1901644.00</total>
        </BCME3450_row>
        <BCME3450_row>
            <objectNo>  0454 差額補貼</objectNo>
            <budget>
                <budgetno_7157050100>140.00</budgetno_7157050100>
                <budgetno_5257050400/>
                <budgetno_7157050200/>
                <budgetno_7157059800/>
            </budget>
            <total>140.00</total>
        </BCME3450_row>
        <BCME3450_row>
            <objectNo>  0475 獎勵及慰問</objectNo>
            <budget>
                <budgetno_7157050100>1278.00</budgetno_7157050100>
                <budgetno_5257050400>200.00</budgetno_5257050400>
                <budgetno_7157050200>5048.00</budgetno_7157050200>
                <budgetno_7157059800/>
            </budget>
            <total>6526.00</total>
        </BCME3450_row>
        <BCME3450_row>
            <objectNo>  0476 其他補助及捐助</objectNo>
            <budget>
                <budgetno_7157050100/>
                <budgetno_5257050400/>
                <budgetno_7157050200>5050.00</budgetno_7157050200>
                <budgetno_7157059800/>
            </budget>
            <total>5050.00</total>
        </BCME3450_row>
        <BCME3450_row>
            <objectNo>0900 預備金</objectNo>
            <budget>
                <budgetno_7157050100/>
                <budgetno_5257050400/>
                <budgetno_7157050200/>
                <budgetno_7157059800>50.00</budgetno_7157059800>
            </budget>
            <total>50.00</total>
        </BCME3450_row>
        <BCME3450_row>
            <objectNo>  0901 第一預備金</objectNo>
            <budget>
                <budgetno_7157050100/>
                <budgetno_5257050400/>
                <budgetno_7157050200/>
                <budgetno_7157059800>50.00</budgetno_7157059800>
            </budget>
            <total>50.00</total>
        </BCME3450_row>
    </BCME3450>
</tables>
