<?xml version="1.0" encoding="UTF-8"?>
<Root>
    <Row>
        <款>20</款>
        <項/>
        <目/>
        <節/>
        <科目名稱>衛生福利部主管</科目名稱>
        <預算科目編號>00570000000</預算科目編號>
        <人事費>935477</人事費>
        <業務費_經>1203957</業務費_經>
        <奬補助費_經>2784576</奬補助費_經>
        <債務費>0</債務費>
        <預備金_經>50</預備金_經>
        <經常支出小計>4924060</經常支出小計>
        <業務費_資>0</業務費_資>
        <設備及投資>114568</設備及投資>
        <奬補助費_資>12663</奬補助費_資>
        <預備金_資>0</預備金_資>
        <資本支出小計>127231</資本支出小計>
        <合計>5051291</合計>
    </Row>
    <Row>
        <款/>
        <項>2</項>
        <目/>
        <節/>
        <科目名稱>疾病管制署</科目名稱>
        <預算科目編號>00570050000</預算科目編號>
        <人事費>935477</人事費>
        <業務費_經>1203957</業務費_經>
        <奬補助費_經>2784576</奬補助費_經>
        <債務費>0</債務費>
        <預備金_經>50</預備金_經>
        <經常支出小計>4924060</經常支出小計>
        <業務費_資>0</業務費_資>
        <設備及投資>114568</設備及投資>
        <奬補助費_資>12663</奬補助費_資>
        <預備金_資>0</預備金_資>
        <資本支出小計>127231</資本支出小計>
        <合計>5051291</合計>
    </Row>
    <Row>
        <款/>
        <項/>
        <目/>
        <節/>
        <科目名稱>科學支出</科目名稱>
        <預算科目編號>52570050000</預算科目編號>
        <人事費>0</人事費>
        <業務費_經>308176</業務費_經>
        <奬補助費_經>200</奬補助費_經>
        <債務費>0</債務費>
        <預備金_經>0</預備金_經>
        <經常支出小計>308376</經常支出小計>
        <業務費_資>0</業務費_資>
        <設備及投資>54122</設備及投資>
        <奬補助費_資>4825</奬補助費_資>
        <預備金_資>0</預備金_資>
        <資本支出小計>58947</資本支出小計>
        <合計>367323</合計>
    </Row>
    <Row>
        <款/>
        <項/>
        <目>1</目>
        <節/>
        <科目名稱>科技發展工作</科目名稱>
        <預算科目編號>52570050400</預算科目編號>
        <人事費>0</人事費>
        <業務費_經>308176</業務費_經>
        <奬補助費_經>200</奬補助費_經>
        <債務費>0</債務費>
        <預備金_經>0</預備金_經>
        <經常支出小計>308376</經常支出小計>
        <業務費_資>0</業務費_資>
        <設備及投資>54122</設備及投資>
        <奬補助費_資>4825</奬補助費_資>
        <預備金_資>0</預備金_資>
        <資本支出小計>58947</資本支出小計>
        <合計>367323</合計>
    </Row>
    <Row>
        <款/>
        <項/>
        <目/>
        <節/>
        <科目名稱>醫療保健支出</科目名稱>
        <預算科目編號>71570050000</預算科目編號>
        <人事費>935477</人事費>
        <業務費_經>895781</業務費_經>
        <奬補助費_經>2784376</奬補助費_經>
        <債務費>0</債務費>
        <預備金_經>50</預備金_經>
        <經常支出小計>4615684</經常支出小計>
        <業務費_資>0</業務費_資>
        <設備及投資>60446</設備及投資>
        <奬補助費_資>7838</奬補助費_資>
        <預備金_資>0</預備金_資>
        <資本支出小計>68284</資本支出小計>
        <合計>4683968</合計>
    </Row>
    <Row>
        <款/>
        <項/>
        <目>2</目>
        <節/>
        <科目名稱>一般行政</科目名稱>
        <預算科目編號>71570050100</預算科目編號>
        <人事費>935477</人事費>
        <業務費_經>28279</業務費_經>
        <奬補助費_經>1418</奬補助費_經>
        <債務費>0</債務費>
        <預備金_經>0</預備金_經>
        <經常支出小計>965174</經常支出小計>
        <業務費_資>0</業務費_資>
        <設備及投資>1073</設備及投資>
        <奬補助費_資>0</奬補助費_資>
        <預備金_資>0</預備金_資>
        <資本支出小計>1073</資本支出小計>
        <合計>966247</合計>
    </Row>
    <Row>
        <款/>
        <項/>
        <目>3</目>
        <節/>
        <科目名稱>防疫業務</科目名稱>
        <預算科目編號>71570050200</預算科目編號>
        <人事費>0</人事費>
        <業務費_經>867502</業務費_經>
        <奬補助費_經>2782958</奬補助費_經>
        <債務費>0</債務費>
        <預備金_經>0</預備金_經>
        <經常支出小計>3650460</經常支出小計>
        <業務費_資>0</業務費_資>
        <設備及投資>59373</設備及投資>
        <奬補助費_資>7838</奬補助費_資>
        <預備金_資>0</預備金_資>
        <資本支出小計>67211</資本支出小計>
        <合計>3717671</合計>
    </Row>
    <Row>
        <款/>
        <項/>
        <目>5</目>
        <節/>
        <科目名稱>第一預備金</科目名稱>
        <預算科目編號>71570059800</預算科目編號>
        <人事費>0</人事費>
        <業務費_經>0</業務費_經>
        <奬補助費_經>0</奬補助費_經>
        <債務費>0</債務費>
        <預備金_經>50</預備金_經>
        <經常支出小計>50</經常支出小計>
        <業務費_資>0</業務費_資>
        <設備及投資>0</設備及投資>
        <奬補助費_資>0</奬補助費_資>
        <預備金_資>0</預備金_資>
        <資本支出小計>0</資本支出小計>
        <合計>50</合計>
    </Row>
</Root>
