<?xml version="1.0" encoding="UTF-8"?>
<tables>
    <BCME3470>
        <BCME3470_row>
            <budgetno>00570000000</budgetno>
            <budgetname>衛生福利部主管</budgetname>
            <damt1>0.000000</damt1>
            <damt2>71.000000</damt2>
            <damt3>1000.000000</damt3>
            <damt4>36878.000000</damt4>
            <damt5>55.000000</damt5>
            <damt6>68267.000000</damt6>
            <damt7>8297.000000</damt7>
            <damt8>0.000000</damt8>
            <damt9>0.000000</damt9>
            <damt10>12663.000000</damt10>
            <damt11>127231.000000</damt11>
            <no1>20</no1>
            <no2>00</no2>
            <no3>00</no3>
            <no4>00</no4>
            <budgetno_conver>0057000000</budgetno_conver>
            <b_level>1</b_level>
        </BCME3470_row>
        <BCME3470_row>
            <budgetno>00570050000</budgetno>
            <budgetname>疾病管制署</budgetname>
            <damt1>0.000000</damt1>
            <damt2>71.000000</damt2>
            <damt3>1000.000000</damt3>
            <damt4>36878.000000</damt4>
            <damt5>55.000000</damt5>
            <damt6>68267.000000</damt6>
            <damt7>8297.000000</damt7>
            <damt8>0.000000</damt8>
            <damt9>0.000000</damt9>
            <damt10>12663.000000</damt10>
            <damt11>127231.000000</damt11>
            <no1>20</no1>
            <no2>02</no2>
            <no3>00</no3>
            <no4>00</no4>
            <budgetno_conver>0057050000</budgetno_conver>
            <b_level>2</b_level>
        </BCME3470_row>
        <BCME3470_row>
            <budgetno>52570050000</budgetno>
            <budgetname>科學支出</budgetname>
            <damt1>0.000000</damt1>
            <damt2>0.000000</damt2>
            <damt3>0.000000</damt3>
            <damt4>20860.000000</damt4>
            <damt5>0.000000</damt5>
            <damt6>33062.000000</damt6>
            <damt7>200.000000</damt7>
            <damt8>0.000000</damt8>
            <damt9>0.000000</damt9>
            <damt10>4825.000000</damt10>
            <damt11>58947.000000</damt11>
            <no1>20</no1>
            <no2/>
            <no3/>
            <no4/>
            <budgetno_conver>5257050000</budgetno_conver>
            <b_level>2</b_level>
        </BCME3470_row>
        <BCME3470_row>
            <budgetno>52570050400</budgetno>
            <budgetname>科技發展工作</budgetname>
            <damt1>0.000000</damt1>
            <damt2>0.000000</damt2>
            <damt3>0.000000</damt3>
            <damt4>20860.000000</damt4>
            <damt5>0.000000</damt5>
            <damt6>33062.000000</damt6>
            <damt7>200.000000</damt7>
            <damt8>0.000000</damt8>
            <damt9>0.000000</damt9>
            <damt10>4825.000000</damt10>
            <damt11>58947.000000</damt11>
            <no1>20</no1>
            <no2>02</no2>
            <no3>01</no3>
            <no4>00</no4>
            <budgetno_conver>5257050400</budgetno_conver>
            <b_level>3</b_level>
        </BCME3470_row>
        <BCME3470_row>
            <budgetno>71570050000</budgetno>
            <budgetname>醫療保健支出</budgetname>
            <damt1>0.000000</damt1>
            <damt2>71.000000</damt2>
            <damt3>1000.000000</damt3>
            <damt4>16018.000000</damt4>
            <damt5>55.000000</damt5>
            <damt6>35205.000000</damt6>
            <damt7>8097.000000</damt7>
            <damt8>0.000000</damt8>
            <damt9>0.000000</damt9>
            <damt10>7838.000000</damt10>
            <damt11>68284.000000</damt11>
            <no1>20</no1>
            <no2/>
            <no3/>
            <no4/>
            <budgetno_conver>7157050000</budgetno_conver>
            <b_level>2</b_level>
        </BCME3470_row>
        <BCME3470_row>
            <budgetno>71570050100</budgetno>
            <budgetname>一般行政</budgetname>
            <damt1>0.000000</damt1>
            <damt2>0.000000</damt2>
            <damt3>0.000000</damt3>
            <damt4>500.000000</damt4>
            <damt5>0.000000</damt5>
            <damt6>0.000000</damt6>
            <damt7>573.000000</damt7>
            <damt8>0.000000</damt8>
            <damt9>0.000000</damt9>
            <damt10>0.000000</damt10>
            <damt11>1073.000000</damt11>
            <no1>20</no1>
            <no2>02</no2>
            <no3>02</no3>
            <no4>00</no4>
            <budgetno_conver>7157050100</budgetno_conver>
            <b_level>3</b_level>
        </BCME3470_row>
        <BCME3470_row>
            <budgetno>71570050200</budgetno>
            <budgetname>防疫業務</budgetname>
            <damt1>0.000000</damt1>
            <damt2>71.000000</damt2>
            <damt3>1000.000000</damt3>
            <damt4>15518.000000</damt4>
            <damt5>55.000000</damt5>
            <damt6>35205.000000</damt6>
            <damt7>7524.000000</damt7>
            <damt8>0.000000</damt8>
            <damt9>0.000000</damt9>
            <damt10>7838.000000</damt10>
            <damt11>67211.000000</damt11>
            <no1>20</no1>
            <no2>02</no2>
            <no3>03</no3>
            <no4>00</no4>
            <budgetno_conver>7157050200</budgetno_conver>
            <b_level>3</b_level>
        </BCME3470_row>
    </BCME3470>
</tables>
