<?xml version="1.0" encoding="UTF-8"?>
<Root>
    <Row>
        <款>19</款>
        <項/>
        <目/>
        <節/>
        <科目名稱>衛生福利部主管</科目名稱>
        <預算科目編號>00570000000</預算科目編號>
    </Row>
    <Row>
        <款/>
        <項>2</項>
        <目/>
        <節/>
        <科目名稱>疾病管制署</科目名稱>
        <預算科目編號>00570050000</預算科目編號>
        <人事費>996394</人事費>
        <業務費_經>1190230</業務費_經>
        <奬補助費_經>3462268</奬補助費_經>
        <債務費>0</債務費>
        <預備金_經>50</預備金_經>
        <經常支出小計>5648942</經常支出小計>
        <業務費_資>0</業務費_資>
        <設備及投資>132281</設備及投資>
        <奬補助費_資>17197</奬補助費_資>
        <預備金_資>0</預備金_資>
        <資本支出小計>149478</資本支出小計>
        <合計>5798420</合計>
    </Row>
    <Row>
        <款/>
        <項/>
        <目/>
        <節/>
        <科目名稱>科學支出</科目名稱>
        <預算科目編號>52570050000</預算科目編號>
        <人事費>0</人事費>
        <業務費_經>233717</業務費_經>
        <奬補助費_經>200</奬補助費_經>
        <債務費>0</債務費>
        <預備金_經>0</預備金_經>
        <經常支出小計>233917</經常支出小計>
        <業務費_資>0</業務費_資>
        <設備及投資>65641</設備及投資>
        <奬補助費_資>5314</奬補助費_資>
        <預備金_資>0</預備金_資>
        <資本支出小計>70955</資本支出小計>
        <合計>304872</合計>
    </Row>
    <Row>
        <款/>
        <項/>
        <目>1</目>
        <節/>
        <科目名稱>科技業務</科目名稱>
        <預算科目編號>52570050400</預算科目編號>
        <人事費>0</人事費>
        <業務費_經>233717</業務費_經>
        <奬補助費_經>200</奬補助費_經>
        <債務費>0</債務費>
        <預備金_經>0</預備金_經>
        <經常支出小計>233917</經常支出小計>
        <業務費_資>0</業務費_資>
        <設備及投資>65641</設備及投資>
        <奬補助費_資>5314</奬補助費_資>
        <預備金_資>0</預備金_資>
        <資本支出小計>70955</資本支出小計>
        <合計>304872</合計>
    </Row>
    <Row>
        <款/>
        <項/>
        <目/>
        <節/>
        <科目名稱>醫療保健支出</科目名稱>
        <預算科目編號>65570050000</預算科目編號>
        <人事費>996394</人事費>
        <業務費_經>956513</業務費_經>
        <奬補助費_經>3462068</奬補助費_經>
        <債務費>0</債務費>
        <預備金_經>50</預備金_經>
        <經常支出小計>5415025</經常支出小計>
        <業務費_資>0</業務費_資>
        <設備及投資>66640</設備及投資>
        <奬補助費_資>11883</奬補助費_資>
        <預備金_資>0</預備金_資>
        <資本支出小計>78523</資本支出小計>
        <合計>5493548</合計>
    </Row>
    <Row>
        <款/>
        <項/>
        <目>2</目>
        <節/>
        <科目名稱>一般行政</科目名稱>
        <預算科目編號>65570050100</預算科目編號>
        <人事費>996394</人事費>
        <業務費_經>29308</業務費_經>
        <奬補助費_經>1424</奬補助費_經>
        <債務費>0</債務費>
        <預備金_經>0</預備金_經>
        <經常支出小計>1027126</經常支出小計>
        <業務費_資>0</業務費_資>
        <設備及投資>1862</設備及投資>
        <奬補助費_資>0</奬補助費_資>
        <預備金_資>0</預備金_資>
        <資本支出小計>1862</資本支出小計>
        <合計>1028988</合計>
    </Row>
    <Row>
        <款/>
        <項/>
        <目>3</目>
        <節/>
        <科目名稱>防疫業務</科目名稱>
        <預算科目編號>65570050200</預算科目編號>
        <人事費>0</人事費>
        <業務費_經>927205</業務費_經>
        <奬補助費_經>3460644</奬補助費_經>
        <債務費>0</債務費>
        <預備金_經>0</預備金_經>
        <經常支出小計>4387849</經常支出小計>
        <業務費_資>0</業務費_資>
        <設備及投資>64778</設備及投資>
        <奬補助費_資>11883</奬補助費_資>
        <預備金_資>0</預備金_資>
        <資本支出小計>76661</資本支出小計>
        <合計>4464510</合計>
    </Row>
    <Row>
        <款/>
        <項/>
        <目>4</目>
        <節/>
        <科目名稱>第一預備金</科目名稱>
        <預算科目編號>65570059800</預算科目編號>
        <人事費>0</人事費>
        <業務費_經>0</業務費_經>
        <奬補助費_經>0</奬補助費_經>
        <債務費>0</債務費>
        <預備金_經>50</預備金_經>
        <經常支出小計>50</經常支出小計>
        <業務費_資>0</業務費_資>
        <設備及投資>0</設備及投資>
        <奬補助費_資>0</奬補助費_資>
        <預備金_資>0</預備金_資>
        <資本支出小計>0</資本支出小計>
        <合計>50</合計>
    </Row>
</Root>
