<?xml version="1.0" encoding="UTF-8"?>
<tables>
    <BCME3450>
        <BCME3450_row>
            <objectNo>合計</objectNo>
            <budget>
                <budgetno_6557050100>1028988.00</budgetno_6557050100>
                <budgetno_5257050400>304872.00</budgetno_5257050400>
                <budgetno_6557050200>4464510.00</budgetno_6557050200>
                <budgetno_6557059800>50.00</budgetno_6557059800>
            </budget>
            <total>5798420.00</total>
        </BCME3450_row>
        <BCME3450_row>
            <objectNo>1000 人事費</objectNo>
            <budget>
                <budgetno_6557050100>996394.00</budgetno_6557050100>
                <budgetno_5257050400/>
                <budgetno_6557050200/>
                <budgetno_6557059800/>
            </budget>
            <total>996394.00</total>
        </BCME3450_row>
        <BCME3450_row>
            <objectNo>  1015 法定編制人員待遇</objectNo>
            <budget>
                <budgetno_6557050100>625072.00</budgetno_6557050100>
                <budgetno_5257050400/>
                <budgetno_6557050200/>
                <budgetno_6557059800/>
            </budget>
            <total>625072.00</total>
        </BCME3450_row>
        <BCME3450_row>
            <objectNo>  1020 約聘僱人員待遇</objectNo>
            <budget>
                <budgetno_6557050100>2524.00</budgetno_6557050100>
                <budgetno_5257050400/>
                <budgetno_6557050200/>
                <budgetno_6557059800/>
            </budget>
            <total>2524.00</total>
        </BCME3450_row>
        <BCME3450_row>
            <objectNo>  1025 技工及工友待遇</objectNo>
            <budget>
                <budgetno_6557050100>25917.00</budgetno_6557050100>
                <budgetno_5257050400/>
                <budgetno_6557050200/>
                <budgetno_6557059800/>
            </budget>
            <total>25917.00</total>
        </BCME3450_row>
        <BCME3450_row>
            <objectNo>  1030 獎金</objectNo>
            <budget>
                <budgetno_6557050100>186060.00</budgetno_6557050100>
                <budgetno_5257050400/>
                <budgetno_6557050200/>
                <budgetno_6557059800/>
            </budget>
            <total>186060.00</total>
        </BCME3450_row>
        <BCME3450_row>
            <objectNo>  1035 其他給與</objectNo>
            <budget>
                <budgetno_6557050100>14156.00</budgetno_6557050100>
                <budgetno_5257050400/>
                <budgetno_6557050200/>
                <budgetno_6557059800/>
            </budget>
            <total>14156.00</total>
        </BCME3450_row>
        <BCME3450_row>
            <objectNo>  1040 加班值班費</objectNo>
            <budget>
                <budgetno_6557050100>27920.00</budgetno_6557050100>
                <budgetno_5257050400/>
                <budgetno_6557050200/>
                <budgetno_6557059800/>
            </budget>
            <total>27920.00</total>
        </BCME3450_row>
        <BCME3450_row>
            <objectNo>  1045 退休退職給付</objectNo>
            <budget>
                <budgetno_6557050100>2763.00</budgetno_6557050100>
                <budgetno_5257050400/>
                <budgetno_6557050200/>
                <budgetno_6557059800/>
            </budget>
            <total>2763.00</total>
        </BCME3450_row>
        <BCME3450_row>
            <objectNo>  1050 退休離職儲金</objectNo>
            <budget>
                <budgetno_6557050100>55005.00</budgetno_6557050100>
                <budgetno_5257050400/>
                <budgetno_6557050200/>
                <budgetno_6557059800/>
            </budget>
            <total>55005.00</total>
        </BCME3450_row>
        <BCME3450_row>
            <objectNo>  1055 保險</objectNo>
            <budget>
                <budgetno_6557050100>56977.00</budgetno_6557050100>
                <budgetno_5257050400/>
                <budgetno_6557050200/>
                <budgetno_6557059800/>
            </budget>
            <total>56977.00</total>
        </BCME3450_row>
        <BCME3450_row>
            <objectNo>2000 業務費</objectNo>
            <budget>
                <budgetno_6557050100>29308.00</budgetno_6557050100>
                <budgetno_5257050400>233717.00</budgetno_5257050400>
                <budgetno_6557050200>927205.00</budgetno_6557050200>
                <budgetno_6557059800/>
            </budget>
            <total>1190230.00</total>
        </BCME3450_row>
        <BCME3450_row>
            <objectNo>  2003 教育訓練費</objectNo>
            <budget>
                <budgetno_6557050100>215.00</budgetno_6557050100>
                <budgetno_5257050400>1725.00</budgetno_5257050400>
                <budgetno_6557050200>3884.00</budgetno_6557050200>
                <budgetno_6557059800/>
            </budget>
            <total>5824.00</total>
        </BCME3450_row>
        <BCME3450_row>
            <objectNo>  2006 水電費</objectNo>
            <budget>
                <budgetno_6557050100>4500.00</budgetno_6557050100>
                <budgetno_5257050400>4885.00</budgetno_5257050400>
                <budgetno_6557050200>24153.00</budgetno_6557050200>
                <budgetno_6557059800/>
            </budget>
            <total>33538.00</total>
        </BCME3450_row>
        <BCME3450_row>
            <objectNo>  2009 通訊費</objectNo>
            <budget>
                <budgetno_6557050100>1000.00</budgetno_6557050100>
                <budgetno_5257050400>2690.00</budgetno_5257050400>
                <budgetno_6557050200>8622.00</budgetno_6557050200>
                <budgetno_6557059800/>
            </budget>
            <total>12312.00</total>
        </BCME3450_row>
        <BCME3450_row>
            <objectNo>  2012 土地租金</objectNo>
            <budget>
                <budgetno_6557050100/>
                <budgetno_5257050400/>
                <budgetno_6557050200>3964.00</budgetno_6557050200>
                <budgetno_6557059800/>
            </budget>
            <total>3964.00</total>
        </BCME3450_row>
        <BCME3450_row>
            <objectNo>  2015 權利使用費</objectNo>
            <budget>
                <budgetno_6557050100/>
                <budgetno_5257050400>50.00</budgetno_5257050400>
                <budgetno_6557050200>60.00</budgetno_6557050200>
                <budgetno_6557059800/>
            </budget>
            <total>110.00</total>
        </BCME3450_row>
        <BCME3450_row>
            <objectNo>  2018 資訊服務費</objectNo>
            <budget>
                <budgetno_6557050100/>
                <budgetno_5257050400>23119.00</budgetno_5257050400>
                <budgetno_6557050200>14041.00</budgetno_6557050200>
                <budgetno_6557059800/>
            </budget>
            <total>37160.00</total>
        </BCME3450_row>
        <BCME3450_row>
            <objectNo>  2021 其他業務租金</objectNo>
            <budget>
                <budgetno_6557050100>543.00</budgetno_6557050100>
                <budgetno_5257050400>340.00</budgetno_5257050400>
                <budgetno_6557050200>16739.00</budgetno_6557050200>
                <budgetno_6557059800/>
            </budget>
            <total>17622.00</total>
        </BCME3450_row>
        <BCME3450_row>
            <objectNo>  2024 稅捐及規費</objectNo>
            <budget>
                <budgetno_6557050100>962.00</budgetno_6557050100>
                <budgetno_5257050400/>
                <budgetno_6557050200>97.00</budgetno_6557050200>
                <budgetno_6557059800/>
            </budget>
            <total>1059.00</total>
        </BCME3450_row>
        <BCME3450_row>
            <objectNo>  2027 保險費</objectNo>
            <budget>
                <budgetno_6557050100>124.00</budgetno_6557050100>
                <budgetno_5257050400>117.00</budgetno_5257050400>
                <budgetno_6557050200>306.00</budgetno_6557050200>
                <budgetno_6557059800/>
            </budget>
            <total>547.00</total>
        </BCME3450_row>
        <BCME3450_row>
            <objectNo>  2030 兼職費</objectNo>
            <budget>
                <budgetno_6557050100/>
                <budgetno_5257050400/>
                <budgetno_6557050200>5760.00</budgetno_6557050200>
                <budgetno_6557059800/>
            </budget>
            <total>5760.00</total>
        </BCME3450_row>
        <BCME3450_row>
            <objectNo>  2033 臨時人員酬金</objectNo>
            <budget>
                <budgetno_6557050100>3053.00</budgetno_6557050100>
                <budgetno_5257050400>33192.00</budgetno_5257050400>
                <budgetno_6557050200>30485.00</budgetno_6557050200>
                <budgetno_6557059800/>
            </budget>
            <total>66730.00</total>
        </BCME3450_row>
        <BCME3450_row>
            <objectNo>  2036 按日按件計資酬金</objectNo>
            <budget>
                <budgetno_6557050100>507.00</budgetno_6557050100>
                <budgetno_5257050400>1797.00</budgetno_5257050400>
                <budgetno_6557050200>9911.00</budgetno_6557050200>
                <budgetno_6557059800/>
            </budget>
            <total>12215.00</total>
        </BCME3450_row>
        <BCME3450_row>
            <objectNo>  2039 委辦費</objectNo>
            <budget>
                <budgetno_6557050100/>
                <budgetno_5257050400>103329.00</budgetno_5257050400>
                <budgetno_6557050200>193456.00</budgetno_6557050200>
                <budgetno_6557059800/>
            </budget>
            <total>296785.00</total>
        </BCME3450_row>
        <BCME3450_row>
            <objectNo>  2042 國際組織會費</objectNo>
            <budget>
                <budgetno_6557050100/>
                <budgetno_5257050400/>
                <budgetno_6557050200>70.00</budgetno_6557050200>
                <budgetno_6557059800/>
            </budget>
            <total>70.00</total>
        </BCME3450_row>
        <BCME3450_row>
            <objectNo>  2045 國內組織會費</objectNo>
            <budget>
                <budgetno_6557050100/>
                <budgetno_5257050400>25.00</budgetno_5257050400>
                <budgetno_6557050200>1191.00</budgetno_6557050200>
                <budgetno_6557059800/>
            </budget>
            <total>1216.00</total>
        </BCME3450_row>
        <BCME3450_row>
            <objectNo>  2051 物品</objectNo>
            <budget>
                <budgetno_6557050100>1267.00</budgetno_6557050100>
                <budgetno_5257050400>46781.00</budgetno_5257050400>
                <budgetno_6557050200>480733.00</budgetno_6557050200>
                <budgetno_6557059800/>
            </budget>
            <total>528781.00</total>
        </BCME3450_row>
        <BCME3450_row>
            <objectNo>  2054 一般事務費</objectNo>
            <budget>
                <budgetno_6557050100>13421.00</budgetno_6557050100>
                <budgetno_5257050400>10552.00</budgetno_5257050400>
                <budgetno_6557050200>85449.00</budgetno_6557050200>
                <budgetno_6557059800/>
            </budget>
            <total>109422.00</total>
        </BCME3450_row>
        <BCME3450_row>
            <objectNo>  2063 房屋建築養護費</objectNo>
            <budget>
                <budgetno_6557050100>1100.00</budgetno_6557050100>
                <budgetno_5257050400/>
                <budgetno_6557050200>7625.00</budgetno_6557050200>
                <budgetno_6557059800/>
            </budget>
            <total>8725.00</total>
        </BCME3450_row>
        <BCME3450_row>
            <objectNo>  2066 車輛及辦公器具養護費</objectNo>
            <budget>
                <budgetno_6557050100>265.00</budgetno_6557050100>
                <budgetno_5257050400/>
                <budgetno_6557050200>1583.00</budgetno_6557050200>
                <budgetno_6557059800/>
            </budget>
            <total>1848.00</total>
        </BCME3450_row>
        <BCME3450_row>
            <objectNo>  2069 設施及機械設備養護費</objectNo>
            <budget>
                <budgetno_6557050100>1819.00</budgetno_6557050100>
                <budgetno_5257050400>3435.00</budgetno_5257050400>
                <budgetno_6557050200>23631.00</budgetno_6557050200>
                <budgetno_6557059800/>
            </budget>
            <total>28885.00</total>
        </BCME3450_row>
        <BCME3450_row>
            <objectNo>  2072 國內旅費</objectNo>
            <budget>
                <budgetno_6557050100>340.00</budgetno_6557050100>
                <budgetno_5257050400>1180.00</budgetno_5257050400>
                <budgetno_6557050200>9811.00</budgetno_6557050200>
                <budgetno_6557059800/>
            </budget>
            <total>11331.00</total>
        </BCME3450_row>
        <BCME3450_row>
            <objectNo>  2075 大陸地區旅費</objectNo>
            <budget>
                <budgetno_6557050100/>
                <budgetno_5257050400/>
                <budgetno_6557050200>227.00</budgetno_6557050200>
                <budgetno_6557059800/>
            </budget>
            <total>227.00</total>
        </BCME3450_row>
        <BCME3450_row>
            <objectNo>  2078 國外旅費</objectNo>
            <budget>
                <budgetno_6557050100/>
                <budgetno_5257050400/>
                <budgetno_6557050200>2655.00</budgetno_6557050200>
                <budgetno_6557059800/>
            </budget>
            <total>2655.00</total>
        </BCME3450_row>
        <BCME3450_row>
            <objectNo>  2081 運費</objectNo>
            <budget>
                <budgetno_6557050100>24.00</budgetno_6557050100>
                <budgetno_5257050400>480.00</budgetno_5257050400>
                <budgetno_6557050200>2458.00</budgetno_6557050200>
                <budgetno_6557059800/>
            </budget>
            <total>2962.00</total>
        </BCME3450_row>
        <BCME3450_row>
            <objectNo>  2084 短程車資</objectNo>
            <budget>
                <budgetno_6557050100>10.00</budgetno_6557050100>
                <budgetno_5257050400>20.00</budgetno_5257050400>
                <budgetno_6557050200>294.00</budgetno_6557050200>
                <budgetno_6557059800/>
            </budget>
            <total>324.00</total>
        </BCME3450_row>
        <BCME3450_row>
            <objectNo>  2093 特別費</objectNo>
            <budget>
                <budgetno_6557050100>158.00</budgetno_6557050100>
                <budgetno_5257050400/>
                <budgetno_6557050200/>
                <budgetno_6557059800/>
            </budget>
            <total>158.00</total>
        </BCME3450_row>
        <BCME3450_row>
            <objectNo>3000 設備及投資</objectNo>
            <budget>
                <budgetno_6557050100>1862.00</budgetno_6557050100>
                <budgetno_5257050400>65641.00</budgetno_5257050400>
                <budgetno_6557050200>64778.00</budgetno_6557050200>
                <budgetno_6557059800/>
            </budget>
            <total>132281.00</total>
        </BCME3450_row>
        <BCME3450_row>
            <objectNo>  3020 機械設備費</objectNo>
            <budget>
                <budgetno_6557050100/>
                <budgetno_5257050400>5450.00</budgetno_5257050400>
                <budgetno_6557050200>19258.00</budgetno_6557050200>
                <budgetno_6557059800/>
            </budget>
            <total>24708.00</total>
        </BCME3450_row>
        <BCME3450_row>
            <objectNo>  3030 資訊軟硬體設備費</objectNo>
            <budget>
                <budgetno_6557050100/>
                <budgetno_5257050400>60011.00</budgetno_5257050400>
                <budgetno_6557050200>39081.00</budgetno_6557050200>
                <budgetno_6557059800/>
            </budget>
            <total>99092.00</total>
        </BCME3450_row>
        <BCME3450_row>
            <objectNo>  3035 雜項設備費</objectNo>
            <budget>
                <budgetno_6557050100>1862.00</budgetno_6557050100>
                <budgetno_5257050400>180.00</budgetno_5257050400>
                <budgetno_6557050200>6439.00</budgetno_6557050200>
                <budgetno_6557059800/>
            </budget>
            <total>8481.00</total>
        </BCME3450_row>
        <BCME3450_row>
            <objectNo>4000 獎補助費</objectNo>
            <budget>
                <budgetno_6557050100>1424.00</budgetno_6557050100>
                <budgetno_5257050400>5514.00</budgetno_5257050400>
                <budgetno_6557050200>3472527.00</budgetno_6557050200>
                <budgetno_6557059800/>
            </budget>
            <total>3479465.00</total>
        </BCME3450_row>
        <BCME3450_row>
            <objectNo>  4005 對直轄市政府之補助</objectNo>
            <budget>
                <budgetno_6557050100/>
                <budgetno_5257050400/>
                <budgetno_6557050200>47153.00</budgetno_6557050200>
                <budgetno_6557059800/>
            </budget>
            <total>47153.00</total>
        </BCME3450_row>
        <BCME3450_row>
            <objectNo>  4010 對臺灣省各縣市之補助</objectNo>
            <budget>
                <budgetno_6557050100/>
                <budgetno_5257050400/>
                <budgetno_6557050200>59441.00</budgetno_6557050200>
                <budgetno_6557059800/>
            </budget>
            <total>59441.00</total>
        </BCME3450_row>
        <BCME3450_row>
            <objectNo>  4015 對福建省各縣之補助</objectNo>
            <budget>
                <budgetno_6557050100/>
                <budgetno_5257050400/>
                <budgetno_6557050200>600.00</budgetno_6557050200>
                <budgetno_6557059800/>
            </budget>
            <total>600.00</total>
        </BCME3450_row>
        <BCME3450_row>
            <objectNo>  4025 政府機關間之補助</objectNo>
            <budget>
                <budgetno_6557050100/>
                <budgetno_5257050400/>
                <budgetno_6557050200>2705.00</budgetno_6557050200>
                <budgetno_6557059800/>
            </budget>
            <total>2705.00</total>
        </BCME3450_row>
        <BCME3450_row>
            <objectNo>  4030 對特種基金之補助</objectNo>
            <budget>
                <budgetno_6557050100/>
                <budgetno_5257050400>2390.00</budgetno_5257050400>
                <budgetno_6557050200>1059484.00</budgetno_6557050200>
                <budgetno_6557059800/>
            </budget>
            <total>1061874.00</total>
        </BCME3450_row>
        <BCME3450_row>
            <objectNo>  4040 對國內團體之捐助</objectNo>
            <budget>
                <budgetno_6557050100/>
                <budgetno_5257050400>2924.00</budgetno_5257050400>
                <budgetno_6557050200>21215.00</budgetno_6557050200>
                <budgetno_6557059800/>
            </budget>
            <total>24139.00</total>
        </BCME3450_row>
        <BCME3450_row>
            <objectNo>  4045 對私校之獎助</objectNo>
            <budget>
                <budgetno_6557050100/>
                <budgetno_5257050400/>
                <budgetno_6557050200>200.00</budgetno_6557050200>
                <budgetno_6557059800/>
            </budget>
            <total>200.00</total>
        </BCME3450_row>
        <BCME3450_row>
            <objectNo>  4065 社會福利津貼及濟助</objectNo>
            <budget>
                <budgetno_6557050100/>
                <budgetno_5257050400/>
                <budgetno_6557050200>2277386.00</budgetno_6557050200>
                <budgetno_6557059800/>
            </budget>
            <total>2277386.00</total>
        </BCME3450_row>
        <BCME3450_row>
            <objectNo>  4075 差額補貼</objectNo>
            <budget>
                <budgetno_6557050100>152.00</budgetno_6557050100>
                <budgetno_5257050400/>
                <budgetno_6557050200/>
                <budgetno_6557059800/>
            </budget>
            <total>152.00</total>
        </BCME3450_row>
        <BCME3450_row>
            <objectNo>  4085 獎勵及慰問</objectNo>
            <budget>
                <budgetno_6557050100>1272.00</budgetno_6557050100>
                <budgetno_5257050400>200.00</budgetno_5257050400>
                <budgetno_6557050200>4133.00</budgetno_6557050200>
                <budgetno_6557059800/>
            </budget>
            <total>5605.00</total>
        </BCME3450_row>
        <BCME3450_row>
            <objectNo>  4090 其他補助及捐助</objectNo>
            <budget>
                <budgetno_6557050100/>
                <budgetno_5257050400/>
                <budgetno_6557050200>210.00</budgetno_6557050200>
                <budgetno_6557059800/>
            </budget>
            <total>210.00</total>
        </BCME3450_row>
        <BCME3450_row>
            <objectNo>6000 預備金</objectNo>
            <budget>
                <budgetno_6557050100/>
                <budgetno_5257050400/>
                <budgetno_6557050200/>
                <budgetno_6557059800>50.00</budgetno_6557059800>
            </budget>
            <total>50.00</total>
        </BCME3450_row>
        <BCME3450_row>
            <objectNo>  6005 第一預備金</objectNo>
            <budget>
                <budgetno_6557050100/>
                <budgetno_5257050400/>
                <budgetno_6557050200/>
                <budgetno_6557059800>50.00</budgetno_6557059800>
            </budget>
            <total>50.00</total>
        </BCME3450_row>
    </BCME3450>
</tables>
