﻿name,title
職能別分類經濟性分類,職能別分類經濟性分類
受僱人員報酬,受僱人員報酬
商品及勞務購買支出,商品及勞務購買支出
債務利息,債務利息
土地租金支出,土地租金支出
對企業_經,對企業_經常門
對家庭及民間非營利機構_經,對家庭及民間非營利機構_經常門
對政府_經,對政府_經常門
對國外_經,對國外_經常門
小計_經,小計_經常門
對營業基金,對營業基金
對非營業特種基金,對非營業特種基金
對民間企業,對民間企業
對企業_資,對企業_資本門
對家庭及民間非營利機構_資,對家庭及民間非營利機構_資本門
對政府_資,對政府_資本門
對國外_資,對國外_資本門
土地購入,土地購入
無形資產購入,無形資產購入
住宅,住宅
非住宅房屋,非住宅房屋
營建工程,營建工程
運輸工具,運輸工具
資訊軟體,資訊軟體
機器及其他設備,機器及其他設備
土地改良,土地改良
小計_資,小計_資本門
總計,總計