<?xml version="1.0" encoding="UTF-8"?>
<GenericData>
　　<Header>
　　　　<Table Id="FNGBWORKR" Name="基金來源、用途及餘絀預計表" Domain="NBA" />
　　　　<Program Id="NBAGBR040_A" />
　　　　<Sender Name="預防接種受害救濟基金" />
　　　　<報表名稱>基金來源、用途及餘絀預計表</報表名稱>
　　　　<年度>105</年度>
　　　　<基金>預防接種受害救濟基金</基金>
　　　　<階段>預算案</階段>
　　　　<版本>1</版本>
　　　　<單位>新臺幣千元</單位>
　　</Header>
　　<DataSet>
　　　　<ROW>
　　　　　　<SEQNO>1</SEQNO>
　　　　　　<LEVEL>1</LEVEL>
　　　　　　<BOLD>1</BOLD>
　　　　　　<前年度決算數>18235</前年度決算數>
　　　　　　<項目>基金來源</項目>
　　　　　　<本年度預算數>18059</本年度預算數>
　　　　　　<上年度預算數>18053</上年度預算數>
　　　　　　<比較增減>6</比較增減>
　　　　</ROW>
　　　　<ROW>
　　　　　　<SEQNO>2</SEQNO>
　　　　　　<LEVEL>2</LEVEL>
　　　　　　<BOLD>0</BOLD>
　　　　　　<前年度決算數>16970</前年度決算數>
　　　　　　<項目>徵收及依法分配收入</項目>
　　　　　　<本年度預算數>16800</本年度預算數>
　　　　　　<上年度預算數>16800</上年度預算數>
　　　　　　<比較增減>0</比較增減>
　　　　</ROW>
　　　　<ROW>
　　　　　　<SEQNO>3</SEQNO>
　　　　　　<LEVEL>3</LEVEL>
　　　　　　<BOLD>0</BOLD>
　　　　　　<前年度決算數>3</前年度決算數>
　　　　　　<項目>違規罰款收入</項目>
　　　　　　<本年度預算數>0</本年度預算數>
　　　　　　<上年度預算數>0</上年度預算數>
　　　　　　<比較增減>0</比較增減>
　　　　</ROW>
　　　　<ROW>
　　　　　　<SEQNO>4</SEQNO>
　　　　　　<LEVEL>3</LEVEL>
　　　　　　<BOLD>0</BOLD>
　　　　　　<前年度決算數>16968</前年度決算數>
　　　　　　<項目>醫療衛生救濟提撥收入</項目>
　　　　　　<本年度預算數>16800</本年度預算數>
　　　　　　<上年度預算數>16800</上年度預算數>
　　　　　　<比較增減>0</比較增減>
　　　　</ROW>
　　　　<ROW>
　　　　　　<SEQNO>5</SEQNO>
　　　　　　<LEVEL>2</LEVEL>
　　　　　　<BOLD>0</BOLD>
　　　　　　<前年度決算數>1259</前年度決算數>
　　　　　　<項目>財產收入</項目>
　　　　　　<本年度預算數>1259</本年度預算數>
　　　　　　<上年度預算數>1253</上年度預算數>
　　　　　　<比較增減>6</比較增減>
　　　　</ROW>
　　　　<ROW>
　　　　　　<SEQNO>6</SEQNO>
　　　　　　<LEVEL>3</LEVEL>
　　　　　　<BOLD>0</BOLD>
　　　　　　<前年度決算數>1259</前年度決算數>
　　　　　　<項目>利息收入</項目>
　　　　　　<本年度預算數>1259</本年度預算數>
　　　　　　<上年度預算數>1253</上年度預算數>
　　　　　　<比較增減>6</比較增減>
　　　　</ROW>
　　　　<ROW>
　　　　　　<SEQNO>7</SEQNO>
　　　　　　<LEVEL>2</LEVEL>
　　　　　　<BOLD>0</BOLD>
　　　　　　<前年度決算數>6</前年度決算數>
　　　　　　<項目>其他收入</項目>
　　　　　　<本年度預算數>0</本年度預算數>
　　　　　　<上年度預算數>0</上年度預算數>
　　　　　　<比較增減>0</比較增減>
　　　　</ROW>
　　　　<ROW>
　　　　　　<SEQNO>8</SEQNO>
　　　　　　<LEVEL>3</LEVEL>
　　　　　　<BOLD>0</BOLD>
　　　　　　<前年度決算數>6</前年度決算數>
　　　　　　<項目>雜項收入</項目>
　　　　　　<本年度預算數>0</本年度預算數>
　　　　　　<上年度預算數>0</上年度預算數>
　　　　　　<比較增減>0</比較增減>
　　　　</ROW>
　　　　<ROW>
　　　　　　<SEQNO>9</SEQNO>
　　　　　　<LEVEL>1</LEVEL>
　　　　　　<BOLD>1</BOLD>
　　　　　　<前年度決算數>15552</前年度決算數>
　　　　　　<項目>基金用途</項目>
　　　　　　<本年度預算數>17020</本年度預算數>
　　　　　　<上年度預算數>16555</上年度預算數>
　　　　　　<比較增減>465</比較增減>
　　　　</ROW>
　　　　<ROW>
　　　　　　<SEQNO>10</SEQNO>
　　　　　　<LEVEL>2</LEVEL>
　　　　　　<BOLD>0</BOLD>
　　　　　　<前年度決算數>9560</前年度決算數>
　　　　　　<項目>預防接種受害救濟給付計畫</項目>
　　　　　　<本年度預算數>10150</本年度預算數>
　　　　　　<上年度預算數>10150</上年度預算數>
　　　　　　<比較增減>0</比較增減>
　　　　</ROW>
　　　　<ROW>
　　　　　　<SEQNO>11</SEQNO>
　　　　　　<LEVEL>2</LEVEL>
　　　　　　<BOLD>0</BOLD>
　　　　　　<前年度決算數>5672</前年度決算數>
　　　　　　<項目>一般行政管理計畫</項目>
　　　　　　<本年度預算數>6838</本年度預算數>
　　　　　　<上年度預算數>6373</上年度預算數>
　　　　　　<比較增減>465</比較增減>
　　　　</ROW>
　　　　<ROW>
　　　　　　<SEQNO>12</SEQNO>
　　　　　　<LEVEL>2</LEVEL>
　　　　　　<BOLD>0</BOLD>
　　　　　　<前年度決算數>320</前年度決算數>
　　　　　　<項目>一般建築及設備計畫</項目>
　　　　　　<本年度預算數>32</本年度預算數>
　　　　　　<上年度預算數>32</上年度預算數>
　　　　　　<比較增減>0</比較增減>
　　　　</ROW>
　　　　<ROW>
　　　　　　<SEQNO>13</SEQNO>
　　　　　　<LEVEL>1</LEVEL>
　　　　　　<BOLD>1</BOLD>
　　　　　　<前年度決算數>2683</前年度決算數>
　　　　　　<項目>本期賸餘(短絀-)</項目>
　　　　　　<本年度預算數>1039</本年度預算數>
　　　　　　<上年度預算數>1498</上年度預算數>
　　　　　　<比較增減>-459</比較增減>
　　　　</ROW>
　　　　<ROW>
　　　　　　<SEQNO>14</SEQNO>
　　　　　　<LEVEL>1</LEVEL>
　　　　　　<BOLD>1</BOLD>
　　　　　　<前年度決算數>163429</前年度決算數>
　　　　　　<項目>期初基金餘額</項目>
　　　　　　<本年度預算數>167610</本年度預算數>
　　　　　　<上年度預算數>163658</上年度預算數>
　　　　　　<比較增減>3952</比較增減>
　　　　</ROW>
　　　　<ROW>
　　　　　　<SEQNO>15</SEQNO>
　　　　　　<LEVEL>1</LEVEL>
　　　　　　<BOLD>1</BOLD>
　　　　　　<前年度決算數>0</前年度決算數>
　　　　　　<項目>解繳國庫</項目>
　　　　　　<本年度預算數>0</本年度預算數>
　　　　　　<上年度預算數>0</上年度預算數>
　　　　　　<比較增減>0</比較增減>
　　　　</ROW>
　　　　<ROW>
　　　　　　<SEQNO>16</SEQNO>
　　　　　　<LEVEL>1</LEVEL>
　　　　　　<BOLD>1</BOLD>
　　　　　　<前年度決算數>166112</前年度決算數>
　　　　　　<項目>期末基金餘額</項目>
　　　　　　<本年度預算數>168649</本年度預算數>
　　　　　　<上年度預算數>165156</上年度預算數>
　　　　　　<比較增減>3493</比較增減>
　　　　</ROW>
　　　　<COMM />
　　</DataSet>
</GenericData>

