<?xml version="1.0" encoding="UTF-8"?>
<GenericData>
　　<Header>
　　　　<Table Id="fngbworkr" Name="基金來源明細" Domain="NBA" />
　　　　<Program Id="NBAGBR080_A" />
　　　　<Sender Name="預防接種受害救濟基金" />
　　　　<報表名稱>基金來源明細</報表名稱>
　　　　<年度>105</年度>
　　　　<基金>預防接種受害救濟基金</基金>
　　　　<階段>預算案</階段>
　　　　<版本>1</版本>
　　　　<單位>新臺幣千元</單位>
　　</Header>
　　<DataSet>
　　　　<ROW>
　　　　　　<SEQNO>1</SEQNO>
　　　　　　<LEVEL>2</LEVEL>
　　　　　　<BOLD>1</BOLD>
　　　　　　<科目及業務項目>徵收及依法分配收入</科目及業務項目>
　　　　　　<單位 />
　　　　　　<預算數-數量>-</預算數-數量>
　　　　　　<預算數-利率>-</預算數-利率>
　　　　　　<預算數-金額>16800.00</預算數-金額>
　　　　　　<說明 />
　　　　</ROW>
　　　　<ROW>
　　　　　　<SEQNO>2</SEQNO>
　　　　　　<LEVEL>3</LEVEL>
　　　　　　<BOLD>0</BOLD>
　　　　　　<科目及業務項目>醫療衛生救濟提撥收入</科目及業務項目>
　　　　　　<單位 />
　　　　　　<預算數-數量>11200000.00</預算數-數量>
　　　　　　<預算數-利率>1.50</預算數-利率>
　　　　　　<預算數-金額>16800.00</預算數-金額>
　　　　　　<說明>依據傳染病防治法第30條第3項規定，中央主管機關應於疫苗檢驗合格封緘時，徵收一定金額充作預防接種受害救濟基金;依疫苗檢驗合格封緘之劑數按劑計算，每1人劑疫苗徵收新臺幣1.5元計算繳納預防接種受害救濟基金，預計本年度徵收16,800千元。</說明>
　　　　</ROW>
　　　　<ROW>
　　　　　　<SEQNO>3</SEQNO>
　　　　　　<LEVEL>2</LEVEL>
　　　　　　<BOLD>1</BOLD>
　　　　　　<科目及業務項目>財產收入</科目及業務項目>
　　　　　　<單位 />
　　　　　　<預算數-數量>-</預算數-數量>
　　　　　　<預算數-利率>-</預算數-利率>
　　　　　　<預算數-金額>1259.00</預算數-金額>
　　　　　　<說明 />
　　　　</ROW>
　　　　<ROW>
　　　　　　<SEQNO>4</SEQNO>
　　　　　　<LEVEL>3</LEVEL>
　　　　　　<BOLD>0</BOLD>
　　　　　　<科目及業務項目>利息收入</科目及業務項目>
　　　　　　<單位 />
　　　　　　<預算數-數量>-</預算數-數量>
　　　　　　<預算數-利率>-</預算數-利率>
　　　　　　<預算數-金額>1259.00</預算數-金額>
　　　　　　<說明>預估平均存款額度166,176千元：
1.平均活期存款11,176千元，年利率0.17%，利息收入19千元。
2.平均定期存款155,000千元，年利率0.8%，利息收入1,240千元。</說明>
　　　　</ROW>
　　　　<ROW>
　　　　　　<SEQNO>5</SEQNO>
　　　　　　<LEVEL>1</LEVEL>
　　　　　　<BOLD>1</BOLD>
　　　　　　<科目及業務項目>總計</科目及業務項目>
　　　　　　<單位 />
　　　　　　<預算數-數量 />
　　　　　　<預算數-利率 />
　　　　　　<預算數-金額>18059.00</預算數-金額>
　　　　　　<說明 />
　　　　</ROW>
　　</DataSet>
</GenericData>

