<?xml version="1.0" encoding="UTF-8"?>
<GenericData>
　　<Header>
　　　　<Table Id="fngbcostanlyz" Name="單位成本分析表" Domain="NBA" />
　　　　<Program Id="NBAGBR100_A" />
　　　　<Sender Name="預防接種受害救濟基金" />
　　　　<報表名稱>單位成本分析表</報表名稱>
　　　　<年度>105</年度>
　　　　<基金>預防接種受害救濟基金</基金>
　　　　<階段>預算案</階段>
　　　　<版本>1</版本>
　　　　<單位>新臺幣千元</單位>
　　</Header>
　　<DataSet>
　　　　<ROW>
　　　　　　<SEQNO>1</SEQNO>
　　　　　　<LEVEL>1</LEVEL>
　　　　　　<BOLD>1</BOLD>
　　　　　　<計畫別>預防接種受害救濟給付計畫</計畫別>
　　　　　　<單位 />
　　　　　　<單位成本或平均利率>0</單位成本或平均利率>
　　　　　　<數量>0</數量>
　　　　　　<預算數>10150.00</預算數>
　　　　　　<說明>依據「預防接種受害救濟基金徵收及審議辦法」所訂定之預防接種受害救濟之給付種類、標準及參考以前年度執行數編列。</說明>
　　　　</ROW>
　　　　<ROW>
　　　　　　<SEQNO>2</SEQNO>
　　　　　　<LEVEL>2</LEVEL>
　　　　　　<BOLD>0</BOLD>
　　　　　　<計畫別>1.預防接種受害死亡給付</計畫別>
　　　　　　<單位>件</單位>
　　　　　　<單位成本或平均利率>2000000.00</單位成本或平均利率>
　　　　　　<數量>1.00</數量>
　　　　　　<預算數>2000.00</預算數>
　　　　　　<說明 />
　　　　</ROW>
　　　　<ROW>
　　　　　　<SEQNO>3</SEQNO>
　　　　　　<LEVEL>2</LEVEL>
　　　　　　<BOLD>0</BOLD>
　　　　　　<計畫別>2.預防接種受害障礙給付</計畫別>
　　　　　　<單位>件</單位>
　　　　　　<單位成本或平均利率>1500000.00</單位成本或平均利率>
　　　　　　<數量>1.00</數量>
　　　　　　<預算數>1500.00</預算數>
　　　　　　<說明 />
　　　　</ROW>
　　　　<ROW>
　　　　　　<SEQNO>4</SEQNO>
　　　　　　<LEVEL>2</LEVEL>
　　　　　　<BOLD>0</BOLD>
　　　　　　<計畫別>3.預防接種受害嚴重疾病給付</計畫別>
　　　　　　<單位>件</單位>
　　　　　　<單位成本或平均利率>500000.00</單位成本或平均利率>
　　　　　　<數量>8.00</數量>
　　　　　　<預算數>4000.00</預算數>
　　　　　　<說明 />
　　　　</ROW>
　　　　<ROW>
　　　　　　<SEQNO>5</SEQNO>
　　　　　　<LEVEL>2</LEVEL>
　　　　　　<BOLD>0</BOLD>
　　　　　　<計畫別>4.預防接種致不良反應給付</計畫別>
　　　　　　<單位>件</單位>
　　　　　　<單位成本或平均利率>36585.37</單位成本或平均利率>
　　　　　　<數量>41.00</數量>
　　　　　　<預算數>1500.00</預算數>
　　　　　　<說明 />
　　　　</ROW>
　　　　<ROW>
　　　　　　<SEQNO>6</SEQNO>
　　　　　　<LEVEL>2</LEVEL>
　　　　　　<BOLD>0</BOLD>
　　　　　　<計畫別>5.預防接種疑似不良反應所施行之合理檢查及醫療費用給付</計畫別>
　　　　　　<單位>件</單位>
　　　　　　<單位成本或平均利率>20000.00</單位成本或平均利率>
　　　　　　<數量>20.00</數量>
　　　　　　<預算數>400.00</預算數>
　　　　　　<說明 />
　　　　</ROW>
　　　　<ROW>
　　　　　　<SEQNO>7</SEQNO>
　　　　　　<LEVEL>2</LEVEL>
　　　　　　<BOLD>0</BOLD>
　　　　　　<計畫別>6.疑因預防接種受害致死，並經病理解剖者，給付喪葬補助費</計畫別>
　　　　　　<單位>件</單位>
　　　　　　<單位成本或平均利率>300000.00</單位成本或平均利率>
　　　　　　<數量>2.00</數量>
　　　　　　<預算數>600.00</預算數>
　　　　　　<說明 />
　　　　</ROW>
　　　　<ROW>
　　　　　　<SEQNO>8</SEQNO>
　　　　　　<LEVEL>2</LEVEL>
　　　　　　<BOLD>0</BOLD>
　　　　　　<計畫別>7.孕婦疑因預防接種致死產或流產，解剖或檢驗胎兒或胚胎給付(孕程20週以下)</計畫別>
　　　　　　<單位>件</單位>
　　　　　　<單位成本或平均利率>50000.00</單位成本或平均利率>
　　　　　　<數量>1.00</數量>
　　　　　　<預算數>50.00</預算數>
　　　　　　<說明 />
　　　　</ROW>
　　　　<ROW>
　　　　　　<SEQNO>9</SEQNO>
　　　　　　<LEVEL>2</LEVEL>
　　　　　　<BOLD>0</BOLD>
　　　　　　<計畫別>8.孕婦疑因預防接種致死產或流產，解剖或檢驗胎兒或胚胎給付(孕程20週以上)</計畫別>
　　　　　　<單位>件</單位>
　　　　　　<單位成本或平均利率>100000.00</單位成本或平均利率>
　　　　　　<數量>1.00</數量>
　　　　　　<預算數>100.00</預算數>
　　　　　　<說明 />
　　　　</ROW>
　　　　<ROW>
　　　　　　<SEQNO>10</SEQNO>
　　　　　　<LEVEL>1</LEVEL>
　　　　　　<BOLD>1</BOLD>
　　　　　　<計畫別>一般行政管理計畫</計畫別>
　　　　　　<單位 />
　　　　　　<單位成本或平均利率>0</單位成本或平均利率>
　　　　　　<數量>0</數量>
　　　　　　<預算數>6838.00</預算數>
　　　　　　<說明>無適當單位可資衡量。</說明>
　　　　</ROW>
　　　　<ROW>
　　　　　　<SEQNO>11</SEQNO>
　　　　　　<LEVEL>1</LEVEL>
　　　　　　<BOLD>1</BOLD>
　　　　　　<計畫別>一般建築及設備計畫</計畫別>
　　　　　　<單位 />
　　　　　　<單位成本或平均利率>0</單位成本或平均利率>
　　　　　　<數量>0</數量>
　　　　　　<預算數>32.00</預算數>
　　　　　　<說明>無適當單位可資衡量。</說明>
　　　　</ROW>
　　　　<ROW>
　　　　　　<SEQNO>12</SEQNO>
　　　　　　<LEVEL>1</LEVEL>
　　　　　　<BOLD>1</BOLD>
　　　　　　<計畫別>合計</計畫別>
　　　　　　<單位 />
　　　　　　<單位成本或平均利率>0</單位成本或平均利率>
　　　　　　<數量>0</數量>
　　　　　　<預算數>17020.00</預算數>
　　　　　　<說明 />
　　　　</ROW>
　　</DataSet>
</GenericData>

