﻿name,schema,description
105-B2-432300105-基金來源、用途及餘絀預計表-20180627100154.xml,schema-基金來源、用途及餘絀預計表.csv,基金來源、用途及餘絀預計表
105-B2-432300105-現金流量預計表-20180627100154.xml,schema-現金流量預計表.csv,現金流量預計表
105-B2-432300105-基金來源明細表-20180627100157.xml,schema-基金來源明細表.csv,基金來源明細表
105-B2-432300105-基金用途明細表-20180627100157.xml,schema-基金用途明細表.csv,基金用途明細表
105-B2-432300105-單位(或計畫)成本分析表-20180627100158.xml,schema-單位(或計畫)成本分析表.csv,單位(或計畫)成本分析表
105-B2-432300105-預計平衡表-20180627100159.xml,schema-預計平衡表.csv,預計平衡表
105-B2-432300105-5年來主要業務計畫分析表-20180627100200.xml,schema-5年來主要業務計畫分析表.csv,5年來主要業務計畫分析表
105-B2-432300105-員工人數彙計表-20180627100200.xml,schema-員工人數彙計表.csv,員工人數彙計表
105-B2-432300105-用人費用彙計表-20180627100201.xml,schema-用人費用彙計表.csv,用人費用彙計表
105-B2-432300105-各項費用彙計表-20180627100202.xml,schema-各項費用彙計表.csv,各項費用彙計表
