<?xml version="1.0" encoding="UTF-8"?>
<GenericData>
　　<Header>
　　　　<Table Id="fngbbalancer" Name="預計平衡表" Domain="NBA" />
　　　　<Program Id="NBAGBR110_A" />
　　　　<Sender Name="疫苗基金" />
　　　　<報表名稱>預計平衡表</報表名稱>
　　　　<年度>106</年度>
　　　　<基金>疫苗基金</基金>
　　　　<階段>法定預算</階段>
　　　　<版本>1</版本>
　　　　<單位>新臺幣千元</單位>
　　</Header>
　　<DataSet>
　　　　<ROW>
　　　　　　<SEQNO>1</SEQNO>
　　　　　　<LEVEL>01</LEVEL>
　　　　　　<BOLD>1</BOLD>
　　　　　　<民國104年12月31日實際數>2264027.00</民國104年12月31日實際數>
　　　　　　<科目>資產</科目>
　　　　　　<民國106年12月31日預計數>881917.00</民國106年12月31日預計數>
　　　　　　<民國105年12月31日預計數>1485507.00</民國105年12月31日預計數>
　　　　　　<比較增減>-603590.00</比較增減>
　　　　</ROW>
　　　　<ROW>
　　　　　　<SEQNO>2</SEQNO>
　　　　　　<LEVEL>02</LEVEL>
　　　　　　<BOLD>0</BOLD>
　　　　　　<民國104年12月31日實際數>2264027.00</民國104年12月31日實際數>
　　　　　　<科目>流動資產</科目>
　　　　　　<民國106年12月31日預計數>881917.00</民國106年12月31日預計數>
　　　　　　<民國105年12月31日預計數>1485507.00</民國105年12月31日預計數>
　　　　　　<比較增減>-603590.00</比較增減>
　　　　</ROW>
　　　　<ROW>
　　　　　　<SEQNO>3</SEQNO>
　　　　　　<LEVEL>03</LEVEL>
　　　　　　<BOLD>0</BOLD>
　　　　　　<民國104年12月31日實際數>1770312.00</民國104年12月31日實際數>
　　　　　　<科目>現金</科目>
　　　　　　<民國106年12月31日預計數>473898.00</民國106年12月31日預計數>
　　　　　　<民國105年12月31日預計數>1188978.00</民國105年12月31日預計數>
　　　　　　<比較增減>-715080.00</比較增減>
　　　　</ROW>
　　　　<ROW>
　　　　　　<SEQNO>4</SEQNO>
　　　　　　<LEVEL>04</LEVEL>
　　　　　　<BOLD>0</BOLD>
　　　　　　<民國104年12月31日實際數>1770212.00</民國104年12月31日實際數>
　　　　　　<科目>銀行存款</科目>
　　　　　　<民國106年12月31日預計數>473798.00</民國106年12月31日預計數>
　　　　　　<民國105年12月31日預計數>1188878.00</民國105年12月31日預計數>
　　　　　　<比較增減>-715080.00</比較增減>
　　　　</ROW>
　　　　<ROW>
　　　　　　<SEQNO>5</SEQNO>
　　　　　　<LEVEL>04</LEVEL>
　　　　　　<BOLD>0</BOLD>
　　　　　　<民國104年12月31日實際數>100.00</民國104年12月31日實際數>
　　　　　　<科目>零用及週轉金</科目>
　　　　　　<民國106年12月31日預計數>100.00</民國106年12月31日預計數>
　　　　　　<民國105年12月31日預計數>100.00</民國105年12月31日預計數>
　　　　　　<比較增減 />
　　　　</ROW>
　　　　<ROW>
　　　　　　<SEQNO>6</SEQNO>
　　　　　　<LEVEL>03</LEVEL>
　　　　　　<BOLD>0</BOLD>
　　　　　　<民國104年12月31日實際數>118245.00</民國104年12月31日實際數>
　　　　　　<科目>應收款項</科目>
　　　　　　<民國106年12月31日預計數>80706.00</民國106年12月31日預計數>
　　　　　　<民國105年12月31日預計數>71129.00</民國105年12月31日預計數>
　　　　　　<比較增減>9577.00</比較增減>
　　　　</ROW>
　　　　<ROW>
　　　　　　<SEQNO>7</SEQNO>
　　　　　　<LEVEL>04</LEVEL>
　　　　　　<BOLD>0</BOLD>
　　　　　　<民國104年12月31日實際數>97211.00</民國104年12月31日實際數>
　　　　　　<科目>應收帳款</科目>
　　　　　　<民國106年12月31日預計數>75483.00</民國106年12月31日預計數>
　　　　　　<民國105年12月31日預計數>64185.00</民國105年12月31日預計數>
　　　　　　<比較增減>11298.00</比較增減>
　　　　</ROW>
　　　　<ROW>
　　　　　　<SEQNO>8</SEQNO>
　　　　　　<LEVEL>04</LEVEL>
　　　　　　<BOLD>0</BOLD>
　　　　　　<民國104年12月31日實際數>2342.00</民國104年12月31日實際數>
　　　　　　<科目>應收利息</科目>
　　　　　　<民國106年12月31日預計數>723.00</民國106年12月31日預計數>
　　　　　　<民國105年12月31日預計數>1188.00</民國105年12月31日預計數>
　　　　　　<比較增減>-465.00</比較增減>
　　　　</ROW>
　　　　<ROW>
　　　　　　<SEQNO>9</SEQNO>
　　　　　　<LEVEL>04</LEVEL>
　　　　　　<BOLD>0</BOLD>
　　　　　　<民國104年12月31日實際數>18692.00</民國104年12月31日實際數>
　　　　　　<科目>其他應收款</科目>
　　　　　　<民國106年12月31日預計數>4500.00</民國106年12月31日預計數>
　　　　　　<民國105年12月31日預計數>5756.00</民國105年12月31日預計數>
　　　　　　<比較增減>-1256.00</比較增減>
　　　　</ROW>
　　　　<ROW>
　　　　　　<SEQNO>10</SEQNO>
　　　　　　<LEVEL>03</LEVEL>
　　　　　　<BOLD>0</BOLD>
　　　　　　<民國104年12月31日實際數>375470.00</民國104年12月31日實際數>
　　　　　　<科目>預付款項</科目>
　　　　　　<民國106年12月31日預計數>327313.00</民國106年12月31日預計數>
　　　　　　<民國105年12月31日預計數>225400.00</民國105年12月31日預計數>
　　　　　　<比較增減>101913.00</比較增減>
　　　　</ROW>
　　　　<ROW>
　　　　　　<SEQNO>11</SEQNO>
　　　　　　<LEVEL>04</LEVEL>
　　　　　　<BOLD>0</BOLD>
　　　　　　<民國104年12月31日實際數>375468.00</民國104年12月31日實際數>
　　　　　　<科目>預付費用</科目>
　　　　　　<民國106年12月31日預計數>327313.00</民國106年12月31日預計數>
　　　　　　<民國105年12月31日預計數>225400.00</民國105年12月31日預計數>
　　　　　　<比較增減>101913.00</比較增減>
　　　　</ROW>
　　　　<ROW>
　　　　　　<SEQNO>12</SEQNO>
　　　　　　<LEVEL>04</LEVEL>
　　　　　　<BOLD>0</BOLD>
　　　　　　<民國104年12月31日實際數>2.00</民國104年12月31日實際數>
　　　　　　<科目>其他預付款</科目>
　　　　　　<民國106年12月31日預計數 />
　　　　　　<民國105年12月31日預計數 />
　　　　　　<比較增減 />
　　　　</ROW>
　　　　<ROW>
　　　　　　<SEQNO>13</SEQNO>
　　　　　　<LEVEL>01</LEVEL>
　　　　　　<BOLD>1</BOLD>
　　　　　　<民國104年12月31日實際數>2264027.00</民國104年12月31日實際數>
　　　　　　<科目>資產總額</科目>
　　　　　　<民國106年12月31日預計數>881917.00</民國106年12月31日預計數>
　　　　　　<民國105年12月31日預計數>1485507.00</民國105年12月31日預計數>
　　　　　　<比較增減>-603590.00</比較增減>
　　　　</ROW>
　　　　<ROW>
　　　　　　<SEQNO>14</SEQNO>
　　　　　　<LEVEL>01</LEVEL>
　　　　　　<BOLD>1</BOLD>
　　　　　　<民國104年12月31日實際數>871462.00</民國104年12月31日實際數>
　　　　　　<科目>負債</科目>
　　　　　　<民國106年12月31日預計數>879280.00</民國106年12月31日預計數>
　　　　　　<民國105年12月31日預計數>781570.00</民國105年12月31日預計數>
　　　　　　<比較增減>97710.00</比較增減>
　　　　</ROW>
　　　　<ROW>
　　　　　　<SEQNO>15</SEQNO>
　　　　　　<LEVEL>02</LEVEL>
　　　　　　<BOLD>0</BOLD>
　　　　　　<民國104年12月31日實際數>783340.00</民國104年12月31日實際數>
　　　　　　<科目>流動負債</科目>
　　　　　　<民國106年12月31日預計數>798780.00</民國106年12月31日預計數>
　　　　　　<民國105年12月31日預計數>700970.00</民國105年12月31日預計數>
　　　　　　<比較增減>97810.00</比較增減>
　　　　</ROW>
　　　　<ROW>
　　　　　　<SEQNO>16</SEQNO>
　　　　　　<LEVEL>03</LEVEL>
　　　　　　<BOLD>0</BOLD>
　　　　　　<民國104年12月31日實際數>783340.00</民國104年12月31日實際數>
　　　　　　<科目>應付款項</科目>
　　　　　　<民國106年12月31日預計數>798780.00</民國106年12月31日預計數>
　　　　　　<民國105年12月31日預計數>700970.00</民國105年12月31日預計數>
　　　　　　<比較增減>97810.00</比較增減>
　　　　</ROW>
　　　　<ROW>
　　　　　　<SEQNO>17</SEQNO>
　　　　　　<LEVEL>04</LEVEL>
　　　　　　<BOLD>0</BOLD>
　　　　　　<民國104年12月31日實際數>323162.00</民國104年12月31日實際數>
　　　　　　<科目>應付代收款</科目>
　　　　　　<民國106年12月31日預計數>340500.00</民國106年12月31日預計數>
　　　　　　<民國105年12月31日預計數>241600.00</民國105年12月31日預計數>
　　　　　　<比較增減>98900.00</比較增減>
　　　　</ROW>
　　　　<ROW>
　　　　　　<SEQNO>18</SEQNO>
　　　　　　<LEVEL>04</LEVEL>
　　　　　　<BOLD>0</BOLD>
　　　　　　<民國104年12月31日實際數>460178.00</民國104年12月31日實際數>
　　　　　　<科目>應付費用</科目>
　　　　　　<民國106年12月31日預計數>458280.00</民國106年12月31日預計數>
　　　　　　<民國105年12月31日預計數>459370.00</民國105年12月31日預計數>
　　　　　　<比較增減>-1090.00</比較增減>
　　　　</ROW>
　　　　<ROW>
　　　　　　<SEQNO>19</SEQNO>
　　　　　　<LEVEL>02</LEVEL>
　　　　　　<BOLD>0</BOLD>
　　　　　　<民國104年12月31日實際數>88122.00</民國104年12月31日實際數>
　　　　　　<科目>其他負債</科目>
　　　　　　<民國106年12月31日預計數>80500.00</民國106年12月31日預計數>
　　　　　　<民國105年12月31日預計數>80600.00</民國105年12月31日預計數>
　　　　　　<比較增減>-100.00</比較增減>
　　　　</ROW>
　　　　<ROW>
　　　　　　<SEQNO>20</SEQNO>
　　　　　　<LEVEL>03</LEVEL>
　　　　　　<BOLD>0</BOLD>
　　　　　　<民國104年12月31日實際數>88122.00</民國104年12月31日實際數>
　　　　　　<科目>什項負債</科目>
　　　　　　<民國106年12月31日預計數>80500.00</民國106年12月31日預計數>
　　　　　　<民國105年12月31日預計數>80600.00</民國105年12月31日預計數>
　　　　　　<比較增減>-100.00</比較增減>
　　　　</ROW>
　　　　<ROW>
　　　　　　<SEQNO>21</SEQNO>
　　　　　　<LEVEL>04</LEVEL>
　　　　　　<BOLD>0</BOLD>
　　　　　　<民國104年12月31日實際數>88122.00</民國104年12月31日實際數>
　　　　　　<科目>存入保證金</科目>
　　　　　　<民國106年12月31日預計數>80500.00</民國106年12月31日預計數>
　　　　　　<民國105年12月31日預計數>80600.00</民國105年12月31日預計數>
　　　　　　<比較增減>-100.00</比較增減>
　　　　</ROW>
　　　　<ROW>
　　　　　　<SEQNO>22</SEQNO>
　　　　　　<LEVEL>01</LEVEL>
　　　　　　<BOLD>1</BOLD>
　　　　　　<民國104年12月31日實際數>1392566.00</民國104年12月31日實際數>
　　　　　　<科目>基金餘額</科目>
　　　　　　<民國106年12月31日預計數>2637.00</民國106年12月31日預計數>
　　　　　　<民國105年12月31日預計數>703937.00</民國105年12月31日預計數>
　　　　　　<比較增減>-701300.00</比較增減>
　　　　</ROW>
　　　　<ROW>
　　　　　　<SEQNO>23</SEQNO>
　　　　　　<LEVEL>02</LEVEL>
　　　　　　<BOLD>0</BOLD>
　　　　　　<民國104年12月31日實際數>1392566.00</民國104年12月31日實際數>
　　　　　　<科目>基金餘額</科目>
　　　　　　<民國106年12月31日預計數>2637.00</民國106年12月31日預計數>
　　　　　　<民國105年12月31日預計數>703937.00</民國105年12月31日預計數>
　　　　　　<比較增減>-701300.00</比較增減>
　　　　</ROW>
　　　　<ROW>
　　　　　　<SEQNO>24</SEQNO>
　　　　　　<LEVEL>03</LEVEL>
　　　　　　<BOLD>0</BOLD>
　　　　　　<民國104年12月31日實際數>1392566.00</民國104年12月31日實際數>
　　　　　　<科目>基金餘額</科目>
　　　　　　<民國106年12月31日預計數>2637.00</民國106年12月31日預計數>
　　　　　　<民國105年12月31日預計數>703937.00</民國105年12月31日預計數>
　　　　　　<比較增減>-701300.00</比較增減>
　　　　</ROW>
　　　　<ROW>
　　　　　　<SEQNO>25</SEQNO>
　　　　　　<LEVEL>04</LEVEL>
　　　　　　<BOLD>0</BOLD>
　　　　　　<民國104年12月31日實際數>1392566.00</民國104年12月31日實際數>
　　　　　　<科目>累積餘額</科目>
　　　　　　<民國106年12月31日預計數>703937.00</民國106年12月31日預計數>
　　　　　　<民國105年12月31日預計數>1392566.00</民國105年12月31日預計數>
　　　　　　<比較增減>-688629.00</比較增減>
　　　　</ROW>
　　　　<ROW>
　　　　　　<SEQNO>26</SEQNO>
　　　　　　<LEVEL>04</LEVEL>
　　　　　　<BOLD>0</BOLD>
　　　　　　<民國104年12月31日實際數 />
　　　　　　<科目>本期賸餘</科目>
　　　　　　<民國106年12月31日預計數 />
　　　　　　<民國105年12月31日預計數>-688629.00</民國105年12月31日預計數>
　　　　　　<比較增減>688629.00</比較增減>
　　　　</ROW>
　　　　<ROW>
　　　　　　<SEQNO>27</SEQNO>
　　　　　　<LEVEL>04</LEVEL>
　　　　　　<BOLD>0</BOLD>
　　　　　　<民國104年12月31日實際數 />
　　　　　　<科目>本期短絀</科目>
　　　　　　<民國106年12月31日預計數>-701300.00</民國106年12月31日預計數>
　　　　　　<民國105年12月31日預計數 />
　　　　　　<比較增減>-701300.00</比較增減>
　　　　</ROW>
　　　　<ROW>
　　　　　　<SEQNO>28</SEQNO>
　　　　　　<LEVEL>01</LEVEL>
　　　　　　<BOLD>1</BOLD>
　　　　　　<民國104年12月31日實際數>2264027.00</民國104年12月31日實際數>
　　　　　　<科目>負債及基金餘額合計</科目>
　　　　　　<民國106年12月31日預計數>881917.00</民國106年12月31日預計數>
　　　　　　<民國105年12月31日預計數>1485507.00</民國105年12月31日預計數>
　　　　　　<比較增減>-603590.00</比較增減>
　　　　</ROW>
　　　　<COMM>「信託代理與保證資產(負債)」預計期末金額為600千元，為保管有價證券及保證品等。</COMM>
　　</DataSet>
</GenericData>

