<?xml version="1.0" encoding="UTF-8"?>
<GenericData>
　　<Header>
　　　　<Table Id="fngbexpense" Name="員工人數彙計表" Domain="NBA" />
　　　　<Program Id="NBAGBR140_102_A" />
　　　　<Sender Name="疫苗基金" />
　　　　<報表名稱>用人費用彙計表</報表名稱>
　　　　<年度>106</年度>
　　　　<基金>疫苗基金</基金>
　　　　<階段>法定預算</階段>
　　　　<版本>1</版本>
　　　　<單位>新臺幣千元</單位>
　　</Header>
　　<DataSet>
　　　　<ROW>
　　　　　　<SEQNO>1</SEQNO>
　　　　　　<LEVEL>2</LEVEL>
　　　　　　<BOLD>1</BOLD>
　　　　　　<科目>一般行政管理計畫</科目>
　　　　　　<正式員額薪資>-</正式員額薪資>
　　　　　　<聘僱人員薪資>-</聘僱人員薪資>
　　　　　　<超時工作報酬>-</超時工作報酬>
　　　　　　<津貼>-</津貼>
　　　　　　<獎金-年終獎金>-</獎金-年終獎金>
　　　　　　<獎金-考績獎金>-</獎金-考績獎金>
　　　　　　<獎金-其他>-</獎金-其他>
　　　　　　<退休及卹償金-退休金>-</退休及卹償金-退休金>
　　　　　　<退休及卹償金-卹償金>-</退休及卹償金-卹償金>
　　　　　　<資遣費>-</資遣費>
　　　　　　<福利費-分擔保險費>-</福利費-分擔保險費>
　　　　　　<福利費-傷病醫藥費>-</福利費-傷病醫藥費>
　　　　　　<福利費-提撥福利金>-</福利費-提撥福利金>
　　　　　　<福利費-其他>-</福利費-其他>
　　　　　　<提繳費>-</提繳費>
　　　　　　<合計>-</合計>
　　　　　　<兼任人員用人費用>80.00</兼任人員用人費用>
　　　　　　<總計>80.00</總計>
　　　　</ROW>
　　　　<ROW>
　　　　　　<SEQNO>2</SEQNO>
　　　　　　<LEVEL>3</LEVEL>
　　　　　　<BOLD>0</BOLD>
　　　　　　<科目>兼任人員</科目>
　　　　　　<正式員額薪資>-</正式員額薪資>
　　　　　　<聘僱人員薪資>-</聘僱人員薪資>
　　　　　　<超時工作報酬>-</超時工作報酬>
　　　　　　<津貼>-</津貼>
　　　　　　<獎金-年終獎金>-</獎金-年終獎金>
　　　　　　<獎金-考績獎金>-</獎金-考績獎金>
　　　　　　<獎金-其他>-</獎金-其他>
　　　　　　<退休及卹償金-退休金>-</退休及卹償金-退休金>
　　　　　　<退休及卹償金-卹償金>-</退休及卹償金-卹償金>
　　　　　　<資遣費>-</資遣費>
　　　　　　<福利費-分擔保險費>-</福利費-分擔保險費>
　　　　　　<福利費-傷病醫藥費>-</福利費-傷病醫藥費>
　　　　　　<福利費-提撥福利金>-</福利費-提撥福利金>
　　　　　　<福利費-其他>-</福利費-其他>
　　　　　　<提繳費>-</提繳費>
　　　　　　<合計>-</合計>
　　　　　　<兼任人員用人費用>80.00</兼任人員用人費用>
　　　　　　<總計>80.00</總計>
　　　　</ROW>
　　　　<ROW>
　　　　　　<SEQNO>3</SEQNO>
　　　　　　<LEVEL>1</LEVEL>
　　　　　　<BOLD>1</BOLD>
　　　　　　<科目>合計</科目>
　　　　　　<正式員額薪資>-</正式員額薪資>
　　　　　　<聘僱人員薪資>-</聘僱人員薪資>
　　　　　　<超時工作報酬>-</超時工作報酬>
　　　　　　<津貼>-</津貼>
　　　　　　<獎金-年終獎金>-</獎金-年終獎金>
　　　　　　<獎金-考績獎金>-</獎金-考績獎金>
　　　　　　<獎金-其他>-</獎金-其他>
　　　　　　<退休及卹償金-退休金>-</退休及卹償金-退休金>
　　　　　　<退休及卹償金-卹償金>-</退休及卹償金-卹償金>
　　　　　　<資遣費>-</資遣費>
　　　　　　<福利費-分擔保險費>-</福利費-分擔保險費>
　　　　　　<福利費-傷病醫藥費>-</福利費-傷病醫藥費>
　　　　　　<福利費-提撥福利金>-</福利費-提撥福利金>
　　　　　　<福利費-其他>-</福利費-其他>
　　　　　　<提繳費>-</提繳費>
　　　　　　<合計>-</合計>
　　　　　　<兼任人員用人費用>80.00</兼任人員用人費用>
　　　　　　<總計>80.00</總計>
　　　　</ROW>
　　　　<COMM>1.執行疫苗、一般行政業務及分攤辦理健康照護基金會計業務等外包費用1,602千元。</COMM>
　　　　<COMM>2.辦理疫苗業務研發替代役人員之待遇及給與1,190千元。</COMM>
　　　　<COMM />
　　</DataSet>
</GenericData>

