<?xml version="1.0" encoding="UTF-8"?>
<GenericData>
　　<Header>
　　　　<Table Id="fngbcostanlyz" Name="單位成本分析表" Domain="NBA" />
　　　　<Program Id="NBAGBR100_A" />
　　　　<Sender Name="疫苗基金" />
　　　　<報表名稱>單位成本分析表</報表名稱>
　　　　<年度>106</年度>
　　　　<基金>疫苗基金</基金>
　　　　<階段>法定預算</階段>
　　　　<版本>1</版本>
　　　　<單位>新臺幣千元</單位>
　　</Header>
　　<DataSet>
　　　　<ROW>
　　　　　　<SEQNO>1</SEQNO>
　　　　　　<LEVEL>1</LEVEL>
　　　　　　<BOLD>1</BOLD>
　　　　　　<計畫別>疫苗接種計畫</計畫別>
　　　　　　<單位 />
　　　　　　<單位成本或平均利率>0</單位成本或平均利率>
　　　　　　<數量>0</數量>
　　　　　　<預算數>2288396.00</預算數>
　　　　　　<說明 />
　　　　</ROW>
　　　　<ROW>
　　　　　　<SEQNO>2</SEQNO>
　　　　　　<LEVEL>2</LEVEL>
　　　　　　<BOLD>0</BOLD>
　　　　　　<計畫別>1.日本腦炎疫苗</計畫別>
　　　　　　<單位>CC</單位>
　　　　　　<單位成本或平均利率>427.00</單位成本或平均利率>
　　　　　　<數量>600000.00</數量>
　　　　　　<預算數>256200.00</預算數>
　　　　　　<說明>日本腦炎疫苗256,200千元。
（610元x600,000ccx70%)</說明>
　　　　</ROW>
　　　　<ROW>
　　　　　　<SEQNO>3</SEQNO>
　　　　　　<LEVEL>2</LEVEL>
　　　　　　<BOLD>0</BOLD>
　　　　　　<計畫別>2.黃熱病疫苗</計畫別>
　　　　　　<單位>劑</單位>
　　　　　　<單位成本或平均利率>1300.00</單位成本或平均利率>
　　　　　　<數量>9500.00</數量>
　　　　　　<預算數>12350.00</預算數>
　　　　　　<說明>黃熱病疫苗12,350千元。(1,300元x9,500劑)</說明>
　　　　</ROW>
　　　　<ROW>
　　　　　　<SEQNO>4</SEQNO>
　　　　　　<LEVEL>2</LEVEL>
　　　　　　<BOLD>0</BOLD>
　　　　　　<計畫別>3.流行性腦脊髓膜炎疫苗</計畫別>
　　　　　　<單位>劑</單位>
　　　　　　<單位成本或平均利率>1050.00</單位成本或平均利率>
　　　　　　<數量>7700.00</數量>
　　　　　　<預算數>8085.00</預算數>
　　　　　　<說明>流行性腦脊髓膜炎疫苗8,085千元。(1,050元x7,700劑)</說明>
　　　　</ROW>
　　　　<ROW>
　　　　　　<SEQNO>5</SEQNO>
　　　　　　<LEVEL>2</LEVEL>
　　　　　　<BOLD>0</BOLD>
　　　　　　<計畫別>4.水痘疫苗</計畫別>
　　　　　　<單位>劑</單位>
　　　　　　<單位成本或平均利率>427.00</單位成本或平均利率>
　　　　　　<數量>200000.00</數量>
　　　　　　<預算數>85400.00</預算數>
　　　　　　<說明>水痘疫苗85,400千元。
（610元x200,000劑x70%）</說明>
　　　　</ROW>
　　　　<ROW>
　　　　　　<SEQNO>6</SEQNO>
　　　　　　<LEVEL>2</LEVEL>
　　　　　　<BOLD>0</BOLD>
　　　　　　<計畫別>5.幼兒結合型肺炎鏈球菌疫苗</計畫別>
　　　　　　<單位>劑</單位>
　　　　　　<單位成本或平均利率>896.00</單位成本或平均利率>
　　　　　　<數量>650000.00</數量>
　　　　　　<預算數>582400.00</預算數>
　　　　　　<說明>幼兒結合型肺炎鏈球菌疫苗582,400千元。
(1,280元x650,000劑x70%)</說明>
　　　　</ROW>
　　　　<ROW>
　　　　　　<SEQNO>7</SEQNO>
　　　　　　<LEVEL>2</LEVEL>
　　　　　　<BOLD>0</BOLD>
　　　　　　<計畫別>6.減量破傷風白喉非細胞型百日咳及不活化小兒麻痺混合疫苗</計畫別>
　　　　　　<單位>劑</單位>
　　　　　　<單位成本或平均利率>280.00</單位成本或平均利率>
　　　　　　<數量>220000.00</數量>
　　　　　　<預算數>61600.00</預算數>
　　　　　　<說明>減量破傷風白喉非細胞型百日咳及不活化小兒麻痺混合疫苗61,600千元。
（400元x220,000劑x70%）</說明>
　　　　</ROW>
　　　　<ROW>
　　　　　　<SEQNO>8</SEQNO>
　　　　　　<LEVEL>2</LEVEL>
　　　　　　<BOLD>0</BOLD>
　　　　　　<計畫別>7.注射式小兒麻痺疫苗</計畫別>
　　　　　　<單位>劑</單位>
　　　　　　<單位成本或平均利率>450.00</單位成本或平均利率>
　　　　　　<數量>3000.00</數量>
　　　　　　<預算數>1350.00</預算數>
　　　　　　<說明>注射式小兒麻痺疫苗1,350千元。(450元x3,000劑)</說明>
　　　　</ROW>
　　　　<ROW>
　　　　　　<SEQNO>9</SEQNO>
　　　　　　<LEVEL>2</LEVEL>
　　　　　　<BOLD>0</BOLD>
　　　　　　<計畫別>8.麻疹腮腺炎德國麻疹混合疫苗</計畫別>
　　　　　　<單位>劑</單位>
　　　　　　<單位成本或平均利率>140.00</單位成本或平均利率>
　　　　　　<數量>380000.00</數量>
　　　　　　<預算數>53200.00</預算數>
　　　　　　<說明>麻疹腮腺炎德國麻疹混合疫苗53,200千元。
(200元x380,000劑x70%）</說明>
　　　　</ROW>
　　　　<ROW>
　　　　　　<SEQNO>10</SEQNO>
　　　　　　<LEVEL>2</LEVEL>
　　　　　　<BOLD>0</BOLD>
　　　　　　<計畫別>9.B型肝炎疫苗</計畫別>
　　　　　　<單位>劑</單位>
　　　　　　<單位成本或平均利率>59.50</單位成本或平均利率>
　　　　　　<數量>600000.00</數量>
　　　　　　<預算數>35700.00</預算數>
　　　　　　<說明>B型肝炎疫苗35,700千元。
（85元x600,000劑x70%）</說明>
　　　　</ROW>
　　　　<ROW>
　　　　　　<SEQNO>11</SEQNO>
　　　　　　<LEVEL>2</LEVEL>
　　　　　　<BOLD>0</BOLD>
　　　　　　<計畫別>10.B型肝炎免疫球蛋白</計畫別>
　　　　　　<單位>劑</單位>
　　　　　　<單位成本或平均利率>1680.00</單位成本或平均利率>
　　　　　　<數量>4000.00</數量>
　　　　　　<預算數>6720.00</預算數>
　　　　　　<說明>B型肝炎免疫球蛋白6,720千元。
（2,400元x4,000劑x70%）</說明>
　　　　</ROW>
　　　　<ROW>
　　　　　　<SEQNO>12</SEQNO>
　　　　　　<LEVEL>2</LEVEL>
　　　　　　<BOLD>0</BOLD>
　　　　　　<計畫別>11.A型肝炎疫苗</計畫別>
　　　　　　<單位>劑</單位>
　　　　　　<單位成本或平均利率>400.00</單位成本或平均利率>
　　　　　　<數量>10000.00</數量>
　　　　　　<預算數>4000.00</預算數>
　　　　　　<說明>A型肝炎疫苗4,000千元。（400元x10,000劑）</說明>
　　　　</ROW>
　　　　<ROW>
　　　　　　<SEQNO>13</SEQNO>
　　　　　　<LEVEL>2</LEVEL>
　　　　　　<BOLD>0</BOLD>
　　　　　　<計畫別>12.多合一疫苗</計畫別>
　　　　　　<單位>劑</單位>
　　　　　　<單位成本或平均利率>570.50</單位成本或平均利率>
　　　　　　<數量>1000000.00</數量>
　　　　　　<預算數>570500.00</預算數>
　　　　　　<說明>多合一疫苗570,500千元。(815元x1,000,000劑x70%)</說明>
　　　　</ROW>
　　　　<ROW>
　　　　　　<SEQNO>14</SEQNO>
　　　　　　<LEVEL>2</LEVEL>
　　　　　　<BOLD>0</BOLD>
　　　　　　<計畫別>13.流感疫苗</計畫別>
　　　　　　<單位>劑</單位>
　　　　　　<單位成本或平均利率>84.39</單位成本或平均利率>
　　　　　　<數量>3200000.00</數量>
　　　　　　<預算數>270060.00</預算數>
　　　　　　<說明>流感疫苗270,060千元。
1.0.25ml：26,460千元。
（126元x300,000劑x70%)
2.0.5ml：243,600千元。
(120元x2,900,000劑x70%)</說明>
　　　　</ROW>
　　　　<ROW>
　　　　　　<SEQNO>15</SEQNO>
　　　　　　<LEVEL>2</LEVEL>
　　　　　　<BOLD>0</BOLD>
　　　　　　<計畫別>14.卡介苗(BCG)</計畫別>
　　　　　　<單位>瓶</單位>
　　　　　　<單位成本或平均利率>660.79</單位成本或平均利率>
　　　　　　<數量>29000.00</數量>
　　　　　　<預算數>19163.00</預算數>
　　　　　　<說明>卡介苗19,163千元。
1.委託製造：12,233千元(1,028元x17,000瓶x70%)
2.專案進口：6,930千元(825元x12,000瓶x70%)</說明>
　　　　</ROW>
　　　　<ROW>
　　　　　　<SEQNO>16</SEQNO>
　　　　　　<LEVEL>2</LEVEL>
　　　　　　<BOLD>0</BOLD>
　　　　　　<計畫別>15.傷寒疫苗</計畫別>
　　　　　　<單位>劑</單位>
　　　　　　<單位成本或平均利率>1700.00</單位成本或平均利率>
　　　　　　<數量>1200.00</數量>
　　　　　　<預算數>2040.00</預算數>
　　　　　　<說明>傷寒疫苗2,040千元。(1,700元x1,200劑)</說明>
　　　　</ROW>
　　　　<ROW>
　　　　　　<SEQNO>17</SEQNO>
　　　　　　<LEVEL>2</LEVEL>
　　　　　　<BOLD>0</BOLD>
　　　　　　<計畫別>16.溫度及冷凍監視片</計畫別>
　　　　　　<單位>片</單位>
　　　　　　<單位成本或平均利率>83.07</單位成本或平均利率>
　　　　　　<數量>35200.00</數量>
　　　　　　<預算數>2924.00</預算數>
　　　　　　<說明>溫度及冷凍監視片2,924千元。
（溫度監視片:80元x28,000片，凍片:95元x7,200片）</說明>
　　　　</ROW>
　　　　<ROW>
　　　　　　<SEQNO>18</SEQNO>
　　　　　　<LEVEL>2</LEVEL>
　　　　　　<BOLD>0</BOLD>
　　　　　　<計畫別>17.疫苗接種計畫相關費用</計畫別>
　　　　　　<單位 />
　　　　　　<單位成本或平均利率>0</單位成本或平均利率>
　　　　　　<數量>0</數量>
　　　　　　<預算數>316704.00</預算數>
　　　　　　<說明>無適當單位可資衡量。</說明>
　　　　</ROW>
　　　　<ROW>
　　　　　　<SEQNO>19</SEQNO>
　　　　　　<LEVEL>1</LEVEL>
　　　　　　<BOLD>1</BOLD>
　　　　　　<計畫別>一般行政管理計畫</計畫別>
　　　　　　<單位 />
　　　　　　<單位成本或平均利率>0</單位成本或平均利率>
　　　　　　<數量>0</數量>
　　　　　　<預算數>1484.00</預算數>
　　　　　　<說明>無適當單位可資衡量。</說明>
　　　　</ROW>
　　　　<ROW>
　　　　　　<SEQNO>20</SEQNO>
　　　　　　<LEVEL>1</LEVEL>
　　　　　　<BOLD>1</BOLD>
　　　　　　<計畫別>合計</計畫別>
　　　　　　<單位 />
　　　　　　<單位成本或平均利率>0</單位成本或平均利率>
　　　　　　<數量>0</數量>
　　　　　　<預算數>2289880.00</預算數>
　　　　　　<說明 />
　　　　</ROW>
　　</DataSet>
</GenericData>

