﻿"name","schema","description"
"113-會計月報_歲入累計表_20240913112834.xml","schema-會計月報_歲入累計表.csv","會計月報_歲入累計表"
"113-會計月報_經費累計表_20240913112835.xml","schema-會計月報_經費累計表.csv","會計月報_經費累計表"
"113-會計月報_以前年度歲出轉入數累計表_20240913112837.xml","schema-會計月報_以前年度歲出轉入數累計表.csv","會計月報_以前年度歲出轉入數累計表"
"113-歲出用途別累計表_20240913112838.xml","schema-歲出用途別累計表.csv","歲出用途別累計表"
"113-繳付公庫數分析表_20240913112842.xml","schema-繳付公庫數分析表.csv","繳付公庫數分析表"
"113-公庫撥入數分析表_20240913112844.xml","schema-公庫撥入數分析表.csv","公庫撥入數分析表"
"113-平衡表_20240913112845.xml","schema-平衡表.csv","平衡表"
"113-收入支出表_20240913112848.xml","schema-收入支出表.csv","收入支出表"
"113-長期投資、固定資產、遞耗資產及無形資產變動表_20240913112850.xml","schema-長期投資、固定資產、遞耗資產及無形資產變動表.csv","長期投資、固定資產、遞耗資產及無形資產變動表"
"113_會計月報_預算執行及會計收支對照表_20240913112851.xml","schema-會計月報_預算執行及會計收支對照表.csv","會計月報_預算執行及會計收支對照表"
