﻿"name","schema","description"
"112_決算編制_歲入來源別決算表_20240913114302.xml","schema-決算編制_歲入來源別決算表.csv","決算編制_歲入來源別決算表"
"112_決算編制_歲出政事別決算表_20240913114305.xml","schema-決算編制_歲出政事別決算表.csv","決算編制_歲出政事別決算表"
"112_決算編制_歲出機關別決算表_20240913114315.xml","schema-決算編制_歲出機關別決算表.csv","決算編制_歲出機關別決算表"
"112_決算編制_以前年度歲出政事別轉入數決算表_20240913114315.xml","schema-決算編制_以前年度歲出政事別轉入數決算表.csv","決算編制_以前年度歲出政事別轉入數決算表"
"112_決算編制_以前年度歲出機關別轉入數決算表_20240913114316.xml","schema-決算編制_以前年度歲出機關別轉入數決算表.csv","決算編制_以前年度歲出機關別轉入數決算表"
"112-平衡表_20240913114320.xml","schema-平衡表.csv","平衡表"
"112_決算編制-長期投資、固定資產、遞耗資產及無形資產變動表_20240913114322.xml","schema-決算編制-長期投資、固定資產、遞耗資產及無形資產變動表.csv","決算編制-長期投資、固定資產、遞耗資產及無形資產變動表"
"112_決算編製_決算與會計收支對照表_20240913114323.xml","schema-決算編製_決算與會計收支對照表.csv","決算編製_決算與會計收支對照表"
"112_決算編制-歲出用途別決算累計表_20240913114326.xml","schema-決算編制-歲出用途別決算累計表.csv","決算編制-歲出用途別決算累計表"
"112_決算編制-歲出用途別決算分析表_20240913114329.xml","schema-決算編制-歲出用途別決算分析表.csv","決算編制-歲出用途別決算分析表"
"112-繳付公庫數分析表_20240913114330.xml","schema-繳付公庫數分析表.csv","繳付公庫數分析表"
"112-公庫撥入數分析表_20240913114333.xml","schema-公庫撥入數分析表.csv","公庫撥入數分析表"
"112-收入支出表_20240913114335.xml","schema-收入支出表.csv","收入支出表"
