<?xml version="1.0" encoding="UTF-8"?>
<GenericData>
　　<Header>
　　　　<Table Id="FNGBWORKR" Name="基金來源、用途及餘絀預計表" Domain="SFUND" />
　　　　<Program Id="FNGBRB0010_A" />
　　　　<Sender Name="疫苗基金" />
　　　　<報表名稱>基金來源、用途及餘絀預計表</報表名稱>
　　　　<年度>109</年度>
　　　　<基金>疫苗基金</基金>
　　　　<階段>法定預算</階段>
　　　　<版本>1</版本>
　　　　<單位>新臺幣千元</單位>
　　</Header>
　　<DataSet>
　　　　<COMM>
　　　　　　1.前年度決算數為審定決算數；上年度預算數為法定預算數。
2.前年度決算數細數之和與總數略有出入，係四捨五入關係。以下各表同。
　　　　　　<ROW>
　　　　　　　　<SEQNO>1</SEQNO>
　　　　　　　　<LEVEL>01</LEVEL>
　　　　　　　　<BOLD>0</BOLD>
　　　　　　　　<前年度決算數>2831369</前年度決算數>
　　　　　　　　<項目>基金來源</項目>
　　　　　　　　<本年度預算數>3097396</本年度預算數>
　　　　　　　　<上年度預算數>2447686</上年度預算數>
　　　　　　　　<比較增減>649710</比較增減>
　　　　　　</ROW>
　　　　　　<ROW>
　　　　　　　　<SEQNO>2</SEQNO>
　　　　　　　　<LEVEL>02</LEVEL>
　　　　　　　　<BOLD>0</BOLD>
　　　　　　　　<前年度決算數>2066171</前年度決算數>
　　　　　　　　<項目>徵收及依法分配收入</項目>
　　　　　　　　<本年度預算數>2065457</本年度預算數>
　　　　　　　　<上年度預算數>1710957</上年度預算數>
　　　　　　　　<比較增減>354500</比較增減>
　　　　　　</ROW>
　　　　　　<ROW>
　　　　　　　　<SEQNO>3</SEQNO>
　　　　　　　　<LEVEL>03</LEVEL>
　　　　　　　　<BOLD>0</BOLD>
　　　　　　　　<前年度決算數>2038743</前年度決算數>
　　　　　　　　<項目>健康福利捐分配收入</項目>
　　　　　　　　<本年度預算數>2033500</本年度預算數>
　　　　　　　　<上年度預算數>1679000</上年度預算數>
　　　　　　　　<比較增減>354500</比較增減>
　　　　　　</ROW>
　　　　　　<ROW>
　　　　　　　　<SEQNO>4</SEQNO>
　　　　　　　　<LEVEL>03</LEVEL>
　　　　　　　　<BOLD>0</BOLD>
　　　　　　　　<前年度決算數>27428</前年度決算數>
　　　　　　　　<項目>其他徵收及依法分配收入</項目>
　　　　　　　　<本年度預算數>31957</本年度預算數>
　　　　　　　　<上年度預算數>31957</上年度預算數>
　　　　　　　　<比較增減 />
　　　　　　</ROW>
　　　　　　<ROW>
　　　　　　　　<SEQNO>5</SEQNO>
　　　　　　　　<LEVEL>02</LEVEL>
　　　　　　　　<BOLD>0</BOLD>
　　　　　　　　<前年度決算數>7271</前年度決算數>
　　　　　　　　<項目>財產收入</項目>
　　　　　　　　<本年度預算數>389</本年度預算數>
　　　　　　　　<上年度預算數>2594</上年度預算數>
　　　　　　　　<比較增減>-2205</比較增減>
　　　　　　</ROW>
　　　　　　<ROW>
　　　　　　　　<SEQNO>6</SEQNO>
　　　　　　　　<LEVEL>03</LEVEL>
　　　　　　　　<BOLD>0</BOLD>
　　　　　　　　<前年度決算數>7271</前年度決算數>
　　　　　　　　<項目>利息收入</項目>
　　　　　　　　<本年度預算數>389</本年度預算數>
　　　　　　　　<上年度預算數>2594</上年度預算數>
　　　　　　　　<比較增減>-2205</比較增減>
　　　　　　</ROW>
　　　　　　<ROW>
　　　　　　　　<SEQNO>7</SEQNO>
　　　　　　　　<LEVEL>02</LEVEL>
　　　　　　　　<BOLD>0</BOLD>
　　　　　　　　<前年度決算數>730160</前年度決算數>
　　　　　　　　<項目>政府撥入收入</項目>
　　　　　　　　<本年度預算數>1027300</本年度預算數>
　　　　　　　　<上年度預算數>730160</上年度預算數>
　　　　　　　　<比較增減>297140</比較增減>
　　　　　　</ROW>
　　　　　　<ROW>
　　　　　　　　<SEQNO>8</SEQNO>
　　　　　　　　<LEVEL>03</LEVEL>
　　　　　　　　<BOLD>0</BOLD>
　　　　　　　　<前年度決算數>730160</前年度決算數>
　　　　　　　　<項目>公庫撥款收入</項目>
　　　　　　　　<本年度預算數>1027300</本年度預算數>
　　　　　　　　<上年度預算數>730160</上年度預算數>
　　　　　　　　<比較增減>297140</比較增減>
　　　　　　</ROW>
　　　　　　<ROW>
　　　　　　　　<SEQNO>9</SEQNO>
　　　　　　　　<LEVEL>02</LEVEL>
　　　　　　　　<BOLD>0</BOLD>
　　　　　　　　<前年度決算數>27767</前年度決算數>
　　　　　　　　<項目>其他收入</項目>
　　　　　　　　<本年度預算數>4250</本年度預算數>
　　　　　　　　<上年度預算數>3975</上年度預算數>
　　　　　　　　<比較增減>275</比較增減>
　　　　　　</ROW>
　　　　　　<ROW>
　　　　　　　　<SEQNO>10</SEQNO>
　　　　　　　　<LEVEL>03</LEVEL>
　　　　　　　　<BOLD>0</BOLD>
　　　　　　　　<前年度決算數>18029</前年度決算數>
　　　　　　　　<項目>受贈收入</項目>
　　　　　　　　<本年度預算數 />
　　　　　　　　<上年度預算數 />
　　　　　　　　<比較增減 />
　　　　　　</ROW>
　　　　　　<ROW>
　　　　　　　　<SEQNO>11</SEQNO>
　　　　　　　　<LEVEL>03</LEVEL>
　　　　　　　　<BOLD>0</BOLD>
　　　　　　　　<前年度決算數>9739</前年度決算數>
　　　　　　　　<項目>雜項收入</項目>
　　　　　　　　<本年度預算數>4250</本年度預算數>
　　　　　　　　<上年度預算數>3975</上年度預算數>
　　　　　　　　<比較增減>275</比較增減>
　　　　　　</ROW>
　　　　　　<ROW>
　　　　　　　　<SEQNO>12</SEQNO>
　　　　　　　　<LEVEL>01</LEVEL>
　　　　　　　　<BOLD>0</BOLD>
　　　　　　　　<前年度決算數>2997124</前年度決算數>
　　　　　　　　<項目>基金用途</項目>
　　　　　　　　<本年度預算數>3652012</本年度預算數>
　　　　　　　　<上年度預算數>3357779</上年度預算數>
　　　　　　　　<比較增減>294233</比較增減>
　　　　　　</ROW>
　　　　　　<ROW>
　　　　　　　　<SEQNO>13</SEQNO>
　　　　　　　　<LEVEL>02</LEVEL>
　　　　　　　　<BOLD>0</BOLD>
　　　　　　　　<前年度決算數>2996009</前年度決算數>
　　　　　　　　<項目>疫苗接種計畫</項目>
　　　　　　　　<本年度預算數>3650505</本年度預算數>
　　　　　　　　<上年度預算數>3356347</上年度預算數>
　　　　　　　　<比較增減>294158</比較增減>
　　　　　　</ROW>
　　　　　　<ROW>
　　　　　　　　<SEQNO>14</SEQNO>
　　　　　　　　<LEVEL>02</LEVEL>
　　　　　　　　<BOLD>0</BOLD>
　　　　　　　　<前年度決算數>1115</前年度決算數>
　　　　　　　　<項目>一般行政管理計畫</項目>
　　　　　　　　<本年度預算數>1507</本年度預算數>
　　　　　　　　<上年度預算數>1432</上年度預算數>
　　　　　　　　<比較增減>75</比較增減>
　　　　　　</ROW>
　　　　　　<ROW>
　　　　　　　　<SEQNO>15</SEQNO>
　　　　　　　　<LEVEL>01</LEVEL>
　　　　　　　　<BOLD>0</BOLD>
　　　　　　　　<前年度決算數>-165755</前年度決算數>
　　　　　　　　<項目>本期賸餘(短絀)</項目>
　　　　　　　　<本年度預算數>-554616</本年度預算數>
　　　　　　　　<上年度預算數>-910093</上年度預算數>
　　　　　　　　<比較增減>355477</比較增減>
　　　　　　</ROW>
　　　　　　<ROW>
　　　　　　　　<SEQNO>16</SEQNO>
　　　　　　　　<LEVEL>01</LEVEL>
　　　　　　　　<BOLD>0</BOLD>
　　　　　　　　<前年度決算數>1724892</前年度決算數>
　　　　　　　　<項目>期初基金餘額</項目>
　　　　　　　　<本年度預算數>649045</本年度預算數>
　　　　　　　　<上年度預算數>1353138</上年度預算數>
　　　　　　　　<比較增減>-704093</比較增減>
　　　　　　</ROW>
　　　　　　<ROW>
　　　　　　　　<SEQNO>17</SEQNO>
　　　　　　　　<LEVEL>01</LEVEL>
　　　　　　　　<BOLD>0</BOLD>
　　　　　　　　<前年度決算數 />
　　　　　　　　<項目>解繳公庫</項目>
　　　　　　　　<本年度預算數 />
　　　　　　　　<上年度預算數 />
　　　　　　　　<比較增減 />
　　　　　　</ROW>
　　　　　　<ROW>
　　　　　　　　<SEQNO>18</SEQNO>
　　　　　　　　<LEVEL>01</LEVEL>
　　　　　　　　<BOLD>1</BOLD>
　　　　　　　　<前年度決算數>1559138</前年度決算數>
　　　　　　　　<項目>期末基金餘額</項目>
　　　　　　　　<本年度預算數>94429</本年度預算數>
　　　　　　　　<上年度預算數>443045</上年度預算數>
　　　　　　　　<比較增減>-348616</比較增減>
　　　　　　</ROW>
　　　　</COMM>
　　</DataSet>
</GenericData>

