<?xml version="1.0" encoding="UTF-8"?>
<GenericData>
　　<Header>
　　　　<Table Id="FNGBCSHFLOWR" Name="現金流量預計表" Domain="SFUND" />
　　　　<Program Id="FNGBRB0020_A" />
　　　　<Sender Name="疫苗基金" />
　　　　<報表名稱>現金流量預計表</報表名稱>
　　　　<年度>109</年度>
　　　　<基金>疫苗基金</基金>
　　　　<階段>法定預算</階段>
　　　　<版本>1</版本>
　　　　<單位>新臺幣千元</單位>
　　</Header>
　　<DataSet>
　　　　<ROW>
　　　　　　<SEQNO>1</SEQNO>
　　　　　　<LEVEL>02</LEVEL>
　　　　　　<BOLD>1</BOLD>
　　　　　　<項目>業務活動之現金流量</項目>
　　　　　　<預算數>-744488</預算數>
　　　　　　<說明 />
　　　　</ROW>
　　　　<ROW>
　　　　　　<SEQNO>2</SEQNO>
　　　　　　<LEVEL>03</LEVEL>
　　　　　　<BOLD>0</BOLD>
　　　　　　<項目>本期賸餘（短絀）</項目>
　　　　　　<預算數>-554616</預算數>
　　　　　　<說明 />
　　　　</ROW>
　　　　<ROW>
　　　　　　<SEQNO>3</SEQNO>
　　　　　　<LEVEL>03</LEVEL>
　　　　　　<BOLD>0</BOLD>
　　　　　　<項目>調整非現金項目</項目>
　　　　　　<預算數>-189872</預算數>
　　　　　　<說明>1.流動資產應收款項增加9,872千元及預付款項增加100,000千元。
2.流動負債應付款項減少80,000千元。</說明>
　　　　</ROW>
　　　　<ROW>
　　　　　　<SEQNO>4</SEQNO>
　　　　　　<LEVEL>03</LEVEL>
　　　　　　<BOLD>0</BOLD>
　　　　　　<項目>業務活動之淨現金流入（流出）</項目>
　　　　　　<預算數>-744488</預算數>
　　　　　　<說明 />
　　　　</ROW>
　　　　<ROW>
　　　　　　<SEQNO>5</SEQNO>
　　　　　　<LEVEL>02</LEVEL>
　　　　　　<BOLD>1</BOLD>
　　　　　　<項目>其他活動之現金流量</項目>
　　　　　　<預算數>6000</預算數>
　　　　　　<說明 />
　　　　</ROW>
　　　　<ROW>
　　　　　　<SEQNO>6</SEQNO>
　　　　　　<LEVEL>03</LEVEL>
　　　　　　<BOLD>0</BOLD>
　　　　　　<項目>增加短期債務及其他負債</項目>
　　　　　　<預算數>6000</預算數>
　　　　　　<說明>增加存入保證金。</說明>
　　　　</ROW>
　　　　<ROW>
　　　　　　<SEQNO>7</SEQNO>
　　　　　　<LEVEL>03</LEVEL>
　　　　　　<BOLD>0</BOLD>
　　　　　　<項目>其他活動之淨現金流入（流出）</項目>
　　　　　　<預算數>6000</預算數>
　　　　　　<說明 />
　　　　</ROW>
　　　　<ROW>
　　　　　　<SEQNO>8</SEQNO>
　　　　　　<LEVEL>02</LEVEL>
　　　　　　<BOLD>1</BOLD>
　　　　　　<項目>現金及約當現金之淨增（淨減）</項目>
　　　　　　<預算數>-738488</預算數>
　　　　　　<說明 />
　　　　</ROW>
　　　　<ROW>
　　　　　　<SEQNO>9</SEQNO>
　　　　　　<LEVEL>02</LEVEL>
　　　　　　<BOLD>1</BOLD>
　　　　　　<項目>期初現金及約當現金</項目>
　　　　　　<預算數>1282717</預算數>
　　　　　　<說明 />
　　　　</ROW>
　　　　<ROW>
　　　　　　<SEQNO>10</SEQNO>
　　　　　　<LEVEL>02</LEVEL>
　　　　　　<BOLD>1</BOLD>
　　　　　　<項目>期末現金及約當現金</項目>
　　　　　　<預算數>544229</預算數>
　　　　　　<說明 />
　　　　</ROW>
　　</DataSet>
</GenericData>

