<?xml version="1.0" encoding="UTF-8"?>
<GenericData>
　　<Header>
　　　　<Table Id="fngbcostanlyz" Name="單位成本分析表" Domain="SFUND" />
　　　　<Program Id="FNGBRB0050_A" />
　　　　<Sender Name="疫苗基金" />
　　　　<報表名稱>單位成本分析表</報表名稱>
　　　　<年度>109</年度>
　　　　<基金>疫苗基金</基金>
　　　　<階段>法定預算</階段>
　　　　<版本>1</版本>
　　　　<單位>新臺幣千元</單位>
　　</Header>
　　<DataSet>
　　　　<ROW>
　　　　　　<SEQNO>1</SEQNO>
　　　　　　<LEVEL>1</LEVEL>
　　　　　　<BOLD>1</BOLD>
　　　　　　<計畫別>疫苗接種計畫</計畫別>
　　　　　　<單位 />
　　　　　　<單位成本或平均利率>0</單位成本或平均利率>
　　　　　　<數量>0</數量>
　　　　　　<預算數>3650505</預算數>
　　　　　　<說明 />
　　　　</ROW>
　　　　<ROW>
　　　　　　<SEQNO>2</SEQNO>
　　　　　　<LEVEL>2</LEVEL>
　　　　　　<BOLD>0</BOLD>
　　　　　　<計畫別>一、日本腦炎疫苗</計畫別>
　　　　　　<單位>劑</單位>
　　　　　　<單位成本或平均利率>496</單位成本或平均利率>
　　　　　　<數量>400300</數量>
　　　　　　<預算數>198700</預算數>
　　　　　　<說明>日本腦炎疫苗198,700千元。
1.幼兒常規:700元×400,000劑×70%
=196,000千元
2.免疫不全:9,000元×300劑=2,700千元</說明>
　　　　</ROW>
　　　　<ROW>
　　　　　　<SEQNO>3</SEQNO>
　　　　　　<LEVEL>2</LEVEL>
　　　　　　<BOLD>0</BOLD>
　　　　　　<計畫別>一、日本腦炎疫苗</計畫別>
　　　　　　<單位>劑</單位>
　　　　　　<單位成本或平均利率>496</單位成本或平均利率>
　　　　　　<數量>400300</數量>
　　　　　　<預算數>198700</預算數>
　　　　　　<說明>日本腦炎疫苗198,700千元。
1.幼兒常規:700元×400,000劑×70%
=196,000千元
2.免疫不全:9,000元×300劑=2,700千元</說明>
　　　　</ROW>
　　　　<ROW>
　　　　　　<SEQNO>4</SEQNO>
　　　　　　<LEVEL>2</LEVEL>
　　　　　　<BOLD>0</BOLD>
　　　　　　<計畫別>二、黃熱病疫苗</計畫別>
　　　　　　<單位>劑</單位>
　　　　　　<單位成本或平均利率>2000</單位成本或平均利率>
　　　　　　<數量>10000</數量>
　　　　　　<預算數>20000</預算數>
　　　　　　<說明>黃熱病疫苗20,000千元。
(2,000元×10,000劑)</說明>
　　　　</ROW>
　　　　<ROW>
　　　　　　<SEQNO>5</SEQNO>
　　　　　　<LEVEL>2</LEVEL>
　　　　　　<BOLD>0</BOLD>
　　　　　　<計畫別>三、流行性腦脊髓膜炎疫苗</計畫別>
　　　　　　<單位>劑</單位>
　　　　　　<單位成本或平均利率>1050</單位成本或平均利率>
　　　　　　<數量>8000</數量>
　　　　　　<預算數>8400</預算數>
　　　　　　<說明>流行性腦脊髓膜炎疫苗8,400千元。
(1,050元×8,000劑)</說明>
　　　　</ROW>
　　　　<ROW>
　　　　　　<SEQNO>6</SEQNO>
　　　　　　<LEVEL>2</LEVEL>
　　　　　　<BOLD>0</BOLD>
　　　　　　<計畫別>四、水痘疫苗</計畫別>
　　　　　　<單位>劑</單位>
　　　　　　<單位成本或平均利率>385</單位成本或平均利率>
　　　　　　<數量>190000</數量>
　　　　　　<預算數>73150</預算數>
　　　　　　<說明>水痘疫苗73,150千元。
(550元×190,000劑×70%）</說明>
　　　　</ROW>
　　　　<ROW>
　　　　　　<SEQNO>7</SEQNO>
　　　　　　<LEVEL>2</LEVEL>
　　　　　　<BOLD>0</BOLD>
　　　　　　<計畫別>五、幼兒結合型肺炎鏈球菌疫苗</計畫別>
　　　　　　<單位>劑</單位>
　　　　　　<單位成本或平均利率>882</單位成本或平均利率>
　　　　　　<數量>600000</數量>
　　　　　　<預算數>529200</預算數>
　　　　　　<說明>幼兒結合型肺炎鏈球菌疫苗529,200千元。
(1,260元×600,000劑×70%）</說明>
　　　　</ROW>
　　　　<ROW>
　　　　　　<SEQNO>8</SEQNO>
　　　　　　<LEVEL>2</LEVEL>
　　　　　　<BOLD>0</BOLD>
　　　　　　<計畫別>六、破傷風白喉非細胞型百日咳及不活化小兒麻痺混合疫苗</計畫別>
　　　　　　<單位>劑</單位>
　　　　　　<單位成本或平均利率>364</單位成本或平均利率>
　　　　　　<數量>140000</數量>
　　　　　　<預算數>50960</預算數>
　　　　　　<說明>破傷風白喉非細胞型百日咳及不活化小兒麻痺混合疫苗50,960千元。
(520元×140,000劑×70%）</說明>
　　　　</ROW>
　　　　<ROW>
　　　　　　<SEQNO>9</SEQNO>
　　　　　　<LEVEL>2</LEVEL>
　　　　　　<BOLD>0</BOLD>
　　　　　　<計畫別>七、注射式小兒麻痺疫苗</計畫別>
　　　　　　<單位>劑</單位>
　　　　　　<單位成本或平均利率>460</單位成本或平均利率>
　　　　　　<數量>3000</數量>
　　　　　　<預算數>1380</預算數>
　　　　　　<說明>注射式小兒麻痺疫苗1,380千元。
(460元×3,000劑)</說明>
　　　　</ROW>
　　　　<ROW>
　　　　　　<SEQNO>10</SEQNO>
　　　　　　<LEVEL>2</LEVEL>
　　　　　　<BOLD>0</BOLD>
　　　　　　<計畫別>八、麻疹腮腺炎德國麻疹混合疫苗</計畫別>
　　　　　　<單位>劑</單位>
　　　　　　<單位成本或平均利率>119</單位成本或平均利率>
　　　　　　<數量>420000</數量>
　　　　　　<預算數>49980</預算數>
　　　　　　<說明>麻疹腮腺炎德國麻疹混合疫苗49,980千元。
(170元×420,000劑×70%）</說明>
　　　　</ROW>
　　　　<ROW>
　　　　　　<SEQNO>11</SEQNO>
　　　　　　<LEVEL>2</LEVEL>
　　　　　　<BOLD>0</BOLD>
　　　　　　<計畫別>九、B型肝炎疫苗</計畫別>
　　　　　　<單位>劑</單位>
　　　　　　<單位成本或平均利率>91</單位成本或平均利率>
　　　　　　<數量>630000</數量>
　　　　　　<預算數>57330</預算數>
　　　　　　<說明>B型肝炎疫苗57,330千元。
(130元×630,000劑×70%）</說明>
　　　　</ROW>
　　　　<ROW>
　　　　　　<SEQNO>12</SEQNO>
　　　　　　<LEVEL>2</LEVEL>
　　　　　　<BOLD>0</BOLD>
　　　　　　<計畫別>十、B型肝炎免疫球蛋白</計畫別>
　　　　　　<單位>劑</單位>
　　　　　　<單位成本或平均利率>1680</單位成本或平均利率>
　　　　　　<數量>10000</數量>
　　　　　　<預算數>16800</預算數>
　　　　　　<說明>B型肝炎免疫球蛋白16,800千元。
(2,400元×10,000劑×70%）</說明>
　　　　</ROW>
　　　　<ROW>
　　　　　　<SEQNO>13</SEQNO>
　　　　　　<LEVEL>2</LEVEL>
　　　　　　<BOLD>0</BOLD>
　　　　　　<計畫別>十一、A型肝炎疫苗</計畫別>
　　　　　　<單位>劑</單位>
　　　　　　<單位成本或平均利率>500</單位成本或平均利率>
　　　　　　<數量>1000</數量>
　　　　　　<預算數>500</預算數>
　　　　　　<說明>A型肝炎疫苗500千元。
(500元×1,000劑）</說明>
　　　　</ROW>
　　　　<ROW>
　　　　　　<SEQNO>14</SEQNO>
　　　　　　<LEVEL>2</LEVEL>
　　　　　　<BOLD>0</BOLD>
　　　　　　<計畫別>十二、多合一疫苗</計畫別>
　　　　　　<單位>劑</單位>
　　　　　　<單位成本或平均利率>553</單位成本或平均利率>
　　　　　　<數量>800000</數量>
　　　　　　<預算數>442400</預算數>
　　　　　　<說明>多合一疫苗442,400千元。
(790元×800,000劑×70%)</說明>
　　　　</ROW>
　　　　<ROW>
　　　　　　<SEQNO>15</SEQNO>
　　　　　　<LEVEL>2</LEVEL>
　　　　　　<BOLD>0</BOLD>
　　　　　　<計畫別>十三、季節性流感疫苗</計畫別>
　　　　　　<單位>劑</單位>
　　　　　　<單位成本或平均利率>175</單位成本或平均利率>
　　　　　　<數量>6000000</數量>
　　　　　　<預算數>1050000</預算數>
　　　　　　<說明>季節性流感疫苗1,050,000千元。
(0.5ml四價流感疫苗：250元×6,000,000劑×70%)</說明>
　　　　</ROW>
　　　　<ROW>
　　　　　　<SEQNO>16</SEQNO>
　　　　　　<LEVEL>2</LEVEL>
　　　　　　<BOLD>0</BOLD>
　　　　　　<計畫別>十四、優先取得流感大流行疫苗權利金</計畫別>
　　　　　　<單位>劑</單位>
　　　　　　<單位成本或平均利率>24</單位成本或平均利率>
　　　　　　<數量>1000000</數量>
　　　　　　<預算數>24000</預算數>
　　　　　　<說明>優先取得流感大流行疫苗權利金24,000千元。
(24元/劑×1,000,000劑)</說明>
　　　　</ROW>
　　　　<ROW>
　　　　　　<SEQNO>17</SEQNO>
　　　　　　<LEVEL>2</LEVEL>
　　　　　　<BOLD>0</BOLD>
　　　　　　<計畫別>十五、卡介苗</計畫別>
　　　　　　<單位>瓶</單位>
　　　　　　<單位成本或平均利率>789</單位成本或平均利率>
　　　　　　<數量>20000</數量>
　　　　　　<預算數>15779</預算數>
　　　　　　<說明>卡介苗15,779千元。
1.委託製造(舊契約):8,493千元(1,011元×12,000瓶×70%)
2.委託製造(新契約):7,286千元(1,301元×8,000瓶×70%)</說明>
　　　　</ROW>
　　　　<ROW>
　　　　　　<SEQNO>18</SEQNO>
　　　　　　<LEVEL>2</LEVEL>
　　　　　　<BOLD>0</BOLD>
　　　　　　<計畫別>十六、傷寒疫苗</計畫別>
　　　　　　<單位>劑</單位>
　　　　　　<單位成本或平均利率>1950</單位成本或平均利率>
　　　　　　<數量>1500</數量>
　　　　　　<預算數>2925</預算數>
　　　　　　<說明>傷寒疫苗2,925千元。
(1,950元×1,500劑)</說明>
　　　　</ROW>
　　　　<ROW>
　　　　　　<SEQNO>19</SEQNO>
　　　　　　<LEVEL>2</LEVEL>
　　　　　　<BOLD>0</BOLD>
　　　　　　<計畫別>十七、長者肺炎鏈球菌疫苗</計畫別>
　　　　　　<單位>劑</單位>
　　　　　　<單位成本或平均利率>420</單位成本或平均利率>
　　　　　　<數量>65000</數量>
　　　　　　<預算數>27300</預算數>
　　　　　　<說明>長者肺炎鏈球菌疫苗27,300千元。
(600元×65,000劑×70%)</說明>
　　　　</ROW>
　　　　<ROW>
　　　　　　<SEQNO>20</SEQNO>
　　　　　　<LEVEL>2</LEVEL>
　　　　　　<BOLD>0</BOLD>
　　　　　　<計畫別>十八、破傷風白喉混合疫苗</計畫別>
　　　　　　<單位>劑</單位>
　　　　　　<單位成本或平均利率>500</單位成本或平均利率>
　　　　　　<數量>2500</數量>
　　　　　　<預算數>1250</預算數>
　　　　　　<說明>破傷風白喉混合疫苗1,250千元。
(500元×2,500劑）</說明>
　　　　</ROW>
　　　　<ROW>
　　　　　　<SEQNO>21</SEQNO>
　　　　　　<LEVEL>2</LEVEL>
　　　　　　<BOLD>0</BOLD>
　　　　　　<計畫別>十九、生物製劑</計畫別>
　　　　　　<單位>劑</單位>
　　　　　　<單位成本或平均利率>4300</單位成本或平均利率>
　　　　　　<數量>210</數量>
　　　　　　<預算數>903</預算數>
　　　　　　<說明>人用狂犬病免疫球蛋白903千元。
(4,300元×210劑）</說明>
　　　　</ROW>
　　　　<ROW>
　　　　　　<SEQNO>22</SEQNO>
　　　　　　<LEVEL>2</LEVEL>
　　　　　　<BOLD>0</BOLD>
　　　　　　<計畫別>二十、溫度及冷凍監視片</計畫別>
　　　　　　<單位>片</單位>
　　　　　　<單位成本或平均利率>82</單位成本或平均利率>
　　　　　　<數量>52200</數量>
　　　　　　<預算數>4284</預算數>
　　　　　　<說明>溫度及冷凍監視片4,284千元。
(溫度監視片:80元×45,000片，凍片:95元×7,200片）</說明>
　　　　</ROW>
　　　　<ROW>
　　　　　　<SEQNO>23</SEQNO>
　　　　　　<LEVEL>2</LEVEL>
　　　　　　<BOLD>0</BOLD>
　　　　　　<計畫別>二十一、辦公用品及事務機器需要耗用之設備零件等費用</計畫別>
　　　　　　<單位 />
　　　　　　<單位成本或平均利率>0</單位成本或平均利率>
　　　　　　<數量>0</數量>
　　　　　　<預算數>200</預算數>
　　　　　　<說明>無適當單位可資衡量。</說明>
　　　　</ROW>
　　　　<ROW>
　　　　　　<SEQNO>24</SEQNO>
　　　　　　<LEVEL>2</LEVEL>
　　　　　　<BOLD>0</BOLD>
　　　　　　<計畫別>二十二、運用於疫苗等生物藥品之追蹤管理所需用品耗材等相關費用</計畫別>
　　　　　　<單位 />
　　　　　　<單位成本或平均利率>0</單位成本或平均利率>
　　　　　　<數量>0</數量>
　　　　　　<預算數>3000</預算數>
　　　　　　<說明>無適當單位可資衡量。</說明>
　　　　</ROW>
　　　　<ROW>
　　　　　　<SEQNO>25</SEQNO>
　　　　　　<LEVEL>2</LEVEL>
　　　　　　<BOLD>0</BOLD>
　　　　　　<計畫別>二十三、疫苗接種計畫相關費用</計畫別>
　　　　　　<單位 />
　　　　　　<單位成本或平均利率>0</單位成本或平均利率>
　　　　　　<數量>0</數量>
　　　　　　<預算數>1072064</預算數>
　　　　　　<說明>無適當單位可資衡量。</說明>
　　　　</ROW>
　　　　<ROW>
　　　　　　<SEQNO>26</SEQNO>
　　　　　　<LEVEL>1</LEVEL>
　　　　　　<BOLD>1</BOLD>
　　　　　　<計畫別>一般行政管理計畫</計畫別>
　　　　　　<單位 />
　　　　　　<單位成本或平均利率>0</單位成本或平均利率>
　　　　　　<數量>0</數量>
　　　　　　<預算數>1507</預算數>
　　　　　　<說明>無適當單位可資衡量。</說明>
　　　　</ROW>
　　　　<ROW>
　　　　　　<SEQNO>27</SEQNO>
　　　　　　<LEVEL>1</LEVEL>
　　　　　　<BOLD>1</BOLD>
　　　　　　<計畫別>合計</計畫別>
　　　　　　<單位 />
　　　　　　<單位成本或平均利率>0</單位成本或平均利率>
　　　　　　<數量>0</數量>
　　　　　　<預算數>3652012</預算數>
　　　　　　<說明 />
　　　　</ROW>
　　</DataSet>
</GenericData>

