<?xml version="1.0" encoding="UTF-8"?>
<GenericData>
　　<Header>
　　　　<Table Domain="SFUND" Id="FNGBCAPITAL" Name="資本資產及長期負債明細表" />
　　　　<Program Id="FNGBRB0150_A" />
　　　　<Sender Name="疫苗基金" />
　　　　<報表名稱>資本資產及長期負債明細表</報表名稱>
　　　　<年度>109</年度>
　　　　<基金>疫苗基金</基金>
　　　　<階段>法定預算</階段>
　　　　<版本>1</版本>
　　　　<單位>新臺幣元</單位>
　　</Header>
　　<DataSet>
　　　　<ROW>
　　　　　　<SEQNO>1</SEQNO>
　　　　　　<LEVEL>3</LEVEL>
　　　　　　<BOLD>0</BOLD>
　　　　　　<項目>非理財目的之長期投資</項目>
　　　　　　<取得成本_舉債數 />
　　　　　　<以前年度累計折舊_長期投資評價_未攤銷溢價 />
　　　　　　<本年度增加數 />
　　　　　　<本年度減少數 />
　　　　　　<本年度累計折舊_長期投資評價變動數_攤銷數 />
　　　　　　<期末餘額 />
　　　　　　<本年度增加類型 />
　　　　　　<本年度減少類型 />
　　　　　　<主要增減原因說明 />
　　　　</ROW>
　　　　<ROW>
　　　　　　<SEQNO>2</SEQNO>
　　　　　　<LEVEL>3</LEVEL>
　　　　　　<BOLD>0</BOLD>
　　　　　　<項目>土地</項目>
　　　　　　<取得成本_舉債數 />
　　　　　　<以前年度累計折舊_長期投資評價_未攤銷溢價 />
　　　　　　<本年度增加數 />
　　　　　　<本年度減少數 />
　　　　　　<本年度累計折舊_長期投資評價變動數_攤銷數 />
　　　　　　<期末餘額 />
　　　　　　<本年度增加類型 />
　　　　　　<本年度減少類型 />
　　　　　　<主要增減原因說明 />
　　　　</ROW>
　　　　<ROW>
　　　　　　<SEQNO>3</SEQNO>
　　　　　　<LEVEL>3</LEVEL>
　　　　　　<BOLD>0</BOLD>
　　　　　　<項目>土地改良物</項目>
　　　　　　<取得成本_舉債數 />
　　　　　　<以前年度累計折舊_長期投資評價_未攤銷溢價 />
　　　　　　<本年度增加數 />
　　　　　　<本年度減少數 />
　　　　　　<本年度累計折舊_長期投資評價變動數_攤銷數 />
　　　　　　<期末餘額 />
　　　　　　<本年度增加類型 />
　　　　　　<本年度減少類型 />
　　　　　　<主要增減原因說明 />
　　　　</ROW>
　　　　<ROW>
　　　　　　<SEQNO>4</SEQNO>
　　　　　　<LEVEL>3</LEVEL>
　　　　　　<BOLD>0</BOLD>
　　　　　　<項目>房屋及建築</項目>
　　　　　　<取得成本_舉債數 />
　　　　　　<以前年度累計折舊_長期投資評價_未攤銷溢價 />
　　　　　　<本年度增加數 />
　　　　　　<本年度減少數 />
　　　　　　<本年度累計折舊_長期投資評價變動數_攤銷數 />
　　　　　　<期末餘額 />
　　　　　　<本年度增加類型 />
　　　　　　<本年度減少類型 />
　　　　　　<主要增減原因說明 />
　　　　</ROW>
　　　　<ROW>
　　　　　　<SEQNO>5</SEQNO>
　　　　　　<LEVEL>3</LEVEL>
　　　　　　<BOLD>0</BOLD>
　　　　　　<項目>機械及設備</項目>
　　　　　　<取得成本_舉債數>15088</取得成本_舉債數>
　　　　　　<以前年度累計折舊_長期投資評價_未攤銷溢價>-12675</以前年度累計折舊_長期投資評價_未攤銷溢價>
　　　　　　<本年度增加數>3100</本年度增加數>
　　　　　　<本年度減少數 />
　　　　　　<本年度累計折舊_長期投資評價變動數_攤銷數>-1975</本年度累計折舊_長期投資評價變動數_攤銷數>
　　　　　　<期末餘額>3538</期末餘額>
　　　　　　<本年度增加類型>(1)</本年度增加類型>
　　　　　　<本年度減少類型 />
　　　　　　<主要增減原因說明>增加原因:購置、汰換溫度監視等設備及全國性預防接種資訊管理系統資料庫主機汰換。</主要增減原因說明>
　　　　</ROW>
　　　　<ROW>
　　　　　　<SEQNO>6</SEQNO>
　　　　　　<LEVEL>3</LEVEL>
　　　　　　<BOLD>0</BOLD>
　　　　　　<項目>交通及運輸設備</項目>
　　　　　　<取得成本_舉債數>28</取得成本_舉債數>
　　　　　　<以前年度累計折舊_長期投資評價_未攤銷溢價>-28</以前年度累計折舊_長期投資評價_未攤銷溢價>
　　　　　　<本年度增加數 />
　　　　　　<本年度減少數 />
　　　　　　<本年度累計折舊_長期投資評價變動數_攤銷數 />
　　　　　　<期末餘額 />
　　　　　　<本年度增加類型 />
　　　　　　<本年度減少類型 />
　　　　　　<主要增減原因說明 />
　　　　</ROW>
　　　　<ROW>
　　　　　　<SEQNO>7</SEQNO>
　　　　　　<LEVEL>3</LEVEL>
　　　　　　<BOLD>0</BOLD>
　　　　　　<項目>雜項設備</項目>
　　　　　　<取得成本_舉債數>1116</取得成本_舉債數>
　　　　　　<以前年度累計折舊_長期投資評價_未攤銷溢價>-544</以前年度累計折舊_長期投資評價_未攤銷溢價>
　　　　　　<本年度增加數>400</本年度增加數>
　　　　　　<本年度減少數 />
　　　　　　<本年度累計折舊_長期投資評價變動數_攤銷數>-164</本年度累計折舊_長期投資評價變動數_攤銷數>
　　　　　　<期末餘額>808</期末餘額>
　　　　　　<本年度增加類型>(1)</本年度增加類型>
　　　　　　<本年度減少類型 />
　　　　　　<主要增減原因說明>增加原因:購置、汰換存放疫苗之冰箱及冷運冷藏等設備。</主要增減原因說明>
　　　　</ROW>
　　　　<ROW>
　　　　　　<SEQNO>8</SEQNO>
　　　　　　<LEVEL>3</LEVEL>
　　　　　　<BOLD>0</BOLD>
　　　　　　<項目>購建中固定資產</項目>
　　　　　　<取得成本_舉債數 />
　　　　　　<以前年度累計折舊_長期投資評價_未攤銷溢價 />
　　　　　　<本年度增加數 />
　　　　　　<本年度減少數 />
　　　　　　<本年度累計折舊_長期投資評價變動數_攤銷數 />
　　　　　　<期末餘額 />
　　　　　　<本年度增加類型 />
　　　　　　<本年度減少類型 />
　　　　　　<主要增減原因說明 />
　　　　</ROW>
　　　　<ROW>
　　　　　　<SEQNO>9</SEQNO>
　　　　　　<LEVEL>3</LEVEL>
　　　　　　<BOLD>0</BOLD>
　　　　　　<項目>電腦軟體</項目>
　　　　　　<取得成本_舉債數>27704</取得成本_舉債數>
　　　　　　<以前年度累計折舊_長期投資評價_未攤銷溢價 />
　　　　　　<本年度增加數>10230</本年度增加數>
　　　　　　<本年度減少數>10337</本年度減少數>
　　　　　　<本年度累計折舊_長期投資評價變動數_攤銷數 />
　　　　　　<期末餘額>27597</期末餘額>
　　　　　　<本年度增加類型>(1)</本年度增加類型>
　　　　　　<本年度減少類型>(9)</本年度減少類型>
　　　　　　<主要增減原因說明>增加原因:全國性預防接種資訊管理系統、流感疫苗管理系統、疫苗基金預算控制系統等功能擴增及全國性預防接種資訊管理系統購置軟體費用。減少原因:電腦軟體攤銷。</主要增減原因說明>
　　　　</ROW>
　　　　<ROW>
　　　　　　<SEQNO>10</SEQNO>
　　　　　　<LEVEL>3</LEVEL>
　　　　　　<BOLD>0</BOLD>
　　　　　　<項目>權利</項目>
　　　　　　<取得成本_舉債數>530</取得成本_舉債數>
　　　　　　<以前年度累計折舊_長期投資評價_未攤銷溢價 />
　　　　　　<本年度增加數 />
　　　　　　<本年度減少數>13</本年度減少數>
　　　　　　<本年度累計折舊_長期投資評價變動數_攤銷數 />
　　　　　　<期末餘額>517</期末餘額>
　　　　　　<本年度增加類型 />
　　　　　　<本年度減少類型>(9)</本年度減少類型>
　　　　　　<主要增減原因說明>減少原因:著作權攤銷。</主要增減原因說明>
　　　　</ROW>
　　　　<ROW>
　　　　　　<SEQNO>11</SEQNO>
　　　　　　<LEVEL>3</LEVEL>
　　　　　　<BOLD>0</BOLD>
　　　　　　<項目>遞耗資產</項目>
　　　　　　<取得成本_舉債數 />
　　　　　　<以前年度累計折舊_長期投資評價_未攤銷溢價 />
　　　　　　<本年度增加數 />
　　　　　　<本年度減少數 />
　　　　　　<本年度累計折舊_長期投資評價變動數_攤銷數 />
　　　　　　<期末餘額 />
　　　　　　<本年度增加類型 />
　　　　　　<本年度減少類型 />
　　　　　　<主要增減原因說明 />
　　　　</ROW>
　　　　<ROW>
　　　　　　<SEQNO>12</SEQNO>
　　　　　　<LEVEL>3</LEVEL>
　　　　　　<BOLD>0</BOLD>
　　　　　　<項目>其他</項目>
　　　　　　<取得成本_舉債數 />
　　　　　　<以前年度累計折舊_長期投資評價_未攤銷溢價 />
　　　　　　<本年度增加數 />
　　　　　　<本年度減少數 />
　　　　　　<本年度累計折舊_長期投資評價變動數_攤銷數 />
　　　　　　<期末餘額 />
　　　　　　<本年度增加類型 />
　　　　　　<本年度減少類型 />
　　　　　　<主要增減原因說明 />
　　　　</ROW>
　　　　<ROW>
　　　　　　<SEQNO>13</SEQNO>
　　　　　　<LEVEL>2</LEVEL>
　　　　　　<BOLD>0</BOLD>
　　　　　　<項目>合　　計</項目>
　　　　　　<取得成本_舉債數>44466</取得成本_舉債數>
　　　　　　<以前年度累計折舊_長期投資評價_未攤銷溢價>-13247</以前年度累計折舊_長期投資評價_未攤銷溢價>
　　　　　　<本年度增加數>13730</本年度增加數>
　　　　　　<本年度減少數>10350</本年度減少數>
　　　　　　<本年度累計折舊_長期投資評價變動數_攤銷數>-2139</本年度累計折舊_長期投資評價變動數_攤銷數>
　　　　　　<期末餘額>32460</期末餘額>
　　　　　　<本年度增加類型 />
　　　　　　<本年度減少類型 />
　　　　　　<主要增減原因說明 />
　　　　</ROW>
　　</DataSet>
</GenericData>

