<?xml version="1.0" encoding="UTF-8"?>
<GenericData>
　　<Header>
　　　　<Table Id="FNGAUSE" Name="各項費用彙計表" Domain="SFUND" />
　　　　<Program Id="FNGBRB0100_A" />
　　　　<Sender Name="疫苗基金" />
　　　　<報表名稱>各項費用彙計表</報表名稱>
　　　　<年度>109</年度>
　　　　<基金>疫苗基金</基金>
　　　　<階段>法定預算</階段>
　　　　<版本>1</版本>
　　　　<單位>新臺幣千元</單位>
　　</Header>
　　<DataSet>
　　　　<ROW>
　　　　　　<SEQNO>1</SEQNO>
　　　　　　<LEVEL>1</LEVEL>
　　　　　　<BOLD>1</BOLD>
　　　　　　<前年度決算數>78</前年度決算數>
　　　　　　<上年度預算數>80</上年度預算數>
　　　　　　<科目名稱>用人費用</科目名稱>
　　　　　　<合計>80</合計>
　　　　　　<疫苗接種計畫 />
　　　　　　<一般行政管理計畫>80</一般行政管理計畫>
　　　　</ROW>
　　　　<ROW>
　　　　　　<SEQNO>2</SEQNO>
　　　　　　<LEVEL>2</LEVEL>
　　　　　　<BOLD>0</BOLD>
　　　　　　<前年度決算數>78</前年度決算數>
　　　　　　<上年度預算數>80</上年度預算數>
　　　　　　<科目名稱>超時工作報酬</科目名稱>
　　　　　　<合計>80</合計>
　　　　　　<疫苗接種計畫 />
　　　　　　<一般行政管理計畫>80</一般行政管理計畫>
　　　　</ROW>
　　　　<ROW>
　　　　　　<SEQNO>3</SEQNO>
　　　　　　<LEVEL>3</LEVEL>
　　　　　　<BOLD>0</BOLD>
　　　　　　<前年度決算數>78</前年度決算數>
　　　　　　<上年度預算數>80</上年度預算數>
　　　　　　<科目名稱>加班費</科目名稱>
　　　　　　<合計>80</合計>
　　　　　　<疫苗接種計畫 />
　　　　　　<一般行政管理計畫>80</一般行政管理計畫>
　　　　</ROW>
　　　　<ROW>
　　　　　　<SEQNO>4</SEQNO>
　　　　　　<LEVEL>4</LEVEL>
　　　　　　<BOLD>0</BOLD>
　　　　　　<前年度決算數 />
　　　　　　<上年度預算數 />
　　　　　　<科目名稱>延長工時及假日出勤加班費</科目名稱>
　　　　　　<合計 />
　　　　　　<疫苗接種計畫 />
　　　　　　<一般行政管理計畫 />
　　　　</ROW>
　　　　<ROW>
　　　　　　<SEQNO>5</SEQNO>
　　　　　　<LEVEL>1</LEVEL>
　　　　　　<BOLD>1</BOLD>
　　　　　　<前年度決算數>22482</前年度決算數>
　　　　　　<上年度預算數>37275</上年度預算數>
　　　　　　<科目名稱>服務費用</科目名稱>
　　　　　　<合計>42127</合計>
　　　　　　<疫苗接種計畫>40826</疫苗接種計畫>
　　　　　　<一般行政管理計畫>1301</一般行政管理計畫>
　　　　</ROW>
　　　　<ROW>
　　　　　　<SEQNO>6</SEQNO>
　　　　　　<LEVEL>2</LEVEL>
　　　　　　<BOLD>0</BOLD>
　　　　　　<前年度決算數>342</前年度決算數>
　　　　　　<上年度預算數>342</上年度預算數>
　　　　　　<科目名稱>水電費</科目名稱>
　　　　　　<合計>342</合計>
　　　　　　<疫苗接種計畫 />
　　　　　　<一般行政管理計畫>342</一般行政管理計畫>
　　　　</ROW>
　　　　<ROW>
　　　　　　<SEQNO>7</SEQNO>
　　　　　　<LEVEL>3</LEVEL>
　　　　　　<BOLD>0</BOLD>
　　　　　　<前年度決算數>342</前年度決算數>
　　　　　　<上年度預算數>342</上年度預算數>
　　　　　　<科目名稱>工作場所電費</科目名稱>
　　　　　　<合計>342</合計>
　　　　　　<疫苗接種計畫 />
　　　　　　<一般行政管理計畫>342</一般行政管理計畫>
　　　　</ROW>
　　　　<ROW>
　　　　　　<SEQNO>8</SEQNO>
　　　　　　<LEVEL>2</LEVEL>
　　　　　　<BOLD>0</BOLD>
　　　　　　<前年度決算數>900</前年度決算數>
　　　　　　<上年度預算數>1600</上年度預算數>
　　　　　　<科目名稱>郵電費</科目名稱>
　　　　　　<合計>1600</合計>
　　　　　　<疫苗接種計畫>1600</疫苗接種計畫>
　　　　　　<一般行政管理計畫 />
　　　　</ROW>
　　　　<ROW>
　　　　　　<SEQNO>9</SEQNO>
　　　　　　<LEVEL>3</LEVEL>
　　　　　　<BOLD>0</BOLD>
　　　　　　<前年度決算數 />
　　　　　　<上年度預算數>100</上年度預算數>
　　　　　　<科目名稱>郵費</科目名稱>
　　　　　　<合計>100</合計>
　　　　　　<疫苗接種計畫>100</疫苗接種計畫>
　　　　　　<一般行政管理計畫 />
　　　　</ROW>
　　　　<ROW>
　　　　　　<SEQNO>10</SEQNO>
　　　　　　<LEVEL>3</LEVEL>
　　　　　　<BOLD>0</BOLD>
　　　　　　<前年度決算數>900</前年度決算數>
　　　　　　<上年度預算數>1500</上年度預算數>
　　　　　　<科目名稱>電話費</科目名稱>
　　　　　　<合計>1500</合計>
　　　　　　<疫苗接種計畫>1500</疫苗接種計畫>
　　　　　　<一般行政管理計畫 />
　　　　</ROW>
　　　　<ROW>
　　　　　　<SEQNO>11</SEQNO>
　　　　　　<LEVEL>2</LEVEL>
　　　　　　<BOLD>0</BOLD>
　　　　　　<前年度決算數>949</前年度決算數>
　　　　　　<上年度預算數>1583</上年度預算數>
　　　　　　<科目名稱>旅運費</科目名稱>
　　　　　　<合計>1319</合計>
　　　　　　<疫苗接種計畫>1319</疫苗接種計畫>
　　　　　　<一般行政管理計畫 />
　　　　</ROW>
　　　　<ROW>
　　　　　　<SEQNO>12</SEQNO>
　　　　　　<LEVEL>3</LEVEL>
　　　　　　<BOLD>0</BOLD>
　　　　　　<前年度決算數>202</前年度決算數>
　　　　　　<上年度預算數>402</上年度預算數>
　　　　　　<科目名稱>國內旅費</科目名稱>
　　　　　　<合計>402</合計>
　　　　　　<疫苗接種計畫>402</疫苗接種計畫>
　　　　　　<一般行政管理計畫 />
　　　　</ROW>
　　　　<ROW>
　　　　　　<SEQNO>13</SEQNO>
　　　　　　<LEVEL>3</LEVEL>
　　　　　　<BOLD>0</BOLD>
　　　　　　<前年度決算數>710</前年度決算數>
　　　　　　<上年度預算數>881</上年度預算數>
　　　　　　<科目名稱>國外旅費</科目名稱>
　　　　　　<合計>617</合計>
　　　　　　<疫苗接種計畫>617</疫苗接種計畫>
　　　　　　<一般行政管理計畫 />
　　　　</ROW>
　　　　<ROW>
　　　　　　<SEQNO>14</SEQNO>
　　　　　　<LEVEL>3</LEVEL>
　　　　　　<BOLD>0</BOLD>
　　　　　　<前年度決算數>35</前年度決算數>
　　　　　　<上年度預算數>300</上年度預算數>
　　　　　　<科目名稱>貨物運費</科目名稱>
　　　　　　<合計>300</合計>
　　　　　　<疫苗接種計畫>300</疫苗接種計畫>
　　　　　　<一般行政管理計畫 />
　　　　</ROW>
　　　　<ROW>
　　　　　　<SEQNO>15</SEQNO>
　　　　　　<LEVEL>3</LEVEL>
　　　　　　<BOLD>0</BOLD>
　　　　　　<前年度決算數>3</前年度決算數>
　　　　　　<上年度預算數 />
　　　　　　<科目名稱>其他旅運費</科目名稱>
　　　　　　<合計 />
　　　　　　<疫苗接種計畫 />
　　　　　　<一般行政管理計畫 />
　　　　</ROW>
　　　　<ROW>
　　　　　　<SEQNO>16</SEQNO>
　　　　　　<LEVEL>2</LEVEL>
　　　　　　<BOLD>0</BOLD>
　　　　　　<前年度決算數>14213</前年度決算數>
　　　　　　<上年度預算數>18194</上年度預算數>
　　　　　　<科目名稱>印刷裝訂與廣告費</科目名稱>
　　　　　　<合計>18194</合計>
　　　　　　<疫苗接種計畫>18144</疫苗接種計畫>
　　　　　　<一般行政管理計畫>50</一般行政管理計畫>
　　　　</ROW>
　　　　<ROW>
　　　　　　<SEQNO>17</SEQNO>
　　　　　　<LEVEL>3</LEVEL>
　　　　　　<BOLD>0</BOLD>
　　　　　　<前年度決算數>900</前年度決算數>
　　　　　　<上年度預算數>1500</上年度預算數>
　　　　　　<科目名稱>印刷及裝訂費</科目名稱>
　　　　　　<合計>1500</合計>
　　　　　　<疫苗接種計畫>1450</疫苗接種計畫>
　　　　　　<一般行政管理計畫>50</一般行政管理計畫>
　　　　</ROW>
　　　　<ROW>
　　　　　　<SEQNO>18</SEQNO>
　　　　　　<LEVEL>3</LEVEL>
　　　　　　<BOLD>0</BOLD>
　　　　　　<前年度決算數>13313</前年度決算數>
　　　　　　<上年度預算數>16694</上年度預算數>
　　　　　　<科目名稱>業務宣導費</科目名稱>
　　　　　　<合計>16694</合計>
　　　　　　<疫苗接種計畫>16694</疫苗接種計畫>
　　　　　　<一般行政管理計畫 />
　　　　</ROW>
　　　　<ROW>
　　　　　　<SEQNO>19</SEQNO>
　　　　　　<LEVEL>2</LEVEL>
　　　　　　<BOLD>0</BOLD>
　　　　　　<前年度決算數>21</前年度決算數>
　　　　　　<上年度預算數>150</上年度預算數>
　　　　　　<科目名稱>修理保養及保固費</科目名稱>
　　　　　　<合計>150</合計>
　　　　　　<疫苗接種計畫 />
　　　　　　<一般行政管理計畫>150</一般行政管理計畫>
　　　　</ROW>
　　　　<ROW>
　　　　　　<SEQNO>20</SEQNO>
　　　　　　<LEVEL>3</LEVEL>
　　　　　　<BOLD>0</BOLD>
　　　　　　<前年度決算數 />
　　　　　　<上年度預算數>50</上年度預算數>
　　　　　　<科目名稱>機械及設備修護費</科目名稱>
　　　　　　<合計>50</合計>
　　　　　　<疫苗接種計畫 />
　　　　　　<一般行政管理計畫>50</一般行政管理計畫>
　　　　</ROW>
　　　　<ROW>
　　　　　　<SEQNO>21</SEQNO>
　　　　　　<LEVEL>3</LEVEL>
　　　　　　<BOLD>0</BOLD>
　　　　　　<前年度決算數>21</前年度決算數>
　　　　　　<上年度預算數>100</上年度預算數>
　　　　　　<科目名稱>雜項設備修護費</科目名稱>
　　　　　　<合計>100</合計>
　　　　　　<疫苗接種計畫 />
　　　　　　<一般行政管理計畫>100</一般行政管理計畫>
　　　　</ROW>
　　　　<ROW>
　　　　　　<SEQNO>22</SEQNO>
　　　　　　<LEVEL>2</LEVEL>
　　　　　　<BOLD>0</BOLD>
　　　　　　<前年度決算數>3422</前年度決算數>
　　　　　　<上年度預算數>4196</上年度預算數>
　　　　　　<科目名稱>一般服務費</科目名稱>
　　　　　　<合計>4812</合計>
　　　　　　<疫苗接種計畫>4053</疫苗接種計畫>
　　　　　　<一般行政管理計畫>759</一般行政管理計畫>
　　　　</ROW>
　　　　<ROW>
　　　　　　<SEQNO>23</SEQNO>
　　　　　　<LEVEL>3</LEVEL>
　　　　　　<BOLD>0</BOLD>
　　　　　　<前年度決算數>3</前年度決算數>
　　　　　　<上年度預算數 />
　　　　　　<科目名稱>佣金、匯費、經理費及手續費</科目名稱>
　　　　　　<合計 />
　　　　　　<疫苗接種計畫 />
　　　　　　<一般行政管理計畫 />
　　　　</ROW>
　　　　<ROW>
　　　　　　<SEQNO>24</SEQNO>
　　　　　　<LEVEL>3</LEVEL>
　　　　　　<BOLD>0</BOLD>
　　　　　　<前年度決算數>1294</前年度決算數>
　　　　　　<上年度預算數>2310</上年度預算數>
　　　　　　<科目名稱>代理（辦）費</科目名稱>
　　　　　　<合計>2851</合計>
　　　　　　<疫苗接種計畫>2851</疫苗接種計畫>
　　　　　　<一般行政管理計畫 />
　　　　</ROW>
　　　　<ROW>
　　　　　　<SEQNO>25</SEQNO>
　　　　　　<LEVEL>3</LEVEL>
　　　　　　<BOLD>0</BOLD>
　　　　　　<前年度決算數>1525</前年度決算數>
　　　　　　<上年度預算數>1816</上年度預算數>
　　　　　　<科目名稱>外包費</科目名稱>
　　　　　　<合計 />
　　　　　　<疫苗接種計畫 />
　　　　　　<一般行政管理計畫 />
　　　　</ROW>
　　　　<ROW>
　　　　　　<SEQNO>26</SEQNO>
　　　　　　<LEVEL>3</LEVEL>
　　　　　　<BOLD>0</BOLD>
　　　　　　<前年度決算數 />
　　　　　　<上年度預算數>70</上年度預算數>
　　　　　　<科目名稱>計時與計件人員酬金</科目名稱>
　　　　　　<合計>1961</合計>
　　　　　　<疫苗接種計畫>1202</疫苗接種計畫>
　　　　　　<一般行政管理計畫>759</一般行政管理計畫>
　　　　</ROW>
　　　　<ROW>
　　　　　　<SEQNO>27</SEQNO>
　　　　　　<LEVEL>3</LEVEL>
　　　　　　<BOLD>0</BOLD>
　　　　　　<前年度決算數>600</前年度決算數>
　　　　　　<上年度預算數 />
　　　　　　<科目名稱>替代役待遇及給與</科目名稱>
　　　　　　<合計 />
　　　　　　<疫苗接種計畫 />
　　　　　　<一般行政管理計畫 />
　　　　</ROW>
　　　　<ROW>
　　　　　　<SEQNO>28</SEQNO>
　　　　　　<LEVEL>2</LEVEL>
　　　　　　<BOLD>0</BOLD>
　　　　　　<前年度決算數>2635</前年度決算數>
　　　　　　<上年度預算數>11210</上年度預算數>
　　　　　　<科目名稱>專業服務費</科目名稱>
　　　　　　<合計>15710</合計>
　　　　　　<疫苗接種計畫>15710</疫苗接種計畫>
　　　　　　<一般行政管理計畫 />
　　　　</ROW>
　　　　<ROW>
　　　　　　<SEQNO>29</SEQNO>
　　　　　　<LEVEL>3</LEVEL>
　　　　　　<BOLD>0</BOLD>
　　　　　　<前年度決算數>355</前年度決算數>
　　　　　　<上年度預算數>600</上年度預算數>
　　　　　　<科目名稱>講課鐘點、稿費、出席審查及查詢費</科目名稱>
　　　　　　<合計>600</合計>
　　　　　　<疫苗接種計畫>600</疫苗接種計畫>
　　　　　　<一般行政管理計畫 />
　　　　</ROW>
　　　　<ROW>
　　　　　　<SEQNO>30</SEQNO>
　　　　　　<LEVEL>3</LEVEL>
　　　　　　<BOLD>0</BOLD>
　　　　　　<前年度決算數 />
　　　　　　<上年度預算數>300</上年度預算數>
　　　　　　<科目名稱>委託調查研究費</科目名稱>
　　　　　　<合計>4300</合計>
　　　　　　<疫苗接種計畫>4300</疫苗接種計畫>
　　　　　　<一般行政管理計畫 />
　　　　</ROW>
　　　　<ROW>
　　　　　　<SEQNO>31</SEQNO>
　　　　　　<LEVEL>3</LEVEL>
　　　　　　<BOLD>0</BOLD>
　　　　　　<前年度決算數>1100</前年度決算數>
　　　　　　<上年度預算數>5700</上年度預算數>
　　　　　　<科目名稱>電腦軟體服務費</科目名稱>
　　　　　　<合計>5000</合計>
　　　　　　<疫苗接種計畫>5000</疫苗接種計畫>
　　　　　　<一般行政管理計畫 />
　　　　</ROW>
　　　　<ROW>
　　　　　　<SEQNO>32</SEQNO>
　　　　　　<LEVEL>3</LEVEL>
　　　　　　<BOLD>0</BOLD>
　　　　　　<前年度決算數>1180</前年度決算數>
　　　　　　<上年度預算數>4610</上年度預算數>
　　　　　　<科目名稱>其他專業服務費</科目名稱>
　　　　　　<合計>5810</合計>
　　　　　　<疫苗接種計畫>5810</疫苗接種計畫>
　　　　　　<一般行政管理計畫 />
　　　　</ROW>
　　　　<ROW>
　　　　　　<SEQNO>33</SEQNO>
　　　　　　<LEVEL>1</LEVEL>
　　　　　　<BOLD>1</BOLD>
　　　　　　<前年度決算數>2079169</前年度決算數>
　　　　　　<上年度預算數>2284506</上年度預算數>
　　　　　　<科目名稱>材料及用品費</科目名稱>
　　　　　　<合計>2578567</合計>
　　　　　　<疫苗接種計畫>2578441</疫苗接種計畫>
　　　　　　<一般行政管理計畫>126</一般行政管理計畫>
　　　　</ROW>
　　　　<ROW>
　　　　　　<SEQNO>34</SEQNO>
　　　　　　<LEVEL>2</LEVEL>
　　　　　　<BOLD>0</BOLD>
　　　　　　<前年度決算數>2079169</前年度決算數>
　　　　　　<上年度預算數>2284506</上年度預算數>
　　　　　　<科目名稱>用品消耗</科目名稱>
　　　　　　<合計>2578567</合計>
　　　　　　<疫苗接種計畫>2578441</疫苗接種計畫>
　　　　　　<一般行政管理計畫>126</一般行政管理計畫>
　　　　</ROW>
　　　　<ROW>
　　　　　　<SEQNO>35</SEQNO>
　　　　　　<LEVEL>3</LEVEL>
　　　　　　<BOLD>0</BOLD>
　　　　　　<前年度決算數 />
　　　　　　<上年度預算數>100</上年度預算數>
　　　　　　<科目名稱>辦公（事務）用品</科目名稱>
　　　　　　<合計>100</合計>
　　　　　　<疫苗接種計畫 />
　　　　　　<一般行政管理計畫>100</一般行政管理計畫>
　　　　</ROW>
　　　　<ROW>
　　　　　　<SEQNO>36</SEQNO>
　　　　　　<LEVEL>3</LEVEL>
　　　　　　<BOLD>0</BOLD>
　　　　　　<前年度決算數>3</前年度決算數>
　　　　　　<上年度預算數>26</上年度預算數>
　　　　　　<科目名稱>食品</科目名稱>
　　　　　　<合計>26</合計>
　　　　　　<疫苗接種計畫 />
　　　　　　<一般行政管理計畫>26</一般行政管理計畫>
　　　　</ROW>
　　　　<ROW>
　　　　　　<SEQNO>37</SEQNO>
　　　　　　<LEVEL>3</LEVEL>
　　　　　　<BOLD>0</BOLD>
　　　　　　<前年度決算數>2079166</前年度決算數>
　　　　　　<上年度預算數>2284380</上年度預算數>
　　　　　　<科目名稱>其他用品消耗</科目名稱>
　　　　　　<合計>2578441</合計>
　　　　　　<疫苗接種計畫>2578441</疫苗接種計畫>
　　　　　　<一般行政管理計畫 />
　　　　</ROW>
　　　　<ROW>
　　　　　　<SEQNO>38</SEQNO>
　　　　　　<LEVEL>1</LEVEL>
　　　　　　<BOLD>1</BOLD>
　　　　　　<前年度決算數>5494</前年度決算數>
　　　　　　<上年度預算數>16200</上年度預算數>
　　　　　　<科目名稱>購建固定資產、無形資產及非理財目的之長期投資</科目名稱>
　　　　　　<合計>13730</合計>
　　　　　　<疫苗接種計畫>13730</疫苗接種計畫>
　　　　　　<一般行政管理計畫 />
　　　　</ROW>
　　　　<ROW>
　　　　　　<SEQNO>39</SEQNO>
　　　　　　<LEVEL>2</LEVEL>
　　　　　　<BOLD>0</BOLD>
　　　　　　<前年度決算數>98</前年度決算數>
　　　　　　<上年度預算數>500</上年度預算數>
　　　　　　<科目名稱>購建固定資產</科目名稱>
　　　　　　<合計>3500</合計>
　　　　　　<疫苗接種計畫>3500</疫苗接種計畫>
　　　　　　<一般行政管理計畫 />
　　　　</ROW>
　　　　<ROW>
　　　　　　<SEQNO>40</SEQNO>
　　　　　　<LEVEL>3</LEVEL>
　　　　　　<BOLD>0</BOLD>
　　　　　　<前年度決算數>98</前年度決算數>
　　　　　　<上年度預算數>100</上年度預算數>
　　　　　　<科目名稱>購置機械及設備</科目名稱>
　　　　　　<合計>3100</合計>
　　　　　　<疫苗接種計畫>3100</疫苗接種計畫>
　　　　　　<一般行政管理計畫 />
　　　　</ROW>
　　　　<ROW>
　　　　　　<SEQNO>41</SEQNO>
　　　　　　<LEVEL>3</LEVEL>
　　　　　　<BOLD>0</BOLD>
　　　　　　<前年度決算數 />
　　　　　　<上年度預算數>400</上年度預算數>
　　　　　　<科目名稱>購置雜項設備</科目名稱>
　　　　　　<合計>400</合計>
　　　　　　<疫苗接種計畫>400</疫苗接種計畫>
　　　　　　<一般行政管理計畫 />
　　　　</ROW>
　　　　<ROW>
　　　　　　<SEQNO>42</SEQNO>
　　　　　　<LEVEL>2</LEVEL>
　　　　　　<BOLD>0</BOLD>
　　　　　　<前年度決算數>5396</前年度決算數>
　　　　　　<上年度預算數>15700</上年度預算數>
　　　　　　<科目名稱>購置無形資產</科目名稱>
　　　　　　<合計>10230</合計>
　　　　　　<疫苗接種計畫>10230</疫苗接種計畫>
　　　　　　<一般行政管理計畫 />
　　　　</ROW>
　　　　<ROW>
　　　　　　<SEQNO>43</SEQNO>
　　　　　　<LEVEL>3</LEVEL>
　　　　　　<BOLD>0</BOLD>
　　　　　　<前年度決算數>5396</前年度決算數>
　　　　　　<上年度預算數>15700</上年度預算數>
　　　　　　<科目名稱>購置電腦軟體</科目名稱>
　　　　　　<合計>10230</合計>
　　　　　　<疫苗接種計畫>10230</疫苗接種計畫>
　　　　　　<一般行政管理計畫 />
　　　　</ROW>
　　　　<ROW>
　　　　　　<SEQNO>44</SEQNO>
　　　　　　<LEVEL>1</LEVEL>
　　　　　　<BOLD>1</BOLD>
　　　　　　<前年度決算數>889823</前年度決算數>
　　　　　　<上年度預算數>1019718</上年度預算數>
　　　　　　<科目名稱>會費、捐助、補助、分攤、照護、救濟與交流活動費</科目名稱>
　　　　　　<合計>1017508</合計>
　　　　　　<疫苗接種計畫>1017508</疫苗接種計畫>
　　　　　　<一般行政管理計畫 />
　　　　</ROW>
　　　　<ROW>
　　　　　　<SEQNO>45</SEQNO>
　　　　　　<LEVEL>2</LEVEL>
　　　　　　<BOLD>0</BOLD>
　　　　　　<前年度決算數>889576</前年度決算數>
　　　　　　<上年度預算數>1018210</上年度預算數>
　　　　　　<科目名稱>捐助、補助與獎助</科目名稱>
　　　　　　<合計>1016000</合計>
　　　　　　<疫苗接種計畫>1016000</疫苗接種計畫>
　　　　　　<一般行政管理計畫 />
　　　　</ROW>
　　　　<ROW>
　　　　　　<SEQNO>46</SEQNO>
　　　　　　<LEVEL>3</LEVEL>
　　　　　　<BOLD>0</BOLD>
　　　　　　<前年度決算數>133340</前年度決算數>
　　　　　　<上年度預算數>199210</上年度預算數>
　　　　　　<科目名稱>補（協）助政府機關（構）</科目名稱>
　　　　　　<合計>189300</合計>
　　　　　　<疫苗接種計畫>189300</疫苗接種計畫>
　　　　　　<一般行政管理計畫 />
　　　　</ROW>
　　　　<ROW>
　　　　　　<SEQNO>47</SEQNO>
　　　　　　<LEVEL>3</LEVEL>
　　　　　　<BOLD>0</BOLD>
　　　　　　<前年度決算數>756236</前年度決算數>
　　　　　　<上年度預算數>819000</上年度預算數>
　　　　　　<科目名稱>捐助個人</科目名稱>
　　　　　　<合計>826700</合計>
　　　　　　<疫苗接種計畫>826700</疫苗接種計畫>
　　　　　　<一般行政管理計畫 />
　　　　</ROW>
　　　　<ROW>
　　　　　　<SEQNO>48</SEQNO>
　　　　　　<LEVEL>2</LEVEL>
　　　　　　<BOLD>0</BOLD>
　　　　　　<前年度決算數>246</前年度決算數>
　　　　　　<上年度預算數>1508</上年度預算數>
　　　　　　<科目名稱>補貼、獎勵、慰問、照護與救濟</科目名稱>
　　　　　　<合計>1508</合計>
　　　　　　<疫苗接種計畫>1508</疫苗接種計畫>
　　　　　　<一般行政管理計畫 />
　　　　</ROW>
　　　　<ROW>
　　　　　　<SEQNO>49</SEQNO>
　　　　　　<LEVEL>3</LEVEL>
　　　　　　<BOLD>0</BOLD>
　　　　　　<前年度決算數>246</前年度決算數>
　　　　　　<上年度預算數>1508</上年度預算數>
　　　　　　<科目名稱>獎勵費用</科目名稱>
　　　　　　<合計>1508</合計>
　　　　　　<疫苗接種計畫>1508</疫苗接種計畫>
　　　　　　<一般行政管理計畫 />
　　　　</ROW>
　　　　<ROW>
　　　　　　<SEQNO>50</SEQNO>
　　　　　　<LEVEL>1</LEVEL>
　　　　　　<BOLD>1</BOLD>
　　　　　　<前年度決算數>79</前年度決算數>
　　　　　　<上年度預算數 />
　　　　　　<科目名稱>其他</科目名稱>
　　　　　　<合計 />
　　　　　　<疫苗接種計畫 />
　　　　　　<一般行政管理計畫 />
　　　　</ROW>
　　　　<ROW>
　　　　　　<SEQNO>51</SEQNO>
　　　　　　<LEVEL>2</LEVEL>
　　　　　　<BOLD>0</BOLD>
　　　　　　<前年度決算數>79</前年度決算數>
　　　　　　<上年度預算數 />
　　　　　　<科目名稱>其他支出</科目名稱>
　　　　　　<合計 />
　　　　　　<疫苗接種計畫 />
　　　　　　<一般行政管理計畫 />
　　　　</ROW>
　　　　<ROW>
　　　　　　<SEQNO>52</SEQNO>
　　　　　　<LEVEL>3</LEVEL>
　　　　　　<BOLD>0</BOLD>
　　　　　　<前年度決算數>79</前年度決算數>
　　　　　　<上年度預算數 />
　　　　　　<科目名稱>其他</科目名稱>
　　　　　　<合計 />
　　　　　　<疫苗接種計畫 />
　　　　　　<一般行政管理計畫 />
　　　　</ROW>
　　　　<ROW>
　　　　　　<SEQNO>53</SEQNO>
　　　　　　<LEVEL>1</LEVEL>
　　　　　　<BOLD>1</BOLD>
　　　　　　<前年度決算數>2997125</前年度決算數>
　　　　　　<上年度預算數>3357779</上年度預算數>
　　　　　　<科目名稱>合計</科目名稱>
　　　　　　<合計>3652012</合計>
　　　　　　<疫苗接種計畫>3650505</疫苗接種計畫>
　　　　　　<一般行政管理計畫>1507</一般行政管理計畫>
　　　　</ROW>
　　</DataSet>
</GenericData>

