<?xml version="1.0" encoding="UTF-8"?>
<GenericData>
　　<Header>
　　　　<Table Id="fngbbalancer" Name="預計平衡表" Domain="SFUND" />
　　　　<Program Id="FNGBRB0060_A" />
　　　　<Sender Name="疫苗基金" />
　　　　<報表名稱>預計平衡表</報表名稱>
　　　　<年度>109</年度>
　　　　<基金>疫苗基金</基金>
　　　　<階段>法定預算</階段>
　　　　<版本>1</版本>
　　　　<單位>新臺幣千元</單位>
　　</Header>
　　<DataSet>
　　　　<COMM>
　　　　　　信託代理與保證資產(負債)性質科目，109年12月31日預計數為868,000千元，為保證品。
　　　　　　<ROW>
　　　　　　　　<SEQNO>1</SEQNO>
　　　　　　　　<LEVEL>01</LEVEL>
　　　　　　　　<BOLD>1</BOLD>
　　　　　　　　<民國107年12月31日實際數>4401175</民國107年12月31日實際數>
　　　　　　　　<科目>資產</科目>
　　　　　　　　<民國109年12月31日預計數>1900429</民國109年12月31日預計數>
　　　　　　　　<民國108年12月31日預計數>2529045</民國108年12月31日預計數>
　　　　　　　　<比較增減>-628616</比較增減>
　　　　　　</ROW>
　　　　　　<ROW>
　　　　　　　　<SEQNO>2</SEQNO>
　　　　　　　　<LEVEL>02</LEVEL>
　　　　　　　　<BOLD>0</BOLD>
　　　　　　　　<民國107年12月31日實際數>4401175</民國107年12月31日實際數>
　　　　　　　　<科目>流動資產</科目>
　　　　　　　　<民國109年12月31日預計數>1900429</民國109年12月31日預計數>
　　　　　　　　<民國108年12月31日預計數>2529045</民國108年12月31日預計數>
　　　　　　　　<比較增減>-628616</比較增減>
　　　　　　</ROW>
　　　　　　<ROW>
　　　　　　　　<SEQNO>3</SEQNO>
　　　　　　　　<LEVEL>03</LEVEL>
　　　　　　　　<BOLD>0</BOLD>
　　　　　　　　<民國107年12月31日實際數>2450248</民國107年12月31日實際數>
　　　　　　　　<科目>現金</科目>
　　　　　　　　<民國109年12月31日預計數>544229</民國109年12月31日預計數>
　　　　　　　　<民國108年12月31日預計數>1282717</民國108年12月31日預計數>
　　　　　　　　<比較增減>-738488</比較增減>
　　　　　　</ROW>
　　　　　　<ROW>
　　　　　　　　<SEQNO>4</SEQNO>
　　　　　　　　<LEVEL>03</LEVEL>
　　　　　　　　<BOLD>0</BOLD>
　　　　　　　　<民國107年12月31日實際數>187576</民國107年12月31日實際數>
　　　　　　　　<科目>應收款項</科目>
　　　　　　　　<民國109年12月31日預計數>156200</民國109年12月31日預計數>
　　　　　　　　<民國108年12月31日預計數>146328</民國108年12月31日預計數>
　　　　　　　　<比較增減>9872</比較增減>
　　　　　　</ROW>
　　　　　　<ROW>
　　　　　　　　<SEQNO>5</SEQNO>
　　　　　　　　<LEVEL>03</LEVEL>
　　　　　　　　<BOLD>0</BOLD>
　　　　　　　　<民國107年12月31日實際數>1763352</民國107年12月31日實際數>
　　　　　　　　<科目>預付款項</科目>
　　　　　　　　<民國109年12月31日預計數>1200000</民國109年12月31日預計數>
　　　　　　　　<民國108年12月31日預計數>1100000</民國108年12月31日預計數>
　　　　　　　　<比較增減>100000</比較增減>
　　　　　　</ROW>
　　　　　　<ROW>
　　　　　　　　<SEQNO>6</SEQNO>
　　　　　　　　<LEVEL>01</LEVEL>
　　　　　　　　<BOLD>1</BOLD>
　　　　　　　　<民國107年12月31日實際數>4401175</民國107年12月31日實際數>
　　　　　　　　<科目>資產總額</科目>
　　　　　　　　<民國109年12月31日預計數>1900429</民國109年12月31日預計數>
　　　　　　　　<民國108年12月31日預計數>2529045</民國108年12月31日預計數>
　　　　　　　　<比較增減>-628616</比較增減>
　　　　　　</ROW>
　　　　　　<ROW>
　　　　　　　　<SEQNO>7</SEQNO>
　　　　　　　　<LEVEL>01</LEVEL>
　　　　　　　　<BOLD>1</BOLD>
　　　　　　　　<民國107年12月31日實際數>2842037</民國107年12月31日實際數>
　　　　　　　　<科目>負債</科目>
　　　　　　　　<民國109年12月31日預計數>1806000</民國109年12月31日預計數>
　　　　　　　　<民國108年12月31日預計數>1880000</民國108年12月31日預計數>
　　　　　　　　<比較增減>-74000</比較增減>
　　　　　　</ROW>
　　　　　　<ROW>
　　　　　　　　<SEQNO>8</SEQNO>
　　　　　　　　<LEVEL>02</LEVEL>
　　　　　　　　<BOLD>0</BOLD>
　　　　　　　　<民國107年12月31日實際數>2766862</民國107年12月31日實際數>
　　　　　　　　<科目>流動負債</科目>
　　　　　　　　<民國109年12月31日預計數>1750000</民國109年12月31日預計數>
　　　　　　　　<民國108年12月31日預計數>1830000</民國108年12月31日預計數>
　　　　　　　　<比較增減>-80000</比較增減>
　　　　　　</ROW>
　　　　　　<ROW>
　　　　　　　　<SEQNO>9</SEQNO>
　　　　　　　　<LEVEL>03</LEVEL>
　　　　　　　　<BOLD>0</BOLD>
　　　　　　　　<民國107年12月31日實際數>2766862</民國107年12月31日實際數>
　　　　　　　　<科目>應付款項</科目>
　　　　　　　　<民國109年12月31日預計數>1750000</民國109年12月31日預計數>
　　　　　　　　<民國108年12月31日預計數>1830000</民國108年12月31日預計數>
　　　　　　　　<比較增減>-80000</比較增減>
　　　　　　</ROW>
　　　　　　<ROW>
　　　　　　　　<SEQNO>10</SEQNO>
　　　　　　　　<LEVEL>02</LEVEL>
　　　　　　　　<BOLD>0</BOLD>
　　　　　　　　<民國107年12月31日實際數>75175</民國107年12月31日實際數>
　　　　　　　　<科目>其他負債</科目>
　　　　　　　　<民國109年12月31日預計數>56000</民國109年12月31日預計數>
　　　　　　　　<民國108年12月31日預計數>50000</民國108年12月31日預計數>
　　　　　　　　<比較增減>6000</比較增減>
　　　　　　</ROW>
　　　　　　<ROW>
　　　　　　　　<SEQNO>11</SEQNO>
　　　　　　　　<LEVEL>03</LEVEL>
　　　　　　　　<BOLD>0</BOLD>
　　　　　　　　<民國107年12月31日實際數>75175</民國107年12月31日實際數>
　　　　　　　　<科目>什項負債</科目>
　　　　　　　　<民國109年12月31日預計數>56000</民國109年12月31日預計數>
　　　　　　　　<民國108年12月31日預計數>50000</民國108年12月31日預計數>
　　　　　　　　<比較增減>6000</比較增減>
　　　　　　</ROW>
　　　　　　<ROW>
　　　　　　　　<SEQNO>12</SEQNO>
　　　　　　　　<LEVEL>01</LEVEL>
　　　　　　　　<BOLD>1</BOLD>
　　　　　　　　<民國107年12月31日實際數>1559138</民國107年12月31日實際數>
　　　　　　　　<科目>基金餘額</科目>
　　　　　　　　<民國109年12月31日預計數>94429</民國109年12月31日預計數>
　　　　　　　　<民國108年12月31日預計數>649045</民國108年12月31日預計數>
　　　　　　　　<比較增減>-554616</比較增減>
　　　　　　</ROW>
　　　　　　<ROW>
　　　　　　　　<SEQNO>13</SEQNO>
　　　　　　　　<LEVEL>02</LEVEL>
　　　　　　　　<BOLD>0</BOLD>
　　　　　　　　<民國107年12月31日實際數>1559138</民國107年12月31日實際數>
　　　　　　　　<科目>基金餘額</科目>
　　　　　　　　<民國109年12月31日預計數>94429</民國109年12月31日預計數>
　　　　　　　　<民國108年12月31日預計數>649045</民國108年12月31日預計數>
　　　　　　　　<比較增減>-554616</比較增減>
　　　　　　</ROW>
　　　　　　<ROW>
　　　　　　　　<SEQNO>14</SEQNO>
　　　　　　　　<LEVEL>03</LEVEL>
　　　　　　　　<BOLD>0</BOLD>
　　　　　　　　<民國107年12月31日實際數>1559138</民國107年12月31日實際數>
　　　　　　　　<科目>基金餘額</科目>
　　　　　　　　<民國109年12月31日預計數>94429</民國109年12月31日預計數>
　　　　　　　　<民國108年12月31日預計數>649045</民國108年12月31日預計數>
　　　　　　　　<比較增減>-554616</比較增減>
　　　　　　</ROW>
　　　　　　<ROW>
　　　　　　　　<SEQNO>15</SEQNO>
　　　　　　　　<LEVEL>01</LEVEL>
　　　　　　　　<BOLD>1</BOLD>
　　　　　　　　<民國107年12月31日實際數>4401175</民國107年12月31日實際數>
　　　　　　　　<科目>負債及基金餘額合計</科目>
　　　　　　　　<民國109年12月31日預計數>1900429</民國109年12月31日預計數>
　　　　　　　　<民國108年12月31日預計數>2529045</民國108年12月31日預計數>
　　　　　　　　<比較增減>-628616</比較增減>
　　　　　　</ROW>
　　　　</COMM>
　　</DataSet>
</GenericData>

