<?xml version="1.0" encoding="UTF-8"?>
<GenericData>
　　<Header>
　　　　<Table Id="fngbworkr" Name="基金用途明細表" Domain="SFUND" />
　　　　<Program Id="FNGBRB0040_A" />
　　　　<Sender Name="疫苗基金" />
　　　　<報表名稱>基金用途明細表</報表名稱>
　　　　<年度>109</年度>
　　　　<基金>疫苗基金</基金>
　　　　<階段>法定預算</階段>
　　　　<版本>1</版本>
　　　　<單位>新臺幣千元</單位>
　　</Header>
　　<DataSet>
　　　　<ROW>
　　　　　　<SEQNO>1</SEQNO>
　　　　　　<LEVEL>2</LEVEL>
　　　　　　<BOLD>1</BOLD>
　　　　　　<前年度決算數>2996009</前年度決算數>
　　　　　　<業務計畫及用途別科目>疫苗接種計畫</業務計畫及用途別科目>
　　　　　　<本年度預算數>3650505</本年度預算數>
　　　　　　<上年度預算數>3356347</上年度預算數>
　　　　　　<計畫內容說明 />
　　　　</ROW>
　　　　<ROW>
　　　　　　<SEQNO>2</SEQNO>
　　　　　　<LEVEL>3</LEVEL>
　　　　　　<BOLD>0</BOLD>
　　　　　　<前年度決算數>21458</前年度決算數>
　　　　　　<業務計畫及用途別科目>服務費用</業務計畫及用途別科目>
　　　　　　<本年度預算數>40826</本年度預算數>
　　　　　　<上年度預算數>36049</上年度預算數>
　　　　　　<計畫內容說明 />
　　　　</ROW>
　　　　<ROW>
　　　　　　<SEQNO>3</SEQNO>
　　　　　　<LEVEL>4</LEVEL>
　　　　　　<BOLD>0</BOLD>
　　　　　　<前年度決算數>900</前年度決算數>
　　　　　　<業務計畫及用途別科目>郵電費</業務計畫及用途別科目>
　　　　　　<本年度預算數>1600</本年度預算數>
　　　　　　<上年度預算數>1600</上年度預算數>
　　　　　　<計畫內容說明>1.電話費900千元。
2.簡訊費用600千元。
3.郵費100千元。</計畫內容說明>
　　　　</ROW>
　　　　<ROW>
　　　　　　<SEQNO>4</SEQNO>
　　　　　　<LEVEL>5</LEVEL>
　　　　　　<BOLD>0</BOLD>
　　　　　　<前年度決算數 />
　　　　　　<業務計畫及用途別科目>郵費</業務計畫及用途別科目>
　　　　　　<本年度預算數>100</本年度預算數>
　　　　　　<上年度預算數>100</上年度預算數>
　　　　　　<計畫內容說明 />
　　　　</ROW>
　　　　<ROW>
　　　　　　<SEQNO>5</SEQNO>
　　　　　　<LEVEL>5</LEVEL>
　　　　　　<BOLD>0</BOLD>
　　　　　　<前年度決算數>900</前年度決算數>
　　　　　　<業務計畫及用途別科目>電話費</業務計畫及用途別科目>
　　　　　　<本年度預算數>1500</本年度預算數>
　　　　　　<上年度預算數>1500</上年度預算數>
　　　　　　<計畫內容說明 />
　　　　</ROW>
　　　　<ROW>
　　　　　　<SEQNO>6</SEQNO>
　　　　　　<LEVEL>4</LEVEL>
　　　　　　<BOLD>0</BOLD>
　　　　　　<前年度決算數>949</前年度決算數>
　　　　　　<業務計畫及用途別科目>旅運費</業務計畫及用途別科目>
　　　　　　<本年度預算數>1319</本年度預算數>
　　　　　　<上年度預算數>1583</上年度預算數>
　　　　　　<計畫內容說明>1.為推動預防接種業務參與國際會議、研習及交流等國外旅費617千元。
2.輔導預防接種工作、參與疫苗相關會議等之國內旅費402千元。
3.資料、冷運冷藏設備及疫苗調撥運送費等300千元。</計畫內容說明>
　　　　</ROW>
　　　　<ROW>
　　　　　　<SEQNO>7</SEQNO>
　　　　　　<LEVEL>5</LEVEL>
　　　　　　<BOLD>0</BOLD>
　　　　　　<前年度決算數>202</前年度決算數>
　　　　　　<業務計畫及用途別科目>國內旅費</業務計畫及用途別科目>
　　　　　　<本年度預算數>402</本年度預算數>
　　　　　　<上年度預算數>402</上年度預算數>
　　　　　　<計畫內容說明 />
　　　　</ROW>
　　　　<ROW>
　　　　　　<SEQNO>8</SEQNO>
　　　　　　<LEVEL>5</LEVEL>
　　　　　　<BOLD>0</BOLD>
　　　　　　<前年度決算數>710</前年度決算數>
　　　　　　<業務計畫及用途別科目>國外旅費</業務計畫及用途別科目>
　　　　　　<本年度預算數>617</本年度預算數>
　　　　　　<上年度預算數>881</上年度預算數>
　　　　　　<計畫內容說明 />
　　　　</ROW>
　　　　<ROW>
　　　　　　<SEQNO>9</SEQNO>
　　　　　　<LEVEL>5</LEVEL>
　　　　　　<BOLD>0</BOLD>
　　　　　　<前年度決算數>35</前年度決算數>
　　　　　　<業務計畫及用途別科目>貨物運費</業務計畫及用途別科目>
　　　　　　<本年度預算數>300</本年度預算數>
　　　　　　<上年度預算數>300</上年度預算數>
　　　　　　<計畫內容說明 />
　　　　</ROW>
　　　　<ROW>
　　　　　　<SEQNO>10</SEQNO>
　　　　　　<LEVEL>5</LEVEL>
　　　　　　<BOLD>0</BOLD>
　　　　　　<前年度決算數>3</前年度決算數>
　　　　　　<業務計畫及用途別科目>其他旅運費</業務計畫及用途別科目>
　　　　　　<本年度預算數 />
　　　　　　<上年度預算數 />
　　　　　　<計畫內容說明 />
　　　　</ROW>
　　　　<ROW>
　　　　　　<SEQNO>11</SEQNO>
　　　　　　<LEVEL>4</LEVEL>
　　　　　　<BOLD>0</BOLD>
　　　　　　<前年度決算數>14184</前年度決算數>
　　　　　　<業務計畫及用途別科目>印刷裝訂與廣告費</業務計畫及用途別科目>
　　　　　　<本年度預算數>18144</本年度預算數>
　　　　　　<上年度預算數>18144</上年度預算數>
　　　　　　<計畫內容說明>1.預防接種紀錄卡、研習訓練講義教材、疫苗實務手冊、疫苗接種計畫書及接種作業衛教品等之印刷裝訂費1,450千元。
2.疫苗政策業務宣導費16,694千元。</計畫內容說明>
　　　　</ROW>
　　　　<ROW>
　　　　　　<SEQNO>12</SEQNO>
　　　　　　<LEVEL>5</LEVEL>
　　　　　　<BOLD>0</BOLD>
　　　　　　<前年度決算數>871</前年度決算數>
　　　　　　<業務計畫及用途別科目>印刷及裝訂費</業務計畫及用途別科目>
　　　　　　<本年度預算數>1450</本年度預算數>
　　　　　　<上年度預算數>1450</上年度預算數>
　　　　　　<計畫內容說明 />
　　　　</ROW>
　　　　<ROW>
　　　　　　<SEQNO>13</SEQNO>
　　　　　　<LEVEL>5</LEVEL>
　　　　　　<BOLD>0</BOLD>
　　　　　　<前年度決算數>13313</前年度決算數>
　　　　　　<業務計畫及用途別科目>業務宣導費</業務計畫及用途別科目>
　　　　　　<本年度預算數>16694</本年度預算數>
　　　　　　<上年度預算數>16694</上年度預算數>
　　　　　　<計畫內容說明 />
　　　　</ROW>
　　　　<ROW>
　　　　　　<SEQNO>14</SEQNO>
　　　　　　<LEVEL>4</LEVEL>
　　　　　　<BOLD>0</BOLD>
　　　　　　<前年度決算數>2790</前年度決算數>
　　　　　　<業務計畫及用途別科目>一般服務費</業務計畫及用途別科目>
　　　　　　<本年度預算數>4053</本年度預算數>
　　　　　　<上年度預算數>3512</上年度預算數>
　　　　　　<計畫內容說明>1.執行疫苗業務僱用臨時人員2名所需計時與計件人員酬金1,202千元。
2.委託中央健康保險署代辦醫療行政費用2,851千元。</計畫內容說明>
　　　　</ROW>
　　　　<ROW>
　　　　　　<SEQNO>15</SEQNO>
　　　　　　<LEVEL>5</LEVEL>
　　　　　　<BOLD>0</BOLD>
　　　　　　<前年度決算數>3</前年度決算數>
　　　　　　<業務計畫及用途別科目>佣金、匯費、經理費及手續費</業務計畫及用途別科目>
　　　　　　<本年度預算數 />
　　　　　　<上年度預算數 />
　　　　　　<計畫內容說明 />
　　　　</ROW>
　　　　<ROW>
　　　　　　<SEQNO>16</SEQNO>
　　　　　　<LEVEL>5</LEVEL>
　　　　　　<BOLD>0</BOLD>
　　　　　　<前年度決算數>1294</前年度決算數>
　　　　　　<業務計畫及用途別科目>代理（辦）費</業務計畫及用途別科目>
　　　　　　<本年度預算數>2851</本年度預算數>
　　　　　　<上年度預算數>2310</上年度預算數>
　　　　　　<計畫內容說明 />
　　　　</ROW>
　　　　<ROW>
　　　　　　<SEQNO>17</SEQNO>
　　　　　　<LEVEL>5</LEVEL>
　　　　　　<BOLD>0</BOLD>
　　　　　　<前年度決算數>893</前年度決算數>
　　　　　　<業務計畫及用途別科目>外包費</業務計畫及用途別科目>
　　　　　　<本年度預算數 />
　　　　　　<上年度預算數>1202</上年度預算數>
　　　　　　<計畫內容說明 />
　　　　</ROW>
　　　　<ROW>
　　　　　　<SEQNO>18</SEQNO>
　　　　　　<LEVEL>5</LEVEL>
　　　　　　<BOLD>0</BOLD>
　　　　　　<前年度決算數 />
　　　　　　<業務計畫及用途別科目>計時與計件人員酬金</業務計畫及用途別科目>
　　　　　　<本年度預算數>1202</本年度預算數>
　　　　　　<上年度預算數 />
　　　　　　<計畫內容說明 />
　　　　</ROW>
　　　　<ROW>
　　　　　　<SEQNO>19</SEQNO>
　　　　　　<LEVEL>5</LEVEL>
　　　　　　<BOLD>0</BOLD>
　　　　　　<前年度決算數>600</前年度決算數>
　　　　　　<業務計畫及用途別科目>替代役待遇及給與</業務計畫及用途別科目>
　　　　　　<本年度預算數 />
　　　　　　<上年度預算數 />
　　　　　　<計畫內容說明 />
　　　　</ROW>
　　　　<ROW>
　　　　　　<SEQNO>20</SEQNO>
　　　　　　<LEVEL>4</LEVEL>
　　　　　　<BOLD>0</BOLD>
　　　　　　<前年度決算數>2635</前年度決算數>
　　　　　　<業務計畫及用途別科目>專業服務費</業務計畫及用途別科目>
　　　　　　<本年度預算數>15710</本年度預算數>
　　　　　　<上年度預算數>11210</上年度預算數>
　　　　　　<計畫內容說明>1.預防接種諮詢委員出席費300千元。
2.預防接種相關文件、書之專業審查費、翻譯費、鐘點費等300千元。
3.委託相關學會、地方衛生機關或民間單位辦理醫師、護理人員預防接種實務教育及相關研習費用4,610千元。
4.流感疫苗管理系統相關維護費500千元。
5.全國性預防接種資訊管理系統維護費4,500千元。
6.預防接種業務相關調查費300千元。
7.研發疫苗專用冷儲設備等相關費用4,000千元。
8.辦理疫苗血清抗體檢測及分析等相關工作之勞務承攬人員2名，所需勞務承攬費用1,200千元。</計畫內容說明>
　　　　</ROW>
　　　　<ROW>
　　　　　　<SEQNO>21</SEQNO>
　　　　　　<LEVEL>5</LEVEL>
　　　　　　<BOLD>0</BOLD>
　　　　　　<前年度決算數>355</前年度決算數>
　　　　　　<業務計畫及用途別科目>講課鐘點、稿費、出席審查及查詢費</業務計畫及用途別科目>
　　　　　　<本年度預算數>600</本年度預算數>
　　　　　　<上年度預算數>600</上年度預算數>
　　　　　　<計畫內容說明 />
　　　　</ROW>
　　　　<ROW>
　　　　　　<SEQNO>22</SEQNO>
　　　　　　<LEVEL>5</LEVEL>
　　　　　　<BOLD>0</BOLD>
　　　　　　<前年度決算數 />
　　　　　　<業務計畫及用途別科目>委託調查研究費</業務計畫及用途別科目>
　　　　　　<本年度預算數>4300</本年度預算數>
　　　　　　<上年度預算數>300</上年度預算數>
　　　　　　<計畫內容說明 />
　　　　</ROW>
　　　　<ROW>
　　　　　　<SEQNO>23</SEQNO>
　　　　　　<LEVEL>5</LEVEL>
　　　　　　<BOLD>0</BOLD>
　　　　　　<前年度決算數>1100</前年度決算數>
　　　　　　<業務計畫及用途別科目>電腦軟體服務費</業務計畫及用途別科目>
　　　　　　<本年度預算數>5000</本年度預算數>
　　　　　　<上年度預算數>5700</上年度預算數>
　　　　　　<計畫內容說明 />
　　　　</ROW>
　　　　<ROW>
　　　　　　<SEQNO>24</SEQNO>
　　　　　　<LEVEL>5</LEVEL>
　　　　　　<BOLD>0</BOLD>
　　　　　　<前年度決算數>1180</前年度決算數>
　　　　　　<業務計畫及用途別科目>其他專業服務費</業務計畫及用途別科目>
　　　　　　<本年度預算數>5810</本年度預算數>
　　　　　　<上年度預算數>4610</上年度預算數>
　　　　　　<計畫內容說明 />
　　　　</ROW>
　　　　<ROW>
　　　　　　<SEQNO>25</SEQNO>
　　　　　　<LEVEL>3</LEVEL>
　　　　　　<BOLD>0</BOLD>
　　　　　　<前年度決算數>2079156</前年度決算數>
　　　　　　<業務計畫及用途別科目>材料及用品費</業務計畫及用途別科目>
　　　　　　<本年度預算數>2578441</本年度預算數>
　　　　　　<上年度預算數>2284380</上年度預算數>
　　　　　　<計畫內容說明 />
　　　　</ROW>
　　　　<ROW>
　　　　　　<SEQNO>26</SEQNO>
　　　　　　<LEVEL>4</LEVEL>
　　　　　　<BOLD>0</BOLD>
　　　　　　<前年度決算數>2079156</前年度決算數>
　　　　　　<業務計畫及用途別科目>用品消耗</業務計畫及用途別科目>
　　　　　　<本年度預算數>2578441</本年度預算數>
　　　　　　<上年度預算數>2284380</上年度預算數>
　　　　　　<計畫內容說明>1.依據傳染病防治法第27條採購疫苗，考量疫苗之必要產程、供貨期程、劑量及效期，為跨年度採購，各項疫苗採購計2,570,957千元，明細如下：
(1)日本腦炎疫苗198,700千元。
(2)黃熱病疫苗20,000千元。
(3)流行性腦脊髓膜炎疫苗8,400千元。
(4)水痘疫苗73,150千元。
(5)幼兒結合型肺炎鏈球菌疫苗529,200千元。
(6)破傷風白喉非細胞型百日咳及不活化小兒麻痺混合疫苗50,960千元。
(7)注射式小兒麻痺疫苗1,380千元。
(8)麻疹腮腺炎德國麻疹混合疫苗49,980千元。
(9)B型肝炎疫苗57,330千元。
(10)B型肝炎免疫球蛋白16,800千元。
(11)A型肝炎疫苗500千元。
(12)多合一疫苗442,400千元。
(13)季節性流感疫苗1,050,000千元。
(14)優先取得流感大流行疫苗權利金24,000千元。
(15)卡介苗15,779千元。
(16)傷寒疫苗2,925千元。
(17)長者肺炎鏈球菌疫苗27,300千元。
(18)破傷風白喉混合疫苗1,250千元。
(19)生物製劑903千元。
2.購置溫度及冷凍監視片4,284千元。
3.辦公用品及事務機器需要耗用之設備零件等費用200千元。
4.運用於疫苗等生物藥品之追蹤管理所需相關用品耗材等費用3,000千元。</計畫內容說明>
　　　　</ROW>
　　　　<ROW>
　　　　　　<SEQNO>27</SEQNO>
　　　　　　<LEVEL>5</LEVEL>
　　　　　　<BOLD>0</BOLD>
　　　　　　<前年度決算數>2079156</前年度決算數>
　　　　　　<業務計畫及用途別科目>其他用品消耗</業務計畫及用途別科目>
　　　　　　<本年度預算數>2578441</本年度預算數>
　　　　　　<上年度預算數>2284380</上年度預算數>
　　　　　　<計畫內容說明 />
　　　　</ROW>
　　　　<ROW>
　　　　　　<SEQNO>28</SEQNO>
　　　　　　<LEVEL>3</LEVEL>
　　　　　　<BOLD>0</BOLD>
　　　　　　<前年度決算數>5494</前年度決算數>
　　　　　　<業務計畫及用途別科目>購建固定資產、無形資產及非理財目的之長期投資</業務計畫及用途別科目>
　　　　　　<本年度預算數>13730</本年度預算數>
　　　　　　<上年度預算數>16200</上年度預算數>
　　　　　　<計畫內容說明 />
　　　　</ROW>
　　　　<ROW>
　　　　　　<SEQNO>29</SEQNO>
　　　　　　<LEVEL>4</LEVEL>
　　　　　　<BOLD>0</BOLD>
　　　　　　<前年度決算數>98</前年度決算數>
　　　　　　<業務計畫及用途別科目>購建固定資產</業務計畫及用途別科目>
　　　　　　<本年度預算數>3500</本年度預算數>
　　　　　　<上年度預算數>500</上年度預算數>
　　　　　　<計畫內容說明>1.購置、汰換存放疫苗之冰箱、冷運冷藏及溫度監視等設備500千元。
2.全國性預防接種資訊管理系統資料庫主機汰換費用3,000千元。</計畫內容說明>
　　　　</ROW>
　　　　<ROW>
　　　　　　<SEQNO>30</SEQNO>
　　　　　　<LEVEL>5</LEVEL>
　　　　　　<BOLD>0</BOLD>
　　　　　　<前年度決算數>98</前年度決算數>
　　　　　　<業務計畫及用途別科目>購置機械及設備</業務計畫及用途別科目>
　　　　　　<本年度預算數>3100</本年度預算數>
　　　　　　<上年度預算數>100</上年度預算數>
　　　　　　<計畫內容說明 />
　　　　</ROW>
　　　　<ROW>
　　　　　　<SEQNO>31</SEQNO>
　　　　　　<LEVEL>5</LEVEL>
　　　　　　<BOLD>0</BOLD>
　　　　　　<前年度決算數 />
　　　　　　<業務計畫及用途別科目>購置雜項設備</業務計畫及用途別科目>
　　　　　　<本年度預算數>400</本年度預算數>
　　　　　　<上年度預算數>400</上年度預算數>
　　　　　　<計畫內容說明 />
　　　　</ROW>
　　　　<ROW>
　　　　　　<SEQNO>32</SEQNO>
　　　　　　<LEVEL>4</LEVEL>
　　　　　　<BOLD>0</BOLD>
　　　　　　<前年度決算數>5396</前年度決算數>
　　　　　　<業務計畫及用途別科目>購置無形資產</業務計畫及用途別科目>
　　　　　　<本年度預算數>10230</本年度預算數>
　　　　　　<上年度預算數>15700</上年度預算數>
　　　　　　<計畫內容說明>1.全國性預防接種資訊管理系統功能擴增及購置軟體費用8,000千元。
2.流感疫苗管理系統功能擴增1,300千元。
3.疫苗基金預算控制系統功能擴增930千元。</計畫內容說明>
　　　　</ROW>
　　　　<ROW>
　　　　　　<SEQNO>33</SEQNO>
　　　　　　<LEVEL>5</LEVEL>
　　　　　　<BOLD>0</BOLD>
　　　　　　<前年度決算數>5396</前年度決算數>
　　　　　　<業務計畫及用途別科目>購置電腦軟體</業務計畫及用途別科目>
　　　　　　<本年度預算數>10230</本年度預算數>
　　　　　　<上年度預算數>15700</上年度預算數>
　　　　　　<計畫內容說明 />
　　　　</ROW>
　　　　<ROW>
　　　　　　<SEQNO>34</SEQNO>
　　　　　　<LEVEL>3</LEVEL>
　　　　　　<BOLD>0</BOLD>
　　　　　　<前年度決算數>889823</前年度決算數>
　　　　　　<業務計畫及用途別科目>會費、捐助、補助、分攤、照護、救濟與交流活動費</業務計畫及用途別科目>
　　　　　　<本年度預算數>1017508</本年度預算數>
　　　　　　<上年度預算數>1019718</上年度預算數>
　　　　　　<計畫內容說明 />
　　　　</ROW>
　　　　<ROW>
　　　　　　<SEQNO>35</SEQNO>
　　　　　　<LEVEL>4</LEVEL>
　　　　　　<BOLD>0</BOLD>
　　　　　　<前年度決算數>889576</前年度決算數>
　　　　　　<業務計畫及用途別科目>捐助、補助與獎助</業務計畫及用途別科目>
　　　　　　<本年度預算數>1016000</本年度預算數>
　　　　　　<上年度預算數>1018210</上年度預算數>
　　　　　　<計畫內容說明>1.補助各縣(市)衛生局所針對轄內合約接種單位購置、汰換疫苗冷運冷藏及溫度監視等相關設備15,000千元。
2.補助各縣(市)衛生局所辦理預防接種與宣導等作業及提升接種率等相關費用174,300千元。
3.補助流感疫苗、兒童常規疫苗及長者肺炎鏈球菌疫苗接種處置費826,700千元。</計畫內容說明>
　　　　</ROW>
　　　　<ROW>
　　　　　　<SEQNO>36</SEQNO>
　　　　　　<LEVEL>5</LEVEL>
　　　　　　<BOLD>0</BOLD>
　　　　　　<前年度決算數>133340</前年度決算數>
　　　　　　<業務計畫及用途別科目>補（協）助政府機關（構）</業務計畫及用途別科目>
　　　　　　<本年度預算數>189300</本年度預算數>
　　　　　　<上年度預算數>199210</上年度預算數>
　　　　　　<計畫內容說明 />
　　　　</ROW>
　　　　<ROW>
　　　　　　<SEQNO>37</SEQNO>
　　　　　　<LEVEL>5</LEVEL>
　　　　　　<BOLD>0</BOLD>
　　　　　　<前年度決算數>756236</前年度決算數>
　　　　　　<業務計畫及用途別科目>捐助個人</業務計畫及用途別科目>
　　　　　　<本年度預算數>826700</本年度預算數>
　　　　　　<上年度預算數>819000</上年度預算數>
　　　　　　<計畫內容說明 />
　　　　</ROW>
　　　　<ROW>
　　　　　　<SEQNO>38</SEQNO>
　　　　　　<LEVEL>4</LEVEL>
　　　　　　<BOLD>0</BOLD>
　　　　　　<前年度決算數>246</前年度決算數>
　　　　　　<業務計畫及用途別科目>補貼、獎勵、慰問、照護與救濟</業務計畫及用途別科目>
　　　　　　<本年度預算數>1508</本年度預算數>
　　　　　　<上年度預算數>1508</上年度預算數>
　　　　　　<計畫內容說明>獎勵預防接種業務優良之衛生局所、合約醫療院所。</計畫內容說明>
　　　　</ROW>
　　　　<ROW>
　　　　　　<SEQNO>39</SEQNO>
　　　　　　<LEVEL>5</LEVEL>
　　　　　　<BOLD>0</BOLD>
　　　　　　<前年度決算數>246</前年度決算數>
　　　　　　<業務計畫及用途別科目>獎勵費用</業務計畫及用途別科目>
　　　　　　<本年度預算數>1508</本年度預算數>
　　　　　　<上年度預算數>1508</上年度預算數>
　　　　　　<計畫內容說明 />
　　　　</ROW>
　　　　<ROW>
　　　　　　<SEQNO>40</SEQNO>
　　　　　　<LEVEL>3</LEVEL>
　　　　　　<BOLD>0</BOLD>
　　　　　　<前年度決算數>79</前年度決算數>
　　　　　　<業務計畫及用途別科目>其他</業務計畫及用途別科目>
　　　　　　<本年度預算數 />
　　　　　　<上年度預算數 />
　　　　　　<計畫內容說明 />
　　　　</ROW>
　　　　<ROW>
　　　　　　<SEQNO>41</SEQNO>
　　　　　　<LEVEL>4</LEVEL>
　　　　　　<BOLD>0</BOLD>
　　　　　　<前年度決算數>79</前年度決算數>
　　　　　　<業務計畫及用途別科目>其他支出</業務計畫及用途別科目>
　　　　　　<本年度預算數 />
　　　　　　<上年度預算數 />
　　　　　　<計畫內容說明 />
　　　　</ROW>
　　　　<ROW>
　　　　　　<SEQNO>42</SEQNO>
　　　　　　<LEVEL>5</LEVEL>
　　　　　　<BOLD>0</BOLD>
　　　　　　<前年度決算數>79</前年度決算數>
　　　　　　<業務計畫及用途別科目>其他</業務計畫及用途別科目>
　　　　　　<本年度預算數 />
　　　　　　<上年度預算數 />
　　　　　　<計畫內容說明 />
　　　　</ROW>
　　　　<ROW>
　　　　　　<SEQNO>43</SEQNO>
　　　　　　<LEVEL>2</LEVEL>
　　　　　　<BOLD>1</BOLD>
　　　　　　<前年度決算數>1115</前年度決算數>
　　　　　　<業務計畫及用途別科目>一般行政管理計畫</業務計畫及用途別科目>
　　　　　　<本年度預算數>1507</本年度預算數>
　　　　　　<上年度預算數>1432</上年度預算數>
　　　　　　<計畫內容說明 />
　　　　</ROW>
　　　　<ROW>
　　　　　　<SEQNO>44</SEQNO>
　　　　　　<LEVEL>3</LEVEL>
　　　　　　<BOLD>0</BOLD>
　　　　　　<前年度決算數>78</前年度決算數>
　　　　　　<業務計畫及用途別科目>用人費用</業務計畫及用途別科目>
　　　　　　<本年度預算數>80</本年度預算數>
　　　　　　<上年度預算數>80</上年度預算數>
　　　　　　<計畫內容說明 />
　　　　</ROW>
　　　　<ROW>
　　　　　　<SEQNO>45</SEQNO>
　　　　　　<LEVEL>4</LEVEL>
　　　　　　<BOLD>0</BOLD>
　　　　　　<前年度決算數>78</前年度決算數>
　　　　　　<業務計畫及用途別科目>超時工作報酬</業務計畫及用途別科目>
　　　　　　<本年度預算數>80</本年度預算數>
　　　　　　<上年度預算數>80</上年度預算數>
　　　　　　<計畫內容說明>兼任人員加班費。</計畫內容說明>
　　　　</ROW>
　　　　<ROW>
　　　　　　<SEQNO>46</SEQNO>
　　　　　　<LEVEL>5</LEVEL>
　　　　　　<BOLD>0</BOLD>
　　　　　　<前年度決算數>78</前年度決算數>
　　　　　　<業務計畫及用途別科目>加班費</業務計畫及用途別科目>
　　　　　　<本年度預算數>80</本年度預算數>
　　　　　　<上年度預算數>80</上年度預算數>
　　　　　　<計畫內容說明 />
　　　　</ROW>
　　　　<ROW>
　　　　　　<SEQNO>47</SEQNO>
　　　　　　<LEVEL>3</LEVEL>
　　　　　　<BOLD>0</BOLD>
　　　　　　<前年度決算數>1024</前年度決算數>
　　　　　　<業務計畫及用途別科目>服務費用</業務計畫及用途別科目>
　　　　　　<本年度預算數>1301</本年度預算數>
　　　　　　<上年度預算數>1226</上年度預算數>
　　　　　　<計畫內容說明 />
　　　　</ROW>
　　　　<ROW>
　　　　　　<SEQNO>48</SEQNO>
　　　　　　<LEVEL>4</LEVEL>
　　　　　　<BOLD>0</BOLD>
　　　　　　<前年度決算數>342</前年度決算數>
　　　　　　<業務計畫及用途別科目>水電費</業務計畫及用途別科目>
　　　　　　<本年度預算數>342</本年度預算數>
　　　　　　<上年度預算數>342</上年度預算數>
　　　　　　<計畫內容說明>工作場所水電費。</計畫內容說明>
　　　　</ROW>
　　　　<ROW>
　　　　　　<SEQNO>49</SEQNO>
　　　　　　<LEVEL>5</LEVEL>
　　　　　　<BOLD>0</BOLD>
　　　　　　<前年度決算數>342</前年度決算數>
　　　　　　<業務計畫及用途別科目>工作場所電費</業務計畫及用途別科目>
　　　　　　<本年度預算數>342</本年度預算數>
　　　　　　<上年度預算數>342</上年度預算數>
　　　　　　<計畫內容說明 />
　　　　</ROW>
　　　　<ROW>
　　　　　　<SEQNO>50</SEQNO>
　　　　　　<LEVEL>4</LEVEL>
　　　　　　<BOLD>0</BOLD>
　　　　　　<前年度決算數>29</前年度決算數>
　　　　　　<業務計畫及用途別科目>印刷裝訂與廣告費</業務計畫及用途別科目>
　　　　　　<本年度預算數>50</本年度預算數>
　　　　　　<上年度預算數>50</上年度預算數>
　　　　　　<計畫內容說明>預、決算書印刷裝訂等費用。</計畫內容說明>
　　　　</ROW>
　　　　<ROW>
　　　　　　<SEQNO>51</SEQNO>
　　　　　　<LEVEL>5</LEVEL>
　　　　　　<BOLD>0</BOLD>
　　　　　　<前年度決算數>29</前年度決算數>
　　　　　　<業務計畫及用途別科目>印刷及裝訂費</業務計畫及用途別科目>
　　　　　　<本年度預算數>50</本年度預算數>
　　　　　　<上年度預算數>50</上年度預算數>
　　　　　　<計畫內容說明 />
　　　　</ROW>
　　　　<ROW>
　　　　　　<SEQNO>52</SEQNO>
　　　　　　<LEVEL>4</LEVEL>
　　　　　　<BOLD>0</BOLD>
　　　　　　<前年度決算數>21</前年度決算數>
　　　　　　<業務計畫及用途別科目>修理保養及保固費</業務計畫及用途別科目>
　　　　　　<本年度預算數>150</本年度預算數>
　　　　　　<上年度預算數>150</上年度預算數>
　　　　　　<計畫內容說明>辦公器具、設施及機械養護費。</計畫內容說明>
　　　　</ROW>
　　　　<ROW>
　　　　　　<SEQNO>53</SEQNO>
　　　　　　<LEVEL>5</LEVEL>
　　　　　　<BOLD>0</BOLD>
　　　　　　<前年度決算數 />
　　　　　　<業務計畫及用途別科目>機械及設備修護費</業務計畫及用途別科目>
　　　　　　<本年度預算數>50</本年度預算數>
　　　　　　<上年度預算數>50</上年度預算數>
　　　　　　<計畫內容說明 />
　　　　</ROW>
　　　　<ROW>
　　　　　　<SEQNO>54</SEQNO>
　　　　　　<LEVEL>5</LEVEL>
　　　　　　<BOLD>0</BOLD>
　　　　　　<前年度決算數>21</前年度決算數>
　　　　　　<業務計畫及用途別科目>雜項設備修護費</業務計畫及用途別科目>
　　　　　　<本年度預算數>100</本年度預算數>
　　　　　　<上年度預算數>100</上年度預算數>
　　　　　　<計畫內容說明 />
　　　　</ROW>
　　　　<ROW>
　　　　　　<SEQNO>55</SEQNO>
　　　　　　<LEVEL>4</LEVEL>
　　　　　　<BOLD>0</BOLD>
　　　　　　<前年度決算數>632</前年度決算數>
　　　　　　<業務計畫及用途別科目>一般服務費</業務計畫及用途別科目>
　　　　　　<本年度預算數>759</本年度預算數>
　　　　　　<上年度預算數>684</上年度預算數>
　　　　　　<計畫內容說明>辦理一般行政業務僱用臨時人員1名674千元及分攤衛生福利特別收入基金會計業務僱用臨時人員2名85千元，共計所需計時與計件人員酬金費用759千元。</計畫內容說明>
　　　　</ROW>
　　　　<ROW>
　　　　　　<SEQNO>56</SEQNO>
　　　　　　<LEVEL>5</LEVEL>
　　　　　　<BOLD>0</BOLD>
　　　　　　<前年度決算數>632</前年度決算數>
　　　　　　<業務計畫及用途別科目>外包費</業務計畫及用途別科目>
　　　　　　<本年度預算數 />
　　　　　　<上年度預算數>614</上年度預算數>
　　　　　　<計畫內容說明 />
　　　　</ROW>
　　　　<ROW>
　　　　　　<SEQNO>57</SEQNO>
　　　　　　<LEVEL>5</LEVEL>
　　　　　　<BOLD>0</BOLD>
　　　　　　<前年度決算數 />
　　　　　　<業務計畫及用途別科目>計時與計件人員酬金</業務計畫及用途別科目>
　　　　　　<本年度預算數>759</本年度預算數>
　　　　　　<上年度預算數>70</上年度預算數>
　　　　　　<計畫內容說明 />
　　　　</ROW>
　　　　<ROW>
　　　　　　<SEQNO>58</SEQNO>
　　　　　　<LEVEL>3</LEVEL>
　　　　　　<BOLD>0</BOLD>
　　　　　　<前年度決算數>12</前年度決算數>
　　　　　　<業務計畫及用途別科目>材料及用品費</業務計畫及用途別科目>
　　　　　　<本年度預算數>126</本年度預算數>
　　　　　　<上年度預算數>126</上年度預算數>
　　　　　　<計畫內容說明 />
　　　　</ROW>
　　　　<ROW>
　　　　　　<SEQNO>59</SEQNO>
　　　　　　<LEVEL>4</LEVEL>
　　　　　　<BOLD>0</BOLD>
　　　　　　<前年度決算數>12</前年度決算數>
　　　　　　<業務計畫及用途別科目>用品消耗</業務計畫及用途別科目>
　　　　　　<本年度預算數>126</本年度預算數>
　　　　　　<上年度預算數>126</上年度預算數>
　　　　　　<計畫內容說明>辦理各項會議、活動雜支及辦公用品、文具紙張、書籍等。</計畫內容說明>
　　　　</ROW>
　　　　<ROW>
　　　　　　<SEQNO>60</SEQNO>
　　　　　　<LEVEL>5</LEVEL>
　　　　　　<BOLD>0</BOLD>
　　　　　　<前年度決算數 />
　　　　　　<業務計畫及用途別科目>辦公（事務）用品</業務計畫及用途別科目>
　　　　　　<本年度預算數>100</本年度預算數>
　　　　　　<上年度預算數>100</上年度預算數>
　　　　　　<計畫內容說明 />
　　　　</ROW>
　　　　<ROW>
　　　　　　<SEQNO>61</SEQNO>
　　　　　　<LEVEL>5</LEVEL>
　　　　　　<BOLD>0</BOLD>
　　　　　　<前年度決算數>3</前年度決算數>
　　　　　　<業務計畫及用途別科目>食品</業務計畫及用途別科目>
　　　　　　<本年度預算數>26</本年度預算數>
　　　　　　<上年度預算數>26</上年度預算數>
　　　　　　<計畫內容說明 />
　　　　</ROW>
　　　　<ROW>
　　　　　　<SEQNO>62</SEQNO>
　　　　　　<LEVEL>5</LEVEL>
　　　　　　<BOLD>0</BOLD>
　　　　　　<前年度決算數>10</前年度決算數>
　　　　　　<業務計畫及用途別科目>其他用品消耗</業務計畫及用途別科目>
　　　　　　<本年度預算數 />
　　　　　　<上年度預算數 />
　　　　　　<計畫內容說明 />
　　　　</ROW>
　　　　<ROW>
　　　　　　<SEQNO>63</SEQNO>
　　　　　　<LEVEL>1</LEVEL>
　　　　　　<BOLD>1</BOLD>
　　　　　　<前年度決算數>2997124</前年度決算數>
　　　　　　<業務計畫及用途別科目>總計</業務計畫及用途別科目>
　　　　　　<本年度預算數>3652012</本年度預算數>
　　　　　　<上年度預算數>3357779</上年度預算數>
　　　　　　<計畫內容說明 />
　　　　</ROW>
　　</DataSet>
</GenericData>

