<?xml version="1.0" encoding="UTF-8"?>
<GenericData>
　　<Header>
　　　　<Table Id="fngbworkr" Name="基金來源明細" Domain="SFUND" />
　　　　<Program Id="FNGBRB0030_A" />
　　　　<Sender Name="疫苗基金" />
　　　　<報表名稱>基金來源明細</報表名稱>
　　　　<年度>109</年度>
　　　　<基金>疫苗基金</基金>
　　　　<階段>法定預算</階段>
　　　　<版本>1</版本>
　　　　<單位>新臺幣千元</單位>
　　</Header>
　　<DataSet>
　　　　<ROW>
　　　　　　<SEQNO>1</SEQNO>
　　　　　　<LEVEL>2</LEVEL>
　　　　　　<BOLD>1</BOLD>
　　　　　　<科目及業務項目>徵收及依法分配收入</科目及業務項目>
　　　　　　<單位 />
　　　　　　<預算數-數量 />
　　　　　　<預算數-利率 />
　　　　　　<預算數-金額>2065457</預算數-金額>
　　　　　　<說明 />
　　　　</ROW>
　　　　<ROW>
　　　　　　<SEQNO>2</SEQNO>
　　　　　　<LEVEL>3</LEVEL>
　　　　　　<BOLD>0</BOLD>
　　　　　　<科目及業務項目>健康福利捐分配收入</科目及業務項目>
　　　　　　<單位 />
　　　　　　<預算數-數量 />
　　　　　　<預算數-利率 />
　　　　　　<預算數-金額>2033500</預算數-金額>
　　　　　　<說明>依菸害防制法、菸品健康福利捐分配及運作辦法徵收之菸品健康福利捐，分配供提升預防醫學醫療品質之收入。</說明>
　　　　</ROW>
　　　　<ROW>
　　　　　　<SEQNO>3</SEQNO>
　　　　　　<LEVEL>3</LEVEL>
　　　　　　<BOLD>0</BOLD>
　　　　　　<科目及業務項目>其他徵收及依法分配收入</科目及業務項目>
　　　　　　<單位 />
　　　　　　<預算數-數量 />
　　　　　　<預算數-利率 />
　　　　　　<預算數-金額>31957</預算數-金額>
　　　　　　<說明>1.黃熱病疫苗接種收費2,152元×10,380件=22,338千元。
2.流行性腦脊髓膜炎疫苗接種收費1,189元×8,090件=9,619千元。</說明>
　　　　</ROW>
　　　　<ROW>
　　　　　　<SEQNO>4</SEQNO>
　　　　　　<LEVEL>2</LEVEL>
　　　　　　<BOLD>1</BOLD>
　　　　　　<科目及業務項目>財產收入</科目及業務項目>
　　　　　　<單位 />
　　　　　　<預算數-數量 />
　　　　　　<預算數-利率 />
　　　　　　<預算數-金額>389</預算數-金額>
　　　　　　<說明 />
　　　　</ROW>
　　　　<ROW>
　　　　　　<SEQNO>5</SEQNO>
　　　　　　<LEVEL>3</LEVEL>
　　　　　　<BOLD>0</BOLD>
　　　　　　<科目及業務項目>利息收入</科目及業務項目>
　　　　　　<單位 />
　　　　　　<預算數-數量 />
　　　　　　<預算數-利率 />
　　　　　　<預算數-金額>389</預算數-金額>
　　　　　　<說明>平均活期存款486,500千元，年利率0.08%，利息收入389千元。</說明>
　　　　</ROW>
　　　　<ROW>
　　　　　　<SEQNO>6</SEQNO>
　　　　　　<LEVEL>2</LEVEL>
　　　　　　<BOLD>1</BOLD>
　　　　　　<科目及業務項目>政府撥入收入</科目及業務項目>
　　　　　　<單位 />
　　　　　　<預算數-數量 />
　　　　　　<預算數-利率 />
　　　　　　<預算數-金額>1027300</預算數-金額>
　　　　　　<說明 />
　　　　</ROW>
　　　　<ROW>
　　　　　　<SEQNO>7</SEQNO>
　　　　　　<LEVEL>3</LEVEL>
　　　　　　<BOLD>0</BOLD>
　　　　　　<科目及業務項目>公庫撥款收入</科目及業務項目>
　　　　　　<單位 />
　　　　　　<預算數-數量 />
　　　　　　<預算數-利率 />
　　　　　　<預算數-金額>1027300</預算數-金額>
　　　　　　<說明>公庫撥補款挹注數。</說明>
　　　　</ROW>
　　　　<ROW>
　　　　　　<SEQNO>8</SEQNO>
　　　　　　<LEVEL>2</LEVEL>
　　　　　　<BOLD>1</BOLD>
　　　　　　<科目及業務項目>其他收入</科目及業務項目>
　　　　　　<單位 />
　　　　　　<預算數-數量 />
　　　　　　<預算數-利率 />
　　　　　　<預算數-金額>4250</預算數-金額>
　　　　　　<說明 />
　　　　</ROW>
　　　　<ROW>
　　　　　　<SEQNO>9</SEQNO>
　　　　　　<LEVEL>3</LEVEL>
　　　　　　<BOLD>0</BOLD>
　　　　　　<科目及業務項目>雜項收入</科目及業務項目>
　　　　　　<單位 />
　　　　　　<預算數-數量 />
　　　　　　<預算數-利率 />
　　　　　　<預算數-金額>4250</預算數-金額>
　　　　　　<說明>疫苗破損賠償收入、廠商逾期違約罰款收入及自費疫苗施打收入。</說明>
　　　　</ROW>
　　　　<ROW>
　　　　　　<SEQNO>10</SEQNO>
　　　　　　<LEVEL>1</LEVEL>
　　　　　　<BOLD>1</BOLD>
　　　　　　<科目及業務項目>總計</科目及業務項目>
　　　　　　<單位 />
　　　　　　<預算數-數量 />
　　　　　　<預算數-利率 />
　　　　　　<預算數-金額>3097396</預算數-金額>
　　　　　　<說明 />
　　　　</ROW>
　　</DataSet>
</GenericData>

