﻿name,schema,description
109-GB-3-432300106-基金來源、基金用途及餘絀預計表_20200922193010.xml,schema-基金來源、基金用途及餘絀預計表.csv,基金來源、基金用途及餘絀預計表
109-GB-3-432300106-現金流量預計表_20200922193010.xml,schema-現金流量預計表.csv,現金流量預計表
109-GB-3-432300106-基金來源明細表_20200922193010.xml,schema-基金來源明細表.csv,基金來源明細表
109-GB-3-432300106-基金用途明細表_20200922193010.xml,schema-基金用途明細表.csv,基金用途明細表
109-GB-3-432300106-單位(或計畫)成本分析表_20200922193010.xml,schema-單位(或計畫)成本分析表.csv,單位(或計畫)成本分析表
109-GB-3-432300106-預計平衡表_20200922193010.xml,schema-預計平衡表.csv,預計平衡表
109-GB-3-432300106-5年來主要業務計畫分析表_20200922193010.xml,schema-5年來主要業務計畫分析表.csv,5年來主要業務計畫分析表
109-GB-3-432300106-員工人數彙計表_20200922193010.xml,schema-員工人數彙計表.csv,員工人數彙計表
109-GB-3-432300106-用人費用彙計表_20200922193010.xml,schema-用人費用彙計表.csv,用人費用彙計表
109-GB-3-432300106-各項費用彙計表_20200922193010.xml,schema-各項費用彙計表.csv,各項費用彙計表
109-GB-3-432300106-資本資產明細表_20200922193010.xml,schema-資本資產明細表.csv,資本資產明細表