﻿"name","schema","description"
"111-會計月報_歲入累計表_20230925133754.xml","schema-會計月報_歲入累計表.csv","會計月報_歲入累計表"
"111-會計月報_經費累計表_20230925133757.xml","schema-會計月報_經費累計表.csv","會計月報_經費累計表"
"111-會計月報_以前年度歲出轉入數累計表_20230925133758.xml","schema-會計月報_以前年度歲出轉入數累計表.csv","會計月報_以前年度歲出轉入數累計表"
"111-歲出用途別累計表_20230925133759.xml","schema-歲出用途別累計表.csv","歲出用途別累計表"
"111-繳付公庫數分析表_20230925133805.xml","schema-繳付公庫數分析表.csv","繳付公庫數分析表"
"111-公庫撥入數分析表_20230925133807.xml","schema-公庫撥入數分析表.csv","公庫撥入數分析表"
"111-平衡表_20230925133808.xml","schema-平衡表.csv","平衡表"
"111-收入支出表_20230925133810.xml","schema-收入支出表.csv","收入支出表"
"111-長期投資、固定資產、遞耗資產及無形資產變動表_20230925133812.xml","schema-長期投資、固定資產、遞耗資產及無形資產變動表.csv","長期投資、固定資產、遞耗資產及無形資產變動表"
"111_會計月報_預算執行及會計收支對照表_20230925133812.xml","schema-會計月報_預算執行及會計收支對照表.csv","會計月報_預算執行及會計收支對照表"
