<?xml version="1.0" encoding="UTF-8"?>
<GenericData>
　　<Header>
　　　　<Table Id="fngbemplys" Name="員工人數彙計表" Domain="NBA" />
　　　　<Program Id="NBAGBR130_A" />
　　　　<Sender Name="疫苗基金" />
　　　　<報表名稱>員工人數彙計表</報表名稱>
　　　　<年度>105</年度>
　　　　<基金>疫苗基金</基金>
　　　　<階段>法定預算</階段>
　　　　<版本>1</版本>
　　　　<單位>人</單位>
　　</Header>
　　<DataSet>
　　　　<ROW>
　　　　　　<SEQNO>1</SEQNO>
　　　　　　<LEVEL>1</LEVEL>
　　　　　　<BOLD>1</BOLD>
　　　　　　<科目>兼任人員</科目>
　　　　　　<上年度最高可進用員額數>4.00</上年度最高可進用員額數>
　　　　　　<本年度增減數>-</本年度增減數>
　　　　　　<本年度最高可進用員額數>4.00</本年度最高可進用員額數>
　　　　　　<說明 />
　　　　</ROW>
　　　　<ROW>
　　　　　　<SEQNO>2</SEQNO>
　　　　　　<LEVEL>2</LEVEL>
　　　　　　<BOLD>0</BOLD>
　　　　　　<科目>其他兼任人員</科目>
　　　　　　<上年度最高可進用員額數>4.00</上年度最高可進用員額數>
　　　　　　<本年度增減數>-</本年度增減數>
　　　　　　<本年度最高可進用員額數>4.00</本年度最高可進用員額數>
　　　　　　<說明>基金業務由原公務預算同仁兼辦處理，無支領兼職酬金。</說明>
　　　　</ROW>
　　　　<ROW>
　　　　　　<SEQNO>3</SEQNO>
　　　　　　<LEVEL>1</LEVEL>
　　　　　　<BOLD>1</BOLD>
　　　　　　<科目>總計</科目>
　　　　　　<上年度最高可進用員額數>4.00</上年度最高可進用員額數>
　　　　　　<本年度增減數>-</本年度增減數>
　　　　　　<本年度最高可進用員額數>4.00</本年度最高可進用員額數>
　　　　　　<說明 />
　　　　</ROW>
　　　　<COMM>1.分攤辦理健康照護基金之會計及出納業務外包人員3名。
2.辦理醫療發展基金業務之研發替代役3名。
3.辦理醫療發展基金業務推動弱勢族群醫療照護計畫之勞務承攬人員2名。</COMM>
　　</DataSet>
</GenericData>

