<?xml version="1.0" encoding="UTF-8"?>
<GenericData>
　　<Header>
　　　　<Table Id="fngbfixed" Name="固定項目明細表" Domain="NBA" />
　　　　<Program Id="NBAGBR180_A" />
　　　　<Sender Name="疫苗基金" />
　　　　<報表名稱>固定項目明細表</報表名稱>
　　　　<年度>105</年度>
　　　　<基金>疫苗基金</基金>
　　　　<階段>法定預算</階段>
　　　　<版本>1</版本>
　　　　<單位>新臺幣千元</單位>
　　</Header>
　　<DataSet>
　　　　<ROW>
　　　　　　<SEQNO>1</SEQNO>
　　　　　　<LEVEL>1</LEVEL>
　　　　　　<BOLD>1</BOLD>
　　　　　　<項目>資產</項目>
　　　　　　<期初餘額>-</期初餘額>
　　　　　　<本年度增加>-</本年度增加>
　　　　　　<期末餘額>-</期末餘額>
　　　　　　<說明 />
　　　　</ROW>
　　　　<ROW>
　　　　　　<SEQNO>2</SEQNO>
　　　　　　<LEVEL>2</LEVEL>
　　　　　　<BOLD>1</BOLD>
　　　　　　<項目>機械及設備</項目>
　　　　　　<期初餘額>20471.00</期初餘額>
　　　　　　<本年度增加>20150.00</本年度增加>
　　　　　　<期末餘額>40621.00</期末餘額>
　　　　　　<說明>1.購置、汰換存放疫苗之冷運冷藏及溫度監視等設備410千元。
2.購置全國性預防接種資訊管理系統硬體設備及改版所需更新之個人電腦設備19,740千元。</說明>
　　　　</ROW>
　　　　<ROW>
　　　　　　<SEQNO>3</SEQNO>
　　　　　　<LEVEL>2</LEVEL>
　　　　　　<BOLD>1</BOLD>
　　　　　　<項目>交通及運輸設備</項目>
　　　　　　<期初餘額>28.00</期初餘額>
　　　　　　<本年度增加>-</本年度增加>
　　　　　　<期末餘額>28.00</期末餘額>
　　　　　　<說明 />
　　　　</ROW>
　　　　<ROW>
　　　　　　<SEQNO>4</SEQNO>
　　　　　　<LEVEL>2</LEVEL>
　　　　　　<BOLD>1</BOLD>
　　　　　　<項目>什項設備</項目>
　　　　　　<期初餘額>538.00</期初餘額>
　　　　　　<本年度增加>90.00</本年度增加>
　　　　　　<期末餘額>628.00</期末餘額>
　　　　　　<說明>購置、汰換存放疫苗之冰箱等設備90千元。</說明>
　　　　</ROW>
　　　　<ROW>
　　　　　　<SEQNO>5</SEQNO>
　　　　　　<LEVEL>2</LEVEL>
　　　　　　<BOLD>1</BOLD>
　　　　　　<項目>電腦軟體</項目>
　　　　　　<期初餘額>37186.00</期初餘額>
　　　　　　<本年度增加>7232.00</本年度增加>
　　　　　　<期末餘額>44418.00</期末餘額>
　　　　　　<說明>1.購置全國性預防接種資訊管理系統改版及效能提升跨年延續性計畫之系統設計開發及軟體6,762千元。
2.購置流感疫苗管理系統功能擴增470千元。</說明>
　　　　</ROW>
　　　　<ROW>
　　　　　　<SEQNO>6</SEQNO>
　　　　　　<LEVEL>X</LEVEL>
　　　　　　<BOLD>1</BOLD>
　　　　　　<項目>資產總額</項目>
　　　　　　<期初餘額>58223.00</期初餘額>
　　　　　　<本年度增加>27472.00</本年度增加>
　　　　　　<期末餘額>85695.00</期末餘額>
　　　　　　<說明 />
　　　　</ROW>
　　</DataSet>
</GenericData>

