<?xml version="1.0" encoding="UTF-8"?>
<GenericData>
　　<Header>
　　　　<Table Id="FNGBWORKR" Name="基金來源、用途及餘絀預計表" Domain="NBA" />
　　　　<Program Id="NBAGBR040_A" />
　　　　<Sender Name="疫苗基金" />
　　　　<報表名稱>基金來源、用途及餘絀預計表</報表名稱>
　　　　<年度>105</年度>
　　　　<基金>疫苗基金</基金>
　　　　<階段>法定預算</階段>
　　　　<版本>1</版本>
　　　　<單位>新臺幣千元</單位>
　　</Header>
　　<DataSet>
　　　　<ROW>
　　　　　　<SEQNO>1</SEQNO>
　　　　　　<LEVEL>1</LEVEL>
　　　　　　<BOLD>1</BOLD>
　　　　　　<前年度決算數>1963555</前年度決算數>
　　　　　　<項目>基金來源</項目>
　　　　　　<本年度預算數>1202875</本年度預算數>
　　　　　　<上年度預算數>1846475</上年度預算數>
　　　　　　<比較增減>-643600</比較增減>
　　　　</ROW>
　　　　<ROW>
　　　　　　<SEQNO>2</SEQNO>
　　　　　　<LEVEL>2</LEVEL>
　　　　　　<BOLD>0</BOLD>
　　　　　　<前年度決算數>1157382</前年度決算數>
　　　　　　<項目>徵收及依法分配收入</項目>
　　　　　　<本年度預算數>468320</本年度預算數>
　　　　　　<上年度預算數>1111920</上年度預算數>
　　　　　　<比較增減>-643600</比較增減>
　　　　</ROW>
　　　　<ROW>
　　　　　　<SEQNO>3</SEQNO>
　　　　　　<LEVEL>3</LEVEL>
　　　　　　<BOLD>0</BOLD>
　　　　　　<前年度決算數>1146189</前年度決算數>
　　　　　　<項目>健康福利捐分配收入</項目>
　　　　　　<本年度預算數>457500</本年度預算數>
　　　　　　<上年度預算數>1102500</上年度預算數>
　　　　　　<比較增減>-645000</比較增減>
　　　　</ROW>
　　　　<ROW>
　　　　　　<SEQNO>4</SEQNO>
　　　　　　<LEVEL>3</LEVEL>
　　　　　　<BOLD>0</BOLD>
　　　　　　<前年度決算數>11193</前年度決算數>
　　　　　　<項目>其他徵收收入</項目>
　　　　　　<本年度預算數>10820</本年度預算數>
　　　　　　<上年度預算數>9420</上年度預算數>
　　　　　　<比較增減>1400</比較增減>
　　　　</ROW>
　　　　<ROW>
　　　　　　<SEQNO>5</SEQNO>
　　　　　　<LEVEL>2</LEVEL>
　　　　　　<BOLD>0</BOLD>
　　　　　　<前年度決算數>6289</前年度決算數>
　　　　　　<項目>財產收入</項目>
　　　　　　<本年度預算數>1845</本年度預算數>
　　　　　　<上年度預算數>1845</上年度預算數>
　　　　　　<比較增減>0</比較增減>
　　　　</ROW>
　　　　<ROW>
　　　　　　<SEQNO>6</SEQNO>
　　　　　　<LEVEL>3</LEVEL>
　　　　　　<BOLD>0</BOLD>
　　　　　　<前年度決算數>6289</前年度決算數>
　　　　　　<項目>利息收入</項目>
　　　　　　<本年度預算數>1845</本年度預算數>
　　　　　　<上年度預算數>1845</上年度預算數>
　　　　　　<比較增減>0</比較增減>
　　　　</ROW>
　　　　<ROW>
　　　　　　<SEQNO>7</SEQNO>
　　　　　　<LEVEL>2</LEVEL>
　　　　　　<BOLD>0</BOLD>
　　　　　　<前年度決算數>731210</前年度決算數>
　　　　　　<項目>政府撥入收入</項目>
　　　　　　<本年度預算數>731210</本年度預算數>
　　　　　　<上年度預算數>731210</上年度預算數>
　　　　　　<比較增減>0</比較增減>
　　　　</ROW>
　　　　<ROW>
　　　　　　<SEQNO>8</SEQNO>
　　　　　　<LEVEL>3</LEVEL>
　　　　　　<BOLD>0</BOLD>
　　　　　　<前年度決算數>731210</前年度決算數>
　　　　　　<項目>國庫撥款收入</項目>
　　　　　　<本年度預算數>731210</本年度預算數>
　　　　　　<上年度預算數>731210</上年度預算數>
　　　　　　<比較增減>0</比較增減>
　　　　</ROW>
　　　　<ROW>
　　　　　　<SEQNO>9</SEQNO>
　　　　　　<LEVEL>2</LEVEL>
　　　　　　<BOLD>0</BOLD>
　　　　　　<前年度決算數>68674</前年度決算數>
　　　　　　<項目>其他收入</項目>
　　　　　　<本年度預算數>1500</本年度預算數>
　　　　　　<上年度預算數>1500</上年度預算數>
　　　　　　<比較增減>0</比較增減>
　　　　</ROW>
　　　　<ROW>
　　　　　　<SEQNO>10</SEQNO>
　　　　　　<LEVEL>3</LEVEL>
　　　　　　<BOLD>0</BOLD>
　　　　　　<前年度決算數>68674</前年度決算數>
　　　　　　<項目>雜項收入</項目>
　　　　　　<本年度預算數>1500</本年度預算數>
　　　　　　<上年度預算數>1500</上年度預算數>
　　　　　　<比較增減>0</比較增減>
　　　　</ROW>
　　　　<ROW>
　　　　　　<SEQNO>11</SEQNO>
　　　　　　<LEVEL>1</LEVEL>
　　　　　　<BOLD>1</BOLD>
　　　　　　<前年度決算數>1556704</前年度決算數>
　　　　　　<項目>基金用途</項目>
　　　　　　<本年度預算數>1891504</本年度預算數>
　　　　　　<上年度預算數>2290384</上年度預算數>
　　　　　　<比較增減>-398880</比較增減>
　　　　</ROW>
　　　　<ROW>
　　　　　　<SEQNO>12</SEQNO>
　　　　　　<LEVEL>2</LEVEL>
　　　　　　<BOLD>0</BOLD>
　　　　　　<前年度決算數>1555556</前年度決算數>
　　　　　　<項目>疫苗接種計畫</項目>
　　　　　　<本年度預算數>1890020</本年度預算數>
　　　　　　<上年度預算數>2288900</上年度預算數>
　　　　　　<比較增減>-398880</比較增減>
　　　　</ROW>
　　　　<ROW>
　　　　　　<SEQNO>13</SEQNO>
　　　　　　<LEVEL>2</LEVEL>
　　　　　　<BOLD>0</BOLD>
　　　　　　<前年度決算數>1148</前年度決算數>
　　　　　　<項目>一般行政管理計畫</項目>
　　　　　　<本年度預算數>1484</本年度預算數>
　　　　　　<上年度預算數>1484</上年度預算數>
　　　　　　<比較增減>0</比較增減>
　　　　</ROW>
　　　　<ROW>
　　　　　　<SEQNO>14</SEQNO>
　　　　　　<LEVEL>1</LEVEL>
　　　　　　<BOLD>1</BOLD>
　　　　　　<前年度決算數>406851</前年度決算數>
　　　　　　<項目>本期賸餘(短絀-)</項目>
　　　　　　<本年度預算數>-688629</本年度預算數>
　　　　　　<上年度預算數>-443909</上年度預算數>
　　　　　　<比較增減>-244720</比較增減>
　　　　</ROW>
　　　　<ROW>
　　　　　　<SEQNO>15</SEQNO>
　　　　　　<LEVEL>1</LEVEL>
　　　　　　<BOLD>1</BOLD>
　　　　　　<前年度決算數>817524</前年度決算數>
　　　　　　<項目>期初基金餘額</項目>
　　　　　　<本年度預算數>780465</本年度預算數>
　　　　　　<上年度預算數>791195</上年度預算數>
　　　　　　<比較增減>-10730</比較增減>
　　　　</ROW>
　　　　<ROW>
　　　　　　<SEQNO>16</SEQNO>
　　　　　　<LEVEL>1</LEVEL>
　　　　　　<BOLD>1</BOLD>
　　　　　　<前年度決算數>0</前年度決算數>
　　　　　　<項目>解繳國庫</項目>
　　　　　　<本年度預算數>0</本年度預算數>
　　　　　　<上年度預算數>0</上年度預算數>
　　　　　　<比較增減>0</比較增減>
　　　　</ROW>
　　　　<ROW>
　　　　　　<SEQNO>17</SEQNO>
　　　　　　<LEVEL>1</LEVEL>
　　　　　　<BOLD>1</BOLD>
　　　　　　<前年度決算數>1224374</前年度決算數>
　　　　　　<項目>期末基金餘額</項目>
　　　　　　<本年度預算數>91836</本年度預算數>
　　　　　　<上年度預算數>347286</上年度預算數>
　　　　　　<比較增減>-255450</比較增減>
　　　　</ROW>
　　　　<COMM />
　　</DataSet>
</GenericData>

