﻿"name","schema","description"
"106_決算編制_歲入來源別決算表_20180816163521.xml","schema-決算編制_歲入來源別決算表.csv","決算編制_歲入來源別決算表"
"106_決算編制_歲出政事別決算表_20180816163524.xml","schema-決算編制_歲出政事別決算表.csv","決算編制_歲出政事別決算表"
"106_決算編制_歲出機關別決算表_20180816163533.xml","schema-決算編制_歲出機關別決算表.csv","決算編制_歲出機關別決算表"
"106_決算編制_以前年度歲出政事別轉入數決算表_20180816163535.xml","schema-決算編制_以前年度歲出政事別轉入數決算表.csv","決算編制_以前年度歲出政事別轉入數決算表"
"106_決算編制_以前年度歲出機關別轉入數決算表_20180816163536.xml","schema-決算編制_以前年度歲出機關別轉入數決算表.csv","決算編制_以前年度歲出機關別轉入數決算表"
"106-平衡表_20180816163537.xml","schema-平衡表.csv","平衡表"
