﻿"name","title"
"會計年度","會計年度"
"款","款"
"項","項"
"目","目"
"節","節"
"預算年度","預算年度"
"預算科目編號","預算科目編號"
"預算科目名稱","預算科目名稱"
"分計畫編號","分計畫編號"
"分計畫名稱","分計畫名稱"
"以前年度轉入數_應付數","以前年度轉入數_應付數"
"以前年度轉入數_保留數","以前年度轉入數_保留數"
"本年度減免註銷數_應付數","本年度減免註銷數_應付數"
"本年度減免註銷數_保留數","本年度減免註銷數_保留數"
"本年度實現數_應付數","本年度實現數_應付數"
"本年度實現數_保留數","本年度實現數_保留數"
"本年度調整數_應付數","本年度調整數_應付數"
"本年度調整數_保留數","本年度調整數_保留數"
"本年度未結清數_應付數","本年度未結清數_應付數"
"本年度未結清數_保留數","本年度未結清數_保留數"
