<?xml version="1.0" encoding="UTF-8"?>
<Root>
    <Row>
        <款>20</款>
        <項/>
        <目/>
        <節/>
        <科目名稱>衛生福利部主管</科目名稱>
        <預算科目編號>00570000000</預算科目編號>
        <人事費>972516</人事費>
        <業務費_經>1164049</業務費_經>
        <奬補助費_經>3381537</奬補助費_經>
        <債務費>0</債務費>
        <預備金_經>50</預備金_經>
        <經常支出小計>5518152</經常支出小計>
        <業務費_資>0</業務費_資>
        <設備及投資>111301</設備及投資>
        <奬補助費_資>15838</奬補助費_資>
        <預備金_資>0</預備金_資>
        <資本支出小計>127139</資本支出小計>
        <合計>5645291</合計>
    </Row>
    <Row>
        <款/>
        <項>2</項>
        <目/>
        <節/>
        <科目名稱>疾病管制署</科目名稱>
        <預算科目編號>00570050000</預算科目編號>
        <人事費>972516</人事費>
        <業務費_經>1164049</業務費_經>
        <奬補助費_經>3381537</奬補助費_經>
        <債務費>0</債務費>
        <預備金_經>50</預備金_經>
        <經常支出小計>5518152</經常支出小計>
        <業務費_資>0</業務費_資>
        <設備及投資>111301</設備及投資>
        <奬補助費_資>15838</奬補助費_資>
        <預備金_資>0</預備金_資>
        <資本支出小計>127139</資本支出小計>
        <合計>5645291</合計>
    </Row>
    <Row>
        <款/>
        <項/>
        <目/>
        <節/>
        <科目名稱>科學支出</科目名稱>
        <預算科目編號>52570050000</預算科目編號>
        <人事費>0</人事費>
        <業務費_經>234098</業務費_經>
        <奬補助費_經>1600</奬補助費_經>
        <債務費>0</債務費>
        <預備金_經>0</預備金_經>
        <經常支出小計>235698</經常支出小計>
        <業務費_資>0</業務費_資>
        <設備及投資>31885</設備及投資>
        <奬補助費_資>8000</奬補助費_資>
        <預備金_資>0</預備金_資>
        <資本支出小計>39885</資本支出小計>
        <合計>275583</合計>
    </Row>
    <Row>
        <款/>
        <項/>
        <目>1</目>
        <節/>
        <科目名稱>科技發展工作</科目名稱>
        <預算科目編號>52570050400</預算科目編號>
        <人事費>0</人事費>
        <業務費_經>234098</業務費_經>
        <奬補助費_經>1600</奬補助費_經>
        <債務費>0</債務費>
        <預備金_經>0</預備金_經>
        <經常支出小計>235698</經常支出小計>
        <業務費_資>0</業務費_資>
        <設備及投資>31885</設備及投資>
        <奬補助費_資>8000</奬補助費_資>
        <預備金_資>0</預備金_資>
        <資本支出小計>39885</資本支出小計>
        <合計>275583</合計>
    </Row>
    <Row>
        <款/>
        <項/>
        <目/>
        <節/>
        <科目名稱>醫療保健支出</科目名稱>
        <預算科目編號>71570050000</預算科目編號>
        <人事費>972516</人事費>
        <業務費_經>929951</業務費_經>
        <奬補助費_經>3379937</奬補助費_經>
        <債務費>0</債務費>
        <預備金_經>50</預備金_經>
        <經常支出小計>5282454</經常支出小計>
        <業務費_資>0</業務費_資>
        <設備及投資>79416</設備及投資>
        <奬補助費_資>7838</奬補助費_資>
        <預備金_資>0</預備金_資>
        <資本支出小計>87254</資本支出小計>
        <合計>5369708</合計>
    </Row>
    <Row>
        <款/>
        <項/>
        <目>2</目>
        <節/>
        <科目名稱>一般行政</科目名稱>
        <預算科目編號>71570050100</預算科目編號>
        <人事費>972516</人事費>
        <業務費_經>28539</業務費_經>
        <奬補助費_經>3456</奬補助費_經>
        <債務費>0</債務費>
        <預備金_經>0</預備金_經>
        <經常支出小計>1004511</經常支出小計>
        <業務費_資>0</業務費_資>
        <設備及投資>1262</設備及投資>
        <奬補助費_資>0</奬補助費_資>
        <預備金_資>0</預備金_資>
        <資本支出小計>1262</資本支出小計>
        <合計>1005773</合計>
    </Row>
    <Row>
        <款/>
        <項/>
        <目>3</目>
        <節/>
        <科目名稱>防疫業務</科目名稱>
        <預算科目編號>71570050200</預算科目編號>
        <人事費>0</人事費>
        <業務費_經>901412</業務費_經>
        <奬補助費_經>3376481</奬補助費_經>
        <債務費>0</債務費>
        <預備金_經>0</預備金_經>
        <經常支出小計>4277893</經常支出小計>
        <業務費_資>0</業務費_資>
        <設備及投資>75154</設備及投資>
        <奬補助費_資>7838</奬補助費_資>
        <預備金_資>0</預備金_資>
        <資本支出小計>82992</資本支出小計>
        <合計>4360885</合計>
    </Row>
    <Row>
        <款/>
        <項/>
        <目>4</目>
        <節/>
        <科目名稱>一般建築及設備</科目名稱>
        <預算科目編號>71570059000</預算科目編號>
        <人事費>0</人事費>
        <業務費_經>0</業務費_經>
        <奬補助費_經>0</奬補助費_經>
        <債務費>0</債務費>
        <預備金_經>0</預備金_經>
        <經常支出小計>0</經常支出小計>
        <業務費_資>0</業務費_資>
        <設備及投資>3000</設備及投資>
        <奬補助費_資>0</奬補助費_資>
        <預備金_資>0</預備金_資>
        <資本支出小計>3000</資本支出小計>
        <合計>3000</合計>
    </Row>
    <Row>
        <款/>
        <項/>
        <目/>
        <節>1</節>
        <科目名稱>交通及運輸設備</科目名稱>
        <預算科目編號>71570059011</預算科目編號>
        <人事費>0</人事費>
        <業務費_經>0</業務費_經>
        <奬補助費_經>0</奬補助費_經>
        <債務費>0</債務費>
        <預備金_經>0</預備金_經>
        <經常支出小計>0</經常支出小計>
        <業務費_資>0</業務費_資>
        <設備及投資>3000</設備及投資>
        <奬補助費_資>0</奬補助費_資>
        <預備金_資>0</預備金_資>
        <資本支出小計>3000</資本支出小計>
        <合計>3000</合計>
    </Row>
    <Row>
        <款/>
        <項/>
        <目>5</目>
        <節/>
        <科目名稱>第一預備金</科目名稱>
        <預算科目編號>71570059800</預算科目編號>
        <人事費>0</人事費>
        <業務費_經>0</業務費_經>
        <奬補助費_經>0</奬補助費_經>
        <債務費>0</債務費>
        <預備金_經>50</預備金_經>
        <經常支出小計>50</經常支出小計>
        <業務費_資>0</業務費_資>
        <設備及投資>0</設備及投資>
        <奬補助費_資>0</奬補助費_資>
        <預備金_資>0</預備金_資>
        <資本支出小計>0</資本支出小計>
        <合計>50</合計>
    </Row>
</Root>
