<?xml version="1.0" encoding="UTF-8"?>
<tables>
    <BCME3410_row>
        <mh_itemserialno1/>
        <mh_itemserialno2/>
        <mh_itemserialno3/>
        <mh_itemserialno4/>
        <budgetno/>
        <mh_budgetname>合         計</mh_budgetname>
        <budgetno_conver/>
        <tyear_amt>86188.000000</tyear_amt>
        <lyear_amt>84902.000000</lyear_amt>
        <byear_amt>91644.000000</byear_amt>
        <b_amt>1286.000000</b_amt>
        <bc_content/>
        <blevel>9</blevel>
        <ordinaryid>1</ordinaryid>
    </BCME3410_row>
    <BCME3410_row>
        <mh_itemserialno1>2</mh_itemserialno1>
        <mh_itemserialno2/>
        <mh_itemserialno3/>
        <mh_itemserialno4/>
        <budgetno>04000000000</budgetno>
        <mh_budgetname>罰款及賠償收入</mh_budgetname>
        <budgetno_conver>0400000000</budgetno_conver>
        <tyear_amt>4500.000000</tyear_amt>
        <lyear_amt>4500.000000</lyear_amt>
        <byear_amt>954.000000</byear_amt>
        <b_amt>0.000000</b_amt>
        <bc_content/>
        <blevel>1</blevel>
        <ordinaryid/>
    </BCME3410_row>
    <BCME3410_row>
        <mh_itemserialno1/>
        <mh_itemserialno2>179</mh_itemserialno2>
        <mh_itemserialno3/>
        <mh_itemserialno4/>
        <budgetno>04570050000</budgetno>
        <mh_budgetname>疾病管制署</mh_budgetname>
        <budgetno_conver>0457050000</budgetno_conver>
        <tyear_amt>4500.000000</tyear_amt>
        <lyear_amt>4500.000000</lyear_amt>
        <byear_amt>954.000000</byear_amt>
        <b_amt>0.000000</b_amt>
        <bc_content/>
        <blevel>2</blevel>
        <ordinaryid/>
    </BCME3410_row>
    <BCME3410_row>
        <mh_itemserialno1/>
        <mh_itemserialno2/>
        <mh_itemserialno3>01</mh_itemserialno3>
        <mh_itemserialno4/>
        <budgetno>04570050100</budgetno>
        <mh_budgetname>罰金罰鍰及怠金</mh_budgetname>
        <budgetno_conver>0457050100</budgetno_conver>
        <tyear_amt>0.000000</tyear_amt>
        <lyear_amt>0.000000</lyear_amt>
        <byear_amt>45.000000</byear_amt>
        <b_amt>0.000000</b_amt>
        <bc_content/>
        <blevel>3</blevel>
        <ordinaryid/>
    </BCME3410_row>
    <BCME3410_row>
        <mh_itemserialno1/>
        <mh_itemserialno2/>
        <mh_itemserialno3/>
        <mh_itemserialno4>01</mh_itemserialno4>
        <budgetno>04570050101</budgetno>
        <mh_budgetname>罰金罰鍰</mh_budgetname>
        <budgetno_conver>0457050101</budgetno_conver>
        <tyear_amt>0.000000</tyear_amt>
        <lyear_amt>0.000000</lyear_amt>
        <byear_amt>45.000000</byear_amt>
        <b_amt>0.000000</b_amt>
        <bc_key>04570050101xxxxxxxxxxxxxxxxxxxxxxxx1R1x0</bc_key>
        <bc_content>前年度決算數係違反傳染病防治
法之罰鍰收入。</bc_content>
        <blevel>4</blevel>
        <ordinaryid/>
    </BCME3410_row>
    <BCME3410_row>
        <mh_itemserialno1/>
        <mh_itemserialno2/>
        <mh_itemserialno3>02</mh_itemserialno3>
        <mh_itemserialno4/>
        <budgetno>04570050200</budgetno>
        <mh_budgetname>沒入及沒收財物</mh_budgetname>
        <budgetno_conver>0457050200</budgetno_conver>
        <tyear_amt>0.000000</tyear_amt>
        <lyear_amt>0.000000</lyear_amt>
        <byear_amt>337.000000</byear_amt>
        <b_amt>0.000000</b_amt>
        <bc_content/>
        <blevel>3</blevel>
        <ordinaryid/>
    </BCME3410_row>
    <BCME3410_row>
        <mh_itemserialno1/>
        <mh_itemserialno2/>
        <mh_itemserialno3/>
        <mh_itemserialno4>01</mh_itemserialno4>
        <budgetno>04570050201</budgetno>
        <mh_budgetname>沒入金</mh_budgetname>
        <budgetno_conver>0457050201</budgetno_conver>
        <tyear_amt>0.000000</tyear_amt>
        <lyear_amt>0.000000</lyear_amt>
        <byear_amt>337.000000</byear_amt>
        <b_amt>0.000000</b_amt>
        <bc_key>04570050201xxxxxxxxxxxxxxxxxxxxxxxx1R1x0</bc_key>
        <bc_content>前年度決算數係廠商違反政府採
購法規定沒入押標金之收入。</bc_content>
        <blevel>4</blevel>
        <ordinaryid/>
    </BCME3410_row>
    <BCME3410_row>
        <mh_itemserialno1/>
        <mh_itemserialno2/>
        <mh_itemserialno3>03</mh_itemserialno3>
        <mh_itemserialno4/>
        <budgetno>04570050300</budgetno>
        <mh_budgetname>賠償收入</mh_budgetname>
        <budgetno_conver>0457050300</budgetno_conver>
        <tyear_amt>4500.000000</tyear_amt>
        <lyear_amt>4500.000000</lyear_amt>
        <byear_amt>572.000000</byear_amt>
        <b_amt>0.000000</b_amt>
        <bc_content/>
        <blevel>3</blevel>
        <ordinaryid/>
    </BCME3410_row>
    <BCME3410_row>
        <mh_itemserialno1/>
        <mh_itemserialno2/>
        <mh_itemserialno3/>
        <mh_itemserialno4>01</mh_itemserialno4>
        <budgetno>04570050301</budgetno>
        <mh_budgetname>一般賠償收入</mh_budgetname>
        <budgetno_conver>0457050301</budgetno_conver>
        <tyear_amt>4500.000000</tyear_amt>
        <lyear_amt>4500.000000</lyear_amt>
        <byear_amt>572.000000</byear_amt>
        <b_amt>0.000000</b_amt>
        <bc_key>04570050301xxxxxxxxxxxxxxxxxxxxxxxx1R1x0</bc_key>
        <bc_content>本年度預算數係廠商違約逾期交
貨之賠償收入。</bc_content>
        <blevel>4</blevel>
        <ordinaryid/>
    </BCME3410_row>
    <BCME3410_row>
        <mh_itemserialno1>3</mh_itemserialno1>
        <mh_itemserialno2/>
        <mh_itemserialno3/>
        <mh_itemserialno4/>
        <budgetno>05000000000</budgetno>
        <mh_budgetname>規費收入</mh_budgetname>
        <budgetno_conver>0500000000</budgetno_conver>
        <tyear_amt>80534.000000</tyear_amt>
        <lyear_amt>78528.000000</lyear_amt>
        <byear_amt>89779.000000</byear_amt>
        <b_amt>2006.000000</b_amt>
        <bc_content/>
        <blevel>1</blevel>
        <ordinaryid/>
    </BCME3410_row>
    <BCME3410_row>
        <mh_itemserialno1/>
        <mh_itemserialno2>144</mh_itemserialno2>
        <mh_itemserialno3/>
        <mh_itemserialno4/>
        <budgetno>05570050000</budgetno>
        <mh_budgetname>疾病管制署</mh_budgetname>
        <budgetno_conver>0557050000</budgetno_conver>
        <tyear_amt>80534.000000</tyear_amt>
        <lyear_amt>78528.000000</lyear_amt>
        <byear_amt>89779.000000</byear_amt>
        <b_amt>2006.000000</b_amt>
        <bc_content/>
        <blevel>2</blevel>
        <ordinaryid/>
    </BCME3410_row>
    <BCME3410_row>
        <mh_itemserialno1/>
        <mh_itemserialno2/>
        <mh_itemserialno3>01</mh_itemserialno3>
        <mh_itemserialno4/>
        <budgetno>05570050100</budgetno>
        <mh_budgetname>行政規費收入</mh_budgetname>
        <budgetno_conver>0557050100</budgetno_conver>
        <tyear_amt>39819.000000</tyear_amt>
        <lyear_amt>37844.000000</lyear_amt>
        <byear_amt>40396.000000</byear_amt>
        <b_amt>1975.000000</b_amt>
        <bc_content/>
        <blevel>3</blevel>
        <ordinaryid/>
    </BCME3410_row>
    <BCME3410_row>
        <mh_itemserialno1/>
        <mh_itemserialno2/>
        <mh_itemserialno3/>
        <mh_itemserialno4>01</mh_itemserialno4>
        <budgetno>05570050101</budgetno>
        <mh_budgetname>審查費</mh_budgetname>
        <budgetno_conver>0557050101</budgetno_conver>
        <tyear_amt>34257.000000</tyear_amt>
        <lyear_amt>32282.000000</lyear_amt>
        <byear_amt>34470.000000</byear_amt>
        <b_amt>1975.000000</b_amt>
        <bc_key>05570050101xxxxxxxxxxxxxxxxxxxxxxxx1R1x0</bc_key>
        <bc_content>本年度預算數係船舶衛生檢疫收
入。</bc_content>
        <blevel>4</blevel>
        <ordinaryid/>
    </BCME3410_row>
    <BCME3410_row>
        <mh_itemserialno1/>
        <mh_itemserialno2/>
        <mh_itemserialno3/>
        <mh_itemserialno4>02</mh_itemserialno4>
        <budgetno>05570050102</budgetno>
        <mh_budgetname>證照費</mh_budgetname>
        <budgetno_conver>0557050102</budgetno_conver>
        <tyear_amt>5562.000000</tyear_amt>
        <lyear_amt>5562.000000</lyear_amt>
        <byear_amt>5927.000000</byear_amt>
        <b_amt>0.000000</b_amt>
        <bc_key>05570050102xxxxxxxxxxxxxxxxxxxxxxxx1R1x0</bc_key>
        <bc_content>本年度預算數之內容與上年度之
比較如下：
1.辦理黃熱病、流行性腦脊髓膜
　炎國際預防接種證明書初、加
　簽及補發收入1,615千元，與
　上年度同。
2.辦理船舶衛生管制或免予衛生
　管制證明書收入3,927千元，
　與上年度同。
3.辦理屍體出口准許證收入20千
　元，與上年度同。</bc_content>
        <blevel>4</blevel>
        <ordinaryid/>
    </BCME3410_row>
    <BCME3410_row>
        <mh_itemserialno1/>
        <mh_itemserialno2/>
        <mh_itemserialno3>02</mh_itemserialno3>
        <mh_itemserialno4/>
        <budgetno>05570050300</budgetno>
        <mh_budgetname>使用規費收入</mh_budgetname>
        <budgetno_conver>0557050300</budgetno_conver>
        <tyear_amt>40715.000000</tyear_amt>
        <lyear_amt>40684.000000</lyear_amt>
        <byear_amt>49383.000000</byear_amt>
        <b_amt>31.000000</b_amt>
        <bc_content/>
        <blevel>3</blevel>
        <ordinaryid/>
    </BCME3410_row>
    <BCME3410_row>
        <mh_itemserialno1/>
        <mh_itemserialno2/>
        <mh_itemserialno3/>
        <mh_itemserialno4>01</mh_itemserialno4>
        <budgetno>05570050305</budgetno>
        <mh_budgetname>資料使用費</mh_budgetname>
        <budgetno_conver>0557050305</budgetno_conver>
        <tyear_amt>20.000000</tyear_amt>
        <lyear_amt>30.000000</lyear_amt>
        <byear_amt>105.000000</byear_amt>
        <b_amt>-10.000000</b_amt>
        <bc_key>05570050305xxxxxxxxxxxxxxxxxxxxxxxx1R1x0</bc_key>
        <bc_content>本年度預算數係防疫資料庫擷取
等收入。</bc_content>
        <blevel>4</blevel>
        <ordinaryid/>
    </BCME3410_row>
    <BCME3410_row>
        <mh_itemserialno1/>
        <mh_itemserialno2/>
        <mh_itemserialno3/>
        <mh_itemserialno4>02</mh_itemserialno4>
        <budgetno>05570050311</budgetno>
        <mh_budgetname>供應費</mh_budgetname>
        <budgetno_conver>0557050311</budgetno_conver>
        <tyear_amt>40695.000000</tyear_amt>
        <lyear_amt>40654.000000</lyear_amt>
        <byear_amt>49157.000000</byear_amt>
        <b_amt>41.000000</b_amt>
        <bc_key>05570050311xxxxxxxxxxxxxxxxxxxxxxxx1R1x0</bc_key>
        <bc_content>本年度預算數係生物製劑、瘧疾
預防藥品、阿米巴性痢疾藥品、
清潔針具及保險套供應費收入。</bc_content>
        <blevel>4</blevel>
        <ordinaryid/>
    </BCME3410_row>
    <BCME3410_row>
        <mh_itemserialno1/>
        <mh_itemserialno2/>
        <mh_itemserialno3/>
        <mh_itemserialno4>03</mh_itemserialno4>
        <budgetno>05570050313</budgetno>
        <mh_budgetname>服務費</mh_budgetname>
        <budgetno_conver>0557050313</budgetno_conver>
        <tyear_amt>0.000000</tyear_amt>
        <lyear_amt>0.000000</lyear_amt>
        <byear_amt>121.000000</byear_amt>
        <b_amt>0.000000</b_amt>
        <bc_key>05570050313xxxxxxxxxxxxxxxxxxxxxxxx1R1x0</bc_key>
        <bc_content>前年度決算數係抗蛇毒血清凍晶
注射劑服務費收入。</bc_content>
        <blevel>4</blevel>
        <ordinaryid/>
    </BCME3410_row>
    <BCME3410_row>
        <mh_itemserialno1>4</mh_itemserialno1>
        <mh_itemserialno2/>
        <mh_itemserialno3/>
        <mh_itemserialno4/>
        <budgetno>07000000000</budgetno>
        <mh_budgetname>財產收入</mh_budgetname>
        <budgetno_conver>0700000000</budgetno_conver>
        <tyear_amt>626.000000</tyear_amt>
        <lyear_amt>626.000000</lyear_amt>
        <byear_amt>393.000000</byear_amt>
        <b_amt>0.000000</b_amt>
        <bc_content/>
        <blevel>1</blevel>
        <ordinaryid/>
    </BCME3410_row>
    <BCME3410_row>
        <mh_itemserialno1/>
        <mh_itemserialno2>190</mh_itemserialno2>
        <mh_itemserialno3/>
        <mh_itemserialno4/>
        <budgetno>07570050000</budgetno>
        <mh_budgetname>疾病管制署</mh_budgetname>
        <budgetno_conver>0757050000</budgetno_conver>
        <tyear_amt>626.000000</tyear_amt>
        <lyear_amt>626.000000</lyear_amt>
        <byear_amt>393.000000</byear_amt>
        <b_amt>0.000000</b_amt>
        <bc_content/>
        <blevel>2</blevel>
        <ordinaryid/>
    </BCME3410_row>
    <BCME3410_row>
        <mh_itemserialno1/>
        <mh_itemserialno2/>
        <mh_itemserialno3>01</mh_itemserialno3>
        <mh_itemserialno4/>
        <budgetno>07570050100</budgetno>
        <mh_budgetname>財產孳息</mh_budgetname>
        <budgetno_conver>0757050100</budgetno_conver>
        <tyear_amt>336.000000</tyear_amt>
        <lyear_amt>336.000000</lyear_amt>
        <byear_amt>139.000000</byear_amt>
        <b_amt>0.000000</b_amt>
        <bc_content/>
        <blevel>3</blevel>
        <ordinaryid/>
    </BCME3410_row>
    <BCME3410_row>
        <mh_itemserialno1/>
        <mh_itemserialno2/>
        <mh_itemserialno3/>
        <mh_itemserialno4>01</mh_itemserialno4>
        <budgetno>07570050106</budgetno>
        <mh_budgetname>租金收入</mh_budgetname>
        <budgetno_conver>0757050106</budgetno_conver>
        <tyear_amt>336.000000</tyear_amt>
        <lyear_amt>336.000000</lyear_amt>
        <byear_amt>139.000000</byear_amt>
        <b_amt>0.000000</b_amt>
        <bc_key>07570050106xxxxxxxxxxxxxxxxxxxxxxxx1R1x0</bc_key>
        <bc_content>本年度預算數係員工使用停車位
租金收入。</bc_content>
        <blevel>4</blevel>
        <ordinaryid/>
    </BCME3410_row>
    <BCME3410_row>
        <mh_itemserialno1/>
        <mh_itemserialno2/>
        <mh_itemserialno3>02</mh_itemserialno3>
        <mh_itemserialno4/>
        <budgetno>07570050600</budgetno>
        <mh_budgetname>廢舊物資售價</mh_budgetname>
        <budgetno_conver>0757050600</budgetno_conver>
        <tyear_amt>290.000000</tyear_amt>
        <lyear_amt>290.000000</lyear_amt>
        <byear_amt>254.000000</byear_amt>
        <b_amt>0.000000</b_amt>
        <bc_key>07570050600xxxxxxxxxxxxxxxxxxxxxxxx1R1x0</bc_key>
        <bc_content>本年度預算數係出售廢舊財物等
收入。</bc_content>
        <blevel>3</blevel>
        <ordinaryid/>
    </BCME3410_row>
    <BCME3410_row>
        <mh_itemserialno1>7</mh_itemserialno1>
        <mh_itemserialno2/>
        <mh_itemserialno3/>
        <mh_itemserialno4/>
        <budgetno>11000000000</budgetno>
        <mh_budgetname>其他收入</mh_budgetname>
        <budgetno_conver>1100000000</budgetno_conver>
        <tyear_amt>528.000000</tyear_amt>
        <lyear_amt>1248.000000</lyear_amt>
        <byear_amt>518.000000</byear_amt>
        <b_amt>-720.000000</b_amt>
        <bc_content/>
        <blevel>1</blevel>
        <ordinaryid/>
    </BCME3410_row>
    <BCME3410_row>
        <mh_itemserialno1/>
        <mh_itemserialno2>195</mh_itemserialno2>
        <mh_itemserialno3/>
        <mh_itemserialno4/>
        <budgetno>11570050000</budgetno>
        <mh_budgetname>疾病管制署</mh_budgetname>
        <budgetno_conver>1157050000</budgetno_conver>
        <tyear_amt>528.000000</tyear_amt>
        <lyear_amt>1248.000000</lyear_amt>
        <byear_amt>518.000000</byear_amt>
        <b_amt>-720.000000</b_amt>
        <bc_content/>
        <blevel>2</blevel>
        <ordinaryid/>
    </BCME3410_row>
    <BCME3410_row>
        <mh_itemserialno1/>
        <mh_itemserialno2/>
        <mh_itemserialno3>01</mh_itemserialno3>
        <mh_itemserialno4/>
        <budgetno>11570050900</budgetno>
        <mh_budgetname>雜項收入</mh_budgetname>
        <budgetno_conver>1157050900</budgetno_conver>
        <tyear_amt>528.000000</tyear_amt>
        <lyear_amt>1248.000000</lyear_amt>
        <byear_amt>518.000000</byear_amt>
        <b_amt>-720.000000</b_amt>
        <bc_content/>
        <blevel>3</blevel>
        <ordinaryid/>
    </BCME3410_row>
    <BCME3410_row>
        <mh_itemserialno1/>
        <mh_itemserialno2/>
        <mh_itemserialno3/>
        <mh_itemserialno4>01</mh_itemserialno4>
        <budgetno>11570050901</budgetno>
        <mh_budgetname>收回以前年度歲出</mh_budgetname>
        <budgetno_conver>1157050901</budgetno_conver>
        <tyear_amt>300.000000</tyear_amt>
        <lyear_amt>1000.000000</lyear_amt>
        <byear_amt>292.000000</byear_amt>
        <b_amt>-700.000000</b_amt>
        <bc_key>11570050901xxxxxxxxxxxxxxxxxxxxxxxx1R1x0</bc_key>
        <bc_content>本年度預算數係收回以前年度委
辦及補助計畫賸餘款繳庫數。</bc_content>
        <blevel>4</blevel>
        <ordinaryid/>
    </BCME3410_row>
    <BCME3410_row>
        <mh_itemserialno1/>
        <mh_itemserialno2/>
        <mh_itemserialno3/>
        <mh_itemserialno4>02</mh_itemserialno4>
        <budgetno>11570050909</budgetno>
        <mh_budgetname>其他雜項收入</mh_budgetname>
        <budgetno_conver>1157050909</budgetno_conver>
        <tyear_amt>228.000000</tyear_amt>
        <lyear_amt>248.000000</lyear_amt>
        <byear_amt>227.000000</byear_amt>
        <b_amt>-20.000000</b_amt>
        <bc_key>11570050909xxxxxxxxxxxxxxxxxxxxxxxx1R1x0</bc_key>
        <bc_content>本年度預算數係出售政府出版品
等收入。</bc_content>
        <blevel>4</blevel>
        <ordinaryid/>
    </BCME3410_row>
</tables>
