<?xml version="1.0" encoding="UTF-8"?>
<tables>
    <BCME3450>
        <BCME3450_row>
            <objectNo>合計</objectNo>
            <budget>
                <budgetno_7157050100>1005773.00</budgetno_7157050100>
                <budgetno_5257050400>275583.00</budgetno_5257050400>
                <budgetno_7157050200>4360885.00</budgetno_7157050200>
                <budgetno_7157059011>3000.00</budgetno_7157059011>
                <budgetno_7157059800>50.00</budgetno_7157059800>
            </budget>
            <total>5645291.00</total>
        </BCME3450_row>
        <BCME3450_row>
            <objectNo>0100 人事費</objectNo>
            <budget>
                <budgetno_7157050100>972516.00</budgetno_7157050100>
                <budgetno_5257050400/>
                <budgetno_7157050200/>
                <budgetno_7157059011/>
                <budgetno_7157059800/>
            </budget>
            <total>972516.00</total>
        </BCME3450_row>
        <BCME3450_row>
            <objectNo>  0103 法定編制人員待遇</objectNo>
            <budget>
                <budgetno_7157050100>571192.00</budgetno_7157050100>
                <budgetno_5257050400/>
                <budgetno_7157050200/>
                <budgetno_7157059011/>
                <budgetno_7157059800/>
            </budget>
            <total>571192.00</total>
        </BCME3450_row>
        <BCME3450_row>
            <objectNo>  0104 約聘僱人員待遇</objectNo>
            <budget>
                <budgetno_7157050100>2428.00</budgetno_7157050100>
                <budgetno_5257050400/>
                <budgetno_7157050200/>
                <budgetno_7157059011/>
                <budgetno_7157059800/>
            </budget>
            <total>2428.00</total>
        </BCME3450_row>
        <BCME3450_row>
            <objectNo>  0105 技工及工友待遇</objectNo>
            <budget>
                <budgetno_7157050100>32920.00</budgetno_7157050100>
                <budgetno_5257050400/>
                <budgetno_7157050200/>
                <budgetno_7157059011/>
                <budgetno_7157059800/>
            </budget>
            <total>32920.00</total>
        </BCME3450_row>
        <BCME3450_row>
            <objectNo>  0111 獎金</objectNo>
            <budget>
                <budgetno_7157050100>177466.00</budgetno_7157050100>
                <budgetno_5257050400/>
                <budgetno_7157050200/>
                <budgetno_7157059011/>
                <budgetno_7157059800/>
            </budget>
            <total>177466.00</total>
        </BCME3450_row>
        <BCME3450_row>
            <objectNo>  0121 其他給與</objectNo>
            <budget>
                <budgetno_7157050100>14923.00</budgetno_7157050100>
                <budgetno_5257050400/>
                <budgetno_7157050200/>
                <budgetno_7157059011/>
                <budgetno_7157059800/>
            </budget>
            <total>14923.00</total>
        </BCME3450_row>
        <BCME3450_row>
            <objectNo>  0131 加班值班費</objectNo>
            <budget>
                <budgetno_7157050100>27370.00</budgetno_7157050100>
                <budgetno_5257050400/>
                <budgetno_7157050200/>
                <budgetno_7157059011/>
                <budgetno_7157059800/>
            </budget>
            <total>27370.00</total>
        </BCME3450_row>
        <BCME3450_row>
            <objectNo>  0142 退休退職給付</objectNo>
            <budget>
                <budgetno_7157050100>2706.00</budgetno_7157050100>
                <budgetno_5257050400/>
                <budgetno_7157050200/>
                <budgetno_7157059011/>
                <budgetno_7157059800/>
            </budget>
            <total>2706.00</total>
        </BCME3450_row>
        <BCME3450_row>
            <objectNo>  0143 退休離職儲金</objectNo>
            <budget>
                <budgetno_7157050100>81934.00</budgetno_7157050100>
                <budgetno_5257050400/>
                <budgetno_7157050200/>
                <budgetno_7157059011/>
                <budgetno_7157059800/>
            </budget>
            <total>81934.00</total>
        </BCME3450_row>
        <BCME3450_row>
            <objectNo>  0151 保險</objectNo>
            <budget>
                <budgetno_7157050100>61577.00</budgetno_7157050100>
                <budgetno_5257050400/>
                <budgetno_7157050200/>
                <budgetno_7157059011/>
                <budgetno_7157059800/>
            </budget>
            <total>61577.00</total>
        </BCME3450_row>
        <BCME3450_row>
            <objectNo>0200 業務費</objectNo>
            <budget>
                <budgetno_7157050100>28539.00</budgetno_7157050100>
                <budgetno_5257050400>234098.00</budgetno_5257050400>
                <budgetno_7157050200>901412.00</budgetno_7157050200>
                <budgetno_7157059011/>
                <budgetno_7157059800/>
            </budget>
            <total>1164049.00</total>
        </BCME3450_row>
        <BCME3450_row>
            <objectNo>  0201 教育訓練費</objectNo>
            <budget>
                <budgetno_7157050100>215.00</budgetno_7157050100>
                <budgetno_5257050400>457.00</budgetno_5257050400>
                <budgetno_7157050200>4504.00</budgetno_7157050200>
                <budgetno_7157059011/>
                <budgetno_7157059800/>
            </budget>
            <total>5176.00</total>
        </BCME3450_row>
        <BCME3450_row>
            <objectNo>  0202 水電費</objectNo>
            <budget>
                <budgetno_7157050100>5921.00</budgetno_7157050100>
                <budgetno_5257050400>3921.00</budgetno_5257050400>
                <budgetno_7157050200>23098.00</budgetno_7157050200>
                <budgetno_7157059011/>
                <budgetno_7157059800/>
            </budget>
            <total>32940.00</total>
        </BCME3450_row>
        <BCME3450_row>
            <objectNo>  0203 通訊費</objectNo>
            <budget>
                <budgetno_7157050100>1000.00</budgetno_7157050100>
                <budgetno_5257050400>1565.00</budgetno_5257050400>
                <budgetno_7157050200>9132.00</budgetno_7157050200>
                <budgetno_7157059011/>
                <budgetno_7157059800/>
            </budget>
            <total>11697.00</total>
        </BCME3450_row>
        <BCME3450_row>
            <objectNo>  0211 土地租金</objectNo>
            <budget>
                <budgetno_7157050100/>
                <budgetno_5257050400/>
                <budgetno_7157050200>3645.00</budgetno_7157050200>
                <budgetno_7157059011/>
                <budgetno_7157059800/>
            </budget>
            <total>3645.00</total>
        </BCME3450_row>
        <BCME3450_row>
            <objectNo>  0212 權利使用費</objectNo>
            <budget>
                <budgetno_7157050100/>
                <budgetno_5257050400>50.00</budgetno_5257050400>
                <budgetno_7157050200>80.00</budgetno_7157050200>
                <budgetno_7157059011/>
                <budgetno_7157059800/>
            </budget>
            <total>130.00</total>
        </BCME3450_row>
        <BCME3450_row>
            <objectNo>  0215 資訊服務費</objectNo>
            <budget>
                <budgetno_7157050100/>
                <budgetno_5257050400>6418.00</budgetno_5257050400>
                <budgetno_7157050200>10375.00</budgetno_7157050200>
                <budgetno_7157059011/>
                <budgetno_7157059800/>
            </budget>
            <total>16793.00</total>
        </BCME3450_row>
        <BCME3450_row>
            <objectNo>  0219 其他業務租金</objectNo>
            <budget>
                <budgetno_7157050100>343.00</budgetno_7157050100>
                <budgetno_5257050400>360.00</budgetno_5257050400>
                <budgetno_7157050200>16008.00</budgetno_7157050200>
                <budgetno_7157059011/>
                <budgetno_7157059800/>
            </budget>
            <total>16711.00</total>
        </BCME3450_row>
        <BCME3450_row>
            <objectNo>  0221 稅捐及規費</objectNo>
            <budget>
                <budgetno_7157050100>932.00</budgetno_7157050100>
                <budgetno_5257050400/>
                <budgetno_7157050200>1897.00</budgetno_7157050200>
                <budgetno_7157059011/>
                <budgetno_7157059800/>
            </budget>
            <total>2829.00</total>
        </BCME3450_row>
        <BCME3450_row>
            <objectNo>  0231 保險費</objectNo>
            <budget>
                <budgetno_7157050100>325.00</budgetno_7157050100>
                <budgetno_5257050400>100.00</budgetno_5257050400>
                <budgetno_7157050200>258.00</budgetno_7157050200>
                <budgetno_7157059011/>
                <budgetno_7157059800/>
            </budget>
            <total>683.00</total>
        </BCME3450_row>
        <BCME3450_row>
            <objectNo>  0241 兼職費</objectNo>
            <budget>
                <budgetno_7157050100/>
                <budgetno_5257050400/>
                <budgetno_7157050200>5760.00</budgetno_7157050200>
                <budgetno_7157059011/>
                <budgetno_7157059800/>
            </budget>
            <total>5760.00</total>
        </BCME3450_row>
        <BCME3450_row>
            <objectNo>  0249 臨時人員酬金</objectNo>
            <budget>
                <budgetno_7157050100>837.00</budgetno_7157050100>
                <budgetno_5257050400>29980.00</budgetno_5257050400>
                <budgetno_7157050200>8065.00</budgetno_7157050200>
                <budgetno_7157059011/>
                <budgetno_7157059800/>
            </budget>
            <total>38882.00</total>
        </BCME3450_row>
        <BCME3450_row>
            <objectNo>  0250 按日按件計資酬金</objectNo>
            <budget>
                <budgetno_7157050100>610.00</budgetno_7157050100>
                <budgetno_5257050400>1459.00</budgetno_5257050400>
                <budgetno_7157050200>6079.00</budgetno_7157050200>
                <budgetno_7157059011/>
                <budgetno_7157059800/>
            </budget>
            <total>8148.00</total>
        </BCME3450_row>
        <BCME3450_row>
            <objectNo>  0251 委辦費</objectNo>
            <budget>
                <budgetno_7157050100/>
                <budgetno_5257050400>105956.00</budgetno_5257050400>
                <budgetno_7157050200>170343.00</budgetno_7157050200>
                <budgetno_7157059011/>
                <budgetno_7157059800/>
            </budget>
            <total>276299.00</total>
        </BCME3450_row>
        <BCME3450_row>
            <objectNo>  0261 國際組織會費</objectNo>
            <budget>
                <budgetno_7157050100/>
                <budgetno_5257050400/>
                <budgetno_7157050200>74.00</budgetno_7157050200>
                <budgetno_7157059011/>
                <budgetno_7157059800/>
            </budget>
            <total>74.00</total>
        </BCME3450_row>
        <BCME3450_row>
            <objectNo>  0262 國內組織會費</objectNo>
            <budget>
                <budgetno_7157050100/>
                <budgetno_5257050400>30.00</budgetno_5257050400>
                <budgetno_7157050200>609.00</budgetno_7157050200>
                <budgetno_7157059011/>
                <budgetno_7157059800/>
            </budget>
            <total>639.00</total>
        </BCME3450_row>
        <BCME3450_row>
            <objectNo>  0271 物品</objectNo>
            <budget>
                <budgetno_7157050100>4106.00</budgetno_7157050100>
                <budgetno_5257050400>44546.00</budgetno_5257050400>
                <budgetno_7157050200>449228.00</budgetno_7157050200>
                <budgetno_7157059011/>
                <budgetno_7157059800/>
            </budget>
            <total>497880.00</total>
        </BCME3450_row>
        <BCME3450_row>
            <objectNo>  0279 一般事務費</objectNo>
            <budget>
                <budgetno_7157050100>10617.00</budgetno_7157050100>
                <budgetno_5257050400>30206.00</budgetno_5257050400>
                <budgetno_7157050200>149067.00</budgetno_7157050200>
                <budgetno_7157059011/>
                <budgetno_7157059800/>
            </budget>
            <total>189890.00</total>
        </BCME3450_row>
        <BCME3450_row>
            <objectNo>  0282 房屋建築養護費</objectNo>
            <budget>
                <budgetno_7157050100>1100.00</budgetno_7157050100>
                <budgetno_5257050400/>
                <budgetno_7157050200>810.00</budgetno_7157050200>
                <budgetno_7157059011/>
                <budgetno_7157059800/>
            </budget>
            <total>1910.00</total>
        </BCME3450_row>
        <BCME3450_row>
            <objectNo>  0283 車輛及辦公器具養護費</objectNo>
            <budget>
                <budgetno_7157050100>300.00</budgetno_7157050100>
                <budgetno_5257050400/>
                <budgetno_7157050200>2136.00</budgetno_7157050200>
                <budgetno_7157059011/>
                <budgetno_7157059800/>
            </budget>
            <total>2436.00</total>
        </BCME3450_row>
        <BCME3450_row>
            <objectNo>  0284 設施及機械設備養護費</objectNo>
            <budget>
                <budgetno_7157050100>1530.00</budgetno_7157050100>
                <budgetno_5257050400>7069.00</budgetno_5257050400>
                <budgetno_7157050200>27092.00</budgetno_7157050200>
                <budgetno_7157059011/>
                <budgetno_7157059800/>
            </budget>
            <total>35691.00</total>
        </BCME3450_row>
        <BCME3450_row>
            <objectNo>  0291 國內旅費</objectNo>
            <budget>
                <budgetno_7157050100>400.00</budgetno_7157050100>
                <budgetno_5257050400>1038.00</budgetno_5257050400>
                <budgetno_7157050200>8063.00</budgetno_7157050200>
                <budgetno_7157059011/>
                <budgetno_7157059800/>
            </budget>
            <total>9501.00</total>
        </BCME3450_row>
        <BCME3450_row>
            <objectNo>  0292 大陸地區旅費</objectNo>
            <budget>
                <budgetno_7157050100/>
                <budgetno_5257050400/>
                <budgetno_7157050200>447.00</budgetno_7157050200>
                <budgetno_7157059011/>
                <budgetno_7157059800/>
            </budget>
            <total>447.00</total>
        </BCME3450_row>
        <BCME3450_row>
            <objectNo>  0293 國外旅費</objectNo>
            <budget>
                <budgetno_7157050100/>
                <budgetno_5257050400>122.00</budgetno_5257050400>
                <budgetno_7157050200>1320.00</budgetno_7157050200>
                <budgetno_7157059011/>
                <budgetno_7157059800/>
            </budget>
            <total>1442.00</total>
        </BCME3450_row>
        <BCME3450_row>
            <objectNo>  0294 運費</objectNo>
            <budget>
                <budgetno_7157050100>100.00</budgetno_7157050100>
                <budgetno_5257050400>781.00</budgetno_5257050400>
                <budgetno_7157050200>2900.00</budgetno_7157050200>
                <budgetno_7157059011/>
                <budgetno_7157059800/>
            </budget>
            <total>3781.00</total>
        </BCME3450_row>
        <BCME3450_row>
            <objectNo>  0295 短程車資</objectNo>
            <budget>
                <budgetno_7157050100>45.00</budgetno_7157050100>
                <budgetno_5257050400>40.00</budgetno_5257050400>
                <budgetno_7157050200>422.00</budgetno_7157050200>
                <budgetno_7157059011/>
                <budgetno_7157059800/>
            </budget>
            <total>507.00</total>
        </BCME3450_row>
        <BCME3450_row>
            <objectNo>  0299 特別費</objectNo>
            <budget>
                <budgetno_7157050100>158.00</budgetno_7157050100>
                <budgetno_5257050400/>
                <budgetno_7157050200/>
                <budgetno_7157059011/>
                <budgetno_7157059800/>
            </budget>
            <total>158.00</total>
        </BCME3450_row>
        <BCME3450_row>
            <objectNo>0300 設備及投資</objectNo>
            <budget>
                <budgetno_7157050100>1262.00</budgetno_7157050100>
                <budgetno_5257050400>31885.00</budgetno_5257050400>
                <budgetno_7157050200>75154.00</budgetno_7157050200>
                <budgetno_7157059011>3000.00</budgetno_7157059011>
                <budgetno_7157059800/>
            </budget>
            <total>111301.00</total>
        </BCME3450_row>
        <BCME3450_row>
            <objectNo>  0302 房屋建築及設備費</objectNo>
            <budget>
                <budgetno_7157050100/>
                <budgetno_5257050400/>
                <budgetno_7157050200>91.00</budgetno_7157050200>
                <budgetno_7157059011/>
                <budgetno_7157059800/>
            </budget>
            <total>91.00</total>
        </BCME3450_row>
        <BCME3450_row>
            <objectNo>  0303 公共建設及設施費</objectNo>
            <budget>
                <budgetno_7157050100/>
                <budgetno_5257050400/>
                <budgetno_7157050200>10000.00</budgetno_7157050200>
                <budgetno_7157059011/>
                <budgetno_7157059800/>
            </budget>
            <total>10000.00</total>
        </BCME3450_row>
        <BCME3450_row>
            <objectNo>  0304 機械設備費</objectNo>
            <budget>
                <budgetno_7157050100>500.00</budgetno_7157050100>
                <budgetno_5257050400>19820.00</budgetno_5257050400>
                <budgetno_7157050200>14477.00</budgetno_7157050200>
                <budgetno_7157059011/>
                <budgetno_7157059800/>
            </budget>
            <total>34797.00</total>
        </BCME3450_row>
        <BCME3450_row>
            <objectNo>  0305 運輸設備費</objectNo>
            <budget>
                <budgetno_7157050100/>
                <budgetno_5257050400/>
                <budgetno_7157050200>173.00</budgetno_7157050200>
                <budgetno_7157059011>3000.00</budgetno_7157059011>
                <budgetno_7157059800/>
            </budget>
            <total>3173.00</total>
        </BCME3450_row>
        <BCME3450_row>
            <objectNo>  0306 資訊軟硬體設備費</objectNo>
            <budget>
                <budgetno_7157050100/>
                <budgetno_5257050400>12065.00</budgetno_5257050400>
                <budgetno_7157050200>41887.00</budgetno_7157050200>
                <budgetno_7157059011/>
                <budgetno_7157059800/>
            </budget>
            <total>53952.00</total>
        </BCME3450_row>
        <BCME3450_row>
            <objectNo>  0319 雜項設備費</objectNo>
            <budget>
                <budgetno_7157050100>762.00</budgetno_7157050100>
                <budgetno_5257050400/>
                <budgetno_7157050200>8526.00</budgetno_7157050200>
                <budgetno_7157059011/>
                <budgetno_7157059800/>
            </budget>
            <total>9288.00</total>
        </BCME3450_row>
        <BCME3450_row>
            <objectNo>0400 獎補助費</objectNo>
            <budget>
                <budgetno_7157050100>3456.00</budgetno_7157050100>
                <budgetno_5257050400>9600.00</budgetno_5257050400>
                <budgetno_7157050200>3384319.00</budgetno_7157050200>
                <budgetno_7157059011/>
                <budgetno_7157059800/>
            </budget>
            <total>3397375.00</total>
        </BCME3450_row>
        <BCME3450_row>
            <objectNo>  0403 對直轄市政府之補助</objectNo>
            <budget>
                <budgetno_7157050100/>
                <budgetno_5257050400/>
                <budgetno_7157050200>42373.00</budgetno_7157050200>
                <budgetno_7157059011/>
                <budgetno_7157059800/>
            </budget>
            <total>42373.00</total>
        </BCME3450_row>
        <BCME3450_row>
            <objectNo>  0410 對臺灣省各縣市之補助</objectNo>
            <budget>
                <budgetno_7157050100/>
                <budgetno_5257050400/>
                <budgetno_7157050200>33726.00</budgetno_7157050200>
                <budgetno_7157059011/>
                <budgetno_7157059800/>
            </budget>
            <total>33726.00</total>
        </BCME3450_row>
        <BCME3450_row>
            <objectNo>  0429 對福建省各縣之補助</objectNo>
            <budget>
                <budgetno_7157050100/>
                <budgetno_5257050400/>
                <budgetno_7157050200>1204.00</budgetno_7157050200>
                <budgetno_7157059011/>
                <budgetno_7157059800/>
            </budget>
            <total>1204.00</total>
        </BCME3450_row>
        <BCME3450_row>
            <objectNo>  0430 政府機關間之補助</objectNo>
            <budget>
                <budgetno_7157050100/>
                <budgetno_5257050400/>
                <budgetno_7157050200>1300.00</budgetno_7157050200>
                <budgetno_7157059011/>
                <budgetno_7157059800/>
            </budget>
            <total>1300.00</total>
        </BCME3450_row>
        <BCME3450_row>
            <objectNo>  0432 對特種基金之補助</objectNo>
            <budget>
                <budgetno_7157050100/>
                <budgetno_5257050400>4000.00</budgetno_5257050400>
                <budgetno_7157050200>761909.00</budgetno_7157050200>
                <budgetno_7157059011/>
                <budgetno_7157059800/>
            </budget>
            <total>765909.00</total>
        </BCME3450_row>
        <BCME3450_row>
            <objectNo>  0437 對國內團體之捐助</objectNo>
            <budget>
                <budgetno_7157050100/>
                <budgetno_5257050400>4000.00</budgetno_5257050400>
                <budgetno_7157050200>28863.00</budgetno_7157050200>
                <budgetno_7157059011/>
                <budgetno_7157059800/>
            </budget>
            <total>32863.00</total>
        </BCME3450_row>
        <BCME3450_row>
            <objectNo>  0438 對私校之獎助</objectNo>
            <budget>
                <budgetno_7157050100/>
                <budgetno_5257050400/>
                <budgetno_7157050200>250.00</budgetno_7157050200>
                <budgetno_7157059011/>
                <budgetno_7157059800/>
            </budget>
            <total>250.00</total>
        </BCME3450_row>
        <BCME3450_row>
            <objectNo>  0445 社會福利津貼及濟助</objectNo>
            <budget>
                <budgetno_7157050100/>
                <budgetno_5257050400/>
                <budgetno_7157050200>2501699.00</budgetno_7157050200>
                <budgetno_7157059011/>
                <budgetno_7157059800/>
            </budget>
            <total>2501699.00</total>
        </BCME3450_row>
        <BCME3450_row>
            <objectNo>  0454 差額補貼</objectNo>
            <budget>
                <budgetno_7157050100>138.00</budgetno_7157050100>
                <budgetno_5257050400/>
                <budgetno_7157050200/>
                <budgetno_7157059011/>
                <budgetno_7157059800/>
            </budget>
            <total>138.00</total>
        </BCME3450_row>
        <BCME3450_row>
            <objectNo>  0475 獎勵及慰問</objectNo>
            <budget>
                <budgetno_7157050100>3318.00</budgetno_7157050100>
                <budgetno_5257050400>1600.00</budgetno_5257050400>
                <budgetno_7157050200>7865.00</budgetno_7157050200>
                <budgetno_7157059011/>
                <budgetno_7157059800/>
            </budget>
            <total>12783.00</total>
        </BCME3450_row>
        <BCME3450_row>
            <objectNo>  0476 其他補助及捐助</objectNo>
            <budget>
                <budgetno_7157050100/>
                <budgetno_5257050400/>
                <budgetno_7157050200>5130.00</budgetno_7157050200>
                <budgetno_7157059011/>
                <budgetno_7157059800/>
            </budget>
            <total>5130.00</total>
        </BCME3450_row>
        <BCME3450_row>
            <objectNo>0900 預備金</objectNo>
            <budget>
                <budgetno_7157050100/>
                <budgetno_5257050400/>
                <budgetno_7157050200/>
                <budgetno_7157059011/>
                <budgetno_7157059800>50.00</budgetno_7157059800>
            </budget>
            <total>50.00</total>
        </BCME3450_row>
        <BCME3450_row>
            <objectNo>  0901 第一預備金</objectNo>
            <budget>
                <budgetno_7157050100/>
                <budgetno_5257050400/>
                <budgetno_7157050200/>
                <budgetno_7157059011/>
                <budgetno_7157059800>50.00</budgetno_7157059800>
            </budget>
            <total>50.00</total>
        </BCME3450_row>
    </BCME3450>
</tables>
