<?xml version="1.0" encoding="UTF-8"?>
<tables>
    <BCME3420>
        <BCME3420_row>
            <budgetno/>
            <agenno/>
            <agentype/>
            <mh_budgetname>合    計</mh_budgetname>
            <displayname>合    計</displayname>
            <budgetno_conver/>
            <tyear_amt>5645291000</tyear_amt>
            <lyear_amt>5425160000</lyear_amt>
            <byear_amt>5827911872</byear_amt>
            <b_amt>220131000</b_amt>
            <bc_content/>
            <memo/>
        </BCME3420_row>
        <BCME3420_row>
            <budgetno>00570000000</budgetno>
            <agenno>57005</agenno>
            <agentype>C</agentype>
            <mh_budgetname>衛生福利部主管</mh_budgetname>
            <displayname>衛生福利部主管</displayname>
            <budgetno_conver>0057000000</budgetno_conver>
            <tyear_amt>5645291000</tyear_amt>
            <lyear_amt>5425160000</lyear_amt>
            <byear_amt>5827911872</byear_amt>
            <b_amt>220131000</b_amt>
            <bc_content/>
        </BCME3420_row>
        <BCME3420_row>
            <budgetno>00570050000</budgetno>
            <agenno>57005</agenno>
            <agentype>C</agentype>
            <mh_budgetname>疾病管制署</mh_budgetname>
            <displayname>疾病管制署</displayname>
            <budgetno_conver>0057050000</budgetno_conver>
            <tyear_amt>5645291000</tyear_amt>
            <lyear_amt>5425160000</lyear_amt>
            <byear_amt>5827911872</byear_amt>
            <b_amt>220131000</b_amt>
            <bc_content/>
        </BCME3420_row>
        <BCME3420_row>
            <budgetno>52570050000</budgetno>
            <agenno>57005</agenno>
            <agentype>C</agentype>
            <mh_budgetname>科學支出</mh_budgetname>
            <displayname>科學支出</displayname>
            <budgetno_conver>5257050000</budgetno_conver>
            <tyear_amt>275583000</tyear_amt>
            <lyear_amt>256019000</lyear_amt>
            <byear_amt>246824730</byear_amt>
            <b_amt>19564000</b_amt>
            <bc_content/>
        </BCME3420_row>
        <BCME3420_row>
            <budgetno>52570050400</budgetno>
            <agenno>57005</agenno>
            <agentype>C</agentype>
            <mh_budgetname>科技發展工作</mh_budgetname>
            <displayname>科技發展工作</displayname>
            <budgetno_conver>5257050400</budgetno_conver>
            <tyear_amt>275583000</tyear_amt>
            <lyear_amt>256019000</lyear_amt>
            <byear_amt>246824730</byear_amt>
            <b_amt>19564000</b_amt>
            <bc_content>&lt;#H1&gt;本年度預算數275,583千元，包括業務費234,098千元，設備及投資31,885千元，獎補助費9,600千元。&#xd;
&lt;#H1&gt;本年度預算數之內容與上年度之比較如下：&#xd;
&lt;#H2&gt;防疫科技發展研究及科技管理經費159,087千元，較上年度增列委託辦理防疫發展工作等經費14,644千元。&#xd;
&lt;#H2&gt;物質成癮整合型計畫進行藥癮族群愛滋防治研究經費1,220千元，較上年度減列採血用品、檢驗相關耗材與試劑等經費122千元。&#xd;
&lt;#H2&gt;食媒性傳染病及其病原監測防護網研究計畫經費68,445千元，較上年度減列委託辦理食媒性疾病及病原相關研究發展工作等經費16,055千元。&#xd;
&lt;#H2&gt;臺灣防疫雲發展計畫經費23,585千元，較上年度減列實驗室傳染病自動通報系統暨跨院所實驗室資料雲端交換平臺等計畫經費2,149千元。&#xd;
&lt;#H2&gt;新增傳染病快速檢驗試劑之研發及生物風險管理系統經費12,366千元。&#xd;
&lt;#H2&gt;新增氣候變遷相關傳染病對國人健康及防疫影響之評估經費10,880千元。&#xd;
</bc_content>
        </BCME3420_row>
        <BCME3420_row>
            <budgetno>71570050000</budgetno>
            <agenno>57005</agenno>
            <agentype>C</agentype>
            <mh_budgetname>醫療保健支出</mh_budgetname>
            <displayname>醫療保健支出</displayname>
            <budgetno_conver>7157050000</budgetno_conver>
            <tyear_amt>5369708000</tyear_amt>
            <lyear_amt>5169141000</lyear_amt>
            <byear_amt>5581087142</byear_amt>
            <b_amt>200567000</b_amt>
            <bc_content/>
        </BCME3420_row>
        <BCME3420_row>
            <budgetno>71570050100</budgetno>
            <agenno>57005</agenno>
            <agentype>C</agentype>
            <mh_budgetname>一般行政</mh_budgetname>
            <displayname>一般行政</displayname>
            <budgetno_conver>7157050100</budgetno_conver>
            <tyear_amt>1005773000</tyear_amt>
            <lyear_amt>1001662000</lyear_amt>
            <byear_amt>988899750</byear_amt>
            <b_amt>4111000</b_amt>
            <bc_content>&lt;#H1&gt;本年度預算數1,005,773千元，包括人事費972,516千元，業務費28,539千元，設備及投資1,262千元，獎補助費3,456千元。 &#xd;
&lt;#H1&gt;本年度預算數之內容與上年度之比較如下：&#xd;
&lt;#H2&gt;人員維持費972,516千元，較上年度增列撥補勞工退休準備金專戶差額等經費4,998千元。&#xd;
&lt;#H2&gt;基本行政工作維持費33,257千元，較上年度減列購置辦公事務用品、辦公廳舍修繕及汰換事務設備等經費887千元。&#xd;
&#xd;
&#xd;
&#xd;
</bc_content>
        </BCME3420_row>
        <BCME3420_row>
            <budgetno>71570050200</budgetno>
            <agenno>57005</agenno>
            <agentype>C</agentype>
            <mh_budgetname>防疫業務</mh_budgetname>
            <displayname>防疫業務</displayname>
            <budgetno_conver>7157050200</budgetno_conver>
            <tyear_amt>4360885000</tyear_amt>
            <lyear_amt>4164429000</lyear_amt>
            <byear_amt>4589275392</byear_amt>
            <b_amt>196456000</b_amt>
            <bc_content>&lt;#H1&gt;本年度預算數4,360,885千元，包括業務費901,412千元，設備及投資75,154千元，獎補助費3,384,319千元。&#xd;
&lt;#H1&gt;本年度預算數之內容與上年度之比較如下：&#xd;
&lt;#H2&gt;企劃及綜合業務經費23,585千元，較上年度增列委託辦理人才培訓、疫病防治業務推動及防疫產品推薦機制等經費1,239千元。&#xd;
&lt;#H2&gt;檢疫防疫業務經費115,592千元，較上年度增列13,123千元，包括：&#xd;
&lt;#H3&gt;辦理人畜共通傳染病及因應氣候變遷相關傳染病業務經費4,319千元，較上年度減列委託辦理氣候變遷相關傳染病防治等經費762千元。&#xd;
&lt;#H3&gt;辦理轄區傳染病防治及邊境檢疫業務經費61,273千元，較上年度增列檢疫防疫業務及執行全國各地機場港口三通檢疫之委外人力等經費4,633千元。&#xd;
&lt;#H3&gt;新增急性傳染病流行風險監控與管理第二期計畫總經費299,992千元，分5年辦理，本年度編列第1年經費50,000千元。&#xd;
&lt;#H3&gt;上年度辦理急性傳染病流行風險監控與管理計畫預算業已編竣，所列40,748千元如數減列。&#xd;
&lt;#H2&gt;慢性傳染病防治業務經費438,184千元，較上年度增列191,000千元，包括：&#xd;
&lt;#H3&gt;愛滋防治第五期五年計畫總經費9,848,250千元，分5年辦理，101至104年度已編列7,977,970千元，本年度續編最後1年經費1,870,280千元，分配本科目編列170,280千元，與上年度同。&#xd;
&lt;#H3&gt;新增我國加入WHO2035消除結核第一期計畫總經費18,390,319千元，分5年辦理，本年度編列第1年經費1,067,464千元，分配本科目編列267,904千元。&#xd;
&lt;#H3&gt;上年度辦理結核病十年減半全民動員第二期計畫預算業已編竣，分配本科目76,904千元如數減列。&#xd;
&lt;#H2&gt;緊急應變整備業務經費340,559千元，較上年度增列2,117千元，包括：&#xd;
&lt;#H3&gt;辦理應變規劃感染症防治中心業務經費19,315千元，較上年度減列辦理應變規劃業務等經費4,383千元。&#xd;
&lt;#H3&gt;新增我國因應流感大流行準備第三期計畫總經費3,228,200千元，分6年辦理，本年度編列第1年經費314,744千元。&#xd;
&lt;#H3&gt;新增新興傳染病風險監測與應變整備計畫總經費661,340千元，分6年辦理，本年度編列第1年經費6,500千元。&#xd;
&lt;#H3&gt;上年度辦理我國因應流感大流行準備第二期計畫預算業已編竣，所列314,744千元如數減列。&#xd;
&lt;#H2&gt;疾病監測及調查業務經費85,344千元，較上年度減列辦理感染管制、防疫資訊作業及提升國民防疫知能等經費13,784千元。&#xd;
&lt;#H2&gt;傳染病研究檢驗及血清疫苗研製業務經費126,851千元，較上年度減列傳染病研究及檢驗業務等經費6,239千元。&#xd;
&lt;#H2&gt;傳染病防治醫療業務經費2,499,560千元，較上年度增列9,000千元，包括：&#xd;
&lt;#H3&gt;愛滋防治第五期五年計畫總經費9,848,250千元，分5年辦理，101至104年度已編列7,977,970千元，本年度續編最後1年經費1,870,280千元，分配本科目編列1,700,000千元，與上年度同。&#xd;
&lt;#H3&gt;新增我國加入WHO2035消除結核第一期計畫總經費18,390,319千元，分5年辦理，本年度編列第1年經費1,067,464千元，分配本科目編列799,560千元。&#xd;
&lt;#H3&gt;上年度辦理結核病十年減半全民動員第二期計畫預算業已編竣，分配本科目790,560千元如數減列。&#xd;
&lt;#H2&gt;充實國家疫苗基金及促進國民免疫力第二期計畫總經費3,655,000千元，分5年辦理，103至104年度已編列1,462,420千元，本年度續編第3年經費731,210千元，與上年度同。&#xd;
</bc_content>
        </BCME3420_row>
        <BCME3420_row>
            <budgetno>71570059000</budgetno>
            <agenno>57005</agenno>
            <agentype>C</agentype>
            <mh_budgetname>一般建築及設備</mh_budgetname>
            <displayname>一般建築及設備</displayname>
            <budgetno_conver>7157059000</budgetno_conver>
            <tyear_amt>3000000</tyear_amt>
            <lyear_amt>3000000</lyear_amt>
            <byear_amt>2912000</byear_amt>
            <b_amt>0</b_amt>
            <bc_content/>
        </BCME3420_row>
        <BCME3420_row>
            <budgetno>71570059011</budgetno>
            <agenno>57005</agenno>
            <agentype>C</agentype>
            <mh_budgetname>交通及運輸設備</mh_budgetname>
            <displayname>交通及運輸設備</displayname>
            <budgetno_conver>7157059011</budgetno_conver>
            <tyear_amt>3000000</tyear_amt>
            <lyear_amt>3000000</lyear_amt>
            <byear_amt>2912000</byear_amt>
            <b_amt>0</b_amt>
            <bc_content>&lt;#H1&gt;本年度預算數3,000千元，均為設備及投資。&#xd;
&lt;#H1&gt;本年度預算數之內容與上年度之比較如下：&#xd;
&lt;#H2&gt;新增購置生物防護車2輛經費3,000千元。&#xd;
&lt;#H2&gt;上年度購置生物防護車2輛預算業已編竣，所列3,000千元如數減列。&#xd;
</bc_content>
        </BCME3420_row>
        <BCME3420_row>
            <budgetno>71570059800</budgetno>
            <agenno>57005</agenno>
            <agentype>C</agentype>
            <mh_budgetname>第一預備金</mh_budgetname>
            <displayname>第一預備金</displayname>
            <budgetno_conver>7157059800</budgetno_conver>
            <tyear_amt>50000</tyear_amt>
            <lyear_amt>50000</lyear_amt>
            <byear_amt>0</byear_amt>
            <b_amt>0</b_amt>
            <bc_content>仍照上年度預算數編列。</bc_content>
        </BCME3420_row>
    </BCME3420>
</tables>
