<?xml version="1.0" encoding="UTF-8"?>
<tables>
    <BCTDYEARPLAN>
        <BCTDYEARPLAN_row>
            <b06_fiscalyear>111</b06_fiscalyear>
            <b06_fundkind>1</b06_fundkind>
            <b06_budgetkind>1         </b06_budgetkind>
            <b06_specialbudgetno/>
            <b06_agenno>57005     </b06_agenno>
            <b06_agentype>C         </b06_agentype>
            <b06_budgetstate>2</b06_budgetstate>
            <b06_planno>01</b06_planno>
            <b06_planname>充實國家疫苗基金及促進國民免疫力第三期計畫</b06_planname>
            <b06_startyear>108</b06_startyear>
            <b06_endyear>112</b06_endyear>
            <b06_budgetamt>10873556000.00</b06_budgetamt>
            <b06_amt1>2104410000.00</b06_amt1>
            <b06_amt2>1048706000.00</b06_amt2>
            <b06_amt3>1048506000.00</b06_amt3>
            <b06_amt4>6671934000.00</b06_amt4>
            <b06_memo>&amp;lt;#H1&amp;gt;行政院108年2月1日院臺衛字第1070032483號函及108年6月6日院臺衛字第1080017110號函核定。&#xd;
&amp;lt;#H1&amp;gt;本計畫總經費195.69億元，其中編列於本署108.74億元、疫苗基金86.95億元。&#xd;
&amp;lt;#H1&amp;gt;本計畫111年度預算編列於「防疫業務」科目10.49億元。</b06_memo>
            <b06_upduserno/>
            <b06_upddatetime/>
            <b06_versiondate/>
            <b06_amt1_display>21.044100000000</b06_amt1_display>
            <b06_amt2_display>10.487060000000</b06_amt2_display>
            <b06_amt3_display>10.485060000000</b06_amt3_display>
            <b06_amt4_display>66.719340000000</b06_amt4_display>
            <b06_budgetamt_display>108.735560000000</b06_budgetamt_display>
        </BCTDYEARPLAN_row>
        <BCTDYEARPLAN_row>
            <b06_fiscalyear>111</b06_fiscalyear>
            <b06_fundkind>1</b06_fundkind>
            <b06_budgetkind>1         </b06_budgetkind>
            <b06_specialbudgetno/>
            <b06_agenno>57005     </b06_agenno>
            <b06_agentype>C         </b06_agentype>
            <b06_budgetstate>2</b06_budgetstate>
            <b06_planno>02</b06_planno>
            <b06_planname>邁向全球衛生安全－抗生素抗藥性管理行動策略計畫</b06_planname>
            <b06_startyear>109</b06_startyear>
            <b06_endyear>113</b06_endyear>
            <b06_budgetamt>553500000.00</b06_budgetamt>
            <b06_amt1>18734000.00</b06_amt1>
            <b06_amt2>18734000.00</b06_amt2>
            <b06_amt3>17534000.00</b06_amt3>
            <b06_amt4>498498000.00</b06_amt4>
            <b06_memo>&amp;lt;#H1&amp;gt;行政院108年7月11日院臺衛字第1080021810號函核定。&#xd;
&amp;lt;#H1&amp;gt;本計畫111年度預算編列於「防疫業務」科目0.18億元。</b06_memo>
            <b06_upduserno/>
            <b06_upddatetime/>
            <b06_versiondate/>
            <b06_amt1_display>0.187340000000</b06_amt1_display>
            <b06_amt2_display>0.187340000000</b06_amt2_display>
            <b06_amt3_display>0.175340000000</b06_amt3_display>
            <b06_amt4_display>4.984980000000</b06_amt4_display>
            <b06_budgetamt_display>5.535000000000</b06_budgetamt_display>
        </BCTDYEARPLAN_row>
        <BCTDYEARPLAN_row>
            <b06_fiscalyear>111</b06_fiscalyear>
            <b06_fundkind>1</b06_fundkind>
            <b06_budgetkind>1         </b06_budgetkind>
            <b06_specialbudgetno/>
            <b06_agenno>57005     </b06_agenno>
            <b06_agentype>C         </b06_agentype>
            <b06_budgetstate>2</b06_budgetstate>
            <b06_planno>03</b06_planno>
            <b06_planname>建構新世代國家傳染病檢驗網絡強化防疫檢驗量能計畫</b06_planname>
            <b06_startyear>109</b06_startyear>
            <b06_endyear>114</b06_endyear>
            <b06_budgetamt>1432446000.00</b06_budgetamt>
            <b06_amt1>49600000.00</b06_amt1>
            <b06_amt2>46226000.00</b06_amt2>
            <b06_amt3>41386000.00</b06_amt3>
            <b06_amt4>1295234000.00</b06_amt4>
            <b06_memo>&amp;lt;#H1&amp;gt;行政院108年7月19日院臺衛字第1080022409號函核定。&#xd;
&amp;lt;#H1&amp;gt;本計畫111年度預算編列於「防疫業務」科目0.41億元。</b06_memo>
            <b06_upduserno/>
            <b06_upddatetime/>
            <b06_versiondate/>
            <b06_amt1_display>0.496000000000</b06_amt1_display>
            <b06_amt2_display>0.462260000000</b06_amt2_display>
            <b06_amt3_display>0.413860000000</b06_amt3_display>
            <b06_amt4_display>12.952340000000</b06_amt4_display>
            <b06_budgetamt_display>14.324460000000</b06_budgetamt_display>
        </BCTDYEARPLAN_row>
        <BCTDYEARPLAN_row>
            <b06_fiscalyear>111</b06_fiscalyear>
            <b06_fundkind>1</b06_fundkind>
            <b06_budgetkind>1         </b06_budgetkind>
            <b06_specialbudgetno/>
            <b06_agenno>57005     </b06_agenno>
            <b06_agentype>C         </b06_agentype>
            <b06_budgetstate>2</b06_budgetstate>
            <b06_planno>04</b06_planno>
            <b06_planname>急性傳染病流行風險監控與管理第三期計畫</b06_planname>
            <b06_startyear>110</b06_startyear>
            <b06_endyear>113</b06_endyear>
            <b06_budgetamt>1459158000.00</b06_budgetamt>
            <b06_amt1>0.00</b06_amt1>
            <b06_amt2>81823000.00</b06_amt2>
            <b06_amt3>79262000.00</b06_amt3>
            <b06_amt4>1298073000.00</b06_amt4>
            <b06_memo>&amp;lt;#H1&amp;gt;行政院109年8月14日院臺衛字第1090023750號函核定。&#xd;
&amp;lt;#H1&amp;gt;本計畫111年度預算編列於「防疫業務」科目0.79億元。</b06_memo>
            <b06_upduserno/>
            <b06_upddatetime/>
            <b06_versiondate/>
            <b06_amt1_display>0E-12</b06_amt1_display>
            <b06_amt2_display>0.818230000000</b06_amt2_display>
            <b06_amt3_display>0.792620000000</b06_amt3_display>
            <b06_amt4_display>12.980730000000</b06_amt4_display>
            <b06_budgetamt_display>14.591580000000</b06_budgetamt_display>
        </BCTDYEARPLAN_row>
        <BCTDYEARPLAN_row>
            <b06_fiscalyear>111</b06_fiscalyear>
            <b06_fundkind>1</b06_fundkind>
            <b06_budgetkind>1         </b06_budgetkind>
            <b06_specialbudgetno/>
            <b06_agenno>57005     </b06_agenno>
            <b06_agentype>C         </b06_agentype>
            <b06_budgetstate>2</b06_budgetstate>
            <b06_planno>05</b06_planno>
            <b06_planname>我國加入WHO2035消除結核第二期計畫  </b06_planname>
            <b06_startyear>110</b06_startyear>
            <b06_endyear>114</b06_endyear>
            <b06_budgetamt>6398790000.00</b06_budgetamt>
            <b06_amt1>0.00</b06_amt1>
            <b06_amt2>1011781000.00</b06_amt2>
            <b06_amt3>1005110000.00</b06_amt3>
            <b06_amt4>4381899000.00</b06_amt4>
            <b06_memo>&amp;lt;#H1&amp;gt;行政院109年4月15日院臺衛字第1090009112號函核定。&#xd;
&amp;lt;#H1&amp;gt;本計畫111年度預算編列於「防疫業務」科目10.05億元。</b06_memo>
            <b06_upduserno/>
            <b06_upddatetime/>
            <b06_versiondate/>
            <b06_amt1_display>0E-12</b06_amt1_display>
            <b06_amt2_display>10.117810000000</b06_amt2_display>
            <b06_amt3_display>10.051100000000</b06_amt3_display>
            <b06_amt4_display>43.818990000000</b06_amt4_display>
            <b06_budgetamt_display>63.987900000000</b06_budgetamt_display>
        </BCTDYEARPLAN_row>
        <BCTDYEARPLAN_row>
            <b06_fiscalyear>111</b06_fiscalyear>
            <b06_fundkind>1</b06_fundkind>
            <b06_budgetkind>1         </b06_budgetkind>
            <b06_specialbudgetno/>
            <b06_agenno>57005     </b06_agenno>
            <b06_agentype>C         </b06_agentype>
            <b06_budgetstate>2</b06_budgetstate>
            <b06_planno>06</b06_planno>
            <b06_planname>衛福業務數位轉型服務躍升計畫</b06_planname>
            <b06_startyear>110</b06_startyear>
            <b06_endyear>114</b06_endyear>
            <b06_budgetamt>61350000.00</b06_budgetamt>
            <b06_amt1>0.00</b06_amt1>
            <b06_amt2>8400000.00</b06_amt2>
            <b06_amt3>6000000.00</b06_amt3>
            <b06_amt4>46950000.00</b06_amt4>
            <b06_memo>&amp;lt;#H1&amp;gt;行政院109年8月3日院臺科會字第1090022013號函核定。&#xd;
&amp;lt;#H1&amp;gt;本計畫總經費6.77億元，其中編列於衛生福利部3.93億元、本署0.61億元、食品藥物管理署2.09億元、社會及家庭署0.14億元。&#xd;
&amp;lt;#H1&amp;gt;本計畫111年度預算編列於「科技業務」科目0.06億元。</b06_memo>
            <b06_upduserno/>
            <b06_upddatetime/>
            <b06_versiondate/>
            <b06_amt1_display>0E-12</b06_amt1_display>
            <b06_amt2_display>0.084000000000</b06_amt2_display>
            <b06_amt3_display>0.060000000000</b06_amt3_display>
            <b06_amt4_display>0.469500000000</b06_amt4_display>
            <b06_budgetamt_display>0.613500000000</b06_budgetamt_display>
        </BCTDYEARPLAN_row>
        <BCTDYEARPLAN_row>
            <b06_fiscalyear>111</b06_fiscalyear>
            <b06_fundkind>1</b06_fundkind>
            <b06_budgetkind>1         </b06_budgetkind>
            <b06_specialbudgetno/>
            <b06_agenno>57005     </b06_agenno>
            <b06_agentype>C         </b06_agentype>
            <b06_budgetstate>2</b06_budgetstate>
            <b06_planno>07</b06_planno>
            <b06_planname>衛生福利部防疫中心興建工程計畫</b06_planname>
            <b06_startyear>110</b06_startyear>
            <b06_endyear>116</b06_endyear>
            <b06_budgetamt>4067900000.00</b06_budgetamt>
            <b06_amt1>0.00</b06_amt1>
            <b06_amt2>2800000.00</b06_amt2>
            <b06_amt3>173618000.00</b06_amt3>
            <b06_amt4>3891482000.00</b06_amt4>
            <b06_memo>&amp;lt;#H1&amp;gt;行政院109年4月10日院臺衛字第1090008746號函核定。&#xd;
&amp;lt;#H1&amp;gt;本計畫111年度預算編列於「營建工程」科目1.74億元。</b06_memo>
            <b06_upduserno/>
            <b06_upddatetime/>
            <b06_versiondate/>
            <b06_amt1_display>0E-12</b06_amt1_display>
            <b06_amt2_display>0.028000000000</b06_amt2_display>
            <b06_amt3_display>1.736180000000</b06_amt3_display>
            <b06_amt4_display>38.914820000000</b06_amt4_display>
            <b06_budgetamt_display>40.679000000000</b06_budgetamt_display>
        </BCTDYEARPLAN_row>
        <BCTDYEARPLAN_row>
            <b06_fiscalyear>111</b06_fiscalyear>
            <b06_fundkind>1</b06_fundkind>
            <b06_budgetkind>1         </b06_budgetkind>
            <b06_specialbudgetno/>
            <b06_agenno>57005     </b06_agenno>
            <b06_agentype>C         </b06_agentype>
            <b06_budgetstate>2</b06_budgetstate>
            <b06_planno>08</b06_planno>
            <b06_planname>新興傳染病暨流感大流行應變整備及邊境檢疫計畫</b06_planname>
            <b06_startyear>111</b06_startyear>
            <b06_endyear>116</b06_endyear>
            <b06_budgetamt>6867702000.00</b06_budgetamt>
            <b06_amt1>0.00</b06_amt1>
            <b06_amt2>0.00</b06_amt2>
            <b06_amt3>248061000.00</b06_amt3>
            <b06_amt4>6619641000.00</b06_amt4>
            <b06_memo>&amp;lt;#H1&amp;gt;行政院110年7月26日院臺衛字第1100019915號函核定。&#xd;
&amp;lt;#H1&amp;gt;本計畫111年度預算編列於「一般行政」科目0.02億元、「防疫業務」科目2.46億元。&#xd;
</b06_memo>
            <b06_upduserno/>
            <b06_upddatetime/>
            <b06_versiondate/>
            <b06_amt1_display>0E-12</b06_amt1_display>
            <b06_amt2_display>0E-12</b06_amt2_display>
            <b06_amt3_display>2.480610000000</b06_amt3_display>
            <b06_amt4_display>66.196410000000</b06_amt4_display>
            <b06_budgetamt_display>68.677020000000</b06_budgetamt_display>
        </BCTDYEARPLAN_row>
        <BCTDYEARPLAN_row>
            <b06_fiscalyear>111</b06_fiscalyear>
            <b06_fundkind>1</b06_fundkind>
            <b06_budgetkind>1         </b06_budgetkind>
            <b06_specialbudgetno/>
            <b06_agenno>57005     </b06_agenno>
            <b06_agentype>C         </b06_agentype>
            <b06_budgetstate>2</b06_budgetstate>
            <b06_planno>09</b06_planno>
            <b06_planname>2030年消除愛滋第一期計畫</b06_planname>
            <b06_startyear>111</b06_startyear>
            <b06_endyear>115</b06_endyear>
            <b06_budgetamt>9696956000.00</b06_budgetamt>
            <b06_amt1>0.00</b06_amt1>
            <b06_amt2>0.00</b06_amt2>
            <b06_amt3>1400437000.00</b06_amt3>
            <b06_amt4>8296519000.00</b06_amt4>
            <b06_memo>&amp;lt;#H1&amp;gt;行政院110年5月14日院臺衛字第1100012299號函核定。&#xd;
&amp;lt;#H1&amp;gt;本計畫111年度預算編列於「一般行政」科目0.01億元、「防疫業務」科目13.99億元。</b06_memo>
            <b06_upduserno/>
            <b06_upddatetime/>
            <b06_versiondate/>
            <b06_amt1_display>0E-12</b06_amt1_display>
            <b06_amt2_display>0E-12</b06_amt2_display>
            <b06_amt3_display>14.004370000000</b06_amt3_display>
            <b06_amt4_display>82.965190000000</b06_amt4_display>
            <b06_budgetamt_display>96.969560000000</b06_budgetamt_display>
        </BCTDYEARPLAN_row>
        <BCTDYEARPLAN_row>
            <b06_fiscalyear>111</b06_fiscalyear>
            <b06_fundkind>1</b06_fundkind>
            <b06_budgetkind>1         </b06_budgetkind>
            <b06_specialbudgetno/>
            <b06_agenno>57005     </b06_agenno>
            <b06_agentype>C         </b06_agentype>
            <b06_budgetstate>2</b06_budgetstate>
            <b06_planno>10</b06_planno>
            <b06_planname>新南向醫衛合作與產業鏈發展中長程計畫第二期</b06_planname>
            <b06_startyear>111</b06_startyear>
            <b06_endyear>114</b06_endyear>
            <b06_budgetamt>36176000.00</b06_budgetamt>
            <b06_amt1>0.00</b06_amt1>
            <b06_amt2>0.00</b06_amt2>
            <b06_amt3>4730000.00</b06_amt3>
            <b06_amt4>31446000.00</b06_amt4>
            <b06_memo>&amp;lt;#H1&amp;gt;行政院110年6月15日院臺衛字第1100015871號函核定。&#xd;
&amp;lt;#H1&amp;gt;本計畫總經費16.92億元，其中編列於衛生福利部15.22億元、本署0.36億元、食品藥物管理署0.22億元、中央健康保險署0.32億元、國民健康署0.07億元、國家中醫藥研究所0.73億元。&#xd;
&amp;lt;#H1&amp;gt;本計畫111年度預算編列於「防疫業務」科目0.05億元。</b06_memo>
            <b06_upduserno/>
            <b06_upddatetime/>
            <b06_versiondate/>
            <b06_amt1_display>0E-12</b06_amt1_display>
            <b06_amt2_display>0E-12</b06_amt2_display>
            <b06_amt3_display>0.047300000000</b06_amt3_display>
            <b06_amt4_display>0.314460000000</b06_amt4_display>
            <b06_budgetamt_display>0.361760000000</b06_budgetamt_display>
        </BCTDYEARPLAN_row>
    </BCTDYEARPLAN>
</tables>
