<?xml version="1.0" encoding="UTF-8"?>
<tables>
    <BCME3450>
        <BCME3450_row>
            <objectNo>合計</objectNo>
            <budget>
                <budgetno_6557050100>1066704.00</budgetno_6557050100>
                <budgetno_5257050400>212978.00</budgetno_5257050400>
                <budgetno_6557050200>22840876.00</budgetno_6557050200>
                <budgetno_6557059002>173618.00</budgetno_6557059002>
                <budgetno_6557059800>50.00</budgetno_6557059800>
            </budget>
            <total>24294226.00</total>
        </BCME3450_row>
        <BCME3450_row>
            <objectNo>1000 人事費</objectNo>
            <budget>
                <budgetno_6557050100>1029522.00</budgetno_6557050100>
                <budgetno_5257050400/>
                <budgetno_6557050200/>
                <budgetno_6557059002/>
                <budgetno_6557059800/>
            </budget>
            <total>1029522.00</total>
        </BCME3450_row>
        <BCME3450_row>
            <objectNo>  1015 法定編制人員待遇</objectNo>
            <budget>
                <budgetno_6557050100>618502.00</budgetno_6557050100>
                <budgetno_5257050400/>
                <budgetno_6557050200/>
                <budgetno_6557059002/>
                <budgetno_6557059800/>
            </budget>
            <total>618502.00</total>
        </BCME3450_row>
        <BCME3450_row>
            <objectNo>  1020 約聘僱人員待遇</objectNo>
            <budget>
                <budgetno_6557050100>25242.00</budgetno_6557050100>
                <budgetno_5257050400/>
                <budgetno_6557050200/>
                <budgetno_6557059002/>
                <budgetno_6557059800/>
            </budget>
            <total>25242.00</total>
        </BCME3450_row>
        <BCME3450_row>
            <objectNo>  1025 技工及工友待遇</objectNo>
            <budget>
                <budgetno_6557050100>23265.00</budgetno_6557050100>
                <budgetno_5257050400/>
                <budgetno_6557050200/>
                <budgetno_6557059002/>
                <budgetno_6557059800/>
            </budget>
            <total>23265.00</total>
        </BCME3450_row>
        <BCME3450_row>
            <objectNo>  1030 獎金</objectNo>
            <budget>
                <budgetno_6557050100>186004.00</budgetno_6557050100>
                <budgetno_5257050400/>
                <budgetno_6557050200/>
                <budgetno_6557059002/>
                <budgetno_6557059800/>
            </budget>
            <total>186004.00</total>
        </BCME3450_row>
        <BCME3450_row>
            <objectNo>  1035 其他給與</objectNo>
            <budget>
                <budgetno_6557050100>14280.00</budgetno_6557050100>
                <budgetno_5257050400/>
                <budgetno_6557050200/>
                <budgetno_6557059002/>
                <budgetno_6557059800/>
            </budget>
            <total>14280.00</total>
        </BCME3450_row>
        <BCME3450_row>
            <objectNo>  1040 加班值班費</objectNo>
            <budget>
                <budgetno_6557050100>32394.00</budgetno_6557050100>
                <budgetno_5257050400/>
                <budgetno_6557050200/>
                <budgetno_6557059002/>
                <budgetno_6557059800/>
            </budget>
            <total>32394.00</total>
        </BCME3450_row>
        <BCME3450_row>
            <objectNo>  1045 退休退職給付</objectNo>
            <budget>
                <budgetno_6557050100>2412.00</budgetno_6557050100>
                <budgetno_5257050400/>
                <budgetno_6557050200/>
                <budgetno_6557059002/>
                <budgetno_6557059800/>
            </budget>
            <total>2412.00</total>
        </BCME3450_row>
        <BCME3450_row>
            <objectNo>  1050 退休離職儲金</objectNo>
            <budget>
                <budgetno_6557050100>66169.00</budgetno_6557050100>
                <budgetno_5257050400/>
                <budgetno_6557050200/>
                <budgetno_6557059002/>
                <budgetno_6557059800/>
            </budget>
            <total>66169.00</total>
        </BCME3450_row>
        <BCME3450_row>
            <objectNo>  1055 保險</objectNo>
            <budget>
                <budgetno_6557050100>61254.00</budgetno_6557050100>
                <budgetno_5257050400/>
                <budgetno_6557050200/>
                <budgetno_6557059002/>
                <budgetno_6557059800/>
            </budget>
            <total>61254.00</total>
        </BCME3450_row>
        <BCME3450_row>
            <objectNo>2000 業務費</objectNo>
            <budget>
                <budgetno_6557050100>33703.00</budgetno_6557050100>
                <budgetno_5257050400>180710.00</budgetno_5257050400>
                <budgetno_6557050200>5527366.00</budgetno_6557050200>
                <budgetno_6557059002/>
                <budgetno_6557059800/>
            </budget>
            <total>5741779.00</total>
        </BCME3450_row>
        <BCME3450_row>
            <objectNo>  2003 教育訓練費</objectNo>
            <budget>
                <budgetno_6557050100>215.00</budgetno_6557050100>
                <budgetno_5257050400>245.00</budgetno_5257050400>
                <budgetno_6557050200>4569.00</budgetno_6557050200>
                <budgetno_6557059002/>
                <budgetno_6557059800/>
            </budget>
            <total>5029.00</total>
        </BCME3450_row>
        <BCME3450_row>
            <objectNo>  2006 水電費</objectNo>
            <budget>
                <budgetno_6557050100>4500.00</budgetno_6557050100>
                <budgetno_5257050400>4607.00</budgetno_5257050400>
                <budgetno_6557050200>123058.00</budgetno_6557050200>
                <budgetno_6557059002/>
                <budgetno_6557059800/>
            </budget>
            <total>132165.00</total>
        </BCME3450_row>
        <BCME3450_row>
            <objectNo>  2009 通訊費</objectNo>
            <budget>
                <budgetno_6557050100>1000.00</budgetno_6557050100>
                <budgetno_5257050400>2503.00</budgetno_5257050400>
                <budgetno_6557050200>24626.00</budgetno_6557050200>
                <budgetno_6557059002/>
                <budgetno_6557059800/>
            </budget>
            <total>28129.00</total>
        </BCME3450_row>
        <BCME3450_row>
            <objectNo>  2012 土地租金</objectNo>
            <budget>
                <budgetno_6557050100/>
                <budgetno_5257050400/>
                <budgetno_6557050200>3964.00</budgetno_6557050200>
                <budgetno_6557059002/>
                <budgetno_6557059800/>
            </budget>
            <total>3964.00</total>
        </BCME3450_row>
        <BCME3450_row>
            <objectNo>  2015 權利使用費</objectNo>
            <budget>
                <budgetno_6557050100/>
                <budgetno_5257050400>50.00</budgetno_5257050400>
                <budgetno_6557050200>103.00</budgetno_6557050200>
                <budgetno_6557059002/>
                <budgetno_6557059800/>
            </budget>
            <total>153.00</total>
        </BCME3450_row>
        <BCME3450_row>
            <objectNo>  2018 資訊服務費</objectNo>
            <budget>
                <budgetno_6557050100/>
                <budgetno_5257050400>21216.00</budgetno_5257050400>
                <budgetno_6557050200>39495.00</budgetno_6557050200>
                <budgetno_6557059002/>
                <budgetno_6557059800/>
            </budget>
            <total>60711.00</total>
        </BCME3450_row>
        <BCME3450_row>
            <objectNo>  2021 其他業務租金</objectNo>
            <budget>
                <budgetno_6557050100>543.00</budgetno_6557050100>
                <budgetno_5257050400>340.00</budgetno_5257050400>
                <budgetno_6557050200>182245.00</budgetno_6557050200>
                <budgetno_6557059002/>
                <budgetno_6557059800/>
            </budget>
            <total>183128.00</total>
        </BCME3450_row>
        <BCME3450_row>
            <objectNo>  2024 稅捐及規費</objectNo>
            <budget>
                <budgetno_6557050100>962.00</budgetno_6557050100>
                <budgetno_5257050400/>
                <budgetno_6557050200>80.00</budgetno_6557050200>
                <budgetno_6557059002/>
                <budgetno_6557059800/>
            </budget>
            <total>1042.00</total>
        </BCME3450_row>
        <BCME3450_row>
            <objectNo>  2027 保險費</objectNo>
            <budget>
                <budgetno_6557050100>124.00</budgetno_6557050100>
                <budgetno_5257050400>100.00</budgetno_5257050400>
                <budgetno_6557050200>299.00</budgetno_6557050200>
                <budgetno_6557059002/>
                <budgetno_6557059800/>
            </budget>
            <total>523.00</total>
        </BCME3450_row>
        <BCME3450_row>
            <objectNo>  2030 兼職費</objectNo>
            <budget>
                <budgetno_6557050100/>
                <budgetno_5257050400/>
                <budgetno_6557050200>5760.00</budgetno_6557050200>
                <budgetno_6557059002/>
                <budgetno_6557059800/>
            </budget>
            <total>5760.00</total>
        </BCME3450_row>
        <BCME3450_row>
            <objectNo>  2033 臨時人員酬金</objectNo>
            <budget>
                <budgetno_6557050100>3053.00</budgetno_6557050100>
                <budgetno_5257050400>33192.00</budgetno_5257050400>
                <budgetno_6557050200>45099.00</budgetno_6557050200>
                <budgetno_6557059002/>
                <budgetno_6557059800/>
            </budget>
            <total>81344.00</total>
        </BCME3450_row>
        <BCME3450_row>
            <objectNo>  2036 按日按件計資酬金</objectNo>
            <budget>
                <budgetno_6557050100>507.00</budgetno_6557050100>
                <budgetno_5257050400>1682.00</budgetno_5257050400>
                <budgetno_6557050200>8155.00</budgetno_6557050200>
                <budgetno_6557059002/>
                <budgetno_6557059800/>
            </budget>
            <total>10344.00</total>
        </BCME3450_row>
        <BCME3450_row>
            <objectNo>  2039 委辦費</objectNo>
            <budget>
                <budgetno_6557050100/>
                <budgetno_5257050400>64421.00</budgetno_5257050400>
                <budgetno_6557050200>3984039.00</budgetno_6557050200>
                <budgetno_6557059002/>
                <budgetno_6557059800/>
            </budget>
            <total>4048460.00</total>
        </BCME3450_row>
        <BCME3450_row>
            <objectNo>  2042 國際組織會費</objectNo>
            <budget>
                <budgetno_6557050100/>
                <budgetno_5257050400/>
                <budgetno_6557050200>69.00</budgetno_6557050200>
                <budgetno_6557059002/>
                <budgetno_6557059800/>
            </budget>
            <total>69.00</total>
        </BCME3450_row>
        <BCME3450_row>
            <objectNo>  2045 國內組織會費</objectNo>
            <budget>
                <budgetno_6557050100/>
                <budgetno_5257050400>25.00</budgetno_5257050400>
                <budgetno_6557050200>816.00</budgetno_6557050200>
                <budgetno_6557059002/>
                <budgetno_6557059800/>
            </budget>
            <total>841.00</total>
        </BCME3450_row>
        <BCME3450_row>
            <objectNo>  2051 物品</objectNo>
            <budget>
                <budgetno_6557050100>3072.00</budgetno_6557050100>
                <budgetno_5257050400>36484.00</budgetno_5257050400>
                <budgetno_6557050200>632215.00</budgetno_6557050200>
                <budgetno_6557059002/>
                <budgetno_6557059800/>
            </budget>
            <total>671771.00</total>
        </BCME3450_row>
        <BCME3450_row>
            <objectNo>  2054 一般事務費</objectNo>
            <budget>
                <budgetno_6557050100>16017.00</budgetno_6557050100>
                <budgetno_5257050400>11585.00</budgetno_5257050400>
                <budgetno_6557050200>442483.00</budgetno_6557050200>
                <budgetno_6557059002/>
                <budgetno_6557059800/>
            </budget>
            <total>470085.00</total>
        </BCME3450_row>
        <BCME3450_row>
            <objectNo>  2063 房屋建築養護費</objectNo>
            <budget>
                <budgetno_6557050100>1100.00</budgetno_6557050100>
                <budgetno_5257050400/>
                <budgetno_6557050200>4902.00</budgetno_6557050200>
                <budgetno_6557059002/>
                <budgetno_6557059800/>
            </budget>
            <total>6002.00</total>
        </BCME3450_row>
        <BCME3450_row>
            <objectNo>  2066 車輛及辦公器具養護費</objectNo>
            <budget>
                <budgetno_6557050100>259.00</budgetno_6557050100>
                <budgetno_5257050400/>
                <budgetno_6557050200>1300.00</budgetno_6557050200>
                <budgetno_6557059002/>
                <budgetno_6557059800/>
            </budget>
            <total>1559.00</total>
        </BCME3450_row>
        <BCME3450_row>
            <objectNo>  2069 設施及機械設備養護費</objectNo>
            <budget>
                <budgetno_6557050100>1819.00</budgetno_6557050100>
                <budgetno_5257050400>2540.00</budgetno_5257050400>
                <budgetno_6557050200>14794.00</budgetno_6557050200>
                <budgetno_6557059002/>
                <budgetno_6557059800/>
            </budget>
            <total>19153.00</total>
        </BCME3450_row>
        <BCME3450_row>
            <objectNo>  2072 國內旅費</objectNo>
            <budget>
                <budgetno_6557050100>340.00</budgetno_6557050100>
                <budgetno_5257050400>1310.00</budgetno_5257050400>
                <budgetno_6557050200>5144.00</budgetno_6557050200>
                <budgetno_6557059002/>
                <budgetno_6557059800/>
            </budget>
            <total>6794.00</total>
        </BCME3450_row>
        <BCME3450_row>
            <objectNo>  2075 大陸地區旅費</objectNo>
            <budget>
                <budgetno_6557050100/>
                <budgetno_5257050400/>
                <budgetno_6557050200>68.00</budgetno_6557050200>
                <budgetno_6557059002/>
                <budgetno_6557059800/>
            </budget>
            <total>68.00</total>
        </BCME3450_row>
        <BCME3450_row>
            <objectNo>  2078 國外旅費</objectNo>
            <budget>
                <budgetno_6557050100/>
                <budgetno_5257050400/>
                <budgetno_6557050200>1662.00</budgetno_6557050200>
                <budgetno_6557059002/>
                <budgetno_6557059800/>
            </budget>
            <total>1662.00</total>
        </BCME3450_row>
        <BCME3450_row>
            <objectNo>  2081 運費</objectNo>
            <budget>
                <budgetno_6557050100>24.00</budgetno_6557050100>
                <budgetno_5257050400>390.00</budgetno_5257050400>
                <budgetno_6557050200>2230.00</budgetno_6557050200>
                <budgetno_6557059002/>
                <budgetno_6557059800/>
            </budget>
            <total>2644.00</total>
        </BCME3450_row>
        <BCME3450_row>
            <objectNo>  2084 短程車資</objectNo>
            <budget>
                <budgetno_6557050100>10.00</budgetno_6557050100>
                <budgetno_5257050400>20.00</budgetno_5257050400>
                <budgetno_6557050200>191.00</budgetno_6557050200>
                <budgetno_6557059002/>
                <budgetno_6557059800/>
            </budget>
            <total>221.00</total>
        </BCME3450_row>
        <BCME3450_row>
            <objectNo>  2093 特別費</objectNo>
            <budget>
                <budgetno_6557050100>158.00</budgetno_6557050100>
                <budgetno_5257050400/>
                <budgetno_6557050200/>
                <budgetno_6557059002/>
                <budgetno_6557059800/>
            </budget>
            <total>158.00</total>
        </BCME3450_row>
        <BCME3450_row>
            <objectNo>3000 設備及投資</objectNo>
            <budget>
                <budgetno_6557050100>1582.00</budgetno_6557050100>
                <budgetno_5257050400>32268.00</budgetno_5257050400>
                <budgetno_6557050200>55875.00</budgetno_6557050200>
                <budgetno_6557059002>173618.00</budgetno_6557059002>
                <budgetno_6557059800/>
            </budget>
            <total>263343.00</total>
        </BCME3450_row>
        <BCME3450_row>
            <objectNo>  3010 房屋建築及設備費</objectNo>
            <budget>
                <budgetno_6557050100/>
                <budgetno_5257050400/>
                <budgetno_6557050200/>
                <budgetno_6557059002>173618.00</budgetno_6557059002>
                <budgetno_6557059800/>
            </budget>
            <total>173618.00</total>
        </BCME3450_row>
        <BCME3450_row>
            <objectNo>  3020 機械設備費</objectNo>
            <budget>
                <budgetno_6557050100/>
                <budgetno_5257050400>875.00</budgetno_5257050400>
                <budgetno_6557050200>12332.00</budgetno_6557050200>
                <budgetno_6557059002/>
                <budgetno_6557059800/>
            </budget>
            <total>13207.00</total>
        </BCME3450_row>
        <BCME3450_row>
            <objectNo>  3030 資訊軟硬體設備費</objectNo>
            <budget>
                <budgetno_6557050100/>
                <budgetno_5257050400>31166.00</budgetno_5257050400>
                <budgetno_6557050200>32231.00</budgetno_6557050200>
                <budgetno_6557059002/>
                <budgetno_6557059800/>
            </budget>
            <total>63397.00</total>
        </BCME3450_row>
        <BCME3450_row>
            <objectNo>  3035 雜項設備費</objectNo>
            <budget>
                <budgetno_6557050100>1582.00</budgetno_6557050100>
                <budgetno_5257050400>227.00</budgetno_5257050400>
                <budgetno_6557050200>11312.00</budgetno_6557050200>
                <budgetno_6557059002/>
                <budgetno_6557059800/>
            </budget>
            <total>13121.00</total>
        </BCME3450_row>
        <BCME3450_row>
            <objectNo>4000 獎補助費</objectNo>
            <budget>
                <budgetno_6557050100>1897.00</budgetno_6557050100>
                <budgetno_5257050400/>
                <budgetno_6557050200>17257635.00</budgetno_6557050200>
                <budgetno_6557059002/>
                <budgetno_6557059800/>
            </budget>
            <total>17259532.00</total>
        </BCME3450_row>
        <BCME3450_row>
            <objectNo>  4005 對直轄市政府之補助</objectNo>
            <budget>
                <budgetno_6557050100/>
                <budgetno_5257050400/>
                <budgetno_6557050200>603583.00</budgetno_6557050200>
                <budgetno_6557059002/>
                <budgetno_6557059800/>
            </budget>
            <total>603583.00</total>
        </BCME3450_row>
        <BCME3450_row>
            <objectNo>  4010 對各縣市政府之補助</objectNo>
            <budget>
                <budgetno_6557050100/>
                <budgetno_5257050400/>
                <budgetno_6557050200>488988.00</budgetno_6557050200>
                <budgetno_6557059002/>
                <budgetno_6557059800/>
            </budget>
            <total>488988.00</total>
        </BCME3450_row>
        <BCME3450_row>
            <objectNo>  4025 政府機關間之補助</objectNo>
            <budget>
                <budgetno_6557050100/>
                <budgetno_5257050400/>
                <budgetno_6557050200>1238.00</budgetno_6557050200>
                <budgetno_6557059002/>
                <budgetno_6557059800/>
            </budget>
            <total>1238.00</total>
        </BCME3450_row>
        <BCME3450_row>
            <objectNo>  4030 對特種基金之補助</objectNo>
            <budget>
                <budgetno_6557050100/>
                <budgetno_5257050400/>
                <budgetno_6557050200>13090215.00</budgetno_6557050200>
                <budgetno_6557059002/>
                <budgetno_6557059800/>
            </budget>
            <total>13090215.00</total>
        </BCME3450_row>
        <BCME3450_row>
            <objectNo>  4040 對國內團體之捐助</objectNo>
            <budget>
                <budgetno_6557050100/>
                <budgetno_5257050400/>
                <budgetno_6557050200>28101.00</budgetno_6557050200>
                <budgetno_6557059002/>
                <budgetno_6557059800/>
            </budget>
            <total>28101.00</total>
        </BCME3450_row>
        <BCME3450_row>
            <objectNo>  4045 對私校之獎助</objectNo>
            <budget>
                <budgetno_6557050100/>
                <budgetno_5257050400/>
                <budgetno_6557050200>200.00</budgetno_6557050200>
                <budgetno_6557059002/>
                <budgetno_6557059800/>
            </budget>
            <total>200.00</total>
        </BCME3450_row>
        <BCME3450_row>
            <objectNo>  4060 對公保軍保退撫基金之補助及挹注</objectNo>
            <budget>
                <budgetno_6557050100>398.00</budgetno_6557050100>
                <budgetno_5257050400/>
                <budgetno_6557050200/>
                <budgetno_6557059002/>
                <budgetno_6557059800/>
            </budget>
            <total>398.00</total>
        </BCME3450_row>
        <BCME3450_row>
            <objectNo>  4065 社會福利津貼及濟助</objectNo>
            <budget>
                <budgetno_6557050100/>
                <budgetno_5257050400/>
                <budgetno_6557050200>2755064.00</budgetno_6557050200>
                <budgetno_6557059002/>
                <budgetno_6557059800/>
            </budget>
            <total>2755064.00</total>
        </BCME3450_row>
        <BCME3450_row>
            <objectNo>  4075 差額補貼</objectNo>
            <budget>
                <budgetno_6557050100>239.00</budgetno_6557050100>
                <budgetno_5257050400/>
                <budgetno_6557050200/>
                <budgetno_6557059002/>
                <budgetno_6557059800/>
            </budget>
            <total>239.00</total>
        </BCME3450_row>
        <BCME3450_row>
            <objectNo>  4085 獎勵及慰問</objectNo>
            <budget>
                <budgetno_6557050100>1260.00</budgetno_6557050100>
                <budgetno_5257050400/>
                <budgetno_6557050200>290036.00</budgetno_6557050200>
                <budgetno_6557059002/>
                <budgetno_6557059800/>
            </budget>
            <total>291296.00</total>
        </BCME3450_row>
        <BCME3450_row>
            <objectNo>  4090 其他補助及捐助</objectNo>
            <budget>
                <budgetno_6557050100/>
                <budgetno_5257050400/>
                <budgetno_6557050200>210.00</budgetno_6557050200>
                <budgetno_6557059002/>
                <budgetno_6557059800/>
            </budget>
            <total>210.00</total>
        </BCME3450_row>
        <BCME3450_row>
            <objectNo>6000 預備金</objectNo>
            <budget>
                <budgetno_6557050100/>
                <budgetno_5257050400/>
                <budgetno_6557050200/>
                <budgetno_6557059002/>
                <budgetno_6557059800>50.00</budgetno_6557059800>
            </budget>
            <total>50.00</total>
        </BCME3450_row>
        <BCME3450_row>
            <objectNo>  6005 第一預備金</objectNo>
            <budget>
                <budgetno_6557050100/>
                <budgetno_5257050400/>
                <budgetno_6557050200/>
                <budgetno_6557059002/>
                <budgetno_6557059800>50.00</budgetno_6557059800>
            </budget>
            <total>50.00</total>
        </BCME3450_row>
    </BCME3450>
</tables>
