<?xml version="1.0" encoding="UTF-8"?>
<tables>
    <BCME3420>
        <BCME3420_row>
            <budgetno/>
            <agenno/>
            <agentype/>
            <mh_budgetname>合    計</mh_budgetname>
            <displayname>合    計</displayname>
            <budgetno_conver/>
            <tyear_amt>24294226000</tyear_amt>
            <lyear_amt>5565135000</lyear_amt>
            <byear_amt>6080940712</byear_amt>
            <b_amt>18729091000</b_amt>
            <bc_content/>
            <memo/>
        </BCME3420_row>
        <BCME3420_row>
            <budgetno>00570000000</budgetno>
            <agenno>57005</agenno>
            <agentype>C</agentype>
            <mh_budgetname>衛生福利部主管</mh_budgetname>
            <displayname>衛生福利部主管</displayname>
            <budgetno_conver>0057000000</budgetno_conver>
            <tyear_amt>24294226000</tyear_amt>
            <lyear_amt>5565135000</lyear_amt>
            <byear_amt>6080940712</byear_amt>
            <b_amt>18729091000</b_amt>
            <bc_content/>
        </BCME3420_row>
        <BCME3420_row>
            <budgetno>00570050000</budgetno>
            <agenno>57005</agenno>
            <agentype>C</agentype>
            <mh_budgetname>疾病管制署</mh_budgetname>
            <displayname>疾病管制署</displayname>
            <budgetno_conver>0057050000</budgetno_conver>
            <tyear_amt>24294226000</tyear_amt>
            <lyear_amt>5565135000</lyear_amt>
            <byear_amt>6080940712</byear_amt>
            <b_amt>18729091000</b_amt>
            <bc_content/>
        </BCME3420_row>
        <BCME3420_row>
            <budgetno>52570050000</budgetno>
            <agenno>57005</agenno>
            <agentype>C</agentype>
            <mh_budgetname>科學支出</mh_budgetname>
            <displayname>科學支出</displayname>
            <budgetno_conver>5257050000</budgetno_conver>
            <tyear_amt>212978000</tyear_amt>
            <lyear_amt>239794000</lyear_amt>
            <byear_amt>293466586</byear_amt>
            <b_amt>-26816000</b_amt>
            <bc_content/>
        </BCME3420_row>
        <BCME3420_row>
            <budgetno>52570050400</budgetno>
            <agenno>57005</agenno>
            <agentype>C</agentype>
            <mh_budgetname>科技業務</mh_budgetname>
            <displayname>科技業務</displayname>
            <budgetno_conver>5257050400</budgetno_conver>
            <tyear_amt>212978000</tyear_amt>
            <lyear_amt>239794000</lyear_amt>
            <byear_amt>293466586</byear_amt>
            <b_amt>-26816000</b_amt>
            <bc_content>&lt;#H1&gt;本年度預算數212,978千元，包括業務費180,710千元，設備及投資32,268千元。&#xd;
&lt;#H1&gt;本年度預算數之內容與上年度之比較如下：&#xd;
&lt;#H2&gt;防疫科技發展研究及科技管理經費90,031千元，較上年度減列辦理國民免疫力調查及傳染病防治成效評估與病原體監測相關研究等經費18,098千元。&#xd;
&lt;#H2&gt;新興生醫臨床試驗提升計畫經費8,378千元，較上年度增列購置恙蟲病及地方型斑疹傷寒抗體快速檢驗試劑耗材等經費1,880千元。&#xd;
&lt;#H2&gt;防疫一體傳染病整合防治計畫經費46,926千元，較上年度減列辦理人畜共通傳染病風險安全管理與檢測技術開發相關研究等經費11,115千元。&#xd;
&lt;#H2&gt;禽傳人之流感防控技術經費11,643千元，較上年度減列辦理禽流感疫情監測與決策運用之跨域整合計畫等經費1,239千元。&#xd;
&lt;#H2&gt;衛福業務數位轉型服務躍升計畫總經費676,690千元，分5年辦理，110年度已編列91,031千元，本年度續編第2年經費84,249千元，本科目編列6,000千元，較上年度減列2,400千元。&#xd;
&lt;#H2&gt;新增建構智慧防疫新生活行動計畫經費50,000千元。&#xd;
&lt;#H2&gt;上年度防疫雲3.0計畫預算業已編竣，所列5,015千元如數減列。&#xd;
&lt;#H2&gt;上年度新世代智慧防疫行動計畫預算業已編竣，所列40,829千元如數減列。</bc_content>
        </BCME3420_row>
        <BCME3420_row>
            <budgetno>65570050000</budgetno>
            <agenno>57005</agenno>
            <agentype>C</agentype>
            <mh_budgetname>醫療保健支出</mh_budgetname>
            <displayname>醫療保健支出</displayname>
            <budgetno_conver>6557050000</budgetno_conver>
            <tyear_amt>24081248000</tyear_amt>
            <lyear_amt>5325341000</lyear_amt>
            <byear_amt>5787474126</byear_amt>
            <b_amt>18755907000</b_amt>
            <bc_content/>
        </BCME3420_row>
        <BCME3420_row>
            <budgetno>65570050100</budgetno>
            <agenno>57005</agenno>
            <agentype>C</agentype>
            <mh_budgetname>一般行政</mh_budgetname>
            <displayname>一般行政</displayname>
            <budgetno_conver>6557050100</budgetno_conver>
            <tyear_amt>1066704000</tyear_amt>
            <lyear_amt>1061143000</lyear_amt>
            <byear_amt>993918407</byear_amt>
            <b_amt>5561000</b_amt>
            <bc_content>&lt;#H1&gt;本年度預算數1,066,704千元，包括人事費1,029,522千元，業務費33,703千元，設備及投資1,582千元，獎補助費1,897千元。 &#xd;
&lt;#H1&gt;本年度預算數之內容與上年度之比較如下：&#xd;
&lt;#H2&gt;人員維持費1,013,704千元，較上年度核實增列人事費4,138千元。&#xd;
&lt;#H2&gt;基本行政工作維持費36,784千元，較上年度增列維護辦公及公共區域等經費2,190千元。&#xd;
&lt;#H2&gt;研發替代役經費16,216千元，較上年度減列767千元，其中：&#xd;
&lt;#H3&gt;我國加入WHO2035消除結核第二期計畫總經費6,398,790千元，分5年辦理，110年度已編列1,011,781千元，本年度續編第2年經費1,005,110千元，本科目編列675千元，較上年度增列45千元。&#xd;
&lt;#H3&gt;新增新興傳染病暨流感大流行應變整備及邊境檢疫計畫總經費6,867,702千元，分6年辦理，本年度編列第1年經費248,061千元，本科目編列2,017千元。&#xd;
&lt;#H3&gt;新增2030年消除愛滋第一期計畫總經費9,697,156千元，分5年辦理，本年度編列第1年經費1,400,537千元，本科目編列1,283千元。&#xd;
&lt;#H3&gt;上年度強化邊境檢疫及境外防疫第一期計畫預算業已編竣，所列1,600千元如數減列。&#xd;
&lt;#H3&gt;上年度愛滋防治第六期五年計畫預算業已編竣，所列1,110千元如數減列。</bc_content>
        </BCME3420_row>
        <BCME3420_row>
            <budgetno>65570050200</budgetno>
            <agenno>57005</agenno>
            <agentype>C</agentype>
            <mh_budgetname>防疫業務</mh_budgetname>
            <displayname>防疫業務</displayname>
            <budgetno_conver>6557050200</budgetno_conver>
            <tyear_amt>22840876000</tyear_amt>
            <lyear_amt>4261348000</lyear_amt>
            <byear_amt>4793555719</byear_amt>
            <b_amt>18579528000</b_amt>
            <bc_content>&lt;#H1&gt;本年度預算數22,840,876千元，包括業務費5,527,366千元，設備及投資55,875千元，獎補助費17,257,635千元。&#xd;
&lt;#H1&gt;本年度預算數之內容與上年度之比較如下：&#xd;
&lt;#H2&gt;傳染病防治及應變規劃經費261,195千元，較上年度減列辦理卡介苗及抗蛇毒血清生物製劑生產供應計畫等經費10,253千元。&#xd;
&lt;#H2&gt;急性傳染病流行風險監控與管理第三期計畫總經費1,459,158千元，分4年辦理，110年度已編列81,823千元，本年度續編第2年經費79,262千元，較上年度減列2,561千元。&#xd;
&lt;#H2&gt;我國加入WHO2035消除結核第二期計畫總經費6,398,790千元，分5年辦理，110年度已編列1,011,781千元，本年度續編第2年經費1,005,110千元，本科目編列1,004,435千元，較上年度減列6,716千元。&#xd;
&lt;#H2&gt;充實國家疫苗基金及促進國民免疫力第三期計畫總經費19,568,531千元，公務預算負擔10,873,556千元，分5年辦理，108至110年度已編列2,805,966千元，本年度續編第4年經費1,048,506千元，與上年度同。&#xd;
&lt;#H2&gt;邁向全球衛生安全－抗生素抗藥性管理行動策略計畫總經費553,500千元，分5年辦理，109至110年度已編列37,268千元，本年度續編第3年經費17,534千元，較上年度減列1,100千元。&#xd;
&lt;#H2&gt;建構新世代國家傳染病檢驗網絡強化防疫檢驗量能計畫總經費1,432,446千元，分6年辦理，109至110年度已編列95,826千元，本年度續編第3年經費41,386千元，較上年度減列4,840千元。&#xd;
&lt;#H2&gt;新增新興傳染病暨流感大流行應變整備及邊境檢疫計畫總經費6,867,702千元，分6年辦理，本年度編列第1年經費248,061千元，本科目編列246,044千元。&#xd;
&lt;#H2&gt;新增2030年消除愛滋第一期計畫總經費9,697,156千元，分5年辦理，本年度編列第1年經費1,400,537千元，本科目編列1,399,254千元。&#xd;
&lt;#H2&gt;新增新南向醫衛合作與產業鏈發展中長程計畫第二期總經費1,692,256千元，分4年辦理，本年度編列第1年經費211,203千元，本科目編列4,730千元。&#xd;
&lt;#H2&gt;新增嚴重特殊傳染性肺炎防治經費18,738,530千元。&#xd;
&lt;#H2&gt;上年度強化邊境檢疫及境外防疫第一期計畫預算業已編竣，所列40,127千元如數減列。&#xd;
&lt;#H2&gt;上年度愛滋防治第六期五年計畫預算業已編竣，所列1,501,207千元如數減列。&#xd;
&lt;#H2&gt;上年度我國因應流感大流行準備第三期計畫預算業已編竣，所列205,067千元如數減列。&#xd;
&lt;#H2&gt;上年度新興傳染病風險監測與應變整備計畫預算業已編竣，所列13,786千元如數減列。&#xd;
&lt;#H2&gt;上年度新南向醫衛合作與產業鏈發展中長程計畫預算業已編竣，所列23,373千元如數減列。</bc_content>
        </BCME3420_row>
        <BCME3420_row>
            <budgetno>65570059000</budgetno>
            <agenno>57005</agenno>
            <agentype>C</agentype>
            <mh_budgetname>一般建築及設備</mh_budgetname>
            <displayname>一般建築及設備</displayname>
            <budgetno_conver>6557059000</budgetno_conver>
            <tyear_amt>173618000</tyear_amt>
            <lyear_amt>2800000</lyear_amt>
            <byear_amt>0</byear_amt>
            <b_amt>170818000</b_amt>
            <bc_content/>
        </BCME3420_row>
        <BCME3420_row>
            <budgetno>65570059002</budgetno>
            <agenno>57005</agenno>
            <agentype>C</agentype>
            <mh_budgetname>營建工程</mh_budgetname>
            <displayname>營建工程</displayname>
            <budgetno_conver>6557059002</budgetno_conver>
            <tyear_amt>173618000</tyear_amt>
            <lyear_amt>2800000</lyear_amt>
            <byear_amt>0</byear_amt>
            <b_amt>170818000</b_amt>
            <bc_content>衛生福利部防疫中心興建工程計畫總經費4,068,000千元，分7年辦理，110年度已編列2,800千元，本年度續編第2年經費173,618千元，較上年度增列170,818千元。</bc_content>
        </BCME3420_row>
        <BCME3420_row>
            <budgetno>65570059800</budgetno>
            <agenno>57005</agenno>
            <agentype>C</agentype>
            <mh_budgetname>第一預備金</mh_budgetname>
            <displayname>第一預備金</displayname>
            <budgetno_conver>6557059800</budgetno_conver>
            <tyear_amt>50000</tyear_amt>
            <lyear_amt>50000</lyear_amt>
            <byear_amt>0</byear_amt>
            <b_amt>0</b_amt>
            <bc_content>仍照上年度預算數編列。</bc_content>
        </BCME3420_row>
    </BCME3420>
</tables>
