<?xml version="1.0" encoding="UTF-8"?>
<Root>
    <Row>
        <款>19</款>
        <項/>
        <目/>
        <節/>
        <科目名稱>衛生福利部主管</科目名稱>
        <預算科目編號>00570000000</預算科目編號>
    </Row>
    <Row>
        <款/>
        <項>2</項>
        <目/>
        <節/>
        <科目名稱>疾病管制署</科目名稱>
        <預算科目編號>00570050000</預算科目編號>
        <人事費>1029522</人事費>
        <業務費_經>5741779</業務費_經>
        <奬補助費_經>17247749</奬補助費_經>
        <債務費>0</債務費>
        <預備金_經>50</預備金_經>
        <經常支出小計>24019100</經常支出小計>
        <業務費_資>0</業務費_資>
        <設備及投資>263343</設備及投資>
        <奬補助費_資>11783</奬補助費_資>
        <預備金_資>0</預備金_資>
        <資本支出小計>275126</資本支出小計>
        <合計>24294226</合計>
    </Row>
    <Row>
        <款/>
        <項/>
        <目/>
        <節/>
        <科目名稱>科學支出</科目名稱>
        <預算科目編號>52570050000</預算科目編號>
        <人事費>0</人事費>
        <業務費_經>180710</業務費_經>
        <奬補助費_經>0</奬補助費_經>
        <債務費>0</債務費>
        <預備金_經>0</預備金_經>
        <經常支出小計>180710</經常支出小計>
        <業務費_資>0</業務費_資>
        <設備及投資>32268</設備及投資>
        <奬補助費_資>0</奬補助費_資>
        <預備金_資>0</預備金_資>
        <資本支出小計>32268</資本支出小計>
        <合計>212978</合計>
    </Row>
    <Row>
        <款/>
        <項/>
        <目>1</目>
        <節/>
        <科目名稱>科技業務</科目名稱>
        <預算科目編號>52570050400</預算科目編號>
        <人事費>0</人事費>
        <業務費_經>180710</業務費_經>
        <奬補助費_經>0</奬補助費_經>
        <債務費>0</債務費>
        <預備金_經>0</預備金_經>
        <經常支出小計>180710</經常支出小計>
        <業務費_資>0</業務費_資>
        <設備及投資>32268</設備及投資>
        <奬補助費_資>0</奬補助費_資>
        <預備金_資>0</預備金_資>
        <資本支出小計>32268</資本支出小計>
        <合計>212978</合計>
    </Row>
    <Row>
        <款/>
        <項/>
        <目/>
        <節/>
        <科目名稱>醫療保健支出</科目名稱>
        <預算科目編號>65570050000</預算科目編號>
        <人事費>1029522</人事費>
        <業務費_經>5561069</業務費_經>
        <奬補助費_經>17247749</奬補助費_經>
        <債務費>0</債務費>
        <預備金_經>50</預備金_經>
        <經常支出小計>23838390</經常支出小計>
        <業務費_資>0</業務費_資>
        <設備及投資>231075</設備及投資>
        <奬補助費_資>11783</奬補助費_資>
        <預備金_資>0</預備金_資>
        <資本支出小計>242858</資本支出小計>
        <合計>24081248</合計>
    </Row>
    <Row>
        <款/>
        <項/>
        <目>2</目>
        <節/>
        <科目名稱>一般行政</科目名稱>
        <預算科目編號>65570050100</預算科目編號>
        <人事費>1029522</人事費>
        <業務費_經>33703</業務費_經>
        <奬補助費_經>1897</奬補助費_經>
        <債務費>0</債務費>
        <預備金_經>0</預備金_經>
        <經常支出小計>1065122</經常支出小計>
        <業務費_資>0</業務費_資>
        <設備及投資>1582</設備及投資>
        <奬補助費_資>0</奬補助費_資>
        <預備金_資>0</預備金_資>
        <資本支出小計>1582</資本支出小計>
        <合計>1066704</合計>
    </Row>
    <Row>
        <款/>
        <項/>
        <目>3</目>
        <節/>
        <科目名稱>防疫業務</科目名稱>
        <預算科目編號>65570050200</預算科目編號>
        <人事費>0</人事費>
        <業務費_經>5527366</業務費_經>
        <奬補助費_經>17245852</奬補助費_經>
        <債務費>0</債務費>
        <預備金_經>0</預備金_經>
        <經常支出小計>22773218</經常支出小計>
        <業務費_資>0</業務費_資>
        <設備及投資>55875</設備及投資>
        <奬補助費_資>11783</奬補助費_資>
        <預備金_資>0</預備金_資>
        <資本支出小計>67658</資本支出小計>
        <合計>22840876</合計>
    </Row>
    <Row>
        <款/>
        <項/>
        <目>4</目>
        <節/>
        <科目名稱>一般建築及設備</科目名稱>
        <預算科目編號>65570059000</預算科目編號>
        <人事費>0</人事費>
        <業務費_經>0</業務費_經>
        <奬補助費_經>0</奬補助費_經>
        <債務費>0</債務費>
        <預備金_經>0</預備金_經>
        <經常支出小計>0</經常支出小計>
        <業務費_資>0</業務費_資>
        <設備及投資>173618</設備及投資>
        <奬補助費_資>0</奬補助費_資>
        <預備金_資>0</預備金_資>
        <資本支出小計>173618</資本支出小計>
        <合計>173618</合計>
    </Row>
    <Row>
        <款/>
        <項/>
        <目/>
        <節>1</節>
        <科目名稱>營建工程</科目名稱>
        <預算科目編號>65570059002</預算科目編號>
        <人事費>0</人事費>
        <業務費_經>0</業務費_經>
        <奬補助費_經>0</奬補助費_經>
        <債務費>0</債務費>
        <預備金_經>0</預備金_經>
        <經常支出小計>0</經常支出小計>
        <業務費_資>0</業務費_資>
        <設備及投資>173618</設備及投資>
        <奬補助費_資>0</奬補助費_資>
        <預備金_資>0</預備金_資>
        <資本支出小計>173618</資本支出小計>
        <合計>173618</合計>
    </Row>
    <Row>
        <款/>
        <項/>
        <目>5</目>
        <節/>
        <科目名稱>第一預備金</科目名稱>
        <預算科目編號>65570059800</預算科目編號>
        <人事費>0</人事費>
        <業務費_經>0</業務費_經>
        <奬補助費_經>0</奬補助費_經>
        <債務費>0</債務費>
        <預備金_經>50</預備金_經>
        <經常支出小計>50</經常支出小計>
        <業務費_資>0</業務費_資>
        <設備及投資>0</設備及投資>
        <奬補助費_資>0</奬補助費_資>
        <預備金_資>0</預備金_資>
        <資本支出小計>0</資本支出小計>
        <合計>50</合計>
    </Row>
</Root>
