<?xml version="1.0" encoding="UTF-8"?>
<tables>
    <BCTDOUTGO>
        <BCTDOUTGO_row>
            <bm_fiscalyear>111</bm_fiscalyear>
            <bm_fundkind>1</bm_fundkind>
            <bm_budgetkind>1</bm_budgetkind>
            <bm_specialbudgetno/>
            <bm_agenno>57005</bm_agenno>
            <bm_agentype>C</bm_agentype>
            <bm_budgetstate>2</bm_budgetstate>
            <bm_abroadplan>1</bm_abroadplan>
            <bm_projtype>2 </bm_projtype>
            <bm_projno>01</bm_projno>
            <bm_abroadplanname>參加世界衛生組織（WHO）及其所屬組織所舉辦之各項相關會議或活動</bm_abroadplanname>
            <bm_visitsts>0</bm_visitsts>
            <bm_visitexplain/>
            <bm_dispatchstaffs>0</bm_dispatchstaffs>
            <bm_abroadsite1>瑞士</bm_abroadsite1>
            <bm_abroadsite2>瑞士</bm_abroadsite2>
            <bm_abroadsite3>瑞士</bm_abroadsite3>
            <bm_abroadperiod1>10805</bm_abroadperiod1>
            <bm_abroadperiodto1>10805</bm_abroadperiodto1>
            <bm_abroadperiod2>10705</bm_abroadperiod2>
            <bm_abroadperiodto2>10705</bm_abroadperiodto2>
            <bm_abroadperiod3>10701</bm_abroadperiod3>
            <bm_abroadperiodto3>10701</bm_abroadperiodto3>
            <bm_abroadstaffs1>1</bm_abroadstaffs1>
            <bm_abroadstaffs2>2</bm_abroadstaffs2>
            <bm_abroadstaffs3>1</bm_abroadstaffs3>
            <bm_abroadallowance1>257000.00</bm_abroadallowance1>
            <bm_abroadallowance2>364000.00</bm_abroadallowance2>
            <bm_abroadallowance3>111000.00</bm_abroadallowance3>
            <bm_budgetno>65570050200</bm_budgetno>
            <bm_regionno>43</bm_regionno>
            <bm_country>歐美亞太非洲</bm_country>
            <bm_agency/>
            <bm_cont_text>配合政府政策，積極參與世界衛生組織及其所屬組織（WPRO等）所舉辦的如EB、WHA及區署會議等相關會議及活動，有助於本署參與國際衛生事務、推展國際防疫合作。</bm_cont_text>
            <bm_durationfrom>11101</bm_durationfrom>
            <bm_durationto>11112</bm_durationto>
            <bm_days>7</bm_days>
            <bm_persons>2</bm_persons>
            <bm_amt_trans>170000.00</bm_amt_trans>
            <bm_amt_life>70000.00</bm_amt_life>
            <bm_amt_public>29000.00</bm_amt_public>
            <bm_amt_books>0.00</bm_amt_books>
            <bm_amt_flight>0.00</bm_amt_flight>
            <bm_versiondate/>
        </BCTDOUTGO_row>
        <BCTDOUTGO_row>
            <bm_fiscalyear>111</bm_fiscalyear>
            <bm_fundkind>1</bm_fundkind>
            <bm_budgetkind>1</bm_budgetkind>
            <bm_specialbudgetno/>
            <bm_agenno>57005</bm_agenno>
            <bm_agentype>C</bm_agentype>
            <bm_budgetstate>2</bm_budgetstate>
            <bm_abroadplan>1</bm_abroadplan>
            <bm_projtype>2 </bm_projtype>
            <bm_projno>02</bm_projno>
            <bm_abroadplanname>參加全球衛生安全綱領（GHSA）、亞太經濟合作（APEC）或其他國際組織舉辦之各項衛生會議及活動</bm_abroadplanname>
            <bm_visitsts/>
            <bm_visitexplain/>
            <bm_dispatchstaffs>0</bm_dispatchstaffs>
            <bm_abroadsite1>馬來西亞</bm_abroadsite1>
            <bm_abroadsite2>美國</bm_abroadsite2>
            <bm_abroadsite3>美國</bm_abroadsite3>
            <bm_abroadperiod1>10901</bm_abroadperiod1>
            <bm_abroadperiodto1>10901</bm_abroadperiodto1>
            <bm_abroadperiod2>10810</bm_abroadperiod2>
            <bm_abroadperiodto2>10810</bm_abroadperiodto2>
            <bm_abroadperiod3>10810</bm_abroadperiod3>
            <bm_abroadperiodto3>10810</bm_abroadperiodto3>
            <bm_abroadstaffs1>1</bm_abroadstaffs1>
            <bm_abroadstaffs2>1</bm_abroadstaffs2>
            <bm_abroadstaffs3>1</bm_abroadstaffs3>
            <bm_abroadallowance1>36000.00</bm_abroadallowance1>
            <bm_abroadallowance2>54000.00</bm_abroadallowance2>
            <bm_abroadallowance3>53000.00</bm_abroadallowance3>
            <bm_budgetno>65570050200</bm_budgetno>
            <bm_regionno>43</bm_regionno>
            <bm_country>歐美亞太非洲</bm_country>
            <bm_agency/>
            <bm_cont_text>參加全球衛生安全綱領、亞太經濟合作衛生工作小組或其他重要國際組織舉辦之各項衛生會議及活動，參與國際衛生事務，提升國際能見度。</bm_cont_text>
            <bm_durationfrom>11101</bm_durationfrom>
            <bm_durationto>11112</bm_durationto>
            <bm_days>7</bm_days>
            <bm_persons>2</bm_persons>
            <bm_amt_trans>162000.00</bm_amt_trans>
            <bm_amt_life>91000.00</bm_amt_life>
            <bm_amt_public>21000.00</bm_amt_public>
            <bm_amt_books>0.00</bm_amt_books>
            <bm_amt_flight>0.00</bm_amt_flight>
            <bm_versiondate/>
        </BCTDOUTGO_row>
        <BCTDOUTGO_row>
            <bm_fiscalyear>111</bm_fiscalyear>
            <bm_fundkind>1</bm_fundkind>
            <bm_budgetkind>1</bm_budgetkind>
            <bm_specialbudgetno/>
            <bm_agenno>57005</bm_agenno>
            <bm_agentype>C</bm_agentype>
            <bm_budgetstate>2</bm_budgetstate>
            <bm_abroadplan>1</bm_abroadplan>
            <bm_projtype>2 </bm_projtype>
            <bm_projno>03</bm_projno>
            <bm_abroadplanname>舉辦雙邊或多邊會議或活動</bm_abroadplanname>
            <bm_visitsts>0</bm_visitsts>
            <bm_visitexplain/>
            <bm_dispatchstaffs>0</bm_dispatchstaffs>
            <bm_abroadsite1>日本</bm_abroadsite1>
            <bm_abroadsite2>以色列</bm_abroadsite2>
            <bm_abroadsite3>比利時</bm_abroadsite3>
            <bm_abroadperiod1>10902</bm_abroadperiod1>
            <bm_abroadperiodto1>10902</bm_abroadperiodto1>
            <bm_abroadperiod2>10812</bm_abroadperiod2>
            <bm_abroadperiodto2>10812</bm_abroadperiodto2>
            <bm_abroadperiod3>10809</bm_abroadperiod3>
            <bm_abroadperiodto3>10809</bm_abroadperiodto3>
            <bm_abroadstaffs1>1</bm_abroadstaffs1>
            <bm_abroadstaffs2>1</bm_abroadstaffs2>
            <bm_abroadstaffs3>1</bm_abroadstaffs3>
            <bm_abroadallowance1>21000.00</bm_abroadallowance1>
            <bm_abroadallowance2>149000.00</bm_abroadallowance2>
            <bm_abroadallowance3>172000.00</bm_abroadallowance3>
            <bm_budgetno>65570050200</bm_budgetno>
            <bm_regionno>43</bm_regionno>
            <bm_country>歐美亞太非洲</bm_country>
            <bm_agency/>
            <bm_cont_text>為執行本署與美、英、奧地利及日本等國家簽署之合作協議，並加強與他國防疫單位雙邊合作關係與聯繫，將與渠等國家舉行雙邊或多邊會議或活動，以分享疾病防治資訊與經驗，維持雙邊或多邊合作機制。</bm_cont_text>
            <bm_durationfrom>11101</bm_durationfrom>
            <bm_durationto>11112</bm_durationto>
            <bm_days>6</bm_days>
            <bm_persons>3</bm_persons>
            <bm_amt_trans>200000.00</bm_amt_trans>
            <bm_amt_life>91000.00</bm_amt_life>
            <bm_amt_public>24000.00</bm_amt_public>
            <bm_amt_books>0.00</bm_amt_books>
            <bm_amt_flight>0.00</bm_amt_flight>
            <bm_versiondate/>
        </BCTDOUTGO_row>
        <BCTDOUTGO_row>
            <bm_fiscalyear>111</bm_fiscalyear>
            <bm_fundkind>1</bm_fundkind>
            <bm_budgetkind>1</bm_budgetkind>
            <bm_specialbudgetno/>
            <bm_agenno>57005</bm_agenno>
            <bm_agentype>C</bm_agentype>
            <bm_budgetstate>2</bm_budgetstate>
            <bm_abroadplan>1</bm_abroadplan>
            <bm_projtype>2 </bm_projtype>
            <bm_projno>04</bm_projno>
            <bm_abroadplanname>第24屆世界愛滋病會議</bm_abroadplanname>
            <bm_visitsts>0</bm_visitsts>
            <bm_visitexplain/>
            <bm_dispatchstaffs>0</bm_dispatchstaffs>
            <bm_abroadsite1>荷蘭</bm_abroadsite1>
            <bm_abroadsite2/>
            <bm_abroadsite3/>
            <bm_abroadperiod1>10707</bm_abroadperiod1>
            <bm_abroadperiodto1>10707</bm_abroadperiodto1>
            <bm_abroadperiod2/>
            <bm_abroadperiodto2/>
            <bm_abroadperiod3/>
            <bm_abroadperiodto3/>
            <bm_abroadstaffs1>1</bm_abroadstaffs1>
            <bm_abroadstaffs2>0</bm_abroadstaffs2>
            <bm_abroadstaffs3>0</bm_abroadstaffs3>
            <bm_abroadallowance1>142000.00</bm_abroadallowance1>
            <bm_abroadallowance2>0.00</bm_abroadallowance2>
            <bm_abroadallowance3>0.00</bm_abroadallowance3>
            <bm_budgetno>65570050200</bm_budgetno>
            <bm_regionno>43</bm_regionno>
            <bm_country>歐美亞太非洲</bm_country>
            <bm_agency/>
            <bm_cont_text>本會議每二年舉辦一次，為全球重要之愛滋病會議，由各國愛滋病專家學者發表相關防治策略及最新醫學發展，參加此會議將可以了解國際最新愛滋病資訊，掌握流行趨勢及現況，增進專業職能，以做為訂定我國愛滋病防疫政策之參考。</bm_cont_text>
            <bm_durationfrom>11101</bm_durationfrom>
            <bm_durationto>11112</bm_durationto>
            <bm_days>9</bm_days>
            <bm_persons>1</bm_persons>
            <bm_amt_trans>60000.00</bm_amt_trans>
            <bm_amt_life>60000.00</bm_amt_life>
            <bm_amt_public>20000.00</bm_amt_public>
            <bm_amt_books>0.00</bm_amt_books>
            <bm_amt_flight>0.00</bm_amt_flight>
            <bm_versiondate/>
        </BCTDOUTGO_row>
        <BCTDOUTGO_row>
            <bm_fiscalyear>111</bm_fiscalyear>
            <bm_fundkind>1</bm_fundkind>
            <bm_budgetkind>1</bm_budgetkind>
            <bm_specialbudgetno/>
            <bm_agenno>57005</bm_agenno>
            <bm_agentype>C</bm_agentype>
            <bm_budgetstate>2</bm_budgetstate>
            <bm_abroadplan>1</bm_abroadplan>
            <bm_projtype>2 </bm_projtype>
            <bm_projno>05</bm_projno>
            <bm_abroadplanname>應用傳染病流行病學會議</bm_abroadplanname>
            <bm_visitsts>0</bm_visitsts>
            <bm_visitexplain/>
            <bm_dispatchstaffs>0</bm_dispatchstaffs>
            <bm_abroadsite1>美國</bm_abroadsite1>
            <bm_abroadsite2>寮國</bm_abroadsite2>
            <bm_abroadsite3>美國</bm_abroadsite3>
            <bm_abroadperiod1>10811</bm_abroadperiod1>
            <bm_abroadperiodto1>10811</bm_abroadperiodto1>
            <bm_abroadperiod2>10711</bm_abroadperiod2>
            <bm_abroadperiodto2>10711</bm_abroadperiodto2>
            <bm_abroadperiod3>10604</bm_abroadperiod3>
            <bm_abroadperiodto3>10604</bm_abroadperiodto3>
            <bm_abroadstaffs1>1</bm_abroadstaffs1>
            <bm_abroadstaffs2>2</bm_abroadstaffs2>
            <bm_abroadstaffs3>2</bm_abroadstaffs3>
            <bm_abroadallowance1>121000.00</bm_abroadallowance1>
            <bm_abroadallowance2>113000.00</bm_abroadallowance2>
            <bm_abroadallowance3>123000.00</bm_abroadallowance3>
            <bm_budgetno>65570050200</bm_budgetno>
            <bm_regionno>43</bm_regionno>
            <bm_country>歐美亞太非洲</bm_country>
            <bm_agency/>
            <bm_cont_text>本會議由「流行病學與公共衛生防治訓練網（TEPHINET）」與歐美非區域FETP訓練網絡聯合舉辦，出席會議可與各國家專家建立疫情調查資訊交換平臺．掌握各國疫情現況，並透過該會議參與全球衛生安全行動，鞏固我國會籍。</bm_cont_text>
            <bm_durationfrom>11101</bm_durationfrom>
            <bm_durationto>11112</bm_durationto>
            <bm_days>7</bm_days>
            <bm_persons>1</bm_persons>
            <bm_amt_trans>80000.00</bm_amt_trans>
            <bm_amt_life>46000.00</bm_amt_life>
            <bm_amt_public>40000.00</bm_amt_public>
            <bm_amt_books>0.00</bm_amt_books>
            <bm_amt_flight>0.00</bm_amt_flight>
            <bm_versiondate/>
        </BCTDOUTGO_row>
        <BCTDOUTGO_row>
            <bm_fiscalyear>111</bm_fiscalyear>
            <bm_fundkind>1</bm_fundkind>
            <bm_budgetkind>1</bm_budgetkind>
            <bm_specialbudgetno/>
            <bm_agenno>57005</bm_agenno>
            <bm_agentype>C</bm_agentype>
            <bm_budgetstate>2</bm_budgetstate>
            <bm_abroadplan>1</bm_abroadplan>
            <bm_projtype>2 </bm_projtype>
            <bm_projno>06</bm_projno>
            <bm_abroadplanname>與新南向國家或與第三國合作於新南向國家辦理傳染病防治計畫</bm_abroadplanname>
            <bm_visitsts/>
            <bm_visitexplain/>
            <bm_dispatchstaffs>0</bm_dispatchstaffs>
            <bm_abroadsite1/>
            <bm_abroadsite2/>
            <bm_abroadsite3/>
            <bm_abroadperiod1/>
            <bm_abroadperiodto1/>
            <bm_abroadperiod2/>
            <bm_abroadperiodto2/>
            <bm_abroadperiod3/>
            <bm_abroadperiodto3/>
            <bm_abroadstaffs1>0</bm_abroadstaffs1>
            <bm_abroadstaffs2>0</bm_abroadstaffs2>
            <bm_abroadstaffs3>0</bm_abroadstaffs3>
            <bm_abroadallowance1>0.00</bm_abroadallowance1>
            <bm_abroadallowance2>0.00</bm_abroadallowance2>
            <bm_abroadallowance3>0.00</bm_abroadallowance3>
            <bm_budgetno>65570050200</bm_budgetno>
            <bm_regionno>43</bm_regionno>
            <bm_country>歐美亞太</bm_country>
            <bm_agency/>
            <bm_cont_text>配合政府新南向政策，與新南向國家或與第三國合作於新南向國家進行傳染病防治實務或研究合作，辦理傳染病之防治策略、流行病學調查、病原鑑別診斷及數位科技運用等相關訓練營或研討會，提升新南向國家傳染病防治量能，並加強國際合作。</bm_cont_text>
            <bm_durationfrom>11101</bm_durationfrom>
            <bm_durationto>11112</bm_durationto>
            <bm_days>9</bm_days>
            <bm_persons>9</bm_persons>
            <bm_amt_trans>173000.00</bm_amt_trans>
            <bm_amt_life>300000.00</bm_amt_life>
            <bm_amt_public>25000.00</bm_amt_public>
            <bm_amt_books>0.00</bm_amt_books>
            <bm_amt_flight>0.00</bm_amt_flight>
            <bm_versiondate/>
        </BCTDOUTGO_row>
    </BCTDOUTGO>
</tables>
