<?xml version="1.0" encoding="UTF-8"?>
<tables>
    <BCME3470>
        <BCME3470_row>
            <budgetno>00570000000</budgetno>
            <budgetname>衛生福利部主管</budgetname>
            <damt1>0.000000</damt1>
            <damt2>173618.000000</damt2>
            <damt3>0.000000</damt3>
            <damt4>13207.000000</damt4>
            <damt5>0.000000</damt5>
            <damt6>63397.000000</damt6>
            <damt7>13121.000000</damt7>
            <damt8>0.000000</damt8>
            <damt9>0.000000</damt9>
            <damt10>11783.000000</damt10>
            <damt11>275126.000000</damt11>
            <no1>19</no1>
            <no2>00</no2>
            <no3>00</no3>
            <no4>00</no4>
            <budgetno_conver>0057000000</budgetno_conver>
            <b_level>1</b_level>
        </BCME3470_row>
        <BCME3470_row>
            <budgetno>00570050000</budgetno>
            <budgetname>疾病管制署</budgetname>
            <damt1>0.000000</damt1>
            <damt2>173618.000000</damt2>
            <damt3>0.000000</damt3>
            <damt4>13207.000000</damt4>
            <damt5>0.000000</damt5>
            <damt6>63397.000000</damt6>
            <damt7>13121.000000</damt7>
            <damt8>0.000000</damt8>
            <damt9>0.000000</damt9>
            <damt10>11783.000000</damt10>
            <damt11>275126.000000</damt11>
            <no1>19</no1>
            <no2>02</no2>
            <no3>00</no3>
            <no4>00</no4>
            <budgetno_conver>0057050000</budgetno_conver>
            <b_level>2</b_level>
        </BCME3470_row>
        <BCME3470_row>
            <budgetno>52570050000</budgetno>
            <budgetname>科學支出</budgetname>
            <damt1>0.000000</damt1>
            <damt2>0.000000</damt2>
            <damt3>0.000000</damt3>
            <damt4>875.000000</damt4>
            <damt5>0.000000</damt5>
            <damt6>31166.000000</damt6>
            <damt7>227.000000</damt7>
            <damt8>0.000000</damt8>
            <damt9>0.000000</damt9>
            <damt10>0.000000</damt10>
            <damt11>32268.000000</damt11>
            <no1>19</no1>
            <no2/>
            <no3/>
            <no4/>
            <budgetno_conver>5257050000</budgetno_conver>
            <b_level>2</b_level>
        </BCME3470_row>
        <BCME3470_row>
            <budgetno>52570050400</budgetno>
            <budgetname>科技業務</budgetname>
            <damt1>0.000000</damt1>
            <damt2>0.000000</damt2>
            <damt3>0.000000</damt3>
            <damt4>875.000000</damt4>
            <damt5>0.000000</damt5>
            <damt6>31166.000000</damt6>
            <damt7>227.000000</damt7>
            <damt8>0.000000</damt8>
            <damt9>0.000000</damt9>
            <damt10>0.000000</damt10>
            <damt11>32268.000000</damt11>
            <no1>19</no1>
            <no2>02</no2>
            <no3>01</no3>
            <no4>00</no4>
            <budgetno_conver>5257050400</budgetno_conver>
            <b_level>3</b_level>
        </BCME3470_row>
        <BCME3470_row>
            <budgetno>65570050000</budgetno>
            <budgetname>醫療保健支出</budgetname>
            <damt1>0.000000</damt1>
            <damt2>173618.000000</damt2>
            <damt3>0.000000</damt3>
            <damt4>12332.000000</damt4>
            <damt5>0.000000</damt5>
            <damt6>32231.000000</damt6>
            <damt7>12894.000000</damt7>
            <damt8>0.000000</damt8>
            <damt9>0.000000</damt9>
            <damt10>11783.000000</damt10>
            <damt11>242858.000000</damt11>
            <no1>19</no1>
            <no2/>
            <no3/>
            <no4/>
            <budgetno_conver>6557050000</budgetno_conver>
            <b_level>2</b_level>
        </BCME3470_row>
        <BCME3470_row>
            <budgetno>65570050100</budgetno>
            <budgetname>一般行政</budgetname>
            <damt1>0.000000</damt1>
            <damt2>0.000000</damt2>
            <damt3>0.000000</damt3>
            <damt4>0.000000</damt4>
            <damt5>0.000000</damt5>
            <damt6>0.000000</damt6>
            <damt7>1582.000000</damt7>
            <damt8>0.000000</damt8>
            <damt9>0.000000</damt9>
            <damt10>0.000000</damt10>
            <damt11>1582.000000</damt11>
            <no1>19</no1>
            <no2>02</no2>
            <no3>02</no3>
            <no4>00</no4>
            <budgetno_conver>6557050100</budgetno_conver>
            <b_level>3</b_level>
        </BCME3470_row>
        <BCME3470_row>
            <budgetno>65570050200</budgetno>
            <budgetname>防疫業務</budgetname>
            <damt1>0.000000</damt1>
            <damt2>0.000000</damt2>
            <damt3>0.000000</damt3>
            <damt4>12332.000000</damt4>
            <damt5>0.000000</damt5>
            <damt6>32231.000000</damt6>
            <damt7>11312.000000</damt7>
            <damt8>0.000000</damt8>
            <damt9>0.000000</damt9>
            <damt10>11783.000000</damt10>
            <damt11>67658.000000</damt11>
            <no1>19</no1>
            <no2>02</no2>
            <no3>03</no3>
            <no4>00</no4>
            <budgetno_conver>6557050200</budgetno_conver>
            <b_level>3</b_level>
        </BCME3470_row>
        <BCME3470_row>
            <budgetno>65570059000</budgetno>
            <budgetname>一般建築及設備</budgetname>
            <damt1>0.000000</damt1>
            <damt2>173618.000000</damt2>
            <damt3>0.000000</damt3>
            <damt4>0.000000</damt4>
            <damt5>0.000000</damt5>
            <damt6>0.000000</damt6>
            <damt7>0.000000</damt7>
            <damt8>0.000000</damt8>
            <damt9>0.000000</damt9>
            <damt10>0.000000</damt10>
            <damt11>173618.000000</damt11>
            <no1>19</no1>
            <no2>02</no2>
            <no3>04</no3>
            <no4>00</no4>
            <budgetno_conver>6557059000</budgetno_conver>
            <b_level>3</b_level>
        </BCME3470_row>
        <BCME3470_row>
            <budgetno>65570059002</budgetno>
            <budgetname>營建工程</budgetname>
            <damt1>0.000000</damt1>
            <damt2>173618.000000</damt2>
            <damt3>0.000000</damt3>
            <damt4>0.000000</damt4>
            <damt5>0.000000</damt5>
            <damt6>0.000000</damt6>
            <damt7>0.000000</damt7>
            <damt8>0.000000</damt8>
            <damt9>0.000000</damt9>
            <damt10>0.000000</damt10>
            <damt11>173618.000000</damt11>
            <no1>19</no1>
            <no2>02</no2>
            <no3>04</no3>
            <no4>01</no4>
            <budgetno_conver>6557059002</budgetno_conver>
            <b_level>4</b_level>
        </BCME3470_row>
    </BCME3470>
</tables>
