<?xml version="1.0" encoding="UTF-8"?>
<GenericData>
　　<Header>
　　　　<Table Id="FNGAUSE" Name="各項費用彙計表" Domain="SFUND" />
　　　　<Program Id="FNGBRB0100_A" />
　　　　<Sender Name="預防接種受害救濟基金" />
　　　　<報表名稱>各項費用彙計表</報表名稱>
　　　　<年度>109</年度>
　　　　<基金>預防接種受害救濟基金</基金>
　　　　<階段>法定預算</階段>
　　　　<版本>1</版本>
　　　　<單位>新臺幣千元</單位>
　　</Header>
　　<DataSet>
　　　　<ROW>
　　　　　　<SEQNO>1</SEQNO>
　　　　　　<LEVEL>1</LEVEL>
　　　　　　<BOLD>1</BOLD>
　　　　　　<前年度決算數>7</前年度決算數>
　　　　　　<上年度預算數>7</上年度預算數>
　　　　　　<科目名稱>用人費用</科目名稱>
　　　　　　<合計>7</合計>
　　　　　　<一般行政管理計畫>7</一般行政管理計畫>
　　　　</ROW>
　　　　<ROW>
　　　　　　<SEQNO>2</SEQNO>
　　　　　　<LEVEL>2</LEVEL>
　　　　　　<BOLD>0</BOLD>
　　　　　　<前年度決算數>7</前年度決算數>
　　　　　　<上年度預算數>7</上年度預算數>
　　　　　　<科目名稱>超時工作報酬</科目名稱>
　　　　　　<合計>7</合計>
　　　　　　<一般行政管理計畫>7</一般行政管理計畫>
　　　　</ROW>
　　　　<ROW>
　　　　　　<SEQNO>3</SEQNO>
　　　　　　<LEVEL>3</LEVEL>
　　　　　　<BOLD>0</BOLD>
　　　　　　<前年度決算數>7</前年度決算數>
　　　　　　<上年度預算數>7</上年度預算數>
　　　　　　<科目名稱>加班費</科目名稱>
　　　　　　<合計>7</合計>
　　　　　　<一般行政管理計畫>7</一般行政管理計畫>
　　　　</ROW>
　　　　<ROW>
　　　　　　<SEQNO>4</SEQNO>
　　　　　　<LEVEL>1</LEVEL>
　　　　　　<BOLD>1</BOLD>
　　　　　　<前年度決算數>5952</前年度決算數>
　　　　　　<上年度預算數>6784</上年度預算數>
　　　　　　<科目名稱>服務費用</科目名稱>
　　　　　　<合計>6665</合計>
　　　　　　<預防接種受害救濟給付計畫>5544</預防接種受害救濟給付計畫>
　　　　　　<一般行政管理計畫>1121</一般行政管理計畫>
　　　　</ROW>
　　　　<ROW>
　　　　　　<SEQNO>5</SEQNO>
　　　　　　<LEVEL>2</LEVEL>
　　　　　　<BOLD>0</BOLD>
　　　　　　<前年度決算數>114</前年度決算數>
　　　　　　<上年度預算數>114</上年度預算數>
　　　　　　<科目名稱>水電費</科目名稱>
　　　　　　<合計>114</合計>
　　　　　　<一般行政管理計畫>114</一般行政管理計畫>
　　　　</ROW>
　　　　<ROW>
　　　　　　<SEQNO>6</SEQNO>
　　　　　　<LEVEL>3</LEVEL>
　　　　　　<BOLD>0</BOLD>
　　　　　　<前年度決算數>114</前年度決算數>
　　　　　　<上年度預算數>114</上年度預算數>
　　　　　　<科目名稱>工作場所電費</科目名稱>
　　　　　　<合計>114</合計>
　　　　　　<一般行政管理計畫>114</一般行政管理計畫>
　　　　</ROW>
　　　　<ROW>
　　　　　　<SEQNO>7</SEQNO>
　　　　　　<LEVEL>2</LEVEL>
　　　　　　<BOLD>0</BOLD>
　　　　　　<前年度決算數>60</前年度決算數>
　　　　　　<上年度預算數>60</上年度預算數>
　　　　　　<科目名稱>郵電費</科目名稱>
　　　　　　<合計>60</合計>
　　　　　　<一般行政管理計畫>60</一般行政管理計畫>
　　　　</ROW>
　　　　<ROW>
　　　　　　<SEQNO>8</SEQNO>
　　　　　　<LEVEL>3</LEVEL>
　　　　　　<BOLD>0</BOLD>
　　　　　　<前年度決算數 />
　　　　　　<上年度預算數>16</上年度預算數>
　　　　　　<科目名稱>郵費</科目名稱>
　　　　　　<合計>1</合計>
　　　　　　<一般行政管理計畫>1</一般行政管理計畫>
　　　　</ROW>
　　　　<ROW>
　　　　　　<SEQNO>9</SEQNO>
　　　　　　<LEVEL>3</LEVEL>
　　　　　　<BOLD>0</BOLD>
　　　　　　<前年度決算數>60</前年度決算數>
　　　　　　<上年度預算數>44</上年度預算數>
　　　　　　<科目名稱>電話費</科目名稱>
　　　　　　<合計>59</合計>
　　　　　　<一般行政管理計畫>59</一般行政管理計畫>
　　　　</ROW>
　　　　<ROW>
　　　　　　<SEQNO>10</SEQNO>
　　　　　　<LEVEL>2</LEVEL>
　　　　　　<BOLD>0</BOLD>
　　　　　　<前年度決算數>143</前年度決算數>
　　　　　　<上年度預算數>397</上年度預算數>
　　　　　　<科目名稱>旅運費</科目名稱>
　　　　　　<合計>285</合計>
　　　　　　<預防接種受害救濟給付計畫>285</預防接種受害救濟給付計畫>
　　　　</ROW>
　　　　<ROW>
　　　　　　<SEQNO>11</SEQNO>
　　　　　　<LEVEL>3</LEVEL>
　　　　　　<BOLD>0</BOLD>
　　　　　　<前年度決算數>3</前年度決算數>
　　　　　　<上年度預算數>20</上年度預算數>
　　　　　　<科目名稱>國內旅費</科目名稱>
　　　　　　<合計>20</合計>
　　　　　　<預防接種受害救濟給付計畫>20</預防接種受害救濟給付計畫>
　　　　</ROW>
　　　　<ROW>
　　　　　　<SEQNO>12</SEQNO>
　　　　　　<LEVEL>3</LEVEL>
　　　　　　<BOLD>0</BOLD>
　　　　　　<前年度決算數>136</前年度決算數>
　　　　　　<上年度預算數>372</上年度預算數>
　　　　　　<科目名稱>國外旅費</科目名稱>
　　　　　　<合計>260</合計>
　　　　　　<預防接種受害救濟給付計畫>260</預防接種受害救濟給付計畫>
　　　　</ROW>
　　　　<ROW>
　　　　　　<SEQNO>13</SEQNO>
　　　　　　<LEVEL>3</LEVEL>
　　　　　　<BOLD>0</BOLD>
　　　　　　<前年度決算數>3</前年度決算數>
　　　　　　<上年度預算數>5</上年度預算數>
　　　　　　<科目名稱>貨物運費</科目名稱>
　　　　　　<合計>5</合計>
　　　　　　<預防接種受害救濟給付計畫>5</預防接種受害救濟給付計畫>
　　　　</ROW>
　　　　<ROW>
　　　　　　<SEQNO>14</SEQNO>
　　　　　　<LEVEL>2</LEVEL>
　　　　　　<BOLD>0</BOLD>
　　　　　　<前年度決算數>80</前年度決算數>
　　　　　　<上年度預算數>280</上年度預算數>
　　　　　　<科目名稱>印刷裝訂與廣告費</科目名稱>
　　　　　　<合計>165</合計>
　　　　　　<預防接種受害救濟給付計畫>100</預防接種受害救濟給付計畫>
　　　　　　<一般行政管理計畫>65</一般行政管理計畫>
　　　　</ROW>
　　　　<ROW>
　　　　　　<SEQNO>15</SEQNO>
　　　　　　<LEVEL>3</LEVEL>
　　　　　　<BOLD>0</BOLD>
　　　　　　<前年度決算數>80</前年度決算數>
　　　　　　<上年度預算數>70</上年度預算數>
　　　　　　<科目名稱>印刷及裝訂費</科目名稱>
　　　　　　<合計>70</合計>
　　　　　　<預防接種受害救濟給付計畫>5</預防接種受害救濟給付計畫>
　　　　　　<一般行政管理計畫>65</一般行政管理計畫>
　　　　</ROW>
　　　　<ROW>
　　　　　　<SEQNO>16</SEQNO>
　　　　　　<LEVEL>3</LEVEL>
　　　　　　<BOLD>0</BOLD>
　　　　　　<前年度決算數 />
　　　　　　<上年度預算數>210</上年度預算數>
　　　　　　<科目名稱>業務宣導費</科目名稱>
　　　　　　<合計>95</合計>
　　　　　　<預防接種受害救濟給付計畫>95</預防接種受害救濟給付計畫>
　　　　</ROW>
　　　　<ROW>
　　　　　　<SEQNO>17</SEQNO>
　　　　　　<LEVEL>2</LEVEL>
　　　　　　<BOLD>0</BOLD>
　　　　　　<前年度決算數 />
　　　　　　<上年度預算數>20</上年度預算數>
　　　　　　<科目名稱>修理保養及保固費</科目名稱>
　　　　　　<合計>20</合計>
　　　　　　<一般行政管理計畫>20</一般行政管理計畫>
　　　　</ROW>
　　　　<ROW>
　　　　　　<SEQNO>18</SEQNO>
　　　　　　<LEVEL>3</LEVEL>
　　　　　　<BOLD>0</BOLD>
　　　　　　<前年度決算數 />
　　　　　　<上年度預算數>10</上年度預算數>
　　　　　　<科目名稱>機械及設備修護費</科目名稱>
　　　　　　<合計>10</合計>
　　　　　　<一般行政管理計畫>10</一般行政管理計畫>
　　　　</ROW>
　　　　<ROW>
　　　　　　<SEQNO>19</SEQNO>
　　　　　　<LEVEL>3</LEVEL>
　　　　　　<BOLD>0</BOLD>
　　　　　　<前年度決算數 />
　　　　　　<上年度預算數>10</上年度預算數>
　　　　　　<科目名稱>雜項設備修護費</科目名稱>
　　　　　　<合計>10</合計>
　　　　　　<一般行政管理計畫>10</一般行政管理計畫>
　　　　</ROW>
　　　　<ROW>
　　　　　　<SEQNO>20</SEQNO>
　　　　　　<LEVEL>2</LEVEL>
　　　　　　<BOLD>0</BOLD>
　　　　　　<前年度決算數>1077</前年度決算數>
　　　　　　<上年度預算數>1176</上年度預算數>
　　　　　　<科目名稱>一般服務費</科目名稱>
　　　　　　<合計>1284</合計>
　　　　　　<預防接種受害救濟給付計畫>607</預防接種受害救濟給付計畫>
　　　　　　<一般行政管理計畫>677</一般行政管理計畫>
　　　　</ROW>
　　　　<ROW>
　　　　　　<SEQNO>21</SEQNO>
　　　　　　<LEVEL>3</LEVEL>
　　　　　　<BOLD>0</BOLD>
　　　　　　<前年度決算數>1</前年度決算數>
　　　　　　<上年度預算數>3</上年度預算數>
　　　　　　<科目名稱>佣金、匯費、經理費及手續費</科目名稱>
　　　　　　<合計>3</合計>
　　　　　　<一般行政管理計畫>3</一般行政管理計畫>
　　　　</ROW>
　　　　<ROW>
　　　　　　<SEQNO>22</SEQNO>
　　　　　　<LEVEL>3</LEVEL>
　　　　　　<BOLD>0</BOLD>
　　　　　　<前年度決算數>543</前年度決算數>
　　　　　　<上年度預算數>565</上年度預算數>
　　　　　　<科目名稱>外包費</科目名稱>
　　　　　　<合計 />
　　　　　　<一般行政管理計畫 />
　　　　</ROW>
　　　　<ROW>
　　　　　　<SEQNO>23</SEQNO>
　　　　　　<LEVEL>3</LEVEL>
　　　　　　<BOLD>0</BOLD>
　　　　　　<前年度決算數 />
　　　　　　<上年度預算數>1</上年度預算數>
　　　　　　<科目名稱>計時與計件人員酬金</科目名稱>
　　　　　　<合計>674</合計>
　　　　　　<一般行政管理計畫>674</一般行政管理計畫>
　　　　</ROW>
　　　　<ROW>
　　　　　　<SEQNO>24</SEQNO>
　　　　　　<LEVEL>3</LEVEL>
　　　　　　<BOLD>0</BOLD>
　　　　　　<前年度決算數>532</前年度決算數>
　　　　　　<上年度預算數>607</上年度預算數>
　　　　　　<科目名稱>替代役待遇及給與</科目名稱>
　　　　　　<合計>607</合計>
　　　　　　<預防接種受害救濟給付計畫>607</預防接種受害救濟給付計畫>
　　　　</ROW>
　　　　<ROW>
　　　　　　<SEQNO>25</SEQNO>
　　　　　　<LEVEL>2</LEVEL>
　　　　　　<BOLD>0</BOLD>
　　　　　　<前年度決算數>4479</前年度決算數>
　　　　　　<上年度預算數>4737</上年度預算數>
　　　　　　<科目名稱>專業服務費</科目名稱>
　　　　　　<合計>4737</合計>
　　　　　　<預防接種受害救濟給付計畫>4552</預防接種受害救濟給付計畫>
　　　　　　<一般行政管理計畫>185</一般行政管理計畫>
　　　　</ROW>
　　　　<ROW>
　　　　　　<SEQNO>26</SEQNO>
　　　　　　<LEVEL>3</LEVEL>
　　　　　　<BOLD>0</BOLD>
　　　　　　<前年度決算數>39</前年度決算數>
　　　　　　<上年度預算數>500</上年度預算數>
　　　　　　<科目名稱>法律事務費</科目名稱>
　　　　　　<合計>500</合計>
　　　　　　<預防接種受害救濟給付計畫>500</預防接種受害救濟給付計畫>
　　　　</ROW>
　　　　<ROW>
　　　　　　<SEQNO>27</SEQNO>
　　　　　　<LEVEL>3</LEVEL>
　　　　　　<BOLD>0</BOLD>
　　　　　　<前年度決算數>1155</前年度決算數>
　　　　　　<上年度預算數>1277</上年度預算數>
　　　　　　<科目名稱>講課鐘點、稿費、出席審查及查詢費</科目名稱>
　　　　　　<合計>1277</合計>
　　　　　　<預防接種受害救濟給付計畫>1252</預防接種受害救濟給付計畫>
　　　　　　<一般行政管理計畫>25</一般行政管理計畫>
　　　　</ROW>
　　　　<ROW>
　　　　　　<SEQNO>28</SEQNO>
　　　　　　<LEVEL>3</LEVEL>
　　　　　　<BOLD>0</BOLD>
　　　　　　<前年度決算數>735</前年度決算數>
　　　　　　<上年度預算數 />
　　　　　　<科目名稱>委託調查研究費</科目名稱>
　　　　　　<合計 />
　　　　　　<預防接種受害救濟給付計畫 />
　　　　</ROW>
　　　　<ROW>
　　　　　　<SEQNO>29</SEQNO>
　　　　　　<LEVEL>3</LEVEL>
　　　　　　<BOLD>0</BOLD>
　　　　　　<前年度決算數>160</前年度決算數>
　　　　　　<上年度預算數>160</上年度預算數>
　　　　　　<科目名稱>電腦軟體服務費</科目名稱>
　　　　　　<合計>160</合計>
　　　　　　<一般行政管理計畫>160</一般行政管理計畫>
　　　　</ROW>
　　　　<ROW>
　　　　　　<SEQNO>30</SEQNO>
　　　　　　<LEVEL>3</LEVEL>
　　　　　　<BOLD>0</BOLD>
　　　　　　<前年度決算數>2390</前年度決算數>
　　　　　　<上年度預算數>2800</上年度預算數>
　　　　　　<科目名稱>其他專業服務費</科目名稱>
　　　　　　<合計>2800</合計>
　　　　　　<預防接種受害救濟給付計畫>2800</預防接種受害救濟給付計畫>
　　　　</ROW>
　　　　<ROW>
　　　　　　<SEQNO>31</SEQNO>
　　　　　　<LEVEL>1</LEVEL>
　　　　　　<BOLD>1</BOLD>
　　　　　　<前年度決算數>13</前年度決算數>
　　　　　　<上年度預算數>30</上年度預算數>
　　　　　　<科目名稱>材料及用品費</科目名稱>
　　　　　　<合計>30</合計>
　　　　　　<預防接種受害救濟給付計畫>15</預防接種受害救濟給付計畫>
　　　　　　<一般行政管理計畫>15</一般行政管理計畫>
　　　　</ROW>
　　　　<ROW>
　　　　　　<SEQNO>32</SEQNO>
　　　　　　<LEVEL>2</LEVEL>
　　　　　　<BOLD>0</BOLD>
　　　　　　<前年度決算數>13</前年度決算數>
　　　　　　<上年度預算數>30</上年度預算數>
　　　　　　<科目名稱>用品消耗</科目名稱>
　　　　　　<合計>30</合計>
　　　　　　<預防接種受害救濟給付計畫>15</預防接種受害救濟給付計畫>
　　　　　　<一般行政管理計畫>15</一般行政管理計畫>
　　　　</ROW>
　　　　<ROW>
　　　　　　<SEQNO>33</SEQNO>
　　　　　　<LEVEL>3</LEVEL>
　　　　　　<BOLD>0</BOLD>
　　　　　　<前年度決算數 />
　　　　　　<上年度預算數>30</上年度預算數>
　　　　　　<科目名稱>辦公（事務）用品</科目名稱>
　　　　　　<合計>30</合計>
　　　　　　<預防接種受害救濟給付計畫>15</預防接種受害救濟給付計畫>
　　　　　　<一般行政管理計畫>15</一般行政管理計畫>
　　　　</ROW>
　　　　<ROW>
　　　　　　<SEQNO>34</SEQNO>
　　　　　　<LEVEL>3</LEVEL>
　　　　　　<BOLD>0</BOLD>
　　　　　　<前年度決算數>12</前年度決算數>
　　　　　　<上年度預算數 />
　　　　　　<科目名稱>食品</科目名稱>
　　　　　　<合計 />
　　　　　　<預防接種受害救濟給付計畫 />
　　　　</ROW>
　　　　<ROW>
　　　　　　<SEQNO>35</SEQNO>
　　　　　　<LEVEL>3</LEVEL>
　　　　　　<BOLD>0</BOLD>
　　　　　　<前年度決算數>1</前年度決算數>
　　　　　　<上年度預算數 />
　　　　　　<科目名稱>其他用品消耗</科目名稱>
　　　　　　<合計 />
　　　　　　<一般行政管理計畫 />
　　　　</ROW>
　　　　<ROW>
　　　　　　<SEQNO>36</SEQNO>
　　　　　　<LEVEL>1</LEVEL>
　　　　　　<BOLD>1</BOLD>
　　　　　　<前年度決算數 />
　　　　　　<上年度預算數 />
　　　　　　<科目名稱>購建固定資產、無形資產及非理財目的之長期投資</科目名稱>
　　　　　　<合計>3000</合計>
　　　　　　<一般行政管理計畫>3000</一般行政管理計畫>
　　　　</ROW>
　　　　<ROW>
　　　　　　<SEQNO>37</SEQNO>
　　　　　　<LEVEL>2</LEVEL>
　　　　　　<BOLD>0</BOLD>
　　　　　　<前年度決算數 />
　　　　　　<上年度預算數 />
　　　　　　<科目名稱>購建固定資產</科目名稱>
　　　　　　<合計>1500</合計>
　　　　　　<一般行政管理計畫>1500</一般行政管理計畫>
　　　　</ROW>
　　　　<ROW>
　　　　　　<SEQNO>38</SEQNO>
　　　　　　<LEVEL>3</LEVEL>
　　　　　　<BOLD>0</BOLD>
　　　　　　<前年度決算數 />
　　　　　　<上年度預算數 />
　　　　　　<科目名稱>購置機械及設備</科目名稱>
　　　　　　<合計>1500</合計>
　　　　　　<一般行政管理計畫>1500</一般行政管理計畫>
　　　　</ROW>
　　　　<ROW>
　　　　　　<SEQNO>39</SEQNO>
　　　　　　<LEVEL>2</LEVEL>
　　　　　　<BOLD>0</BOLD>
　　　　　　<前年度決算數 />
　　　　　　<上年度預算數 />
　　　　　　<科目名稱>購置無形資產</科目名稱>
　　　　　　<合計>1500</合計>
　　　　　　<一般行政管理計畫>1500</一般行政管理計畫>
　　　　</ROW>
　　　　<ROW>
　　　　　　<SEQNO>40</SEQNO>
　　　　　　<LEVEL>3</LEVEL>
　　　　　　<BOLD>0</BOLD>
　　　　　　<前年度決算數 />
　　　　　　<上年度預算數 />
　　　　　　<科目名稱>購置電腦軟體</科目名稱>
　　　　　　<合計>1500</合計>
　　　　　　<一般行政管理計畫>1500</一般行政管理計畫>
　　　　</ROW>
　　　　<ROW>
　　　　　　<SEQNO>41</SEQNO>
　　　　　　<LEVEL>1</LEVEL>
　　　　　　<BOLD>1</BOLD>
　　　　　　<前年度決算數>4250</前年度決算數>
　　　　　　<上年度預算數>9850</上年度預算數>
　　　　　　<科目名稱>會費、捐助、補助、分攤、照護、救濟與交流活動費</科目名稱>
　　　　　　<合計>9750</合計>
　　　　　　<預防接種受害救濟給付計畫>9750</預防接種受害救濟給付計畫>
　　　　</ROW>
　　　　<ROW>
　　　　　　<SEQNO>42</SEQNO>
　　　　　　<LEVEL>2</LEVEL>
　　　　　　<BOLD>0</BOLD>
　　　　　　<前年度決算數>4250</前年度決算數>
　　　　　　<上年度預算數>9850</上年度預算數>
　　　　　　<科目名稱>補貼、獎勵、慰問、照護與救濟</科目名稱>
　　　　　　<合計>9750</合計>
　　　　　　<預防接種受害救濟給付計畫>9750</預防接種受害救濟給付計畫>
　　　　</ROW>
　　　　<ROW>
　　　　　　<SEQNO>43</SEQNO>
　　　　　　<LEVEL>3</LEVEL>
　　　　　　<BOLD>0</BOLD>
　　　　　　<前年度決算數>4250</前年度決算數>
　　　　　　<上年度預算數>9850</上年度預算數>
　　　　　　<科目名稱>醫療衛生受害救濟給付</科目名稱>
　　　　　　<合計>9750</合計>
　　　　　　<預防接種受害救濟給付計畫>9750</預防接種受害救濟給付計畫>
　　　　</ROW>
　　　　<ROW>
　　　　　　<SEQNO>44</SEQNO>
　　　　　　<LEVEL>1</LEVEL>
　　　　　　<BOLD>1</BOLD>
　　　　　　<前年度決算數>10222</前年度決算數>
　　　　　　<上年度預算數>16671</上年度預算數>
　　　　　　<科目名稱>合計</科目名稱>
　　　　　　<合計>19452</合計>
　　　　　　<預防接種受害救濟給付計畫>15309</預防接種受害救濟給付計畫>
　　　　　　<一般行政管理計畫>4143</一般行政管理計畫>
　　　　</ROW>
　　</DataSet>
</GenericData>

