<?xml version="1.0" encoding="UTF-8"?>
<GenericData>
　　<Header>
　　　　<Table Id="fngbeffect" Name="５年來主要業務計畫分析表" Domain="SFUND" />
　　　　<Program Id="FNGBRB0070_A" />
　　　　<Sender Name="預防接種受害救濟基金" />
　　　　<報表名稱>５年來主要業務計畫分析表</報表名稱>
　　　　<年度>109</年度>
　　　　<基金>預防接種受害救濟基金</基金>
　　　　<階段>法定預算</階段>
　　　　<版本>1</版本>
　　　　<單位>新臺幣千元</單位>
　　</Header>
　　<DataSet>
　　　　<ROW>
　　　　　　<SEQNO>1</SEQNO>
　　　　　　<LEVEL>1</LEVEL>
　　　　　　<BOLD>1</BOLD>
　　　　　　<年度及項目>本年度預算數</年度及項目>
　　　　　　<單位 />
　　　　　　<數量 />
　　　　　　<單位成本或平均利率 />
　　　　　　<預算數>15309</預算數>
　　　　　　<說明 />
　　　　</ROW>
　　　　<ROW>
　　　　　　<SEQNO>2</SEQNO>
　　　　　　<LEVEL>2</LEVEL>
　　　　　　<BOLD>0</BOLD>
　　　　　　<年度及項目>預防接種受害救濟給付計畫</年度及項目>
　　　　　　<單位 />
　　　　　　<數量 />
　　　　　　<單位成本或平均利率 />
　　　　　　<預算數>15309</預算數>
　　　　　　<說明 />
　　　　</ROW>
　　　　<ROW>
　　　　　　<SEQNO>3</SEQNO>
　　　　　　<LEVEL>1</LEVEL>
　　　　　　<BOLD>1</BOLD>
　　　　　　<年度及項目>上年度預算數</年度及項目>
　　　　　　<單位 />
　　　　　　<數量 />
　　　　　　<單位成本或平均利率 />
　　　　　　<預算數>15636</預算數>
　　　　　　<說明 />
　　　　</ROW>
　　　　<ROW>
　　　　　　<SEQNO>4</SEQNO>
　　　　　　<LEVEL>2</LEVEL>
　　　　　　<BOLD>0</BOLD>
　　　　　　<年度及項目>預防接種受害救濟給付計畫</年度及項目>
　　　　　　<單位 />
　　　　　　<數量 />
　　　　　　<單位成本或平均利率 />
　　　　　　<預算數>15636</預算數>
　　　　　　<說明 />
　　　　</ROW>
　　　　<ROW>
　　　　　　<SEQNO>5</SEQNO>
　　　　　　<LEVEL>1</LEVEL>
　　　　　　<BOLD>1</BOLD>
　　　　　　<年度及項目>前年度決算數</年度及項目>
　　　　　　<單位 />
　　　　　　<數量 />
　　　　　　<單位成本或平均利率 />
　　　　　　<預算數>9265</預算數>
　　　　　　<說明 />
　　　　</ROW>
　　　　<ROW>
　　　　　　<SEQNO>6</SEQNO>
　　　　　　<LEVEL>2</LEVEL>
　　　　　　<BOLD>0</BOLD>
　　　　　　<年度及項目>預防接種受害救濟給付計畫</年度及項目>
　　　　　　<單位 />
　　　　　　<數量 />
　　　　　　<單位成本或平均利率 />
　　　　　　<預算數>9265</預算數>
　　　　　　<說明 />
　　　　</ROW>
　　　　<ROW>
　　　　　　<SEQNO>7</SEQNO>
　　　　　　<LEVEL>1</LEVEL>
　　　　　　<BOLD>1</BOLD>
　　　　　　<年度及項目>106年度決算數</年度及項目>
　　　　　　<單位 />
　　　　　　<數量 />
　　　　　　<單位成本或平均利率 />
　　　　　　<預算數>11815</預算數>
　　　　　　<說明 />
　　　　</ROW>
　　　　<ROW>
　　　　　　<SEQNO>8</SEQNO>
　　　　　　<LEVEL>2</LEVEL>
　　　　　　<BOLD>0</BOLD>
　　　　　　<年度及項目>預防接種受害救濟給付計畫</年度及項目>
　　　　　　<單位 />
　　　　　　<數量 />
　　　　　　<單位成本或平均利率 />
　　　　　　<預算數>11815</預算數>
　　　　　　<說明 />
　　　　</ROW>
　　　　<ROW>
　　　　　　<SEQNO>9</SEQNO>
　　　　　　<LEVEL>1</LEVEL>
　　　　　　<BOLD>1</BOLD>
　　　　　　<年度及項目>105年度決算數</年度及項目>
　　　　　　<單位 />
　　　　　　<數量 />
　　　　　　<單位成本或平均利率 />
　　　　　　<預算數>8877</預算數>
　　　　　　<說明 />
　　　　</ROW>
　　　　<ROW>
　　　　　　<SEQNO>10</SEQNO>
　　　　　　<LEVEL>2</LEVEL>
　　　　　　<BOLD>0</BOLD>
　　　　　　<年度及項目>預防接種受害救濟給付計畫</年度及項目>
　　　　　　<單位 />
　　　　　　<數量 />
　　　　　　<單位成本或平均利率 />
　　　　　　<預算數>8877</預算數>
　　　　　　<說明 />
　　　　</ROW>
　　</DataSet>
</GenericData>

