<?xml version="1.0" encoding="UTF-8"?>
<GenericData>
　　<Header>
　　　　<Table Domain="SFUND" Id="FNGBCAPITAL" Name="資本資產及長期負債明細表" />
　　　　<Program Id="FNGBRB0150_A" />
　　　　<Sender Name="預防接種受害救濟基金" />
　　　　<報表名稱>資本資產及長期負債明細表</報表名稱>
　　　　<年度>109</年度>
　　　　<基金>預防接種受害救濟基金</基金>
　　　　<階段>法定預算</階段>
　　　　<版本>1</版本>
　　　　<單位>新臺幣元</單位>
　　</Header>
　　<DataSet>
　　　　<ROW>
　　　　　　<SEQNO>1</SEQNO>
　　　　　　<LEVEL>3</LEVEL>
　　　　　　<BOLD>0</BOLD>
　　　　　　<項目>非理財目的之長期投資</項目>
　　　　　　<取得成本_舉債數 />
　　　　　　<以前年度累計折舊_長期投資評價_未攤銷溢價 />
　　　　　　<本年度增加數 />
　　　　　　<本年度減少數 />
　　　　　　<本年度累計折舊_長期投資評價變動數_攤銷數 />
　　　　　　<期末餘額 />
　　　　　　<本年度增加類型 />
　　　　　　<本年度減少類型 />
　　　　　　<主要增減原因說明 />
　　　　</ROW>
　　　　<ROW>
　　　　　　<SEQNO>2</SEQNO>
　　　　　　<LEVEL>3</LEVEL>
　　　　　　<BOLD>0</BOLD>
　　　　　　<項目>土地</項目>
　　　　　　<取得成本_舉債數 />
　　　　　　<以前年度累計折舊_長期投資評價_未攤銷溢價 />
　　　　　　<本年度增加數 />
　　　　　　<本年度減少數 />
　　　　　　<本年度累計折舊_長期投資評價變動數_攤銷數 />
　　　　　　<期末餘額 />
　　　　　　<本年度增加類型 />
　　　　　　<本年度減少類型 />
　　　　　　<主要增減原因說明 />
　　　　</ROW>
　　　　<ROW>
　　　　　　<SEQNO>3</SEQNO>
　　　　　　<LEVEL>3</LEVEL>
　　　　　　<BOLD>0</BOLD>
　　　　　　<項目>土地改良物</項目>
　　　　　　<取得成本_舉債數 />
　　　　　　<以前年度累計折舊_長期投資評價_未攤銷溢價 />
　　　　　　<本年度增加數 />
　　　　　　<本年度減少數 />
　　　　　　<本年度累計折舊_長期投資評價變動數_攤銷數 />
　　　　　　<期末餘額 />
　　　　　　<本年度增加類型 />
　　　　　　<本年度減少類型 />
　　　　　　<主要增減原因說明 />
　　　　</ROW>
　　　　<ROW>
　　　　　　<SEQNO>4</SEQNO>
　　　　　　<LEVEL>3</LEVEL>
　　　　　　<BOLD>0</BOLD>
　　　　　　<項目>房屋及建築</項目>
　　　　　　<取得成本_舉債數 />
　　　　　　<以前年度累計折舊_長期投資評價_未攤銷溢價 />
　　　　　　<本年度增加數 />
　　　　　　<本年度減少數 />
　　　　　　<本年度累計折舊_長期投資評價變動數_攤銷數 />
　　　　　　<期末餘額 />
　　　　　　<本年度增加類型 />
　　　　　　<本年度減少類型 />
　　　　　　<主要增減原因說明 />
　　　　</ROW>
　　　　<ROW>
　　　　　　<SEQNO>5</SEQNO>
　　　　　　<LEVEL>3</LEVEL>
　　　　　　<BOLD>0</BOLD>
　　　　　　<項目>機械及設備</項目>
　　　　　　<取得成本_舉債數>374</取得成本_舉債數>
　　　　　　<以前年度累計折舊_長期投資評價_未攤銷溢價>-341</以前年度累計折舊_長期投資評價_未攤銷溢價>
　　　　　　<本年度增加數>1500</本年度增加數>
　　　　　　<本年度減少數 />
　　　　　　<本年度累計折舊_長期投資評價變動數_攤銷數>-30</本年度累計折舊_長期投資評價變動數_攤銷數>
　　　　　　<期末餘額>1503</期末餘額>
　　　　　　<本年度增加類型>(1)</本年度增加類型>
　　　　　　<本年度減少類型 />
　　　　　　<主要增減原因說明>增加原因：建置預防接種受害救濟行政管理系統所需伺服器主機及高容量儲存設備。</主要增減原因說明>
　　　　</ROW>
　　　　<ROW>
　　　　　　<SEQNO>6</SEQNO>
　　　　　　<LEVEL>3</LEVEL>
　　　　　　<BOLD>0</BOLD>
　　　　　　<項目>交通及運輸設備</項目>
　　　　　　<取得成本_舉債數 />
　　　　　　<以前年度累計折舊_長期投資評價_未攤銷溢價 />
　　　　　　<本年度增加數 />
　　　　　　<本年度減少數 />
　　　　　　<本年度累計折舊_長期投資評價變動數_攤銷數 />
　　　　　　<期末餘額 />
　　　　　　<本年度增加類型 />
　　　　　　<本年度減少類型 />
　　　　　　<主要增減原因說明 />
　　　　</ROW>
　　　　<ROW>
　　　　　　<SEQNO>7</SEQNO>
　　　　　　<LEVEL>3</LEVEL>
　　　　　　<BOLD>0</BOLD>
　　　　　　<項目>雜項設備</項目>
　　　　　　<取得成本_舉債數 />
　　　　　　<以前年度累計折舊_長期投資評價_未攤銷溢價 />
　　　　　　<本年度增加數 />
　　　　　　<本年度減少數 />
　　　　　　<本年度累計折舊_長期投資評價變動數_攤銷數 />
　　　　　　<期末餘額 />
　　　　　　<本年度增加類型 />
　　　　　　<本年度減少類型 />
　　　　　　<主要增減原因說明 />
　　　　</ROW>
　　　　<ROW>
　　　　　　<SEQNO>8</SEQNO>
　　　　　　<LEVEL>3</LEVEL>
　　　　　　<BOLD>0</BOLD>
　　　　　　<項目>購建中固定資產</項目>
　　　　　　<取得成本_舉債數 />
　　　　　　<以前年度累計折舊_長期投資評價_未攤銷溢價 />
　　　　　　<本年度增加數 />
　　　　　　<本年度減少數 />
　　　　　　<本年度累計折舊_長期投資評價變動數_攤銷數 />
　　　　　　<期末餘額 />
　　　　　　<本年度增加類型 />
　　　　　　<本年度減少類型 />
　　　　　　<主要增減原因說明 />
　　　　</ROW>
　　　　<ROW>
　　　　　　<SEQNO>9</SEQNO>
　　　　　　<LEVEL>3</LEVEL>
　　　　　　<BOLD>0</BOLD>
　　　　　　<項目>電腦軟體</項目>
　　　　　　<取得成本_舉債數>183</取得成本_舉債數>
　　　　　　<以前年度累計折舊_長期投資評價_未攤銷溢價 />
　　　　　　<本年度增加數>1500</本年度增加數>
　　　　　　<本年度減少數>63</本年度減少數>
　　　　　　<本年度累計折舊_長期投資評價變動數_攤銷數 />
　　　　　　<期末餘額>1620</期末餘額>
　　　　　　<本年度增加類型>(1)</本年度增加類型>
　　　　　　<本年度減少類型>(9)</本年度減少類型>
　　　　　　<主要增減原因說明>增加原因：建置預防接種受害救濟行政管理系統。減少原因：係電腦軟體攤銷。</主要增減原因說明>
　　　　</ROW>
　　　　<ROW>
　　　　　　<SEQNO>10</SEQNO>
　　　　　　<LEVEL>3</LEVEL>
　　　　　　<BOLD>0</BOLD>
　　　　　　<項目>權利</項目>
　　　　　　<取得成本_舉債數 />
　　　　　　<以前年度累計折舊_長期投資評價_未攤銷溢價 />
　　　　　　<本年度增加數 />
　　　　　　<本年度減少數 />
　　　　　　<本年度累計折舊_長期投資評價變動數_攤銷數 />
　　　　　　<期末餘額 />
　　　　　　<本年度增加類型 />
　　　　　　<本年度減少類型 />
　　　　　　<主要增減原因說明 />
　　　　</ROW>
　　　　<ROW>
　　　　　　<SEQNO>11</SEQNO>
　　　　　　<LEVEL>3</LEVEL>
　　　　　　<BOLD>0</BOLD>
　　　　　　<項目>遞耗資產</項目>
　　　　　　<取得成本_舉債數 />
　　　　　　<以前年度累計折舊_長期投資評價_未攤銷溢價 />
　　　　　　<本年度增加數 />
　　　　　　<本年度減少數 />
　　　　　　<本年度累計折舊_長期投資評價變動數_攤銷數 />
　　　　　　<期末餘額 />
　　　　　　<本年度增加類型 />
　　　　　　<本年度減少類型 />
　　　　　　<主要增減原因說明 />
　　　　</ROW>
　　　　<ROW>
　　　　　　<SEQNO>12</SEQNO>
　　　　　　<LEVEL>3</LEVEL>
　　　　　　<BOLD>0</BOLD>
　　　　　　<項目>其他</項目>
　　　　　　<取得成本_舉債數 />
　　　　　　<以前年度累計折舊_長期投資評價_未攤銷溢價 />
　　　　　　<本年度增加數 />
　　　　　　<本年度減少數 />
　　　　　　<本年度累計折舊_長期投資評價變動數_攤銷數 />
　　　　　　<期末餘額 />
　　　　　　<本年度增加類型 />
　　　　　　<本年度減少類型 />
　　　　　　<主要增減原因說明 />
　　　　</ROW>
　　　　<ROW>
　　　　　　<SEQNO>13</SEQNO>
　　　　　　<LEVEL>2</LEVEL>
　　　　　　<BOLD>0</BOLD>
　　　　　　<項目>合　　計</項目>
　　　　　　<取得成本_舉債數>557</取得成本_舉債數>
　　　　　　<以前年度累計折舊_長期投資評價_未攤銷溢價>-341</以前年度累計折舊_長期投資評價_未攤銷溢價>
　　　　　　<本年度增加數>3000</本年度增加數>
　　　　　　<本年度減少數>63</本年度減少數>
　　　　　　<本年度累計折舊_長期投資評價變動數_攤銷數>-30</本年度累計折舊_長期投資評價變動數_攤銷數>
　　　　　　<期末餘額>3123</期末餘額>
　　　　　　<本年度增加類型 />
　　　　　　<本年度減少類型 />
　　　　　　<主要增減原因說明 />
　　　　</ROW>
　　　　<COMM />
　　</DataSet>
</GenericData>

