<?xml version="1.0" encoding="UTF-8"?>
<GenericData>
　　<Header>
　　　　<Table Id="fngbbalancer" Name="預計平衡表" Domain="SFUND" />
　　　　<Program Id="FNGBRB0060_A" />
　　　　<Sender Name="預防接種受害救濟基金" />
　　　　<報表名稱>預計平衡表</報表名稱>
　　　　<年度>109</年度>
　　　　<基金>預防接種受害救濟基金</基金>
　　　　<階段>法定預算</階段>
　　　　<版本>1</版本>
　　　　<單位>新臺幣千元</單位>
　　</Header>
　　<DataSet>
　　　　<ROW>
　　　　　　<SEQNO>1</SEQNO>
　　　　　　<LEVEL>01</LEVEL>
　　　　　　<BOLD>1</BOLD>
　　　　　　<民國107年12月31日實際數>206649</民國107年12月31日實際數>
　　　　　　<科目>資產</科目>
　　　　　　<民國109年12月31日預計數>212890</民國109年12月31日預計數>
　　　　　　<民國108年12月31日預計數>211155</民國108年12月31日預計數>
　　　　　　<比較增減>1735</比較增減>
　　　　</ROW>
　　　　<ROW>
　　　　　　<SEQNO>2</SEQNO>
　　　　　　<LEVEL>02</LEVEL>
　　　　　　<BOLD>0</BOLD>
　　　　　　<民國107年12月31日實際數>206649</民國107年12月31日實際數>
　　　　　　<科目>流動資產</科目>
　　　　　　<民國109年12月31日預計數>212890</民國109年12月31日預計數>
　　　　　　<民國108年12月31日預計數>211155</民國108年12月31日預計數>
　　　　　　<比較增減>1735</比較增減>
　　　　</ROW>
　　　　<ROW>
　　　　　　<SEQNO>3</SEQNO>
　　　　　　<LEVEL>03</LEVEL>
　　　　　　<BOLD>0</BOLD>
　　　　　　<民國107年12月31日實際數>205644</民國107年12月31日實際數>
　　　　　　<科目>現金</科目>
　　　　　　<民國109年12月31日預計數>211094</民國109年12月31日預計數>
　　　　　　<民國108年12月31日預計數>209948</民國108年12月31日預計數>
　　　　　　<比較增減>1146</比較增減>
　　　　</ROW>
　　　　<ROW>
　　　　　　<SEQNO>4</SEQNO>
　　　　　　<LEVEL>03</LEVEL>
　　　　　　<BOLD>0</BOLD>
　　　　　　<民國107年12月31日實際數>1005</民國107年12月31日實際數>
　　　　　　<科目>應收款項</科目>
　　　　　　<民國109年12月31日預計數>1796</民國109年12月31日預計數>
　　　　　　<民國108年12月31日預計數>1207</民國108年12月31日預計數>
　　　　　　<比較增減>589</比較增減>
　　　　</ROW>
　　　　<ROW>
　　　　　　<SEQNO>5</SEQNO>
　　　　　　<LEVEL>01</LEVEL>
　　　　　　<BOLD>1</BOLD>
　　　　　　<民國107年12月31日實際數>206649</民國107年12月31日實際數>
　　　　　　<科目>資產總額</科目>
　　　　　　<民國109年12月31日預計數>212890</民國109年12月31日預計數>
　　　　　　<民國108年12月31日預計數>211155</民國108年12月31日預計數>
　　　　　　<比較增減>1735</比較增減>
　　　　</ROW>
　　　　<ROW>
　　　　　　<SEQNO>6</SEQNO>
　　　　　　<LEVEL>01</LEVEL>
　　　　　　<BOLD>1</BOLD>
　　　　　　<民國107年12月31日實際數>3829</民國107年12月31日實際數>
　　　　　　<科目>負債</科目>
　　　　　　<民國109年12月31日預計數>4800</民國109年12月31日預計數>
　　　　　　<民國108年12月31日預計數>4433</民國108年12月31日預計數>
　　　　　　<比較增減>367</比較增減>
　　　　</ROW>
　　　　<ROW>
　　　　　　<SEQNO>7</SEQNO>
　　　　　　<LEVEL>02</LEVEL>
　　　　　　<BOLD>0</BOLD>
　　　　　　<民國107年12月31日實際數>3663</民國107年12月31日實際數>
　　　　　　<科目>流動負債</科目>
　　　　　　<民國109年12月31日預計數>4500</民國109年12月31日預計數>
　　　　　　<民國108年12月31日預計數>4286</民國108年12月31日預計數>
　　　　　　<比較增減>214</比較增減>
　　　　</ROW>
　　　　<ROW>
　　　　　　<SEQNO>8</SEQNO>
　　　　　　<LEVEL>03</LEVEL>
　　　　　　<BOLD>0</BOLD>
　　　　　　<民國107年12月31日實際數>3663</民國107年12月31日實際數>
　　　　　　<科目>應付款項</科目>
　　　　　　<民國109年12月31日預計數>4500</民國109年12月31日預計數>
　　　　　　<民國108年12月31日預計數>4286</民國108年12月31日預計數>
　　　　　　<比較增減>214</比較增減>
　　　　</ROW>
　　　　<ROW>
　　　　　　<SEQNO>9</SEQNO>
　　　　　　<LEVEL>02</LEVEL>
　　　　　　<BOLD>0</BOLD>
　　　　　　<民國107年12月31日實際數>166</民國107年12月31日實際數>
　　　　　　<科目>其他負債</科目>
　　　　　　<民國109年12月31日預計數>300</民國109年12月31日預計數>
　　　　　　<民國108年12月31日預計數>147</民國108年12月31日預計數>
　　　　　　<比較增減>153</比較增減>
　　　　</ROW>
　　　　<ROW>
　　　　　　<SEQNO>10</SEQNO>
　　　　　　<LEVEL>03</LEVEL>
　　　　　　<BOLD>0</BOLD>
　　　　　　<民國107年12月31日實際數>166</民國107年12月31日實際數>
　　　　　　<科目>什項負債</科目>
　　　　　　<民國109年12月31日預計數>300</民國109年12月31日預計數>
　　　　　　<民國108年12月31日預計數>147</民國108年12月31日預計數>
　　　　　　<比較增減>153</比較增減>
　　　　</ROW>
　　　　<ROW>
　　　　　　<SEQNO>11</SEQNO>
　　　　　　<LEVEL>01</LEVEL>
　　　　　　<BOLD>1</BOLD>
　　　　　　<民國107年12月31日實際數>202821</民國107年12月31日實際數>
　　　　　　<科目>基金餘額</科目>
　　　　　　<民國109年12月31日預計數>208090</民國109年12月31日預計數>
　　　　　　<民國108年12月31日預計數>206722</民國108年12月31日預計數>
　　　　　　<比較增減>1368</比較增減>
　　　　</ROW>
　　　　<ROW>
　　　　　　<SEQNO>12</SEQNO>
　　　　　　<LEVEL>02</LEVEL>
　　　　　　<BOLD>0</BOLD>
　　　　　　<民國107年12月31日實際數>202821</民國107年12月31日實際數>
　　　　　　<科目>基金餘額</科目>
　　　　　　<民國109年12月31日預計數>208090</民國109年12月31日預計數>
　　　　　　<民國108年12月31日預計數>206722</民國108年12月31日預計數>
　　　　　　<比較增減>1368</比較增減>
　　　　</ROW>
　　　　<ROW>
　　　　　　<SEQNO>13</SEQNO>
　　　　　　<LEVEL>03</LEVEL>
　　　　　　<BOLD>0</BOLD>
　　　　　　<民國107年12月31日實際數>202821</民國107年12月31日實際數>
　　　　　　<科目>基金餘額</科目>
　　　　　　<民國109年12月31日預計數>208090</民國109年12月31日預計數>
　　　　　　<民國108年12月31日預計數>206722</民國108年12月31日預計數>
　　　　　　<比較增減>1368</比較增減>
　　　　</ROW>
　　　　<ROW>
　　　　　　<SEQNO>14</SEQNO>
　　　　　　<LEVEL>01</LEVEL>
　　　　　　<BOLD>1</BOLD>
　　　　　　<民國107年12月31日實際數>206649</民國107年12月31日實際數>
　　　　　　<科目>負債及基金餘額合計</科目>
　　　　　　<民國109年12月31日預計數>212890</民國109年12月31日預計數>
　　　　　　<民國108年12月31日預計數>211155</民國108年12月31日預計數>
　　　　　　<比較增減>1735</比較增減>
　　　　</ROW>
　　　　<COMM />
　　</DataSet>
</GenericData>

