<?xml version="1.0" encoding="UTF-8"?>
<GenericData>
　　<Header>
　　　　<Table Id="FNGBCSHFLOWR" Name="現金流量預計表" Domain="SFUND" />
　　　　<Program Id="FNGBRB0020_A" />
　　　　<Sender Name="預防接種受害救濟基金" />
　　　　<報表名稱>現金流量預計表</報表名稱>
　　　　<年度>109</年度>
　　　　<基金>預防接種受害救濟基金</基金>
　　　　<階段>法定預算</階段>
　　　　<版本>1</版本>
　　　　<單位>新臺幣千元</單位>
　　</Header>
　　<DataSet>
　　　　<ROW>
　　　　　　<SEQNO>1</SEQNO>
　　　　　　<LEVEL>02</LEVEL>
　　　　　　<BOLD>1</BOLD>
　　　　　　<項目>業務活動之現金流量</項目>
　　　　　　<預算數>993</預算數>
　　　　　　<說明 />
　　　　</ROW>
　　　　<ROW>
　　　　　　<SEQNO>2</SEQNO>
　　　　　　<LEVEL>03</LEVEL>
　　　　　　<BOLD>0</BOLD>
　　　　　　<項目>本期賸餘（短絀）</項目>
　　　　　　<預算數>1368</預算數>
　　　　　　<說明 />
　　　　</ROW>
　　　　<ROW>
　　　　　　<SEQNO>3</SEQNO>
　　　　　　<LEVEL>03</LEVEL>
　　　　　　<BOLD>0</BOLD>
　　　　　　<項目>調整非現金項目</項目>
　　　　　　<預算數>-375</預算數>
　　　　　　<說明>1.流動資產應收款項增加589千元。
2.流動負債應付款項增加214千元。</說明>
　　　　</ROW>
　　　　<ROW>
　　　　　　<SEQNO>4</SEQNO>
　　　　　　<LEVEL>03</LEVEL>
　　　　　　<BOLD>0</BOLD>
　　　　　　<項目>業務活動之淨現金流入（流出）</項目>
　　　　　　<預算數>993</預算數>
　　　　　　<說明 />
　　　　</ROW>
　　　　<ROW>
　　　　　　<SEQNO>5</SEQNO>
　　　　　　<LEVEL>02</LEVEL>
　　　　　　<BOLD>1</BOLD>
　　　　　　<項目>其他活動之現金流量</項目>
　　　　　　<預算數>153</預算數>
　　　　　　<說明 />
　　　　</ROW>
　　　　<ROW>
　　　　　　<SEQNO>6</SEQNO>
　　　　　　<LEVEL>03</LEVEL>
　　　　　　<BOLD>0</BOLD>
　　　　　　<項目>增加短期債務及其他負債</項目>
　　　　　　<預算數>153</預算數>
　　　　　　<說明>增加存入保證金。</說明>
　　　　</ROW>
　　　　<ROW>
　　　　　　<SEQNO>7</SEQNO>
　　　　　　<LEVEL>03</LEVEL>
　　　　　　<BOLD>0</BOLD>
　　　　　　<項目>其他活動之淨現金流入（流出）</項目>
　　　　　　<預算數>153</預算數>
　　　　　　<說明 />
　　　　</ROW>
　　　　<ROW>
　　　　　　<SEQNO>8</SEQNO>
　　　　　　<LEVEL>02</LEVEL>
　　　　　　<BOLD>1</BOLD>
　　　　　　<項目>現金及約當現金之淨增（淨減）</項目>
　　　　　　<預算數>1146</預算數>
　　　　　　<說明 />
　　　　</ROW>
　　　　<ROW>
　　　　　　<SEQNO>9</SEQNO>
　　　　　　<LEVEL>02</LEVEL>
　　　　　　<BOLD>1</BOLD>
　　　　　　<項目>期初現金及約當現金</項目>
　　　　　　<預算數>209948</預算數>
　　　　　　<說明 />
　　　　</ROW>
　　　　<ROW>
　　　　　　<SEQNO>10</SEQNO>
　　　　　　<LEVEL>02</LEVEL>
　　　　　　<BOLD>1</BOLD>
　　　　　　<項目>期末現金及約當現金</項目>
　　　　　　<預算數>211094</預算數>
　　　　　　<說明 />
　　　　</ROW>
　　　　<COMM />
　　</DataSet>
</GenericData>

