<?xml version="1.0" encoding="UTF-8"?>
<GenericData>
　　<Header>
　　　　<Table Id="fngbworkr" Name="基金用途明細表" Domain="SFUND" />
　　　　<Program Id="FNGBRB0040_A" />
　　　　<Sender Name="預防接種受害救濟基金" />
　　　　<報表名稱>基金用途明細表</報表名稱>
　　　　<年度>109</年度>
　　　　<基金>預防接種受害救濟基金</基金>
　　　　<階段>法定預算</階段>
　　　　<版本>1</版本>
　　　　<單位>新臺幣千元</單位>
　　</Header>
　　<DataSet>
　　　　<ROW>
　　　　　　<SEQNO>1</SEQNO>
　　　　　　<LEVEL>2</LEVEL>
　　　　　　<BOLD>1</BOLD>
　　　　　　<前年度決算數>9265</前年度決算數>
　　　　　　<業務計畫及用途別科目>預防接種受害救濟給付計畫</業務計畫及用途別科目>
　　　　　　<本年度預算數>15309</本年度預算數>
　　　　　　<上年度預算數>15636</上年度預算數>
　　　　　　<計畫內容說明 />
　　　　</ROW>
　　　　<ROW>
　　　　　　<SEQNO>2</SEQNO>
　　　　　　<LEVEL>3</LEVEL>
　　　　　　<BOLD>0</BOLD>
　　　　　　<前年度決算數>5003</前年度決算數>
　　　　　　<業務計畫及用途別科目>服務費用</業務計畫及用途別科目>
　　　　　　<本年度預算數>5544</本年度預算數>
　　　　　　<上年度預算數>5771</上年度預算數>
　　　　　　<計畫內容說明 />
　　　　</ROW>
　　　　<ROW>
　　　　　　<SEQNO>3</SEQNO>
　　　　　　<LEVEL>4</LEVEL>
　　　　　　<BOLD>0</BOLD>
　　　　　　<前年度決算數>143</前年度決算數>
　　　　　　<業務計畫及用途別科目>旅運費</業務計畫及用途別科目>
　　　　　　<本年度預算數>285</本年度預算數>
　　　　　　<上年度預算數>397</上年度預算數>
　　　　　　<計畫內容說明>辦理預防接種受害救濟業務之國內旅費20千元、貨物運費5千元及國外旅費260千元。</計畫內容說明>
　　　　</ROW>
　　　　<ROW>
　　　　　　<SEQNO>4</SEQNO>
　　　　　　<LEVEL>5</LEVEL>
　　　　　　<BOLD>0</BOLD>
　　　　　　<前年度決算數>3</前年度決算數>
　　　　　　<業務計畫及用途別科目>國內旅費</業務計畫及用途別科目>
　　　　　　<本年度預算數>20</本年度預算數>
　　　　　　<上年度預算數>20</上年度預算數>
　　　　　　<計畫內容說明 />
　　　　</ROW>
　　　　<ROW>
　　　　　　<SEQNO>5</SEQNO>
　　　　　　<LEVEL>5</LEVEL>
　　　　　　<BOLD>0</BOLD>
　　　　　　<前年度決算數>136</前年度決算數>
　　　　　　<業務計畫及用途別科目>國外旅費</業務計畫及用途別科目>
　　　　　　<本年度預算數>260</本年度預算數>
　　　　　　<上年度預算數>372</上年度預算數>
　　　　　　<計畫內容說明 />
　　　　</ROW>
　　　　<ROW>
　　　　　　<SEQNO>6</SEQNO>
　　　　　　<LEVEL>5</LEVEL>
　　　　　　<BOLD>0</BOLD>
　　　　　　<前年度決算數>3</前年度決算數>
　　　　　　<業務計畫及用途別科目>貨物運費</業務計畫及用途別科目>
　　　　　　<本年度預算數>5</本年度預算數>
　　　　　　<上年度預算數>5</上年度預算數>
　　　　　　<計畫內容說明 />
　　　　</ROW>
　　　　<ROW>
　　　　　　<SEQNO>7</SEQNO>
　　　　　　<LEVEL>4</LEVEL>
　　　　　　<BOLD>0</BOLD>
　　　　　　<前年度決算數>10</前年度決算數>
　　　　　　<業務計畫及用途別科目>印刷裝訂與廣告費</業務計畫及用途別科目>
　　　　　　<本年度預算數>100</本年度預算數>
　　　　　　<上年度預算數>215</上年度預算數>
　　　　　　<計畫內容說明>1.印刷及裝訂審議會議資料等5千元。
2.提升民眾對於預防接種受害救濟業務認識之業務宣導費95千元。</計畫內容說明>
　　　　</ROW>
　　　　<ROW>
　　　　　　<SEQNO>8</SEQNO>
　　　　　　<LEVEL>5</LEVEL>
　　　　　　<BOLD>0</BOLD>
　　　　　　<前年度決算數>10</前年度決算數>
　　　　　　<業務計畫及用途別科目>印刷及裝訂費</業務計畫及用途別科目>
　　　　　　<本年度預算數>5</本年度預算數>
　　　　　　<上年度預算數>5</上年度預算數>
　　　　　　<計畫內容說明 />
　　　　</ROW>
　　　　<ROW>
　　　　　　<SEQNO>9</SEQNO>
　　　　　　<LEVEL>5</LEVEL>
　　　　　　<BOLD>0</BOLD>
　　　　　　<前年度決算數 />
　　　　　　<業務計畫及用途別科目>業務宣導費</業務計畫及用途別科目>
　　　　　　<本年度預算數>95</本年度預算數>
　　　　　　<上年度預算數>210</上年度預算數>
　　　　　　<計畫內容說明 />
　　　　</ROW>
　　　　<ROW>
　　　　　　<SEQNO>10</SEQNO>
　　　　　　<LEVEL>4</LEVEL>
　　　　　　<BOLD>0</BOLD>
　　　　　　<前年度決算數>532</前年度決算數>
　　　　　　<業務計畫及用途別科目>一般服務費</業務計畫及用途別科目>
　　　　　　<本年度預算數>607</本年度預算數>
　　　　　　<上年度預算數>607</上年度預算數>
　　　　　　<計畫內容說明>辦理預防接種受害救濟制度文獻蒐集研究、審議結果分析、個案資料庫建置規劃，以及與本業務相關工作之研發替代役1名，所需薪資待遇607千元。</計畫內容說明>
　　　　</ROW>
　　　　<ROW>
　　　　　　<SEQNO>11</SEQNO>
　　　　　　<LEVEL>5</LEVEL>
　　　　　　<BOLD>0</BOLD>
　　　　　　<前年度決算數>532</前年度決算數>
　　　　　　<業務計畫及用途別科目>替代役待遇及給與</業務計畫及用途別科目>
　　　　　　<本年度預算數>607</本年度預算數>
　　　　　　<上年度預算數>607</上年度預算數>
　　　　　　<計畫內容說明 />
　　　　</ROW>
　　　　<ROW>
　　　　　　<SEQNO>12</SEQNO>
　　　　　　<LEVEL>4</LEVEL>
　　　　　　<BOLD>0</BOLD>
　　　　　　<前年度決算數>4319</前年度決算數>
　　　　　　<業務計畫及用途別科目>專業服務費</業務計畫及用途別科目>
　　　　　　<本年度預算數>4552</本年度預算數>
　　　　　　<上年度預算數>4552</上年度預算數>
　　　　　　<計畫內容說明>1.辦理審查事宜所需出席費及鑑定費1,252千元。
2.委託辦理預防接種受害救濟業務及基金管理工作計畫2,800千元(內容包括執行受害救濟申請案之受理及審議通知與受害救濟金之給付等行政業務)。
3.基金業務相關法律案件律師費用500千元。</計畫內容說明>
　　　　</ROW>
　　　　<ROW>
　　　　　　<SEQNO>13</SEQNO>
　　　　　　<LEVEL>5</LEVEL>
　　　　　　<BOLD>0</BOLD>
　　　　　　<前年度決算數>39</前年度決算數>
　　　　　　<業務計畫及用途別科目>法律事務費</業務計畫及用途別科目>
　　　　　　<本年度預算數>500</本年度預算數>
　　　　　　<上年度預算數>500</上年度預算數>
　　　　　　<計畫內容說明 />
　　　　</ROW>
　　　　<ROW>
　　　　　　<SEQNO>14</SEQNO>
　　　　　　<LEVEL>5</LEVEL>
　　　　　　<BOLD>0</BOLD>
　　　　　　<前年度決算數>1155</前年度決算數>
　　　　　　<業務計畫及用途別科目>講課鐘點、稿費、出席審查及查詢費</業務計畫及用途別科目>
　　　　　　<本年度預算數>1252</本年度預算數>
　　　　　　<上年度預算數>1252</上年度預算數>
　　　　　　<計畫內容說明 />
　　　　</ROW>
　　　　<ROW>
　　　　　　<SEQNO>15</SEQNO>
　　　　　　<LEVEL>5</LEVEL>
　　　　　　<BOLD>0</BOLD>
　　　　　　<前年度決算數>735</前年度決算數>
　　　　　　<業務計畫及用途別科目>委託調查研究費</業務計畫及用途別科目>
　　　　　　<本年度預算數 />
　　　　　　<上年度預算數 />
　　　　　　<計畫內容說明 />
　　　　</ROW>
　　　　<ROW>
　　　　　　<SEQNO>16</SEQNO>
　　　　　　<LEVEL>5</LEVEL>
　　　　　　<BOLD>0</BOLD>
　　　　　　<前年度決算數>2390</前年度決算數>
　　　　　　<業務計畫及用途別科目>其他專業服務費</業務計畫及用途別科目>
　　　　　　<本年度預算數>2800</本年度預算數>
　　　　　　<上年度預算數>2800</上年度預算數>
　　　　　　<計畫內容說明 />
　　　　</ROW>
　　　　<ROW>
　　　　　　<SEQNO>17</SEQNO>
　　　　　　<LEVEL>3</LEVEL>
　　　　　　<BOLD>0</BOLD>
　　　　　　<前年度決算數>12</前年度決算數>
　　　　　　<業務計畫及用途別科目>材料及用品費</業務計畫及用途別科目>
　　　　　　<本年度預算數>15</本年度預算數>
　　　　　　<上年度預算數>15</上年度預算數>
　　　　　　<計畫內容說明 />
　　　　</ROW>
　　　　<ROW>
　　　　　　<SEQNO>18</SEQNO>
　　　　　　<LEVEL>4</LEVEL>
　　　　　　<BOLD>0</BOLD>
　　　　　　<前年度決算數>12</前年度決算數>
　　　　　　<業務計畫及用途別科目>用品消耗</業務計畫及用途別科目>
　　　　　　<本年度預算數>15</本年度預算數>
　　　　　　<上年度預算數>15</上年度預算數>
　　　　　　<計畫內容說明>辦理預防接種受害救濟審議會議所需之文具紙張、書籍等。</計畫內容說明>
　　　　</ROW>
　　　　<ROW>
　　　　　　<SEQNO>19</SEQNO>
　　　　　　<LEVEL>5</LEVEL>
　　　　　　<BOLD>0</BOLD>
　　　　　　<前年度決算數 />
　　　　　　<業務計畫及用途別科目>辦公（事務）用品</業務計畫及用途別科目>
　　　　　　<本年度預算數>15</本年度預算數>
　　　　　　<上年度預算數>15</上年度預算數>
　　　　　　<計畫內容說明 />
　　　　</ROW>
　　　　<ROW>
　　　　　　<SEQNO>20</SEQNO>
　　　　　　<LEVEL>5</LEVEL>
　　　　　　<BOLD>0</BOLD>
　　　　　　<前年度決算數>12</前年度決算數>
　　　　　　<業務計畫及用途別科目>食品</業務計畫及用途別科目>
　　　　　　<本年度預算數 />
　　　　　　<上年度預算數 />
　　　　　　<計畫內容說明 />
　　　　</ROW>
　　　　<ROW>
　　　　　　<SEQNO>21</SEQNO>
　　　　　　<LEVEL>3</LEVEL>
　　　　　　<BOLD>0</BOLD>
　　　　　　<前年度決算數>4250</前年度決算數>
　　　　　　<業務計畫及用途別科目>會費、捐助、補助、分攤、照護、救濟與交流活動費</業務計畫及用途別科目>
　　　　　　<本年度預算數>9750</本年度預算數>
　　　　　　<上年度預算數>9850</上年度預算數>
　　　　　　<計畫內容說明 />
　　　　</ROW>
　　　　<ROW>
　　　　　　<SEQNO>22</SEQNO>
　　　　　　<LEVEL>4</LEVEL>
　　　　　　<BOLD>0</BOLD>
　　　　　　<前年度決算數>4250</前年度決算數>
　　　　　　<業務計畫及用途別科目>補貼、獎勵、慰問、照護與救濟</業務計畫及用途別科目>
　　　　　　<本年度預算數>9750</本年度預算數>
　　　　　　<上年度預算數>9850</上年度預算數>
　　　　　　<計畫內容說明>本年度預計預防接種受害給付：
1.預防接種受害死亡給付:
1,000千元×1件=1,000千元。
2.預防接種受害障礙給付:
1,000千元×1件=1,000千元。
3.預防接種受害嚴重疾病給付：
500千元×6件=3,000千元。
4.預防接種致不良反應給付：
50千元×76件=3,800千元。
5.預防接種疑似不良反應所施行之合理檢查及醫療費用給付：
20千元×10件=200千元。
6.疑因預防接種受害致死，並經病理解剖者，給付喪葬補助費：
300千元×2件=600千元。
7.孕婦疑因預防接種致死產或流產，解剖或檢驗胎兒或胚胎給付150千元：
(1)20週以下：50千元×1件=50千元。
(2)20週以上：100千元×1件=100千元。</計畫內容說明>
　　　　</ROW>
　　　　<ROW>
　　　　　　<SEQNO>23</SEQNO>
　　　　　　<LEVEL>5</LEVEL>
　　　　　　<BOLD>0</BOLD>
　　　　　　<前年度決算數>4250</前年度決算數>
　　　　　　<業務計畫及用途別科目>醫療衛生受害救濟給付</業務計畫及用途別科目>
　　　　　　<本年度預算數>9750</本年度預算數>
　　　　　　<上年度預算數>9850</上年度預算數>
　　　　　　<計畫內容說明 />
　　　　</ROW>
　　　　<ROW>
　　　　　　<SEQNO>24</SEQNO>
　　　　　　<LEVEL>2</LEVEL>
　　　　　　<BOLD>1</BOLD>
　　　　　　<前年度決算數>957</前年度決算數>
　　　　　　<業務計畫及用途別科目>一般行政管理計畫</業務計畫及用途別科目>
　　　　　　<本年度預算數>4143</本年度預算數>
　　　　　　<上年度預算數>1035</上年度預算數>
　　　　　　<計畫內容說明 />
　　　　</ROW>
　　　　<ROW>
　　　　　　<SEQNO>25</SEQNO>
　　　　　　<LEVEL>3</LEVEL>
　　　　　　<BOLD>0</BOLD>
　　　　　　<前年度決算數>7</前年度決算數>
　　　　　　<業務計畫及用途別科目>用人費用</業務計畫及用途別科目>
　　　　　　<本年度預算數>7</本年度預算數>
　　　　　　<上年度預算數>7</上年度預算數>
　　　　　　<計畫內容說明 />
　　　　</ROW>
　　　　<ROW>
　　　　　　<SEQNO>26</SEQNO>
　　　　　　<LEVEL>4</LEVEL>
　　　　　　<BOLD>0</BOLD>
　　　　　　<前年度決算數>7</前年度決算數>
　　　　　　<業務計畫及用途別科目>超時工作報酬</業務計畫及用途別科目>
　　　　　　<本年度預算數>7</本年度預算數>
　　　　　　<上年度預算數>7</上年度預算數>
　　　　　　<計畫內容說明>兼任人員加班費。</計畫內容說明>
　　　　</ROW>
　　　　<ROW>
　　　　　　<SEQNO>27</SEQNO>
　　　　　　<LEVEL>5</LEVEL>
　　　　　　<BOLD>0</BOLD>
　　　　　　<前年度決算數>7</前年度決算數>
　　　　　　<業務計畫及用途別科目>加班費</業務計畫及用途別科目>
　　　　　　<本年度預算數>7</本年度預算數>
　　　　　　<上年度預算數>7</上年度預算數>
　　　　　　<計畫內容說明 />
　　　　</ROW>
　　　　<ROW>
　　　　　　<SEQNO>28</SEQNO>
　　　　　　<LEVEL>3</LEVEL>
　　　　　　<BOLD>0</BOLD>
　　　　　　<前年度決算數>949</前年度決算數>
　　　　　　<業務計畫及用途別科目>服務費用</業務計畫及用途別科目>
　　　　　　<本年度預算數>1121</本年度預算數>
　　　　　　<上年度預算數>1013</上年度預算數>
　　　　　　<計畫內容說明 />
　　　　</ROW>
　　　　<ROW>
　　　　　　<SEQNO>29</SEQNO>
　　　　　　<LEVEL>4</LEVEL>
　　　　　　<BOLD>0</BOLD>
　　　　　　<前年度決算數>114</前年度決算數>
　　　　　　<業務計畫及用途別科目>水電費</業務計畫及用途別科目>
　　　　　　<本年度預算數>114</本年度預算數>
　　　　　　<上年度預算數>114</上年度預算數>
　　　　　　<計畫內容說明>工作場所電費。</計畫內容說明>
　　　　</ROW>
　　　　<ROW>
　　　　　　<SEQNO>30</SEQNO>
　　　　　　<LEVEL>5</LEVEL>
　　　　　　<BOLD>0</BOLD>
　　　　　　<前年度決算數>114</前年度決算數>
　　　　　　<業務計畫及用途別科目>工作場所電費</業務計畫及用途別科目>
　　　　　　<本年度預算數>114</本年度預算數>
　　　　　　<上年度預算數>114</上年度預算數>
　　　　　　<計畫內容說明>工作場所電費。</計畫內容說明>
　　　　</ROW>
　　　　<ROW>
　　　　　　<SEQNO>31</SEQNO>
　　　　　　<LEVEL>4</LEVEL>
　　　　　　<BOLD>0</BOLD>
　　　　　　<前年度決算數>60</前年度決算數>
　　　　　　<業務計畫及用途別科目>郵電費</業務計畫及用途別科目>
　　　　　　<本年度預算數>60</本年度預算數>
　　　　　　<上年度預算數>60</上年度預算數>
　　　　　　<計畫內容說明>電話費及郵費。</計畫內容說明>
　　　　</ROW>
　　　　<ROW>
　　　　　　<SEQNO>32</SEQNO>
　　　　　　<LEVEL>5</LEVEL>
　　　　　　<BOLD>0</BOLD>
　　　　　　<前年度決算數 />
　　　　　　<業務計畫及用途別科目>郵費</業務計畫及用途別科目>
　　　　　　<本年度預算數>1</本年度預算數>
　　　　　　<上年度預算數>16</上年度預算數>
　　　　　　<計畫內容說明 />
　　　　</ROW>
　　　　<ROW>
　　　　　　<SEQNO>33</SEQNO>
　　　　　　<LEVEL>5</LEVEL>
　　　　　　<BOLD>0</BOLD>
　　　　　　<前年度決算數>60</前年度決算數>
　　　　　　<業務計畫及用途別科目>電話費</業務計畫及用途別科目>
　　　　　　<本年度預算數>59</本年度預算數>
　　　　　　<上年度預算數>44</上年度預算數>
　　　　　　<計畫內容說明 />
　　　　</ROW>
　　　　<ROW>
　　　　　　<SEQNO>34</SEQNO>
　　　　　　<LEVEL>4</LEVEL>
　　　　　　<BOLD>0</BOLD>
　　　　　　<前年度決算數>70</前年度決算數>
　　　　　　<業務計畫及用途別科目>印刷裝訂與廣告費</業務計畫及用途別科目>
　　　　　　<本年度預算數>65</本年度預算數>
　　　　　　<上年度預算數>65</上年度預算數>
　　　　　　<計畫內容說明>1.印刷及裝訂基金預算及決算書表等5千元。
2.提升民眾對預防接種受害救濟制度認知之衛生安全教育訓練單張及手冊印製費60千元。</計畫內容說明>
　　　　</ROW>
　　　　<ROW>
　　　　　　<SEQNO>35</SEQNO>
　　　　　　<LEVEL>5</LEVEL>
　　　　　　<BOLD>0</BOLD>
　　　　　　<前年度決算數>70</前年度決算數>
　　　　　　<業務計畫及用途別科目>印刷及裝訂費</業務計畫及用途別科目>
　　　　　　<本年度預算數>65</本年度預算數>
　　　　　　<上年度預算數>65</上年度預算數>
　　　　　　<計畫內容說明>1.印刷及裝訂基金預算及決算書表等5千元。
2.提升民眾對預防接種受害救濟制度認知之衛生安全教育訓練單張及手冊印製費計60千元。</計畫內容說明>
　　　　</ROW>
　　　　<ROW>
　　　　　　<SEQNO>36</SEQNO>
　　　　　　<LEVEL>4</LEVEL>
　　　　　　<BOLD>0</BOLD>
　　　　　　<前年度決算數 />
　　　　　　<業務計畫及用途別科目>修理保養及保固費</業務計畫及用途別科目>
　　　　　　<本年度預算數>20</本年度預算數>
　　　　　　<上年度預算數>20</上年度預算數>
　　　　　　<計畫內容說明>辦公用具、機械設備及其他設備維護費。</計畫內容說明>
　　　　</ROW>
　　　　<ROW>
　　　　　　<SEQNO>37</SEQNO>
　　　　　　<LEVEL>5</LEVEL>
　　　　　　<BOLD>0</BOLD>
　　　　　　<前年度決算數 />
　　　　　　<業務計畫及用途別科目>機械及設備修護費</業務計畫及用途別科目>
　　　　　　<本年度預算數>10</本年度預算數>
　　　　　　<上年度預算數>10</上年度預算數>
　　　　　　<計畫內容說明>辦公用具、機械設備及其他設備維護費。</計畫內容說明>
　　　　</ROW>
　　　　<ROW>
　　　　　　<SEQNO>38</SEQNO>
　　　　　　<LEVEL>5</LEVEL>
　　　　　　<BOLD>0</BOLD>
　　　　　　<前年度決算數 />
　　　　　　<業務計畫及用途別科目>雜項設備修護費</業務計畫及用途別科目>
　　　　　　<本年度預算數>10</本年度預算數>
　　　　　　<上年度預算數>10</上年度預算數>
　　　　　　<計畫內容說明 />
　　　　</ROW>
　　　　<ROW>
　　　　　　<SEQNO>39</SEQNO>
　　　　　　<LEVEL>4</LEVEL>
　　　　　　<BOLD>0</BOLD>
　　　　　　<前年度決算數>544</前年度決算數>
　　　　　　<業務計畫及用途別科目>一般服務費</業務計畫及用途別科目>
　　　　　　<本年度預算數>677</本年度預算數>
　　　　　　<上年度預算數>569</上年度預算數>
　　　　　　<計畫內容說明>1.辦理本基金會計業務僱用臨時人員1名之計時與計件人員酬金674千元。
2.匯款匯費、手續費等3千元。</計畫內容說明>
　　　　</ROW>
　　　　<ROW>
　　　　　　<SEQNO>40</SEQNO>
　　　　　　<LEVEL>5</LEVEL>
　　　　　　<BOLD>0</BOLD>
　　　　　　<前年度決算數>1</前年度決算數>
　　　　　　<業務計畫及用途別科目>佣金、匯費、經理費及手續費</業務計畫及用途別科目>
　　　　　　<本年度預算數>3</本年度預算數>
　　　　　　<上年度預算數>3</上年度預算數>
　　　　　　<計畫內容說明 />
　　　　</ROW>
　　　　<ROW>
　　　　　　<SEQNO>41</SEQNO>
　　　　　　<LEVEL>5</LEVEL>
　　　　　　<BOLD>0</BOLD>
　　　　　　<前年度決算數>543</前年度決算數>
　　　　　　<業務計畫及用途別科目>外包費</業務計畫及用途別科目>
　　　　　　<本年度預算數 />
　　　　　　<上年度預算數>565</上年度預算數>
　　　　　　<計畫內容說明>1.辦理本基金會計業務僱用臨時人員1名之計時與計件人員酬金674千元。
2.匯款匯費、手續費等3千元。</計畫內容說明>
　　　　</ROW>
　　　　<ROW>
　　　　　　<SEQNO>42</SEQNO>
　　　　　　<LEVEL>5</LEVEL>
　　　　　　<BOLD>0</BOLD>
　　　　　　<前年度決算數 />
　　　　　　<業務計畫及用途別科目>計時與計件人員酬金</業務計畫及用途別科目>
　　　　　　<本年度預算數>674</本年度預算數>
　　　　　　<上年度預算數>1</上年度預算數>
　　　　　　<計畫內容說明 />
　　　　</ROW>
　　　　<ROW>
　　　　　　<SEQNO>43</SEQNO>
　　　　　　<LEVEL>4</LEVEL>
　　　　　　<BOLD>0</BOLD>
　　　　　　<前年度決算數>160</前年度決算數>
　　　　　　<業務計畫及用途別科目>專業服務費</業務計畫及用途別科目>
　　　　　　<本年度預算數>185</本年度預算數>
　　　　　　<上年度預算數>185</上年度預算數>
　　　　　　<計畫內容說明>1.教育訓練講師鐘點費25千元。
2.預防接種受害救濟系統維護費160千元。</計畫內容說明>
　　　　</ROW>
　　　　<ROW>
　　　　　　<SEQNO>44</SEQNO>
　　　　　　<LEVEL>5</LEVEL>
　　　　　　<BOLD>0</BOLD>
　　　　　　<前年度決算數 />
　　　　　　<業務計畫及用途別科目>講課鐘點、稿費、出席審查及查詢費</業務計畫及用途別科目>
　　　　　　<本年度預算數>25</本年度預算數>
　　　　　　<上年度預算數>25</上年度預算數>
　　　　　　<計畫內容說明 />
　　　　</ROW>
　　　　<ROW>
　　　　　　<SEQNO>45</SEQNO>
　　　　　　<LEVEL>5</LEVEL>
　　　　　　<BOLD>0</BOLD>
　　　　　　<前年度決算數>160</前年度決算數>
　　　　　　<業務計畫及用途別科目>電腦軟體服務費</業務計畫及用途別科目>
　　　　　　<本年度預算數>160</本年度預算數>
　　　　　　<上年度預算數>160</上年度預算數>
　　　　　　<計畫內容說明>預防接種受害救濟系統維護費160千元。</計畫內容說明>
　　　　</ROW>
　　　　<ROW>
　　　　　　<SEQNO>46</SEQNO>
　　　　　　<LEVEL>3</LEVEL>
　　　　　　<BOLD>0</BOLD>
　　　　　　<前年度決算數>1</前年度決算數>
　　　　　　<業務計畫及用途別科目>材料及用品費</業務計畫及用途別科目>
　　　　　　<本年度預算數>15</本年度預算數>
　　　　　　<上年度預算數>15</上年度預算數>
　　　　　　<計畫內容說明 />
　　　　</ROW>
　　　　<ROW>
　　　　　　<SEQNO>47</SEQNO>
　　　　　　<LEVEL>4</LEVEL>
　　　　　　<BOLD>0</BOLD>
　　　　　　<前年度決算數>1</前年度決算數>
　　　　　　<業務計畫及用途別科目>用品消耗</業務計畫及用途別科目>
　　　　　　<本年度預算數>15</本年度預算數>
　　　　　　<上年度預算數>15</上年度預算數>
　　　　　　<計畫內容說明>本基金相關行政業務、辦理教育訓練所需之文具紙張、書籍等。</計畫內容說明>
　　　　</ROW>
　　　　<ROW>
　　　　　　<SEQNO>48</SEQNO>
　　　　　　<LEVEL>5</LEVEL>
　　　　　　<BOLD>0</BOLD>
　　　　　　<前年度決算數 />
　　　　　　<業務計畫及用途別科目>辦公（事務）用品</業務計畫及用途別科目>
　　　　　　<本年度預算數>15</本年度預算數>
　　　　　　<上年度預算數>15</上年度預算數>
　　　　　　<計畫內容說明>本基金相關行政業務、辦理教育訓練所需之文具紙張、書籍等。</計畫內容說明>
　　　　</ROW>
　　　　<ROW>
　　　　　　<SEQNO>49</SEQNO>
　　　　　　<LEVEL>5</LEVEL>
　　　　　　<BOLD>0</BOLD>
　　　　　　<前年度決算數>1</前年度決算數>
　　　　　　<業務計畫及用途別科目>其他用品消耗</業務計畫及用途別科目>
　　　　　　<本年度預算數 />
　　　　　　<上年度預算數 />
　　　　　　<計畫內容說明 />
　　　　</ROW>
　　　　<ROW>
　　　　　　<SEQNO>50</SEQNO>
　　　　　　<LEVEL>3</LEVEL>
　　　　　　<BOLD>0</BOLD>
　　　　　　<前年度決算數 />
　　　　　　<業務計畫及用途別科目>購建固定資產、無形資產及非理財目的之長期投資</業務計畫及用途別科目>
　　　　　　<本年度預算數>3000</本年度預算數>
　　　　　　<上年度預算數 />
　　　　　　<計畫內容說明 />
　　　　</ROW>
　　　　<ROW>
　　　　　　<SEQNO>51</SEQNO>
　　　　　　<LEVEL>4</LEVEL>
　　　　　　<BOLD>0</BOLD>
　　　　　　<前年度決算數 />
　　　　　　<業務計畫及用途別科目>購建固定資產</業務計畫及用途別科目>
　　　　　　<本年度預算數>1500</本年度預算數>
　　　　　　<上年度預算數 />
　　　　　　<計畫內容說明>建置預防接種受害救濟行政管理系統所需伺服器主機及高容量儲存設備。</計畫內容說明>
　　　　</ROW>
　　　　<ROW>
　　　　　　<SEQNO>52</SEQNO>
　　　　　　<LEVEL>5</LEVEL>
　　　　　　<BOLD>0</BOLD>
　　　　　　<前年度決算數 />
　　　　　　<業務計畫及用途別科目>購置機械及設備</業務計畫及用途別科目>
　　　　　　<本年度預算數>1500</本年度預算數>
　　　　　　<上年度預算數 />
　　　　　　<計畫內容說明 />
　　　　</ROW>
　　　　<ROW>
　　　　　　<SEQNO>53</SEQNO>
　　　　　　<LEVEL>4</LEVEL>
　　　　　　<BOLD>0</BOLD>
　　　　　　<前年度決算數 />
　　　　　　<業務計畫及用途別科目>購置無形資產</業務計畫及用途別科目>
　　　　　　<本年度預算數>1500</本年度預算數>
　　　　　　<上年度預算數 />
　　　　　　<計畫內容說明>辦理預防接種受害救濟申請案件時效管理及統計，建置預防接種受害救濟行政管理系統之系統開發費。</計畫內容說明>
　　　　</ROW>
　　　　<ROW>
　　　　　　<SEQNO>54</SEQNO>
　　　　　　<LEVEL>5</LEVEL>
　　　　　　<BOLD>0</BOLD>
　　　　　　<前年度決算數 />
　　　　　　<業務計畫及用途別科目>購置電腦軟體</業務計畫及用途別科目>
　　　　　　<本年度預算數>1500</本年度預算數>
　　　　　　<上年度預算數 />
　　　　　　<計畫內容說明 />
　　　　</ROW>
　　　　<ROW>
　　　　　　<SEQNO>55</SEQNO>
　　　　　　<LEVEL>1</LEVEL>
　　　　　　<BOLD>1</BOLD>
　　　　　　<前年度決算數>10222</前年度決算數>
　　　　　　<業務計畫及用途別科目>總計</業務計畫及用途別科目>
　　　　　　<本年度預算數>19452</本年度預算數>
　　　　　　<上年度預算數>16671</上年度預算數>
　　　　　　<計畫內容說明 />
　　　　</ROW>
　　</DataSet>
</GenericData>

