<?xml version="1.0" encoding="UTF-8"?>
<GenericData>
　　<Header>
　　　　<Table Id="FNGBWORKR" Name="基金來源、用途及餘絀預計表" Domain="SFUND" />
　　　　<Program Id="FNGBRB0010_A" />
　　　　<Sender Name="預防接種受害救濟基金" />
　　　　<報表名稱>基金來源、用途及餘絀預計表</報表名稱>
　　　　<年度>109</年度>
　　　　<基金>預防接種受害救濟基金</基金>
　　　　<階段>法定預算</階段>
　　　　<版本>1</版本>
　　　　<單位>新臺幣千元</單位>
　　</Header>
　　<DataSet>
　　　　<ROW>
　　　　　　<SEQNO>1</SEQNO>
　　　　　　<LEVEL>01</LEVEL>
　　　　　　<BOLD>0</BOLD>
　　　　　　<前年度決算數>20799</前年度決算數>
　　　　　　<項目>基金來源</項目>
　　　　　　<本年度預算數>20820</本年度預算數>
　　　　　　<上年度預算數>20572</上年度預算數>
　　　　　　<比較增減>248</比較增減>
　　　　</ROW>
　　　　<ROW>
　　　　　　<SEQNO>2</SEQNO>
　　　　　　<LEVEL>02</LEVEL>
　　　　　　<BOLD>0</BOLD>
　　　　　　<前年度決算數>19605</前年度決算數>
　　　　　　<項目>徵收及依法分配收入</項目>
　　　　　　<本年度預算數>20022</本年度預算數>
　　　　　　<上年度預算數>19782</上年度預算數>
　　　　　　<比較增減>240</比較增減>
　　　　</ROW>
　　　　<ROW>
　　　　　　<SEQNO>3</SEQNO>
　　　　　　<LEVEL>03</LEVEL>
　　　　　　<BOLD>0</BOLD>
　　　　　　<前年度決算數>2</前年度決算數>
　　　　　　<項目>違規罰款收入</項目>
　　　　　　<本年度預算數 />
　　　　　　<上年度預算數 />
　　　　　　<比較增減 />
　　　　</ROW>
　　　　<ROW>
　　　　　　<SEQNO>4</SEQNO>
　　　　　　<LEVEL>03</LEVEL>
　　　　　　<BOLD>0</BOLD>
　　　　　　<前年度決算數>19604</前年度決算數>
　　　　　　<項目>醫療衛生救濟提撥收入</項目>
　　　　　　<本年度預算數>20022</本年度預算數>
　　　　　　<上年度預算數>19782</上年度預算數>
　　　　　　<比較增減>240</比較增減>
　　　　</ROW>
　　　　<ROW>
　　　　　　<SEQNO>5</SEQNO>
　　　　　　<LEVEL>02</LEVEL>
　　　　　　<BOLD>0</BOLD>
　　　　　　<前年度決算數>794</前年度決算數>
　　　　　　<項目>財產收入</項目>
　　　　　　<本年度預算數>798</本年度預算數>
　　　　　　<上年度預算數>790</上年度預算數>
　　　　　　<比較增減>8</比較增減>
　　　　</ROW>
　　　　<ROW>
　　　　　　<SEQNO>6</SEQNO>
　　　　　　<LEVEL>03</LEVEL>
　　　　　　<BOLD>0</BOLD>
　　　　　　<前年度決算數>794</前年度決算數>
　　　　　　<項目>利息收入</項目>
　　　　　　<本年度預算數>798</本年度預算數>
　　　　　　<上年度預算數>790</上年度預算數>
　　　　　　<比較增減>8</比較增減>
　　　　</ROW>
　　　　<ROW>
　　　　　　<SEQNO>7</SEQNO>
　　　　　　<LEVEL>02</LEVEL>
　　　　　　<BOLD>0</BOLD>
　　　　　　<前年度決算數>400</前年度決算數>
　　　　　　<項目>其他收入</項目>
　　　　　　<本年度預算數 />
　　　　　　<上年度預算數 />
　　　　　　<比較增減 />
　　　　</ROW>
　　　　<ROW>
　　　　　　<SEQNO>8</SEQNO>
　　　　　　<LEVEL>03</LEVEL>
　　　　　　<BOLD>0</BOLD>
　　　　　　<前年度決算數>400</前年度決算數>
　　　　　　<項目>雜項收入</項目>
　　　　　　<本年度預算數 />
　　　　　　<上年度預算數 />
　　　　　　<比較增減 />
　　　　</ROW>
　　　　<ROW>
　　　　　　<SEQNO>9</SEQNO>
　　　　　　<LEVEL>01</LEVEL>
　　　　　　<BOLD>0</BOLD>
　　　　　　<前年度決算數>10222</前年度決算數>
　　　　　　<項目>基金用途</項目>
　　　　　　<本年度預算數>19452</本年度預算數>
　　　　　　<上年度預算數>16671</上年度預算數>
　　　　　　<比較增減>2781</比較增減>
　　　　</ROW>
　　　　<ROW>
　　　　　　<SEQNO>10</SEQNO>
　　　　　　<LEVEL>02</LEVEL>
　　　　　　<BOLD>0</BOLD>
　　　　　　<前年度決算數>9265</前年度決算數>
　　　　　　<項目>預防接種受害救濟給付計畫</項目>
　　　　　　<本年度預算數>15309</本年度預算數>
　　　　　　<上年度預算數>15636</上年度預算數>
　　　　　　<比較增減>-327</比較增減>
　　　　</ROW>
　　　　<ROW>
　　　　　　<SEQNO>11</SEQNO>
　　　　　　<LEVEL>02</LEVEL>
　　　　　　<BOLD>0</BOLD>
　　　　　　<前年度決算數>957</前年度決算數>
　　　　　　<項目>一般行政管理計畫</項目>
　　　　　　<本年度預算數>4143</本年度預算數>
　　　　　　<上年度預算數>1035</上年度預算數>
　　　　　　<比較增減>3108</比較增減>
　　　　</ROW>
　　　　<ROW>
　　　　　　<SEQNO>12</SEQNO>
　　　　　　<LEVEL>01</LEVEL>
　　　　　　<BOLD>0</BOLD>
　　　　　　<前年度決算數>10577</前年度決算數>
　　　　　　<項目>本期賸餘(短絀)</項目>
　　　　　　<本年度預算數>1368</本年度預算數>
　　　　　　<上年度預算數>3901</上年度預算數>
　　　　　　<比較增減>-2533</比較增減>
　　　　</ROW>
　　　　<ROW>
　　　　　　<SEQNO>13</SEQNO>
　　　　　　<LEVEL>01</LEVEL>
　　　　　　<BOLD>0</BOLD>
　　　　　　<前年度決算數>192244</前年度決算數>
　　　　　　<項目>期初基金餘額</項目>
　　　　　　<本年度預算數>206722</本年度預算數>
　　　　　　<上年度預算數>192916</上年度預算數>
　　　　　　<比較增減>13806</比較增減>
　　　　</ROW>
　　　　<ROW>
　　　　　　<SEQNO>14</SEQNO>
　　　　　　<LEVEL>01</LEVEL>
　　　　　　<BOLD>0</BOLD>
　　　　　　<前年度決算數 />
　　　　　　<項目>解繳公庫</項目>
　　　　　　<本年度預算數 />
　　　　　　<上年度預算數 />
　　　　　　<比較增減 />
　　　　</ROW>
　　　　<ROW>
　　　　　　<SEQNO>15</SEQNO>
　　　　　　<LEVEL>01</LEVEL>
　　　　　　<BOLD>1</BOLD>
　　　　　　<前年度決算數>202821</前年度決算數>
　　　　　　<項目>期末基金餘額</項目>
　　　　　　<本年度預算數>208090</本年度預算數>
　　　　　　<上年度預算數>196817</上年度預算數>
　　　　　　<比較增減>11273</比較增減>
　　　　</ROW>
　　　　<COMM>1.前年度決算數為審定決算數；上年度預算數為法定預算數。
2.前年度決算數細數之和與總數或略有出入，係四捨五入關係。以下各表同。</COMM>
　　</DataSet>
</GenericData>

