<?xml version="1.0" encoding="UTF-8"?>
<GenericData>
　　<Header>
　　　　<Table Id="fngbworkr" Name="基金來源明細" Domain="SFUND" />
　　　　<Program Id="FNGBRB0030_A" />
　　　　<Sender Name="預防接種受害救濟基金" />
　　　　<報表名稱>基金來源明細</報表名稱>
　　　　<年度>109</年度>
　　　　<基金>預防接種受害救濟基金</基金>
　　　　<階段>法定預算</階段>
　　　　<版本>1</版本>
　　　　<單位>新臺幣千元</單位>
　　</Header>
　　<DataSet>
　　　　<ROW>
　　　　　　<SEQNO>1</SEQNO>
　　　　　　<LEVEL>2</LEVEL>
　　　　　　<BOLD>1</BOLD>
　　　　　　<科目及業務項目>徵收及依法分配收入</科目及業務項目>
　　　　　　<單位 />
　　　　　　<預算數-數量 />
　　　　　　<預算數-利率 />
　　　　　　<預算數-金額>20022</預算數-金額>
　　　　　　<說明 />
　　　　</ROW>
　　　　<ROW>
　　　　　　<SEQNO>2</SEQNO>
　　　　　　<LEVEL>3</LEVEL>
　　　　　　<BOLD>0</BOLD>
　　　　　　<科目及業務項目>醫療衛生救濟提撥收入</科目及業務項目>
　　　　　　<單位 />
　　　　　　<預算數-數量>13348000</預算數-數量>
　　　　　　<預算數-利率>2</預算數-利率>
　　　　　　<預算數-金額>20022</預算數-金額>
　　　　　　<說明>依據傳染病防治法第30條第3項規定，中央主管機關應於疫苗檢驗合格時，徵收一定金額充作預防接種受害救濟基金;依疫苗檢驗合格之劑數按劑計算，每1人劑疫苗徵收新臺幣1.5元計算繳納預防接種受害救濟基金，預計本年度徵收20,022千元。</說明>
　　　　</ROW>
　　　　<ROW>
　　　　　　<SEQNO>3</SEQNO>
　　　　　　<LEVEL>2</LEVEL>
　　　　　　<BOLD>1</BOLD>
　　　　　　<科目及業務項目>財產收入</科目及業務項目>
　　　　　　<單位 />
　　　　　　<預算數-數量 />
　　　　　　<預算數-利率 />
　　　　　　<預算數-金額>798</預算數-金額>
　　　　　　<說明 />
　　　　</ROW>
　　　　<ROW>
　　　　　　<SEQNO>4</SEQNO>
　　　　　　<LEVEL>3</LEVEL>
　　　　　　<BOLD>0</BOLD>
　　　　　　<科目及業務項目>利息收入</科目及業務項目>
　　　　　　<單位 />
　　　　　　<預算數-數量 />
　　　　　　<預算數-利率 />
　　　　　　<預算數-金額>798</預算數-金額>
　　　　　　<說明>預估平均存款額度203,000千元：
1.平均活期存款48,000千元，年利率0.08%，利息收入38千元。
2.平均定期存款155,000千元，年利率0.49%，利息收入760千元。</說明>
　　　　</ROW>
　　　　<ROW>
　　　　　　<SEQNO>5</SEQNO>
　　　　　　<LEVEL>1</LEVEL>
　　　　　　<BOLD>1</BOLD>
　　　　　　<科目及業務項目>總計</科目及業務項目>
　　　　　　<單位 />
　　　　　　<預算數-數量 />
　　　　　　<預算數-利率 />
　　　　　　<預算數-金額>20820</預算數-金額>
　　　　　　<說明 />
　　　　</ROW>
　　</DataSet>
</GenericData>

