﻿"name","schema","description"
"109_決算編制_歲入來源別決算表_20221007074336.xml","schema-決算編制_歲入來源別決算表.csv","決算編制_歲入來源別決算表"
"109_決算編制_歲出政事別決算表_20221007074338.xml","schema-決算編制_歲出政事別決算表.csv","決算編制_歲出政事別決算表"
"109_決算編制_歲出機關別決算表_20221007074346.xml","schema-決算編制_歲出機關別決算表.csv","決算編制_歲出機關別決算表"
"109_決算編制_以前年度歲出政事別轉入數決算表_20221007074347.xml","schema-決算編制_以前年度歲出政事別轉入數決算表.csv","決算編制_以前年度歲出政事別轉入數決算表"
"109_決算編制_以前年度歲出機關別轉入數決算表_20221007074347.xml","schema-決算編制_以前年度歲出機關別轉入數決算表.csv","決算編制_以前年度歲出機關別轉入數決算表"
"109-平衡表_20221007074349.xml","schema-平衡表.csv","平衡表"
"109_決算編制-長期投資、固定資產、遞耗資產及無形資產變動表_20221007074351.xml","schema-決算編制-長期投資、固定資產、遞耗資產及無形資產變動表.csv","決算編制-長期投資、固定資產、遞耗資產及無形資產變動表"
"109_決算編製_決算與會計收支對照表_20221007074352.xml","schema-決算編製_決算與會計收支對照表.csv","決算編製_決算與會計收支對照表"
"109_決算編制-歲出用途別決算累計表_20221007074353.xml","schema-決算編制-歲出用途別決算累計表.csv","決算編制-歲出用途別決算累計表"
"109_決算編制-歲出用途別決算分析表_20221007074355.xml","schema-決算編制-歲出用途別決算分析表.csv","決算編制-歲出用途別決算分析表"
"109-繳付公庫數分析表_20221007074356.xml","schema-繳付公庫數分析表.csv","繳付公庫數分析表"
"109-公庫撥入數分析表_20221007074359.xml","schema-公庫撥入數分析表.csv","公庫撥入數分析表"
"109-收入支出表_20221007074400.xml","schema-收入支出表.csv","收入支出表"
