﻿"name","title"
"會計年度","會計年度"
"款","款"
"項","項"
"目","目"
"節","節"
"預算科目編號","預算科目編號"
"預算科目名稱","預算科目名稱"
"分計畫編號","分計畫編號"
"分計畫名稱","分計畫名稱"
"經常支出_人事費","經常支出_人事費"
"經常支出_業務費","經常支出_業務費"
"經常支出_獎補助費","經常支出_獎補助費"
"經常支出_債務費","經常支出_債務費"
"經常支出_小計","經常支出_小計"
"資本資出_業務費","資本資出_業務費"
"資本資出_設備及投資","資本資出_設備及投資"
"資本資出_獎補助費","資本資出_獎補助費"
"資本資出_小計","資本資出_小計"
"合計","合計"
"備註","備註"
