﻿"name","title"
"會計年度","會計年度"
"月份","月份"
"款","款"
"項","項"
"目","目"
"節","節"
"預算年度","預算年度"
"預算科目編號","預算科目編號"
"預算科目名稱","預算科目名稱"
"細目編號","細目編號"
"細目名稱","細目名稱"
"原預算數","原預算數"
"追加減數","追加減數"
"截至本月止分配預算數_1","截至本月止分配預算數_1"
"本月實現數","本月實現數"
"截至本月止累計實現數_2","截至本月止累計實現數_2"
"應收收入數_3","應收收入數_3"
"保留數_4","保留數_4"
"分配數預算餘額_5","分配數預算餘額_5"
