﻿"name","schema","description"
"111_決算編制_歲入來源別決算表_20240913114052.xml","schema-決算編制_歲入來源別決算表.csv","決算編制_歲入來源別決算表"
"111_決算編制_歲出政事別決算表_20240913114055.xml","schema-決算編制_歲出政事別決算表.csv","決算編制_歲出政事別決算表"
"111_決算編制_歲出機關別決算表_20240913114104.xml","schema-決算編制_歲出機關別決算表.csv","決算編制_歲出機關別決算表"
"111_決算編制_以前年度歲出政事別轉入數決算表_20240913114105.xml","schema-決算編制_以前年度歲出政事別轉入數決算表.csv","決算編制_以前年度歲出政事別轉入數決算表"
"111_決算編制_以前年度歲出機關別轉入數決算表_20240913114106.xml","schema-決算編制_以前年度歲出機關別轉入數決算表.csv","決算編制_以前年度歲出機關別轉入數決算表"
"111-平衡表_20240913114110.xml","schema-平衡表.csv","平衡表"
"111_決算編制-長期投資、固定資產、遞耗資產及無形資產變動表_20240913114112.xml","schema-決算編制-長期投資、固定資產、遞耗資產及無形資產變動表.csv","決算編制-長期投資、固定資產、遞耗資產及無形資產變動表"
"111_決算編製_決算與會計收支對照表_20240913114114.xml","schema-決算編製_決算與會計收支對照表.csv","決算編製_決算與會計收支對照表"
"111_決算編制-歲出用途別決算累計表_20240913114117.xml","schema-決算編制-歲出用途別決算累計表.csv","決算編制-歲出用途別決算累計表"
"111_決算編制-歲出用途別決算分析表_20240913114119.xml","schema-決算編制-歲出用途別決算分析表.csv","決算編制-歲出用途別決算分析表"
"111-繳付公庫數分析表_20240913114120.xml","schema-繳付公庫數分析表.csv","繳付公庫數分析表"
"111-公庫撥入數分析表_20240913114123.xml","schema-公庫撥入數分析表.csv","公庫撥入數分析表"
"111-收入支出表_20240913114125.xml","schema-收入支出表.csv","收入支出表"
