﻿"name","title"
"會計年度","會計年度"
"月份","月份"
"會計分類","會計分類"
"項目","項目"
"預算科目編號","預算科目編號"
"預算科目名稱","預算科目名稱"
"分支計畫編號","分支計畫編號"
"分支計畫名稱","分支計畫名稱"
"一級用途別編號","一級用途別編號"
"一級用途別名稱","一級用途別名稱"
"經資門","經資門"
"支出實現數","支出實現數"
"加項_預付款","加項_預付款"
"加項_材料","加項_材料"
"加項_存出保證金","加項_存出保證金"
"加項_退還收入預收款","加項_退還收入預收款"
"加項_其他應收款","加項_其他應收款"
"減項_以前年度撥款於本年度實現數","減項_以前年度撥款於本年度實現數"
"公庫撥入數","公庫撥入數"
"公庫分配數餘額","公庫分配數餘額"
