﻿"name","title"
"會計年度","會計年度"
"款","款"
"項","項"
"目","目"
"節","節"
"預算科目編號","預算科目編號"
"預算科目名稱","預算科目名稱"
"分計畫編號","分計畫編號"
"分計畫名稱","分計畫名稱"
"用途別編號","用途別編號"
"用途別名稱","用途別名稱"
"原預算數","原預算數"
"預算追加減數","預算追加減數"
"動支第一預備金數","動支第一預備金數"
"動支第二預備金數","動支第二預備金數"
"經費流用數","經費流用數"
"預算調整數","預算調整數"
"預算增減數小計","預算增減數小計"
"預算數合計1","預算數合計1"
"實現數","實現數"
"應付數","應付數"
"保留數","保留數"
"決算數合計2","決算數合計2"
"預決算比較增減數","預決算比較增減數"
"決算數占預算數之比率","決算數占預算數之比率"
