﻿"name","schema","description"
"107_決算編制_歲入來源別決算表_20191118095500.xml","schema-決算編制_歲入來源別決算表.csv","決算編制_歲入來源別決算表"
"107_決算編制_歲出政事別決算表_20191118095505.xml","schema-決算編制_歲出政事別決算表.csv","決算編制_歲出政事別決算表"
"107_決算編制_歲出機關別決算表_20191118095516.xml","schema-決算編制_歲出機關別決算表.csv","決算編制_歲出機關別決算表"
"107_決算編制_以前年度歲出政事別轉入數決算表_20191118095518.xml","schema-決算編制_以前年度歲出政事別轉入數決算表.csv","決算編制_以前年度歲出政事別轉入數決算表"
"107_決算編制_以前年度歲出機關別轉入數決算表_20191118095519.xml","schema-決算編制_以前年度歲出機關別轉入數決算表.csv","決算編制_以前年度歲出機關別轉入數決算表"
"107-平衡表_20191118095524.xml","schema-平衡表.csv","平衡表"
"107-資本資產表_20191118095526.xml","schema-資本資產表.csv","資本資產表"
