﻿"name","schema","description"
"112-會計月報_歲入累計表_20230925134954.xml","schema-會計月報_歲入累計表.csv","會計月報_歲入累計表"
"112-會計月報_經費累計表_20230925134956.xml","schema-會計月報_經費累計表.csv","會計月報_經費累計表"
"112-會計月報_以前年度歲出轉入數累計表_20230925134958.xml","schema-會計月報_以前年度歲出轉入數累計表.csv","會計月報_以前年度歲出轉入數累計表"
"112-歲出用途別累計表_20230925134958.xml","schema-歲出用途別累計表.csv","歲出用途別累計表"
"112-繳付公庫數分析表_20230925135003.xml","schema-繳付公庫數分析表.csv","繳付公庫數分析表"
"112-公庫撥入數分析表_20230925135005.xml","schema-公庫撥入數分析表.csv","公庫撥入數分析表"
"112-平衡表_20230925135006.xml","schema-平衡表.csv","平衡表"
"112-收入支出表_20230925135008.xml","schema-收入支出表.csv","收入支出表"
"112-長期投資、固定資產、遞耗資產及無形資產變動表_20230925135009.xml","schema-長期投資、固定資產、遞耗資產及無形資產變動表.csv","長期投資、固定資產、遞耗資產及無形資產變動表"
"112_會計月報_預算執行及會計收支對照表_20230925135011.xml","schema-會計月報_預算執行及會計收支對照表.csv","會計月報_預算執行及會計收支對照表"
