<?xml version="1.0" encoding="UTF-8"?>
<GenericData>
　　<Header>
　　　　<Table Id="fngbworkr" Name="基金用途明細表" Domain="NBA" />
　　　　<Program Id="NBAGBR090_A" />
　　　　<Sender Name="預防接種受害救濟基金" />
　　　　<報表名稱>基金用途明細表</報表名稱>
　　　　<年度>106</年度>
　　　　<基金>預防接種受害救濟基金</基金>
　　　　<階段>預算案</階段>
　　　　<版本>1</版本>
　　　　<單位>新臺幣千元</單位>
　　</Header>
　　<DataSet>
　　　　<ROW>
　　　　　　<SEQNO>1</SEQNO>
　　　　　　<LEVEL>2</LEVEL>
　　　　　　<BOLD>1</BOLD>
　　　　　　<前年度決算數>10319.00</前年度決算數>
　　　　　　<業務計畫及用途別科目>預防接種受害救濟給付計畫</業務計畫及用途別科目>
　　　　　　<本年度預算數>20503.00</本年度預算數>
　　　　　　<上年度預算數>16009.00</上年度預算數>
　　　　　　<計畫內容說明 />
　　　　</ROW>
　　　　<ROW>
　　　　　　<SEQNO>2</SEQNO>
　　　　　　<LEVEL>3</LEVEL>
　　　　　　<BOLD>0</BOLD>
　　　　　　<前年度決算數>4619.00</前年度決算數>
　　　　　　<業務計畫及用途別科目>服務費用</業務計畫及用途別科目>
　　　　　　<本年度預算數>5768.00</本年度預算數>
　　　　　　<上年度預算數>5839.00</上年度預算數>
　　　　　　<計畫內容說明 />
　　　　</ROW>
　　　　<ROW>
　　　　　　<SEQNO>3</SEQNO>
　　　　　　<LEVEL>4</LEVEL>
　　　　　　<BOLD>0</BOLD>
　　　　　　<前年度決算數>401.00</前年度決算數>
　　　　　　<業務計畫及用途別科目>旅運費</業務計畫及用途別科目>
　　　　　　<本年度預算數>397.00</本年度預算數>
　　　　　　<上年度預算數>397.00</上年度預算數>
　　　　　　<計畫內容說明>辦理預防接種受害救濟業務之國內旅費20千元、貨物運費5千元及國外旅費372千元。</計畫內容說明>
　　　　</ROW>
　　　　<ROW>
　　　　　　<SEQNO>4</SEQNO>
　　　　　　<LEVEL>4</LEVEL>
　　　　　　<BOLD>0</BOLD>
　　　　　　<前年度決算數>1.00</前年度決算數>
　　　　　　<業務計畫及用途別科目>印刷裝訂與廣告費</業務計畫及用途別科目>
　　　　　　<本年度預算數>5.00</本年度預算數>
　　　　　　<上年度預算數>10.00</上年度預算數>
　　　　　　<計畫內容說明>印刷及裝訂審議會議資料等計5千元。</計畫內容說明>
　　　　</ROW>
　　　　<ROW>
　　　　　　<SEQNO>5</SEQNO>
　　　　　　<LEVEL>4</LEVEL>
　　　　　　<BOLD>0</BOLD>
　　　　　　<前年度決算數>443.00</前年度決算數>
　　　　　　<業務計畫及用途別科目>一般服務費</業務計畫及用途別科目>
　　　　　　<本年度預算數>607.00</本年度預算數>
　　　　　　<上年度預算數>607.00</上年度預算數>
　　　　　　<計畫內容說明>辦理預防接種受害救濟制度文獻蒐集研究、審議結果分析、個案資料庫建置規劃，以及與本業務相關工作之研發替代役1名，所需薪資待遇607千元。</計畫內容說明>
　　　　</ROW>
　　　　<ROW>
　　　　　　<SEQNO>6</SEQNO>
　　　　　　<LEVEL>4</LEVEL>
　　　　　　<BOLD>0</BOLD>
　　　　　　<前年度決算數>3774.00</前年度決算數>
　　　　　　<業務計畫及用途別科目>專業服務費</業務計畫及用途別科目>
　　　　　　<本年度預算數>4759.00</本年度預算數>
　　　　　　<上年度預算數>4825.00</上年度預算數>
　　　　　　<計畫內容說明>1.辦理審查事宜1,859千元：
(1)出席費484千元。
(2)鑑定費1,375千元。
2.委託辦理預防接種受害救濟業務及基金管理工作計畫2,500千元(內容包括執行受害救濟申請案之受理及審議通知等行政業務、受害救濟金之給付行政、疫苗安全監測等事宜)。
3.基金業務相關法律案件律師費用400千元。</計畫內容說明>
　　　　</ROW>
　　　　<ROW>
　　　　　　<SEQNO>7</SEQNO>
　　　　　　<LEVEL>3</LEVEL>
　　　　　　<BOLD>0</BOLD>
　　　　　　<前年度決算數>10.00</前年度決算數>
　　　　　　<業務計畫及用途別科目>材料及用品費</業務計畫及用途別科目>
　　　　　　<本年度預算數>15.00</本年度預算數>
　　　　　　<上年度預算數>20.00</上年度預算數>
　　　　　　<計畫內容說明>辦理預防接種受害救濟審議會議所需之電腦報表用紙、文具紙張、書籍等。</計畫內容說明>
　　　　</ROW>
　　　　<ROW>
　　　　　　<SEQNO>8</SEQNO>
　　　　　　<LEVEL>4</LEVEL>
　　　　　　<BOLD>0</BOLD>
　　　　　　<前年度決算數>10.00</前年度決算數>
　　　　　　<業務計畫及用途別科目>用品消耗</業務計畫及用途別科目>
　　　　　　<本年度預算數>15.00</本年度預算數>
　　　　　　<上年度預算數>20.00</上年度預算數>
　　　　　　<計畫內容說明 />
　　　　</ROW>
　　　　<ROW>
　　　　　　<SEQNO>9</SEQNO>
　　　　　　<LEVEL>3</LEVEL>
　　　　　　<BOLD>0</BOLD>
　　　　　　<前年度決算數>5690.00</前年度決算數>
　　　　　　<業務計畫及用途別科目>會費、捐助、補助、分攤、照護、救濟與交流活動費</業務計畫及用途別科目>
　　　　　　<本年度預算數>14720.00</本年度預算數>
　　　　　　<上年度預算數>10150.00</上年度預算數>
　　　　　　<計畫內容說明 />
　　　　</ROW>
　　　　<ROW>
　　　　　　<SEQNO>10</SEQNO>
　　　　　　<LEVEL>4</LEVEL>
　　　　　　<BOLD>0</BOLD>
　　　　　　<前年度決算數>5690.00</前年度決算數>
　　　　　　<業務計畫及用途別科目>補貼(償)、獎勵、慰問、照護與救濟</業務計畫及用途別科目>
　　　　　　<本年度預算數>14720.00</本年度預算數>
　　　　　　<上年度預算數>10150.00</上年度預算數>
　　　　　　<計畫內容說明>本年度預計預防接種受害給付：
1.預防接種受害死亡給付:
2,000千元×2件=4,000千元。
2.預防接種受害障礙給付:
1,500千元×2件=3,000千元。
3.預防接種受害嚴重疾病給付：
500千元×9件=4,500千元。
4.預防接種致不良反應給付：
100千元×2件+50千元×20件+
20千元×20件=1,600千元。
5.預防接種疑似不良反應所施行之合理檢查及醫療費用給付：
20千元×21件=420千元。
6.疑因預防接種受害致死，並經病理解剖者，給付喪葬補助費：
300千元×3件=900千元。
7.孕婦疑因預防接種致死產或流產，解剖或檢驗胎兒或胚胎給付300千元：
(1)20週以下：50千元×2件=100千元。
(2)20週以上：100千元×2件=200千元。</計畫內容說明>
　　　　</ROW>
　　　　<ROW>
　　　　　　<SEQNO>11</SEQNO>
　　　　　　<LEVEL>2</LEVEL>
　　　　　　<BOLD>1</BOLD>
　　　　　　<前年度決算數>944.00</前年度決算數>
　　　　　　<業務計畫及用途別科目>一般行政管理計畫</業務計畫及用途別科目>
　　　　　　<本年度預算數>1139.00</本年度預算數>
　　　　　　<上年度預算數>979.00</上年度預算數>
　　　　　　<計畫內容說明 />
　　　　</ROW>
　　　　<ROW>
　　　　　　<SEQNO>12</SEQNO>
　　　　　　<LEVEL>3</LEVEL>
　　　　　　<BOLD>0</BOLD>
　　　　　　<前年度決算數 />
　　　　　　<業務計畫及用途別科目>用人費用</業務計畫及用途別科目>
　　　　　　<本年度預算數>7.00</本年度預算數>
　　　　　　<上年度預算數>7.00</上年度預算數>
　　　　　　<計畫內容說明 />
　　　　</ROW>
　　　　<ROW>
　　　　　　<SEQNO>13</SEQNO>
　　　　　　<LEVEL>4</LEVEL>
　　　　　　<BOLD>0</BOLD>
　　　　　　<前年度決算數 />
　　　　　　<業務計畫及用途別科目>超時工作報酬</業務計畫及用途別科目>
　　　　　　<本年度預算數>7.00</本年度預算數>
　　　　　　<上年度預算數>7.00</上年度預算數>
　　　　　　<計畫內容說明>兼任人員加班費。</計畫內容說明>
　　　　</ROW>
　　　　<ROW>
　　　　　　<SEQNO>14</SEQNO>
　　　　　　<LEVEL>3</LEVEL>
　　　　　　<BOLD>0</BOLD>
　　　　　　<前年度決算數>871.00</前年度決算數>
　　　　　　<業務計畫及用途別科目>服務費用</業務計畫及用途別科目>
　　　　　　<本年度預算數>937.00</本年度預算數>
　　　　　　<上年度預算數>862.00</上年度預算數>
　　　　　　<計畫內容說明 />
　　　　</ROW>
　　　　<ROW>
　　　　　　<SEQNO>15</SEQNO>
　　　　　　<LEVEL>4</LEVEL>
　　　　　　<BOLD>0</BOLD>
　　　　　　<前年度決算數>114.00</前年度決算數>
　　　　　　<業務計畫及用途別科目>水電費</業務計畫及用途別科目>
　　　　　　<本年度預算數>114.00</本年度預算數>
　　　　　　<上年度預算數>114.00</上年度預算數>
　　　　　　<計畫內容說明>工作場所電費。</計畫內容說明>
　　　　</ROW>
　　　　<ROW>
　　　　　　<SEQNO>16</SEQNO>
　　　　　　<LEVEL>4</LEVEL>
　　　　　　<BOLD>0</BOLD>
　　　　　　<前年度決算數>47.00</前年度決算數>
　　　　　　<業務計畫及用途別科目>郵電費</業務計畫及用途別科目>
　　　　　　<本年度預算數>60.00</本年度預算數>
　　　　　　<上年度預算數>60.00</上年度預算數>
　　　　　　<計畫內容說明>電話費44千元及郵費16千元。</計畫內容說明>
　　　　</ROW>
　　　　<ROW>
　　　　　　<SEQNO>17</SEQNO>
　　　　　　<LEVEL>4</LEVEL>
　　　　　　<BOLD>0</BOLD>
　　　　　　<前年度決算數>50.00</前年度決算數>
　　　　　　<業務計畫及用途別科目>印刷裝訂與廣告費</業務計畫及用途別科目>
　　　　　　<本年度預算數>65.00</本年度預算數>
　　　　　　<上年度預算數>60.00</上年度預算數>
　　　　　　<計畫內容說明>1.印刷及裝訂基金預算及決算書表等計5千元。
2.提升民眾對預防接種受害救濟制度認知之衛生安全教育訓練單張及手冊印製費計60千元。</計畫內容說明>
　　　　</ROW>
　　　　<ROW>
　　　　　　<SEQNO>18</SEQNO>
　　　　　　<LEVEL>4</LEVEL>
　　　　　　<BOLD>0</BOLD>
　　　　　　<前年度決算數>530.00</前年度決算數>
　　　　　　<業務計畫及用途別科目>一般服務費</業務計畫及用途別科目>
　　　　　　<本年度預算數>533.00</本年度預算數>
　　　　　　<上年度預算數>478.00</上年度預算數>
　　　　　　<計畫內容說明>1.辦理本基金會計業務之外包人員1名及分攤衛生福利特別收入基金會計業務僱用外包人員2名所需之外包費530千元。
2.匯款匯費、手續費等3千元。</計畫內容說明>
　　　　</ROW>
　　　　<ROW>
　　　　　　<SEQNO>19</SEQNO>
　　　　　　<LEVEL>4</LEVEL>
　　　　　　<BOLD>0</BOLD>
　　　　　　<前年度決算數>130.00</前年度決算數>
　　　　　　<業務計畫及用途別科目>專業服務費</業務計畫及用途別科目>
　　　　　　<本年度預算數>165.00</本年度預算數>
　　　　　　<上年度預算數>150.00</上年度預算數>
　　　　　　<計畫內容說明>1.教育訓練講師鐘點費25千元。
2.預防接種受害救濟系統維護費140千元。</計畫內容說明>
　　　　</ROW>
　　　　<ROW>
　　　　　　<SEQNO>20</SEQNO>
　　　　　　<LEVEL>3</LEVEL>
　　　　　　<BOLD>0</BOLD>
　　　　　　<前年度決算數>2.00</前年度決算數>
　　　　　　<業務計畫及用途別科目>材料及用品費</業務計畫及用途別科目>
　　　　　　<本年度預算數>15.00</本年度預算數>
　　　　　　<上年度預算數>10.00</上年度預算數>
　　　　　　<計畫內容說明 />
　　　　</ROW>
　　　　<ROW>
　　　　　　<SEQNO>21</SEQNO>
　　　　　　<LEVEL>4</LEVEL>
　　　　　　<BOLD>0</BOLD>
　　　　　　<前年度決算數>2.00</前年度決算數>
　　　　　　<業務計畫及用途別科目>用品消耗</業務計畫及用途別科目>
　　　　　　<本年度預算數>15.00</本年度預算數>
　　　　　　<上年度預算數>10.00</上年度預算數>
　　　　　　<計畫內容說明>本基金相關行政業務、辦理教育訓練所需之電腦報表用紙、文具紙張等。</計畫內容說明>
　　　　</ROW>
　　　　<ROW>
　　　　　　<SEQNO>22</SEQNO>
　　　　　　<LEVEL>3</LEVEL>
　　　　　　<BOLD>0</BOLD>
　　　　　　<前年度決算數>72.00</前年度決算數>
　　　　　　<業務計畫及用途別科目>購建固定資產、無形資產及非理財目的之長期投資</業務計畫及用途別科目>
　　　　　　<本年度預算數>180.00</本年度預算數>
　　　　　　<上年度預算數>100.00</上年度預算數>
　　　　　　<計畫內容說明 />
　　　　</ROW>
　　　　<ROW>
　　　　　　<SEQNO>23</SEQNO>
　　　　　　<LEVEL>4</LEVEL>
　　　　　　<BOLD>0</BOLD>
　　　　　　<前年度決算數>72.00</前年度決算數>
　　　　　　<業務計畫及用途別科目>購置無形資產</業務計畫及用途別科目>
　　　　　　<本年度預算數>180.00</本年度預算數>
　　　　　　<上年度預算數>100.00</上年度預算數>
　　　　　　<計畫內容說明>擴充預防接種受害救濟個案文件影像管理及資料檢索系統之功能，包含匯入匯出資料形式等功能增修。</計畫內容說明>
　　　　</ROW>
　　　　<ROW>
　　　　　　<SEQNO>24</SEQNO>
　　　　　　<LEVEL>2</LEVEL>
　　　　　　<BOLD>1</BOLD>
　　　　　　<前年度決算數>25.00</前年度決算數>
　　　　　　<業務計畫及用途別科目>一般建築及設備計畫</業務計畫及用途別科目>
　　　　　　<本年度預算數 />
　　　　　　<上年度預算數>32.00</上年度預算數>
　　　　　　<計畫內容說明 />
　　　　</ROW>
　　　　<ROW>
　　　　　　<SEQNO>25</SEQNO>
　　　　　　<LEVEL>3</LEVEL>
　　　　　　<BOLD>0</BOLD>
　　　　　　<前年度決算數>25.00</前年度決算數>
　　　　　　<業務計畫及用途別科目>購建固定資產、無形資產及非理財目的之長期投資</業務計畫及用途別科目>
　　　　　　<本年度預算數 />
　　　　　　<上年度預算數>32.00</上年度預算數>
　　　　　　<計畫內容說明 />
　　　　</ROW>
　　　　<ROW>
　　　　　　<SEQNO>26</SEQNO>
　　　　　　<LEVEL>4</LEVEL>
　　　　　　<BOLD>0</BOLD>
　　　　　　<前年度決算數>25.00</前年度決算數>
　　　　　　<業務計畫及用途別科目>購置固定資產</業務計畫及用途別科目>
　　　　　　<本年度預算數 />
　　　　　　<上年度預算數>32.00</上年度預算數>
　　　　　　<計畫內容說明 />
　　　　</ROW>
　　　　<ROW>
　　　　　　<SEQNO>27</SEQNO>
　　　　　　<LEVEL>1</LEVEL>
　　　　　　<BOLD>1</BOLD>
　　　　　　<前年度決算數>11289.00</前年度決算數>
　　　　　　<業務計畫及用途別科目>總計</業務計畫及用途別科目>
　　　　　　<本年度預算數>21642.00</本年度預算數>
　　　　　　<上年度預算數>17020.00</上年度預算數>
　　　　　　<計畫內容說明 />
　　　　</ROW>
　　</DataSet>
</GenericData>

