<?xml version="1.0" encoding="UTF-8"?>
<GenericData>
　　<Header>
　　　　<Table Id="fngbbalancer" Name="預計平衡表" Domain="NBA" />
　　　　<Program Id="NBAGBR110_A" />
　　　　<Sender Name="預防接種受害救濟基金" />
　　　　<報表名稱>預計平衡表</報表名稱>
　　　　<年度>106</年度>
　　　　<基金>預防接種受害救濟基金</基金>
　　　　<階段>預算案</階段>
　　　　<版本>1</版本>
　　　　<單位>新臺幣千元</單位>
　　</Header>
　　<DataSet>
　　　　<ROW>
　　　　　　<SEQNO>1</SEQNO>
　　　　　　<LEVEL>01</LEVEL>
　　　　　　<BOLD>1</BOLD>
　　　　　　<民國104年12月31日實際數>178279.00</民國104年12月31日實際數>
　　　　　　<科目>資產</科目>
　　　　　　<民國106年12月31日預計數>180201.00</民國106年12月31日預計數>
　　　　　　<民國105年12月31日預計數>180243.00</民國105年12月31日預計數>
　　　　　　<比較增減>-42.00</比較增減>
　　　　</ROW>
　　　　<ROW>
　　　　　　<SEQNO>2</SEQNO>
　　　　　　<LEVEL>02</LEVEL>
　　　　　　<BOLD>0</BOLD>
　　　　　　<民國104年12月31日實際數>178279.00</民國104年12月31日實際數>
　　　　　　<科目>流動資產</科目>
　　　　　　<民國106年12月31日預計數>180201.00</民國106年12月31日預計數>
　　　　　　<民國105年12月31日預計數>180243.00</民國105年12月31日預計數>
　　　　　　<比較增減>-42.00</比較增減>
　　　　</ROW>
　　　　<ROW>
　　　　　　<SEQNO>3</SEQNO>
　　　　　　<LEVEL>03</LEVEL>
　　　　　　<BOLD>0</BOLD>
　　　　　　<民國104年12月31日實際數>177053.00</民國104年12月31日實際數>
　　　　　　<科目>現金</科目>
　　　　　　<民國106年12月31日預計數>179282.00</民國106年12月31日預計數>
　　　　　　<民國105年12月31日預計數>179392.00</民國105年12月31日預計數>
　　　　　　<比較增減>-110.00</比較增減>
　　　　</ROW>
　　　　<ROW>
　　　　　　<SEQNO>4</SEQNO>
　　　　　　<LEVEL>04</LEVEL>
　　　　　　<BOLD>0</BOLD>
　　　　　　<民國104年12月31日實際數>177053.00</民國104年12月31日實際數>
　　　　　　<科目>銀行存款</科目>
　　　　　　<民國106年12月31日預計數>179282.00</民國106年12月31日預計數>
　　　　　　<民國105年12月31日預計數>179392.00</民國105年12月31日預計數>
　　　　　　<比較增減>-110.00</比較增減>
　　　　</ROW>
　　　　<ROW>
　　　　　　<SEQNO>5</SEQNO>
　　　　　　<LEVEL>03</LEVEL>
　　　　　　<BOLD>0</BOLD>
　　　　　　<民國104年12月31日實際數>1227.00</民國104年12月31日實際數>
　　　　　　<科目>應收款項</科目>
　　　　　　<民國106年12月31日預計數>919.00</民國106年12月31日預計數>
　　　　　　<民國105年12月31日預計數>851.00</民國105年12月31日預計數>
　　　　　　<比較增減>68.00</比較增減>
　　　　</ROW>
　　　　<ROW>
　　　　　　<SEQNO>6</SEQNO>
　　　　　　<LEVEL>04</LEVEL>
　　　　　　<BOLD>0</BOLD>
　　　　　　<民國104年12月31日實際數>272.00</民國104年12月31日實際數>
　　　　　　<科目>應收帳款</科目>
　　　　　　<民國106年12月31日預計數>285.00</民國106年12月31日預計數>
　　　　　　<民國105年12月31日預計數>200.00</民國105年12月31日預計數>
　　　　　　<比較增減>85.00</比較增減>
　　　　</ROW>
　　　　<ROW>
　　　　　　<SEQNO>7</SEQNO>
　　　　　　<LEVEL>04</LEVEL>
　　　　　　<BOLD>0</BOLD>
　　　　　　<民國104年12月31日實際數>954.00</民國104年12月31日實際數>
　　　　　　<科目>應收利息</科目>
　　　　　　<民國106年12月31日預計數>634.00</民國106年12月31日預計數>
　　　　　　<民國105年12月31日預計數>651.00</民國105年12月31日預計數>
　　　　　　<比較增減>-17.00</比較增減>
　　　　</ROW>
　　　　<ROW>
　　　　　　<SEQNO>8</SEQNO>
　　　　　　<LEVEL>01</LEVEL>
　　　　　　<BOLD>1</BOLD>
　　　　　　<民國104年12月31日實際數>178279.00</民國104年12月31日實際數>
　　　　　　<科目>資產總額</科目>
　　　　　　<民國106年12月31日預計數>180201.00</民國106年12月31日預計數>
　　　　　　<民國105年12月31日預計數>180243.00</民國105年12月31日預計數>
　　　　　　<比較增減>-42.00</比較增減>
　　　　</ROW>
　　　　<ROW>
　　　　　　<SEQNO>9</SEQNO>
　　　　　　<LEVEL>01</LEVEL>
　　　　　　<BOLD>1</BOLD>
　　　　　　<民國104年12月31日實際數>2211.00</民國104年12月31日實際數>
　　　　　　<科目>負債</科目>
　　　　　　<民國106年12月31日預計數>3685.00</民國106年12月31日預計數>
　　　　　　<民國105年12月31日預計數>3136.00</民國105年12月31日預計數>
　　　　　　<比較增減>549.00</比較增減>
　　　　</ROW>
　　　　<ROW>
　　　　　　<SEQNO>10</SEQNO>
　　　　　　<LEVEL>02</LEVEL>
　　　　　　<BOLD>0</BOLD>
　　　　　　<民國104年12月31日實際數>2071.00</民國104年12月31日實際數>
　　　　　　<科目>流動負債</科目>
　　　　　　<民國106年12月31日預計數>3421.00</民國106年12月31日預計數>
　　　　　　<民國105年12月31日預計數>2998.00</民國105年12月31日預計數>
　　　　　　<比較增減>423.00</比較增減>
　　　　</ROW>
　　　　<ROW>
　　　　　　<SEQNO>11</SEQNO>
　　　　　　<LEVEL>03</LEVEL>
　　　　　　<BOLD>0</BOLD>
　　　　　　<民國104年12月31日實際數>2071.00</民國104年12月31日實際數>
　　　　　　<科目>應付款項</科目>
　　　　　　<民國106年12月31日預計數>3421.00</民國106年12月31日預計數>
　　　　　　<民國105年12月31日預計數>2998.00</民國105年12月31日預計數>
　　　　　　<比較增減>423.00</比較增減>
　　　　</ROW>
　　　　<ROW>
　　　　　　<SEQNO>12</SEQNO>
　　　　　　<LEVEL>04</LEVEL>
　　　　　　<BOLD>0</BOLD>
　　　　　　<民國104年12月31日實際數>2071.00</民國104年12月31日實際數>
　　　　　　<科目>應付費用</科目>
　　　　　　<民國106年12月31日預計數>3421.00</民國106年12月31日預計數>
　　　　　　<民國105年12月31日預計數>2998.00</民國105年12月31日預計數>
　　　　　　<比較增減>423.00</比較增減>
　　　　</ROW>
　　　　<ROW>
　　　　　　<SEQNO>13</SEQNO>
　　　　　　<LEVEL>02</LEVEL>
　　　　　　<BOLD>0</BOLD>
　　　　　　<民國104年12月31日實際數>140.00</民國104年12月31日實際數>
　　　　　　<科目>其他負債</科目>
　　　　　　<民國106年12月31日預計數>264.00</民國106年12月31日預計數>
　　　　　　<民國105年12月31日預計數>138.00</民國105年12月31日預計數>
　　　　　　<比較增減>126.00</比較增減>
　　　　</ROW>
　　　　<ROW>
　　　　　　<SEQNO>14</SEQNO>
　　　　　　<LEVEL>03</LEVEL>
　　　　　　<BOLD>0</BOLD>
　　　　　　<民國104年12月31日實際數>140.00</民國104年12月31日實際數>
　　　　　　<科目>什項負債</科目>
　　　　　　<民國106年12月31日預計數>264.00</民國106年12月31日預計數>
　　　　　　<民國105年12月31日預計數>138.00</民國105年12月31日預計數>
　　　　　　<比較增減>126.00</比較增減>
　　　　</ROW>
　　　　<ROW>
　　　　　　<SEQNO>15</SEQNO>
　　　　　　<LEVEL>04</LEVEL>
　　　　　　<BOLD>0</BOLD>
　　　　　　<民國104年12月31日實際數>140.00</民國104年12月31日實際數>
　　　　　　<科目>存入保證金</科目>
　　　　　　<民國106年12月31日預計數>264.00</民國106年12月31日預計數>
　　　　　　<民國105年12月31日預計數>138.00</民國105年12月31日預計數>
　　　　　　<比較增減>126.00</比較增減>
　　　　</ROW>
　　　　<ROW>
　　　　　　<SEQNO>16</SEQNO>
　　　　　　<LEVEL>01</LEVEL>
　　　　　　<BOLD>1</BOLD>
　　　　　　<民國104年12月31日實際數>176068.00</民國104年12月31日實際數>
　　　　　　<科目>基金餘額</科目>
　　　　　　<民國106年12月31日預計數>176516.00</民國106年12月31日預計數>
　　　　　　<民國105年12月31日預計數>177107.00</民國105年12月31日預計數>
　　　　　　<比較增減>-591.00</比較增減>
　　　　</ROW>
　　　　<ROW>
　　　　　　<SEQNO>17</SEQNO>
　　　　　　<LEVEL>02</LEVEL>
　　　　　　<BOLD>0</BOLD>
　　　　　　<民國104年12月31日實際數>176068.00</民國104年12月31日實際數>
　　　　　　<科目>基金餘額</科目>
　　　　　　<民國106年12月31日預計數>176516.00</民國106年12月31日預計數>
　　　　　　<民國105年12月31日預計數>177107.00</民國105年12月31日預計數>
　　　　　　<比較增減>-591.00</比較增減>
　　　　</ROW>
　　　　<ROW>
　　　　　　<SEQNO>18</SEQNO>
　　　　　　<LEVEL>03</LEVEL>
　　　　　　<BOLD>0</BOLD>
　　　　　　<民國104年12月31日實際數>176068.00</民國104年12月31日實際數>
　　　　　　<科目>基金餘額</科目>
　　　　　　<民國106年12月31日預計數>176516.00</民國106年12月31日預計數>
　　　　　　<民國105年12月31日預計數>177107.00</民國105年12月31日預計數>
　　　　　　<比較增減>-591.00</比較增減>
　　　　</ROW>
　　　　<ROW>
　　　　　　<SEQNO>19</SEQNO>
　　　　　　<LEVEL>04</LEVEL>
　　　　　　<BOLD>0</BOLD>
　　　　　　<民國104年12月31日實際數>176068.00</民國104年12月31日實際數>
　　　　　　<科目>累積餘額</科目>
　　　　　　<民國106年12月31日預計數>176516.00</民國106年12月31日預計數>
　　　　　　<民國105年12月31日預計數>177107.00</民國105年12月31日預計數>
　　　　　　<比較增減>-591.00</比較增減>
　　　　</ROW>
　　　　<ROW>
　　　　　　<SEQNO>20</SEQNO>
　　　　　　<LEVEL>01</LEVEL>
　　　　　　<BOLD>1</BOLD>
　　　　　　<民國104年12月31日實際數>178279.00</民國104年12月31日實際數>
　　　　　　<科目>負債及基金餘額合計</科目>
　　　　　　<民國106年12月31日預計數>180201.00</民國106年12月31日預計數>
　　　　　　<民國105年12月31日預計數>180243.00</民國105年12月31日預計數>
　　　　　　<比較增減>-42.00</比較增減>
　　　　</ROW>
　　　　<COMM />
　　</DataSet>
</GenericData>

