<?xml version="1.0" encoding="UTF-8"?>
<GenericData>
　　<Header>
　　　　<Table Id="FNGBWORKR" Name="基金來源、用途及餘絀預計表" Domain="NBA" />
　　　　<Program Id="NBAGBR040_A" />
　　　　<Sender Name="預防接種受害救濟基金" />
　　　　<報表名稱>基金來源、用途及餘絀預計表</報表名稱>
　　　　<年度>106</年度>
　　　　<基金>預防接種受害救濟基金</基金>
　　　　<階段>預算案</階段>
　　　　<版本>1</版本>
　　　　<單位>新臺幣千元</單位>
　　</Header>
　　<DataSet>
　　　　<ROW>
　　　　　　<SEQNO>1</SEQNO>
　　　　　　<LEVEL>1</LEVEL>
　　　　　　<BOLD>1</BOLD>
　　　　　　<前年度決算數>21245</前年度決算數>
　　　　　　<項目>基金來源</項目>
　　　　　　<本年度預算數>21051</本年度預算數>
　　　　　　<上年度預算數>18059</上年度預算數>
　　　　　　<比較增減>2992</比較增減>
　　　　</ROW>
　　　　<ROW>
　　　　　　<SEQNO>2</SEQNO>
　　　　　　<LEVEL>2</LEVEL>
　　　　　　<BOLD>0</BOLD>
　　　　　　<前年度決算數>20009</前年度決算數>
　　　　　　<項目>徵收及依法分配收入</項目>
　　　　　　<本年度預算數>20005</本年度預算數>
　　　　　　<上年度預算數>16800</上年度預算數>
　　　　　　<比較增減>3205</比較增減>
　　　　</ROW>
　　　　<ROW>
　　　　　　<SEQNO>3</SEQNO>
　　　　　　<LEVEL>3</LEVEL>
　　　　　　<BOLD>0</BOLD>
　　　　　　<前年度決算數>6</前年度決算數>
　　　　　　<項目>違規罰款收入</項目>
　　　　　　<本年度預算數>0</本年度預算數>
　　　　　　<上年度預算數>0</上年度預算數>
　　　　　　<比較增減>0</比較增減>
　　　　</ROW>
　　　　<ROW>
　　　　　　<SEQNO>4</SEQNO>
　　　　　　<LEVEL>3</LEVEL>
　　　　　　<BOLD>0</BOLD>
　　　　　　<前年度決算數>20003</前年度決算數>
　　　　　　<項目>醫療衛生救濟提撥收入</項目>
　　　　　　<本年度預算數>20005</本年度預算數>
　　　　　　<上年度預算數>16800</上年度預算數>
　　　　　　<比較增減>3205</比較增減>
　　　　</ROW>
　　　　<ROW>
　　　　　　<SEQNO>5</SEQNO>
　　　　　　<LEVEL>2</LEVEL>
　　　　　　<BOLD>0</BOLD>
　　　　　　<前年度決算數>1236</前年度決算數>
　　　　　　<項目>財產收入</項目>
　　　　　　<本年度預算數>1046</本年度預算數>
　　　　　　<上年度預算數>1259</上年度預算數>
　　　　　　<比較增減>-213</比較增減>
　　　　</ROW>
　　　　<ROW>
　　　　　　<SEQNO>6</SEQNO>
　　　　　　<LEVEL>3</LEVEL>
　　　　　　<BOLD>0</BOLD>
　　　　　　<前年度決算數>1236</前年度決算數>
　　　　　　<項目>利息收入</項目>
　　　　　　<本年度預算數>1046</本年度預算數>
　　　　　　<上年度預算數>1259</上年度預算數>
　　　　　　<比較增減>-213</比較增減>
　　　　</ROW>
　　　　<ROW>
　　　　　　<SEQNO>7</SEQNO>
　　　　　　<LEVEL>1</LEVEL>
　　　　　　<BOLD>1</BOLD>
　　　　　　<前年度決算數>11289</前年度決算數>
　　　　　　<項目>基金用途</項目>
　　　　　　<本年度預算數>21642</本年度預算數>
　　　　　　<上年度預算數>17020</上年度預算數>
　　　　　　<比較增減>4622</比較增減>
　　　　</ROW>
　　　　<ROW>
　　　　　　<SEQNO>8</SEQNO>
　　　　　　<LEVEL>2</LEVEL>
　　　　　　<BOLD>0</BOLD>
　　　　　　<前年度決算數>10319</前年度決算數>
　　　　　　<項目>預防接種受害救濟給付計畫</項目>
　　　　　　<本年度預算數>20503</本年度預算數>
　　　　　　<上年度預算數>16009</上年度預算數>
　　　　　　<比較增減>4494</比較增減>
　　　　</ROW>
　　　　<ROW>
　　　　　　<SEQNO>9</SEQNO>
　　　　　　<LEVEL>2</LEVEL>
　　　　　　<BOLD>0</BOLD>
　　　　　　<前年度決算數>944</前年度決算數>
　　　　　　<項目>一般行政管理計畫</項目>
　　　　　　<本年度預算數>1139</本年度預算數>
　　　　　　<上年度預算數>979</上年度預算數>
　　　　　　<比較增減>160</比較增減>
　　　　</ROW>
　　　　<ROW>
　　　　　　<SEQNO>10</SEQNO>
　　　　　　<LEVEL>2</LEVEL>
　　　　　　<BOLD>0</BOLD>
　　　　　　<前年度決算數>25</前年度決算數>
　　　　　　<項目>一般建築及設備計畫</項目>
　　　　　　<本年度預算數>0</本年度預算數>
　　　　　　<上年度預算數>32</上年度預算數>
　　　　　　<比較增減>-32</比較增減>
　　　　</ROW>
　　　　<ROW>
　　　　　　<SEQNO>11</SEQNO>
　　　　　　<LEVEL>1</LEVEL>
　　　　　　<BOLD>1</BOLD>
　　　　　　<前年度決算數>9956</前年度決算數>
　　　　　　<項目>本期賸餘(短絀-)</項目>
　　　　　　<本年度預算數>-591</本年度預算數>
　　　　　　<上年度預算數>1039</上年度預算數>
　　　　　　<比較增減>-1630</比較增減>
　　　　</ROW>
　　　　<ROW>
　　　　　　<SEQNO>12</SEQNO>
　　　　　　<LEVEL>1</LEVEL>
　　　　　　<BOLD>1</BOLD>
　　　　　　<前年度決算數>166112</前年度決算數>
　　　　　　<項目>期初基金餘額</項目>
　　　　　　<本年度預算數>177107</本年度預算數>
　　　　　　<上年度預算數>167610</上年度預算數>
　　　　　　<比較增減>9497</比較增減>
　　　　</ROW>
　　　　<ROW>
　　　　　　<SEQNO>13</SEQNO>
　　　　　　<LEVEL>1</LEVEL>
　　　　　　<BOLD>1</BOLD>
　　　　　　<前年度決算數>0</前年度決算數>
　　　　　　<項目>解繳國庫</項目>
　　　　　　<本年度預算數>0</本年度預算數>
　　　　　　<上年度預算數>0</上年度預算數>
　　　　　　<比較增減>0</比較增減>
　　　　</ROW>
　　　　<ROW>
　　　　　　<SEQNO>14</SEQNO>
　　　　　　<LEVEL>1</LEVEL>
　　　　　　<BOLD>1</BOLD>
　　　　　　<前年度決算數>176068</前年度決算數>
　　　　　　<項目>期末基金餘額</項目>
　　　　　　<本年度預算數>176516</本年度預算數>
　　　　　　<上年度預算數>168649</上年度預算數>
　　　　　　<比較增減>7867</比較增減>
　　　　</ROW>
　　　　<COMM />
　　</DataSet>
</GenericData>

