﻿"name","schema","description"
"112-會計月報_歲入累計表_20240913111813.xml","schema-會計月報_歲入累計表.csv","會計月報_歲入累計表"
"112-會計月報_經費累計表_20240913111816.xml","schema-會計月報_經費累計表.csv","會計月報_經費累計表"
"112-會計月報_以前年度歲出轉入數累計表_20240913111817.xml","schema-會計月報_以前年度歲出轉入數累計表.csv","會計月報_以前年度歲出轉入數累計表"
"112-歲出用途別累計表_20240913111818.xml","schema-歲出用途別累計表.csv","歲出用途別累計表"
"112-繳付公庫數分析表_20240913111822.xml","schema-繳付公庫數分析表.csv","繳付公庫數分析表"
"112-公庫撥入數分析表_20240913111824.xml","schema-公庫撥入數分析表.csv","公庫撥入數分析表"
"112-平衡表_20240913111825.xml","schema-平衡表.csv","平衡表"
"112-收入支出表_20240913111827.xml","schema-收入支出表.csv","收入支出表"
"112-長期投資、固定資產、遞耗資產及無形資產變動表_20240913111829.xml","schema-長期投資、固定資產、遞耗資產及無形資產變動表.csv","長期投資、固定資產、遞耗資產及無形資產變動表"
"112_會計月報_預算執行及會計收支對照表_20240913111829.xml","schema-會計月報_預算執行及會計收支對照表.csv","會計月報_預算執行及會計收支對照表"
