<?xml version="1.0" encoding="UTF-8"?>
<tables>
    <BCME3450>
        <BCME3450_row>
            <objectNo>合計</objectNo>
            <budget>
                <budgetno_6557050100>1061143.00</budgetno_6557050100>
                <budgetno_5257050400>239794.00</budgetno_5257050400>
                <budgetno_6557050200>4261348.00</budgetno_6557050200>
                <budgetno_6557059002>2800.00</budgetno_6557059002>
                <budgetno_6557059800>50.00</budgetno_6557059800>
            </budget>
            <total>5565135.00</total>
        </BCME3450_row>
        <BCME3450_row>
            <objectNo>1000 人事費</objectNo>
            <budget>
                <budgetno_6557050100>1026198.00</budgetno_6557050100>
                <budgetno_5257050400/>
                <budgetno_6557050200/>
                <budgetno_6557059002/>
                <budgetno_6557059800/>
            </budget>
            <total>1026198.00</total>
        </BCME3450_row>
        <BCME3450_row>
            <objectNo>  1015 法定編制人員待遇</objectNo>
            <budget>
                <budgetno_6557050100>632304.00</budgetno_6557050100>
                <budgetno_5257050400/>
                <budgetno_6557050200/>
                <budgetno_6557059002/>
                <budgetno_6557059800/>
            </budget>
            <total>632304.00</total>
        </BCME3450_row>
        <BCME3450_row>
            <objectNo>  1020 約聘僱人員待遇</objectNo>
            <budget>
                <budgetno_6557050100>17063.00</budgetno_6557050100>
                <budgetno_5257050400/>
                <budgetno_6557050200/>
                <budgetno_6557059002/>
                <budgetno_6557059800/>
            </budget>
            <total>17063.00</total>
        </BCME3450_row>
        <BCME3450_row>
            <objectNo>  1025 技工及工友待遇</objectNo>
            <budget>
                <budgetno_6557050100>23892.00</budgetno_6557050100>
                <budgetno_5257050400/>
                <budgetno_6557050200/>
                <budgetno_6557059002/>
                <budgetno_6557059800/>
            </budget>
            <total>23892.00</total>
        </BCME3450_row>
        <BCME3450_row>
            <objectNo>  1030 獎金</objectNo>
            <budget>
                <budgetno_6557050100>185056.00</budgetno_6557050100>
                <budgetno_5257050400/>
                <budgetno_6557050200/>
                <budgetno_6557059002/>
                <budgetno_6557059800/>
            </budget>
            <total>185056.00</total>
        </BCME3450_row>
        <BCME3450_row>
            <objectNo>  1035 其他給與</objectNo>
            <budget>
                <budgetno_6557050100>14472.00</budgetno_6557050100>
                <budgetno_5257050400/>
                <budgetno_6557050200/>
                <budgetno_6557059002/>
                <budgetno_6557059800/>
            </budget>
            <total>14472.00</total>
        </BCME3450_row>
        <BCME3450_row>
            <objectNo>  1040 加班值班費</objectNo>
            <budget>
                <budgetno_6557050100>33114.00</budgetno_6557050100>
                <budgetno_5257050400/>
                <budgetno_6557050200/>
                <budgetno_6557059002/>
                <budgetno_6557059800/>
            </budget>
            <total>33114.00</total>
        </BCME3450_row>
        <BCME3450_row>
            <objectNo>  1045 退休退職給付</objectNo>
            <budget>
                <budgetno_6557050100>2412.00</budgetno_6557050100>
                <budgetno_5257050400/>
                <budgetno_6557050200/>
                <budgetno_6557059002/>
                <budgetno_6557059800/>
            </budget>
            <total>2412.00</total>
        </BCME3450_row>
        <BCME3450_row>
            <objectNo>  1050 退休離職儲金</objectNo>
            <budget>
                <budgetno_6557050100>59196.00</budgetno_6557050100>
                <budgetno_5257050400/>
                <budgetno_6557050200/>
                <budgetno_6557059002/>
                <budgetno_6557059800/>
            </budget>
            <total>59196.00</total>
        </BCME3450_row>
        <BCME3450_row>
            <objectNo>  1055 保險</objectNo>
            <budget>
                <budgetno_6557050100>58689.00</budgetno_6557050100>
                <budgetno_5257050400/>
                <budgetno_6557050200/>
                <budgetno_6557059002/>
                <budgetno_6557059800/>
            </budget>
            <total>58689.00</total>
        </BCME3450_row>
        <BCME3450_row>
            <objectNo>2000 業務費</objectNo>
            <budget>
                <budgetno_6557050100>31308.00</budgetno_6557050100>
                <budgetno_5257050400>206503.00</budgetno_5257050400>
                <budgetno_6557050200>758635.00</budgetno_6557050200>
                <budgetno_6557059002/>
                <budgetno_6557059800/>
            </budget>
            <total>996446.00</total>
        </BCME3450_row>
        <BCME3450_row>
            <objectNo>  2003 教育訓練費</objectNo>
            <budget>
                <budgetno_6557050100>215.00</budgetno_6557050100>
                <budgetno_5257050400>788.00</budgetno_5257050400>
                <budgetno_6557050200>4649.00</budgetno_6557050200>
                <budgetno_6557059002/>
                <budgetno_6557059800/>
            </budget>
            <total>5652.00</total>
        </BCME3450_row>
        <BCME3450_row>
            <objectNo>  2006 水電費</objectNo>
            <budget>
                <budgetno_6557050100>4500.00</budgetno_6557050100>
                <budgetno_5257050400>4885.00</budgetno_5257050400>
                <budgetno_6557050200>23823.00</budgetno_6557050200>
                <budgetno_6557059002/>
                <budgetno_6557059800/>
            </budget>
            <total>33208.00</total>
        </BCME3450_row>
        <BCME3450_row>
            <objectNo>  2009 通訊費</objectNo>
            <budget>
                <budgetno_6557050100>1000.00</budgetno_6557050100>
                <budgetno_5257050400>2690.00</budgetno_5257050400>
                <budgetno_6557050200>8686.00</budgetno_6557050200>
                <budgetno_6557059002/>
                <budgetno_6557059800/>
            </budget>
            <total>12376.00</total>
        </BCME3450_row>
        <BCME3450_row>
            <objectNo>  2012 土地租金</objectNo>
            <budget>
                <budgetno_6557050100/>
                <budgetno_5257050400/>
                <budgetno_6557050200>3964.00</budgetno_6557050200>
                <budgetno_6557059002/>
                <budgetno_6557059800/>
            </budget>
            <total>3964.00</total>
        </BCME3450_row>
        <BCME3450_row>
            <objectNo>  2015 權利使用費</objectNo>
            <budget>
                <budgetno_6557050100/>
                <budgetno_5257050400>50.00</budgetno_5257050400>
                <budgetno_6557050200>65.00</budgetno_6557050200>
                <budgetno_6557059002/>
                <budgetno_6557059800/>
            </budget>
            <total>115.00</total>
        </BCME3450_row>
        <BCME3450_row>
            <objectNo>  2018 資訊服務費</objectNo>
            <budget>
                <budgetno_6557050100/>
                <budgetno_5257050400>18000.00</budgetno_5257050400>
                <budgetno_6557050200>18239.00</budgetno_6557050200>
                <budgetno_6557059002/>
                <budgetno_6557059800/>
            </budget>
            <total>36239.00</total>
        </BCME3450_row>
        <BCME3450_row>
            <objectNo>  2021 其他業務租金</objectNo>
            <budget>
                <budgetno_6557050100>543.00</budgetno_6557050100>
                <budgetno_5257050400>340.00</budgetno_5257050400>
                <budgetno_6557050200>16070.00</budgetno_6557050200>
                <budgetno_6557059002/>
                <budgetno_6557059800/>
            </budget>
            <total>16953.00</total>
        </BCME3450_row>
        <BCME3450_row>
            <objectNo>  2024 稅捐及規費</objectNo>
            <budget>
                <budgetno_6557050100>962.00</budgetno_6557050100>
                <budgetno_5257050400/>
                <budgetno_6557050200>82.00</budgetno_6557050200>
                <budgetno_6557059002/>
                <budgetno_6557059800/>
            </budget>
            <total>1044.00</total>
        </BCME3450_row>
        <BCME3450_row>
            <objectNo>  2027 保險費</objectNo>
            <budget>
                <budgetno_6557050100>124.00</budgetno_6557050100>
                <budgetno_5257050400>116.00</budgetno_5257050400>
                <budgetno_6557050200>299.00</budgetno_6557050200>
                <budgetno_6557059002/>
                <budgetno_6557059800/>
            </budget>
            <total>539.00</total>
        </BCME3450_row>
        <BCME3450_row>
            <objectNo>  2030 兼職費</objectNo>
            <budget>
                <budgetno_6557050100/>
                <budgetno_5257050400/>
                <budgetno_6557050200>5760.00</budgetno_6557050200>
                <budgetno_6557059002/>
                <budgetno_6557059800/>
            </budget>
            <total>5760.00</total>
        </BCME3450_row>
        <BCME3450_row>
            <objectNo>  2033 臨時人員酬金</objectNo>
            <budget>
                <budgetno_6557050100>3053.00</budgetno_6557050100>
                <budgetno_5257050400>33192.00</budgetno_5257050400>
                <budgetno_6557050200>45099.00</budgetno_6557050200>
                <budgetno_6557059002/>
                <budgetno_6557059800/>
            </budget>
            <total>81344.00</total>
        </BCME3450_row>
        <BCME3450_row>
            <objectNo>  2036 按日按件計資酬金</objectNo>
            <budget>
                <budgetno_6557050100>507.00</budgetno_6557050100>
                <budgetno_5257050400>2024.00</budgetno_5257050400>
                <budgetno_6557050200>8500.00</budgetno_6557050200>
                <budgetno_6557059002/>
                <budgetno_6557059800/>
            </budget>
            <total>11031.00</total>
        </BCME3450_row>
        <BCME3450_row>
            <objectNo>  2039 委辦費</objectNo>
            <budget>
                <budgetno_6557050100/>
                <budgetno_5257050400>79349.00</budgetno_5257050400>
                <budgetno_6557050200>173982.00</budgetno_6557050200>
                <budgetno_6557059002/>
                <budgetno_6557059800/>
            </budget>
            <total>253331.00</total>
        </BCME3450_row>
        <BCME3450_row>
            <objectNo>  2042 國際組織會費</objectNo>
            <budget>
                <budgetno_6557050100/>
                <budgetno_5257050400/>
                <budgetno_6557050200>79.00</budgetno_6557050200>
                <budgetno_6557059002/>
                <budgetno_6557059800/>
            </budget>
            <total>79.00</total>
        </BCME3450_row>
        <BCME3450_row>
            <objectNo>  2045 國內組織會費</objectNo>
            <budget>
                <budgetno_6557050100/>
                <budgetno_5257050400>25.00</budgetno_5257050400>
                <budgetno_6557050200>815.00</budgetno_6557050200>
                <budgetno_6557059002/>
                <budgetno_6557059800/>
            </budget>
            <total>840.00</total>
        </BCME3450_row>
        <BCME3450_row>
            <objectNo>  2051 物品</objectNo>
            <budget>
                <budgetno_6557050100>3004.00</budgetno_6557050100>
                <budgetno_5257050400>45231.00</budgetno_5257050400>
                <budgetno_6557050200>340888.00</budgetno_6557050200>
                <budgetno_6557059002/>
                <budgetno_6557059800/>
            </budget>
            <total>389123.00</total>
        </BCME3450_row>
        <BCME3450_row>
            <objectNo>  2054 一般事務費</objectNo>
            <budget>
                <budgetno_6557050100>13676.00</budgetno_6557050100>
                <budgetno_5257050400>15033.00</budgetno_5257050400>
                <budgetno_6557050200>66312.00</budgetno_6557050200>
                <budgetno_6557059002/>
                <budgetno_6557059800/>
            </budget>
            <total>95021.00</total>
        </BCME3450_row>
        <BCME3450_row>
            <objectNo>  2063 房屋建築養護費</objectNo>
            <budget>
                <budgetno_6557050100>1100.00</budgetno_6557050100>
                <budgetno_5257050400/>
                <budgetno_6557050200>6276.00</budgetno_6557050200>
                <budgetno_6557059002/>
                <budgetno_6557059800/>
            </budget>
            <total>7376.00</total>
        </BCME3450_row>
        <BCME3450_row>
            <objectNo>  2066 車輛及辦公器具養護費</objectNo>
            <budget>
                <budgetno_6557050100>273.00</budgetno_6557050100>
                <budgetno_5257050400/>
                <budgetno_6557050200>1465.00</budgetno_6557050200>
                <budgetno_6557059002/>
                <budgetno_6557059800/>
            </budget>
            <total>1738.00</total>
        </BCME3450_row>
        <BCME3450_row>
            <objectNo>  2069 設施及機械設備養護費</objectNo>
            <budget>
                <budgetno_6557050100>1819.00</budgetno_6557050100>
                <budgetno_5257050400>2806.00</budgetno_5257050400>
                <budgetno_6557050200>23084.00</budgetno_6557050200>
                <budgetno_6557059002/>
                <budgetno_6557059800/>
            </budget>
            <total>27709.00</total>
        </BCME3450_row>
        <BCME3450_row>
            <objectNo>  2072 國內旅費</objectNo>
            <budget>
                <budgetno_6557050100>340.00</budgetno_6557050100>
                <budgetno_5257050400>1550.00</budgetno_5257050400>
                <budgetno_6557050200>5523.00</budgetno_6557050200>
                <budgetno_6557059002/>
                <budgetno_6557059800/>
            </budget>
            <total>7413.00</total>
        </BCME3450_row>
        <BCME3450_row>
            <objectNo>  2075 大陸地區旅費</objectNo>
            <budget>
                <budgetno_6557050100/>
                <budgetno_5257050400/>
                <budgetno_6557050200>82.00</budgetno_6557050200>
                <budgetno_6557059002/>
                <budgetno_6557059800/>
            </budget>
            <total>82.00</total>
        </BCME3450_row>
        <BCME3450_row>
            <objectNo>  2078 國外旅費</objectNo>
            <budget>
                <budgetno_6557050100/>
                <budgetno_5257050400/>
                <budgetno_6557050200>2396.00</budgetno_6557050200>
                <budgetno_6557059002/>
                <budgetno_6557059800/>
            </budget>
            <total>2396.00</total>
        </BCME3450_row>
        <BCME3450_row>
            <objectNo>  2081 運費</objectNo>
            <budget>
                <budgetno_6557050100>24.00</budgetno_6557050100>
                <budgetno_5257050400>404.00</budgetno_5257050400>
                <budgetno_6557050200>2258.00</budgetno_6557050200>
                <budgetno_6557059002/>
                <budgetno_6557059800/>
            </budget>
            <total>2686.00</total>
        </BCME3450_row>
        <BCME3450_row>
            <objectNo>  2084 短程車資</objectNo>
            <budget>
                <budgetno_6557050100>10.00</budgetno_6557050100>
                <budgetno_5257050400>20.00</budgetno_5257050400>
                <budgetno_6557050200>239.00</budgetno_6557050200>
                <budgetno_6557059002/>
                <budgetno_6557059800/>
            </budget>
            <total>269.00</total>
        </BCME3450_row>
        <BCME3450_row>
            <objectNo>  2093 特別費</objectNo>
            <budget>
                <budgetno_6557050100>158.00</budgetno_6557050100>
                <budgetno_5257050400/>
                <budgetno_6557050200/>
                <budgetno_6557059002/>
                <budgetno_6557059800/>
            </budget>
            <total>158.00</total>
        </BCME3450_row>
        <BCME3450_row>
            <objectNo>3000 設備及投資</objectNo>
            <budget>
                <budgetno_6557050100>1862.00</budgetno_6557050100>
                <budgetno_5257050400>33091.00</budgetno_5257050400>
                <budgetno_6557050200>64088.00</budgetno_6557050200>
                <budgetno_6557059002>2800.00</budgetno_6557059002>
                <budgetno_6557059800/>
            </budget>
            <total>101841.00</total>
        </BCME3450_row>
        <BCME3450_row>
            <objectNo>  3010 房屋建築及設備費</objectNo>
            <budget>
                <budgetno_6557050100/>
                <budgetno_5257050400/>
                <budgetno_6557050200/>
                <budgetno_6557059002>2800.00</budgetno_6557059002>
                <budgetno_6557059800/>
            </budget>
            <total>2800.00</total>
        </BCME3450_row>
        <BCME3450_row>
            <objectNo>  3020 機械設備費</objectNo>
            <budget>
                <budgetno_6557050100/>
                <budgetno_5257050400>1562.00</budgetno_5257050400>
                <budgetno_6557050200>12550.00</budgetno_6557050200>
                <budgetno_6557059002/>
                <budgetno_6557059800/>
            </budget>
            <total>14112.00</total>
        </BCME3450_row>
        <BCME3450_row>
            <objectNo>  3025 運輸設備費</objectNo>
            <budget>
                <budgetno_6557050100/>
                <budgetno_5257050400/>
                <budgetno_6557050200>70.00</budgetno_6557050200>
                <budgetno_6557059002/>
                <budgetno_6557059800/>
            </budget>
            <total>70.00</total>
        </BCME3450_row>
        <BCME3450_row>
            <objectNo>  3030 資訊軟硬體設備費</objectNo>
            <budget>
                <budgetno_6557050100/>
                <budgetno_5257050400>31307.00</budgetno_5257050400>
                <budgetno_6557050200>41392.00</budgetno_6557050200>
                <budgetno_6557059002/>
                <budgetno_6557059800/>
            </budget>
            <total>72699.00</total>
        </BCME3450_row>
        <BCME3450_row>
            <objectNo>  3035 雜項設備費</objectNo>
            <budget>
                <budgetno_6557050100>1862.00</budgetno_6557050100>
                <budgetno_5257050400>222.00</budgetno_5257050400>
                <budgetno_6557050200>10076.00</budgetno_6557050200>
                <budgetno_6557059002/>
                <budgetno_6557059800/>
            </budget>
            <total>12160.00</total>
        </BCME3450_row>
        <BCME3450_row>
            <objectNo>4000 獎補助費</objectNo>
            <budget>
                <budgetno_6557050100>1775.00</budgetno_6557050100>
                <budgetno_5257050400>200.00</budgetno_5257050400>
                <budgetno_6557050200>3438625.00</budgetno_6557050200>
                <budgetno_6557059002/>
                <budgetno_6557059800/>
            </budget>
            <total>3440600.00</total>
        </BCME3450_row>
        <BCME3450_row>
            <objectNo>  4005 對直轄市政府之補助</objectNo>
            <budget>
                <budgetno_6557050100/>
                <budgetno_5257050400/>
                <budgetno_6557050200>63759.00</budgetno_6557050200>
                <budgetno_6557059002/>
                <budgetno_6557059800/>
            </budget>
            <total>63759.00</total>
        </BCME3450_row>
        <BCME3450_row>
            <objectNo>  4010 對臺灣省各縣市之補助</objectNo>
            <budget>
                <budgetno_6557050100/>
                <budgetno_5257050400/>
                <budgetno_6557050200>68108.00</budgetno_6557050200>
                <budgetno_6557059002/>
                <budgetno_6557059800/>
            </budget>
            <total>68108.00</total>
        </BCME3450_row>
        <BCME3450_row>
            <objectNo>  4015 對福建省各縣之補助</objectNo>
            <budget>
                <budgetno_6557050100/>
                <budgetno_5257050400/>
                <budgetno_6557050200>1134.00</budgetno_6557050200>
                <budgetno_6557059002/>
                <budgetno_6557059800/>
            </budget>
            <total>1134.00</total>
        </BCME3450_row>
        <BCME3450_row>
            <objectNo>  4025 政府機關間之補助</objectNo>
            <budget>
                <budgetno_6557050100/>
                <budgetno_5257050400/>
                <budgetno_6557050200>2241.00</budgetno_6557050200>
                <budgetno_6557059002/>
                <budgetno_6557059800/>
            </budget>
            <total>2241.00</total>
        </BCME3450_row>
        <BCME3450_row>
            <objectNo>  4030 對特種基金之補助</objectNo>
            <budget>
                <budgetno_6557050100/>
                <budgetno_5257050400/>
                <budgetno_6557050200>1079570.00</budgetno_6557050200>
                <budgetno_6557059002/>
                <budgetno_6557059800/>
            </budget>
            <total>1079570.00</total>
        </BCME3450_row>
        <BCME3450_row>
            <objectNo>  4040 對國內團體之捐助</objectNo>
            <budget>
                <budgetno_6557050100/>
                <budgetno_5257050400/>
                <budgetno_6557050200>19101.00</budgetno_6557050200>
                <budgetno_6557059002/>
                <budgetno_6557059800/>
            </budget>
            <total>19101.00</total>
        </BCME3450_row>
        <BCME3450_row>
            <objectNo>  4045 對私校之獎助</objectNo>
            <budget>
                <budgetno_6557050100/>
                <budgetno_5257050400/>
                <budgetno_6557050200>200.00</budgetno_6557050200>
                <budgetno_6557059002/>
                <budgetno_6557059800/>
            </budget>
            <total>200.00</total>
        </BCME3450_row>
        <BCME3450_row>
            <objectNo>  4060 對公保軍保退撫基金之補助及挹注</objectNo>
            <budget>
                <budgetno_6557050100>351.00</budgetno_6557050100>
                <budgetno_5257050400/>
                <budgetno_6557050200/>
                <budgetno_6557059002/>
                <budgetno_6557059800/>
            </budget>
            <total>351.00</total>
        </BCME3450_row>
        <BCME3450_row>
            <objectNo>  4065 社會福利津貼及濟助</objectNo>
            <budget>
                <budgetno_6557050100/>
                <budgetno_5257050400/>
                <budgetno_6557050200>2201285.00</budgetno_6557050200>
                <budgetno_6557059002/>
                <budgetno_6557059800/>
            </budget>
            <total>2201285.00</total>
        </BCME3450_row>
        <BCME3450_row>
            <objectNo>  4075 差額補貼</objectNo>
            <budget>
                <budgetno_6557050100>152.00</budgetno_6557050100>
                <budgetno_5257050400/>
                <budgetno_6557050200/>
                <budgetno_6557059002/>
                <budgetno_6557059800/>
            </budget>
            <total>152.00</total>
        </BCME3450_row>
        <BCME3450_row>
            <objectNo>  4085 獎勵及慰問</objectNo>
            <budget>
                <budgetno_6557050100>1272.00</budgetno_6557050100>
                <budgetno_5257050400>200.00</budgetno_5257050400>
                <budgetno_6557050200>3017.00</budgetno_6557050200>
                <budgetno_6557059002/>
                <budgetno_6557059800/>
            </budget>
            <total>4489.00</total>
        </BCME3450_row>
        <BCME3450_row>
            <objectNo>  4090 其他補助及捐助</objectNo>
            <budget>
                <budgetno_6557050100/>
                <budgetno_5257050400/>
                <budgetno_6557050200>210.00</budgetno_6557050200>
                <budgetno_6557059002/>
                <budgetno_6557059800/>
            </budget>
            <total>210.00</total>
        </BCME3450_row>
        <BCME3450_row>
            <objectNo>6000 預備金</objectNo>
            <budget>
                <budgetno_6557050100/>
                <budgetno_5257050400/>
                <budgetno_6557050200/>
                <budgetno_6557059002/>
                <budgetno_6557059800>50.00</budgetno_6557059800>
            </budget>
            <total>50.00</total>
        </BCME3450_row>
        <BCME3450_row>
            <objectNo>  6005 第一預備金</objectNo>
            <budget>
                <budgetno_6557050100/>
                <budgetno_5257050400/>
                <budgetno_6557050200/>
                <budgetno_6557059002/>
                <budgetno_6557059800>50.00</budgetno_6557059800>
            </budget>
            <total>50.00</total>
        </BCME3450_row>
    </BCME3450>
</tables>
