<?xml version="1.0" encoding="UTF-8"?>
<Root>
    <Row>
        <款>19</款>
        <項/>
        <目/>
        <節/>
        <科目名稱>衛生福利部主管</科目名稱>
        <預算科目編號>00570000000</預算科目編號>
    </Row>
    <Row>
        <款/>
        <項>2</項>
        <目/>
        <節/>
        <科目名稱>疾病管制署</科目名稱>
        <預算科目編號>00570050000</預算科目編號>
        <人事費>1026198</人事費>
        <業務費_經>996446</業務費_經>
        <奬補助費_經>3429337</奬補助費_經>
        <債務費>0</債務費>
        <預備金_經>50</預備金_經>
        <經常支出小計>5452031</經常支出小計>
        <業務費_資>0</業務費_資>
        <設備及投資>101841</設備及投資>
        <奬補助費_資>11263</奬補助費_資>
        <預備金_資>0</預備金_資>
        <資本支出小計>113104</資本支出小計>
        <合計>5565135</合計>
    </Row>
    <Row>
        <款/>
        <項/>
        <目/>
        <節/>
        <科目名稱>科學支出</科目名稱>
        <預算科目編號>52570050000</預算科目編號>
        <人事費>0</人事費>
        <業務費_經>206503</業務費_經>
        <奬補助費_經>200</奬補助費_經>
        <債務費>0</債務費>
        <預備金_經>0</預備金_經>
        <經常支出小計>206703</經常支出小計>
        <業務費_資>0</業務費_資>
        <設備及投資>33091</設備及投資>
        <奬補助費_資>0</奬補助費_資>
        <預備金_資>0</預備金_資>
        <資本支出小計>33091</資本支出小計>
        <合計>239794</合計>
    </Row>
    <Row>
        <款/>
        <項/>
        <目>1</目>
        <節/>
        <科目名稱>科技業務</科目名稱>
        <預算科目編號>52570050400</預算科目編號>
        <人事費>0</人事費>
        <業務費_經>206503</業務費_經>
        <奬補助費_經>200</奬補助費_經>
        <債務費>0</債務費>
        <預備金_經>0</預備金_經>
        <經常支出小計>206703</經常支出小計>
        <業務費_資>0</業務費_資>
        <設備及投資>33091</設備及投資>
        <奬補助費_資>0</奬補助費_資>
        <預備金_資>0</預備金_資>
        <資本支出小計>33091</資本支出小計>
        <合計>239794</合計>
    </Row>
    <Row>
        <款/>
        <項/>
        <目/>
        <節/>
        <科目名稱>醫療保健支出</科目名稱>
        <預算科目編號>65570050000</預算科目編號>
        <人事費>1026198</人事費>
        <業務費_經>789943</業務費_經>
        <奬補助費_經>3429137</奬補助費_經>
        <債務費>0</債務費>
        <預備金_經>50</預備金_經>
        <經常支出小計>5245328</經常支出小計>
        <業務費_資>0</業務費_資>
        <設備及投資>68750</設備及投資>
        <奬補助費_資>11263</奬補助費_資>
        <預備金_資>0</預備金_資>
        <資本支出小計>80013</資本支出小計>
        <合計>5325341</合計>
    </Row>
    <Row>
        <款/>
        <項/>
        <目>2</目>
        <節/>
        <科目名稱>一般行政</科目名稱>
        <預算科目編號>65570050100</預算科目編號>
        <人事費>1026198</人事費>
        <業務費_經>31308</業務費_經>
        <奬補助費_經>1775</奬補助費_經>
        <債務費>0</債務費>
        <預備金_經>0</預備金_經>
        <經常支出小計>1059281</經常支出小計>
        <業務費_資>0</業務費_資>
        <設備及投資>1862</設備及投資>
        <奬補助費_資>0</奬補助費_資>
        <預備金_資>0</預備金_資>
        <資本支出小計>1862</資本支出小計>
        <合計>1061143</合計>
    </Row>
    <Row>
        <款/>
        <項/>
        <目>3</目>
        <節/>
        <科目名稱>防疫業務</科目名稱>
        <預算科目編號>65570050200</預算科目編號>
        <人事費>0</人事費>
        <業務費_經>758635</業務費_經>
        <奬補助費_經>3427362</奬補助費_經>
        <債務費>0</債務費>
        <預備金_經>0</預備金_經>
        <經常支出小計>4185997</經常支出小計>
        <業務費_資>0</業務費_資>
        <設備及投資>64088</設備及投資>
        <奬補助費_資>11263</奬補助費_資>
        <預備金_資>0</預備金_資>
        <資本支出小計>75351</資本支出小計>
        <合計>4261348</合計>
    </Row>
    <Row>
        <款/>
        <項/>
        <目>4</目>
        <節/>
        <科目名稱>一般建築及設備</科目名稱>
        <預算科目編號>65570059000</預算科目編號>
        <人事費>0</人事費>
        <業務費_經>0</業務費_經>
        <奬補助費_經>0</奬補助費_經>
        <債務費>0</債務費>
        <預備金_經>0</預備金_經>
        <經常支出小計>0</經常支出小計>
        <業務費_資>0</業務費_資>
        <設備及投資>2800</設備及投資>
        <奬補助費_資>0</奬補助費_資>
        <預備金_資>0</預備金_資>
        <資本支出小計>2800</資本支出小計>
        <合計>2800</合計>
    </Row>
    <Row>
        <款/>
        <項/>
        <目/>
        <節>1</節>
        <科目名稱>營建工程</科目名稱>
        <預算科目編號>65570059002</預算科目編號>
        <人事費>0</人事費>
        <業務費_經>0</業務費_經>
        <奬補助費_經>0</奬補助費_經>
        <債務費>0</債務費>
        <預備金_經>0</預備金_經>
        <經常支出小計>0</經常支出小計>
        <業務費_資>0</業務費_資>
        <設備及投資>2800</設備及投資>
        <奬補助費_資>0</奬補助費_資>
        <預備金_資>0</預備金_資>
        <資本支出小計>2800</資本支出小計>
        <合計>2800</合計>
    </Row>
    <Row>
        <款/>
        <項/>
        <目>5</目>
        <節/>
        <科目名稱>第一預備金</科目名稱>
        <預算科目編號>65570059800</預算科目編號>
        <人事費>0</人事費>
        <業務費_經>0</業務費_經>
        <奬補助費_經>0</奬補助費_經>
        <債務費>0</債務費>
        <預備金_經>50</預備金_經>
        <經常支出小計>50</經常支出小計>
        <業務費_資>0</業務費_資>
        <設備及投資>0</設備及投資>
        <奬補助費_資>0</奬補助費_資>
        <預備金_資>0</預備金_資>
        <資本支出小計>0</資本支出小計>
        <合計>50</合計>
    </Row>
</Root>
