<?xml version="1.0" encoding="UTF-8"?>
<tables>
    <BCTDYEARPLAN>
        <BCTDYEARPLAN_row>
            <b06_fiscalyear>110</b06_fiscalyear>
            <b06_fundkind>1</b06_fundkind>
            <b06_budgetkind>1         </b06_budgetkind>
            <b06_specialbudgetno/>
            <b06_agenno>57005     </b06_agenno>
            <b06_agentype>C         </b06_agentype>
            <b06_budgetstate>2</b06_budgetstate>
            <b06_planno>01</b06_planno>
            <b06_planname>我國因應流感大流行準備第三期計畫</b06_planname>
            <b06_startyear>105</b06_startyear>
            <b06_endyear>110</b06_endyear>
            <b06_budgetamt>1999900000.00</b06_budgetamt>
            <b06_amt1>1452771000.00</b06_amt1>
            <b06_amt2>342062000.00</b06_amt2>
            <b06_amt3>205067000.00</b06_amt3>
            <b06_amt4>0.00</b06_amt4>
            <b06_memo>&amp;lt;#H1&amp;gt;行政院104年5月26日院臺衛字第104027662號函及106年10月6日院臺衛字第1060032472號函核定。&#xd;
&amp;lt;#H1&amp;gt;本計畫110年度預算編列於「防疫業務」科目2.05億元。</b06_memo>
            <b06_upduserno/>
            <b06_upddatetime/>
            <b06_versiondate/>
            <b06_amt1_display>14.527710000000</b06_amt1_display>
            <b06_amt2_display>3.420620000000</b06_amt2_display>
            <b06_amt3_display>2.050670000000</b06_amt3_display>
            <b06_amt4_display>0E-12</b06_amt4_display>
            <b06_budgetamt_display>19.999000000000</b06_budgetamt_display>
        </BCTDYEARPLAN_row>
        <BCTDYEARPLAN_row>
            <b06_fiscalyear>110</b06_fiscalyear>
            <b06_fundkind>1</b06_fundkind>
            <b06_budgetkind>1         </b06_budgetkind>
            <b06_specialbudgetno/>
            <b06_agenno>57005     </b06_agenno>
            <b06_agentype>C         </b06_agentype>
            <b06_budgetstate>2</b06_budgetstate>
            <b06_planno>02</b06_planno>
            <b06_planname>新興傳染病風險監測與應變整備計畫</b06_planname>
            <b06_startyear>105</b06_startyear>
            <b06_endyear>110</b06_endyear>
            <b06_budgetamt>59101000.00</b06_budgetamt>
            <b06_amt1>31058000.00</b06_amt1>
            <b06_amt2>14257000.00</b06_amt2>
            <b06_amt3>13786000.00</b06_amt3>
            <b06_amt4>0.00</b06_amt4>
            <b06_memo>&amp;lt;#H1&amp;gt;行政院104年6月9日院臺衛字第1040029876號函核定。&#xd;
&amp;lt;#H1&amp;gt;本計畫110年度預算編列於「防疫業務」科目0.14億元。</b06_memo>
            <b06_upduserno/>
            <b06_upddatetime/>
            <b06_versiondate/>
            <b06_amt1_display>0.310580000000</b06_amt1_display>
            <b06_amt2_display>0.142570000000</b06_amt2_display>
            <b06_amt3_display>0.137860000000</b06_amt3_display>
            <b06_amt4_display>0E-12</b06_amt4_display>
            <b06_budgetamt_display>0.591010000000</b06_budgetamt_display>
        </BCTDYEARPLAN_row>
        <BCTDYEARPLAN_row>
            <b06_fiscalyear>110</b06_fiscalyear>
            <b06_fundkind>1</b06_fundkind>
            <b06_budgetkind>1         </b06_budgetkind>
            <b06_specialbudgetno/>
            <b06_agenno>57005     </b06_agenno>
            <b06_agentype>C         </b06_agentype>
            <b06_budgetstate>2</b06_budgetstate>
            <b06_planno>03</b06_planno>
            <b06_planname>愛滋防治第六期五年計畫</b06_planname>
            <b06_startyear>106</b06_startyear>
            <b06_endyear>110</b06_endyear>
            <b06_budgetamt>7874290000.00</b06_budgetamt>
            <b06_amt1>4745420000.00</b06_amt1>
            <b06_amt2>1626553000.00</b06_amt2>
            <b06_amt3>1502317000.00</b06_amt3>
            <b06_amt4>0.00</b06_amt4>
            <b06_memo>&amp;lt;#H1&amp;gt;行政院105年7月14日院臺衛字第1050028653號函核定。&#xd;
&amp;lt;#H1&amp;gt;本計畫110年度預算編列於「一般行政」科目0.01億元、「防疫業務」科目15.01億元。</b06_memo>
            <b06_upduserno/>
            <b06_upddatetime/>
            <b06_versiondate/>
            <b06_amt1_display>47.454200000000</b06_amt1_display>
            <b06_amt2_display>16.265530000000</b06_amt2_display>
            <b06_amt3_display>15.023170000000</b06_amt3_display>
            <b06_amt4_display>0E-12</b06_amt4_display>
            <b06_budgetamt_display>78.742900000000</b06_budgetamt_display>
        </BCTDYEARPLAN_row>
        <BCTDYEARPLAN_row>
            <b06_fiscalyear>110</b06_fiscalyear>
            <b06_fundkind>1</b06_fundkind>
            <b06_budgetkind>1         </b06_budgetkind>
            <b06_specialbudgetno/>
            <b06_agenno>57005     </b06_agenno>
            <b06_agentype>C         </b06_agentype>
            <b06_budgetstate>2</b06_budgetstate>
            <b06_planno>04</b06_planno>
            <b06_planname>強化邊境檢疫及境外防疫第一期計畫</b06_planname>
            <b06_startyear>107</b06_startyear>
            <b06_endyear>111</b06_endyear>
            <b06_budgetamt>620100000.00</b06_budgetamt>
            <b06_amt1>98591000.00</b06_amt1>
            <b06_amt2>44480000.00</b06_amt2>
            <b06_amt3>41727000.00</b06_amt3>
            <b06_amt4>435302000.00</b06_amt4>
            <b06_memo>&amp;lt;#H1&amp;gt;行政院106年6月19日院臺衛字第1060017738號函核定。&#xd;
&amp;lt;#H1&amp;gt;本計畫110年度預算編列於「一般行政」科目0.01億元、「防疫業務」科目0.41億元。&#xd;
</b06_memo>
            <b06_upduserno/>
            <b06_upddatetime/>
            <b06_versiondate/>
            <b06_amt1_display>0.985910000000</b06_amt1_display>
            <b06_amt2_display>0.444800000000</b06_amt2_display>
            <b06_amt3_display>0.417270000000</b06_amt3_display>
            <b06_amt4_display>4.353020000000</b06_amt4_display>
            <b06_budgetamt_display>6.201000000000</b06_budgetamt_display>
        </BCTDYEARPLAN_row>
        <BCTDYEARPLAN_row>
            <b06_fiscalyear>110</b06_fiscalyear>
            <b06_fundkind>1</b06_fundkind>
            <b06_budgetkind>1         </b06_budgetkind>
            <b06_specialbudgetno/>
            <b06_agenno>57005     </b06_agenno>
            <b06_agentype>C         </b06_agentype>
            <b06_budgetstate>2</b06_budgetstate>
            <b06_planno>05</b06_planno>
            <b06_planname>新南向醫衛合作與產業鏈發展中長程計畫</b06_planname>
            <b06_startyear>107</b06_startyear>
            <b06_endyear>110</b06_endyear>
            <b06_budgetamt>108380000.00</b06_budgetamt>
            <b06_amt1>58774000.00</b06_amt1>
            <b06_amt2>26233000.00</b06_amt2>
            <b06_amt3>23373000.00</b06_amt3>
            <b06_amt4>0.00</b06_amt4>
            <b06_memo>&amp;lt;#H1&amp;gt;行政院106年7月17日院臺衛字第1060021980號函及108年5月6日院臺衛字第1080013632號函核定。&#xd;
&amp;lt;#H1&amp;gt;本計畫總經費9.96億元，其中編列於衛生福利部7.42億元、本署1.08億元、食品藥物管理署0.73億元、中央健康保險署0.15億元、國民健康署0.09億元、國家中醫藥研究所0.49億元。&#xd;
&amp;lt;#H1&amp;gt;本計畫110年度預算編列於「防疫業務」科目0.23億元。</b06_memo>
            <b06_upduserno/>
            <b06_upddatetime/>
            <b06_versiondate/>
            <b06_amt1_display>0.587740000000</b06_amt1_display>
            <b06_amt2_display>0.262330000000</b06_amt2_display>
            <b06_amt3_display>0.233730000000</b06_amt3_display>
            <b06_amt4_display>0E-12</b06_amt4_display>
            <b06_budgetamt_display>1.083800000000</b06_budgetamt_display>
        </BCTDYEARPLAN_row>
        <BCTDYEARPLAN_row>
            <b06_fiscalyear>110</b06_fiscalyear>
            <b06_fundkind>1</b06_fundkind>
            <b06_budgetkind>1         </b06_budgetkind>
            <b06_specialbudgetno/>
            <b06_agenno>57005     </b06_agenno>
            <b06_agentype>C         </b06_agentype>
            <b06_budgetstate>2</b06_budgetstate>
            <b06_planno>06</b06_planno>
            <b06_planname>充實國家疫苗基金及促進國民免疫力第三期計畫</b06_planname>
            <b06_startyear>108</b06_startyear>
            <b06_endyear>112</b06_endyear>
            <b06_budgetamt>10873556000.00</b06_budgetamt>
            <b06_amt1>730160000.00</b06_amt1>
            <b06_amt2>1027300000.00</b06_amt2>
            <b06_amt3>1048506000.00</b06_amt3>
            <b06_amt4>8067590000.00</b06_amt4>
            <b06_memo>&amp;lt;#H1&amp;gt;行政院108年2月1日院臺衛字第1070032483號函及108年6月6日院臺衛字第1080017110號函核定。&#xd;
&amp;lt;#H1&amp;gt;本計畫總經費195.69億元，其中編列於本署108.74億元、疫苗基金86.95億元。&#xd;
&amp;lt;#H1&amp;gt;本計畫110年度預算編列於「防疫業務」科目10.49億元。</b06_memo>
            <b06_upduserno/>
            <b06_upddatetime/>
            <b06_versiondate/>
            <b06_amt1_display>7.301600000000</b06_amt1_display>
            <b06_amt2_display>10.273000000000</b06_amt2_display>
            <b06_amt3_display>10.485060000000</b06_amt3_display>
            <b06_amt4_display>80.675900000000</b06_amt4_display>
            <b06_budgetamt_display>108.735560000000</b06_budgetamt_display>
        </BCTDYEARPLAN_row>
        <BCTDYEARPLAN_row>
            <b06_fiscalyear>110</b06_fiscalyear>
            <b06_fundkind>1</b06_fundkind>
            <b06_budgetkind>1         </b06_budgetkind>
            <b06_specialbudgetno/>
            <b06_agenno>57005     </b06_agenno>
            <b06_agentype>C         </b06_agentype>
            <b06_budgetstate>2</b06_budgetstate>
            <b06_planno>07</b06_planno>
            <b06_planname>邁向全球衛生安全－抗生素抗藥性管理行動策略計畫</b06_planname>
            <b06_startyear>109</b06_startyear>
            <b06_endyear>113</b06_endyear>
            <b06_budgetamt>553500000.00</b06_budgetamt>
            <b06_amt1>0.00</b06_amt1>
            <b06_amt2>18634000.00</b06_amt2>
            <b06_amt3>18634000.00</b06_amt3>
            <b06_amt4>516232000.00</b06_amt4>
            <b06_memo>&amp;lt;#H1&amp;gt;行政院108年7月11日院臺衛字第1080021810號函核定。&#xd;
&amp;lt;#H1&amp;gt;本計畫110年度預算編列於「防疫業務」科目0.19億元。</b06_memo>
            <b06_upduserno/>
            <b06_upddatetime/>
            <b06_versiondate/>
            <b06_amt1_display>0E-12</b06_amt1_display>
            <b06_amt2_display>0.186340000000</b06_amt2_display>
            <b06_amt3_display>0.186340000000</b06_amt3_display>
            <b06_amt4_display>5.162320000000</b06_amt4_display>
            <b06_budgetamt_display>5.535000000000</b06_budgetamt_display>
        </BCTDYEARPLAN_row>
        <BCTDYEARPLAN_row>
            <b06_fiscalyear>110</b06_fiscalyear>
            <b06_fundkind>1</b06_fundkind>
            <b06_budgetkind>1         </b06_budgetkind>
            <b06_specialbudgetno/>
            <b06_agenno>57005     </b06_agenno>
            <b06_agentype>C         </b06_agentype>
            <b06_budgetstate>2</b06_budgetstate>
            <b06_planno>08</b06_planno>
            <b06_planname>建構新世代國家傳染病檢驗網絡強化防疫檢驗量能計畫</b06_planname>
            <b06_startyear>109</b06_startyear>
            <b06_endyear>114</b06_endyear>
            <b06_budgetamt>1432546000.00</b06_budgetamt>
            <b06_amt1>0.00</b06_amt1>
            <b06_amt2>49600000.00</b06_amt2>
            <b06_amt3>46226000.00</b06_amt3>
            <b06_amt4>1336720000.00</b06_amt4>
            <b06_memo>&amp;lt;#H1&amp;gt;行政院108年7月19日院臺衛字第1080022409號函核定。&#xd;
&amp;lt;#H1&amp;gt;本計畫110年度預算編列於「防疫業務」科目0.46億元。</b06_memo>
            <b06_upduserno/>
            <b06_upddatetime/>
            <b06_versiondate/>
            <b06_amt1_display>0E-12</b06_amt1_display>
            <b06_amt2_display>0.496000000000</b06_amt2_display>
            <b06_amt3_display>0.462260000000</b06_amt3_display>
            <b06_amt4_display>13.367200000000</b06_amt4_display>
            <b06_budgetamt_display>14.325460000000</b06_budgetamt_display>
        </BCTDYEARPLAN_row>
        <BCTDYEARPLAN_row>
            <b06_fiscalyear>110</b06_fiscalyear>
            <b06_fundkind>1</b06_fundkind>
            <b06_budgetkind>1         </b06_budgetkind>
            <b06_specialbudgetno/>
            <b06_agenno>57005     </b06_agenno>
            <b06_agentype>C         </b06_agentype>
            <b06_budgetstate>2</b06_budgetstate>
            <b06_planno>09</b06_planno>
            <b06_planname>我國加入WHO2035消除結核第二期計畫  </b06_planname>
            <b06_startyear>110</b06_startyear>
            <b06_endyear>114</b06_endyear>
            <b06_budgetamt>6398790000.00</b06_budgetamt>
            <b06_amt1>0.00</b06_amt1>
            <b06_amt2>0.00</b06_amt2>
            <b06_amt3>1011781000.00</b06_amt3>
            <b06_amt4>5387009000.00</b06_amt4>
            <b06_memo>&amp;lt;#H1&amp;gt;行政院109年4月15日院臺衛字第1090009112號函核定。&#xd;
&amp;lt;#H1&amp;gt;本計畫110年度預算編列於「防疫業務」科目10.12億元。</b06_memo>
            <b06_upduserno/>
            <b06_upddatetime/>
            <b06_versiondate/>
            <b06_amt1_display>0E-12</b06_amt1_display>
            <b06_amt2_display>0E-12</b06_amt2_display>
            <b06_amt3_display>10.117810000000</b06_amt3_display>
            <b06_amt4_display>53.870090000000</b06_amt4_display>
            <b06_budgetamt_display>63.987900000000</b06_budgetamt_display>
        </BCTDYEARPLAN_row>
        <BCTDYEARPLAN_row>
            <b06_fiscalyear>110</b06_fiscalyear>
            <b06_fundkind>1</b06_fundkind>
            <b06_budgetkind>1         </b06_budgetkind>
            <b06_specialbudgetno/>
            <b06_agenno>57005     </b06_agenno>
            <b06_agentype>C         </b06_agentype>
            <b06_budgetstate>2</b06_budgetstate>
            <b06_planno>10</b06_planno>
            <b06_planname>衛生福利部防疫中心興建工程計畫</b06_planname>
            <b06_startyear>110</b06_startyear>
            <b06_endyear>116</b06_endyear>
            <b06_budgetamt>4068000000.00</b06_budgetamt>
            <b06_amt1>0.00</b06_amt1>
            <b06_amt2>0.00</b06_amt2>
            <b06_amt3>2800000.00</b06_amt3>
            <b06_amt4>4065200000.00</b06_amt4>
            <b06_memo>&amp;lt;#H1&amp;gt;行政院109年4月10日院臺衛字第1090008746號函核定。&#xd;
&amp;lt;#H1&amp;gt;本計畫110年度預算編列於「營建工程」科目0.03億元。</b06_memo>
            <b06_upduserno/>
            <b06_upddatetime/>
            <b06_versiondate/>
            <b06_amt1_display>0E-12</b06_amt1_display>
            <b06_amt2_display>0E-12</b06_amt2_display>
            <b06_amt3_display>0.028000000000</b06_amt3_display>
            <b06_amt4_display>40.652000000000</b06_amt4_display>
            <b06_budgetamt_display>40.680000000000</b06_budgetamt_display>
        </BCTDYEARPLAN_row>
        <BCTDYEARPLAN_row>
            <b06_fiscalyear>110</b06_fiscalyear>
            <b06_fundkind>1</b06_fundkind>
            <b06_budgetkind>1         </b06_budgetkind>
            <b06_specialbudgetno/>
            <b06_agenno>57005     </b06_agenno>
            <b06_agentype>C         </b06_agentype>
            <b06_budgetstate>2</b06_budgetstate>
            <b06_planno>11</b06_planno>
            <b06_planname>衛福業務數位轉型服務躍升計畫</b06_planname>
            <b06_startyear>110</b06_startyear>
            <b06_endyear>114</b06_endyear>
            <b06_budgetamt>61350000.00</b06_budgetamt>
            <b06_amt1>0.00</b06_amt1>
            <b06_amt2>0.00</b06_amt2>
            <b06_amt3>8400000.00</b06_amt3>
            <b06_amt4>52950000.00</b06_amt4>
            <b06_memo>&amp;lt;#H1&amp;gt;行政院109年8月3日院臺科會字第1090022013號函核定。&#xd;
&amp;lt;#H1&amp;gt;本計畫總經費6.77億元，其中編列於衛生福利部3.93億元、本署0.61億元、食品藥物管理署2.09億元、社會及家庭署0.14億元。&#xd;
&amp;lt;#H1&amp;gt;本計畫110年度預算編列於「科技業務」科目0.08億元。</b06_memo>
            <b06_upduserno/>
            <b06_upddatetime/>
            <b06_versiondate/>
            <b06_amt1_display>0E-12</b06_amt1_display>
            <b06_amt2_display>0E-12</b06_amt2_display>
            <b06_amt3_display>0.084000000000</b06_amt3_display>
            <b06_amt4_display>0.529500000000</b06_amt4_display>
            <b06_budgetamt_display>0.613500000000</b06_budgetamt_display>
        </BCTDYEARPLAN_row>
        <BCTDYEARPLAN_row>
            <b06_fiscalyear>110</b06_fiscalyear>
            <b06_fundkind>1</b06_fundkind>
            <b06_budgetkind>1         </b06_budgetkind>
            <b06_specialbudgetno/>
            <b06_agenno>57005     </b06_agenno>
            <b06_agentype>C         </b06_agentype>
            <b06_budgetstate>2</b06_budgetstate>
            <b06_planno>12</b06_planno>
            <b06_planname>急性傳染病流行風險監控與管理第三期計畫</b06_planname>
            <b06_startyear>110</b06_startyear>
            <b06_endyear>113</b06_endyear>
            <b06_budgetamt>1459158000.00</b06_budgetamt>
            <b06_amt1>0.00</b06_amt1>
            <b06_amt2>0.00</b06_amt2>
            <b06_amt3>81823000.00</b06_amt3>
            <b06_amt4>1377335000.00</b06_amt4>
            <b06_memo>&amp;lt;#H1&amp;gt;行政院109年8月14日院臺衛字第1090023750號函核定。&#xd;
&amp;lt;#H1&amp;gt;本計畫110年度預算編列於「防疫業務」科目0.82億元。</b06_memo>
            <b06_upduserno/>
            <b06_upddatetime/>
            <b06_versiondate/>
            <b06_amt1_display>0E-12</b06_amt1_display>
            <b06_amt2_display>0E-12</b06_amt2_display>
            <b06_amt3_display>0.818230000000</b06_amt3_display>
            <b06_amt4_display>13.773350000000</b06_amt4_display>
            <b06_budgetamt_display>14.591580000000</b06_budgetamt_display>
        </BCTDYEARPLAN_row>
    </BCTDYEARPLAN>
</tables>
