<?xml version="1.0" encoding="UTF-8"?>
<tables>
    <BCTDHELPPLAN>
        <BCTDHELPPLAN_row>
            <bh_fiscalyear>110</bh_fiscalyear>
            <bh_fundkind>1</bh_fundkind>
            <bh_budgetkind>1</bh_budgetkind>
            <bh_specialbudgetno/>
            <bh_agenno>57005</bh_agenno>
            <bh_agentype>C</bh_agentype>
            <bh_budgetstate>2</bh_budgetstate>
            <bh_versiondate/>
            <bh_objectno/>
            <bh_endowplanno>01</bh_endowplanno>
            <bh_endowplanname>疫病防治相關研究計畫-01</bh_endowplanname>
            <bh_donname/>
            <bh_endowsts>2</bh_endowsts>
            <bh_budgetno>52570050400</bh_budgetno>
            <bh_subprojectno>01</bh_subprojectno>
            <bh_budgetsource>1</bh_budgetsource>
            <bh_applyid>0</bh_applyid>
            <bh_startyear>110</bh_startyear>
            <bh_endyear>110</bh_endyear>
            <bh_donrem>委託學術機構、民間團體、醫事機構、學會或學術團體等辦理防疫研究發展工作，包括傳染病防治應用與檢測技術創新、結核病與愛滋病防治策略及治療照護、醫療照護感染管制、登革疫苗臨床試驗及其他各類疫病防治相關研究。</bh_donrem>
            <bh_bgtyear>0</bh_bgtyear>
            <bh_amt_man>0.00</bh_amt_man>
            <bh_amt_business>56319000.00</bh_amt_business>
            <bh_amt_other>0.00</bh_amt_other>
            <bh_amt_land>0.00</bh_amt_land>
            <bh_amt_house>0.00</bh_amt_house>
            <bh_amt6>0.00</bh_amt6>
            <bh_amt7>0.00</bh_amt7>
            <bh_flowflag/>
            <bh_signflag/>
            <bh_signno/>
            <mj_subprojectno_na>01 - 防疫科技發展研究及科技管理</mj_subprojectno_na>
        </BCTDHELPPLAN_row>
        <BCTDHELPPLAN_row>
            <bh_fiscalyear>110</bh_fiscalyear>
            <bh_fundkind>1</bh_fundkind>
            <bh_budgetkind>1</bh_budgetkind>
            <bh_specialbudgetno/>
            <bh_agenno>57005</bh_agenno>
            <bh_agentype>C</bh_agentype>
            <bh_budgetstate>2</bh_budgetstate>
            <bh_versiondate/>
            <bh_objectno/>
            <bh_endowplanno>01</bh_endowplanno>
            <bh_endowplanname>防疫專業人才培訓及疫病防治業務推動-01</bh_endowplanname>
            <bh_donname/>
            <bh_endowsts>2</bh_endowsts>
            <bh_budgetno>65570050200</bh_budgetno>
            <bh_subprojectno>01</bh_subprojectno>
            <bh_budgetsource>1</bh_budgetsource>
            <bh_applyid>0</bh_applyid>
            <bh_startyear>110</bh_startyear>
            <bh_endyear>110</bh_endyear>
            <bh_donrem>委託學術機關（構）辦理傳染病研究、教育訓練及疫病防治業務推動等相關工作。</bh_donrem>
            <bh_bgtyear>0</bh_bgtyear>
            <bh_amt_man>2200000.00</bh_amt_man>
            <bh_amt_business>3450000.00</bh_amt_business>
            <bh_amt_other>0.00</bh_amt_other>
            <bh_amt_land>0.00</bh_amt_land>
            <bh_amt_house>0.00</bh_amt_house>
            <bh_amt6>0.00</bh_amt6>
            <bh_amt7>0.00</bh_amt7>
            <bh_flowflag/>
            <bh_signflag/>
            <bh_signno/>
            <mj_subprojectno_na>01 - 傳染病防治及應變規劃</mj_subprojectno_na>
        </BCTDHELPPLAN_row>
        <BCTDHELPPLAN_row>
            <bh_fiscalyear>110</bh_fiscalyear>
            <bh_fundkind>1</bh_fundkind>
            <bh_budgetkind>1</bh_budgetkind>
            <bh_specialbudgetno/>
            <bh_agenno>57005</bh_agenno>
            <bh_agentype>C</bh_agentype>
            <bh_budgetstate>2</bh_budgetstate>
            <bh_versiondate/>
            <bh_objectno/>
            <bh_endowplanno>02</bh_endowplanno>
            <bh_endowplanname>防疫一體傳染病整合防治相關研究計畫-04</bh_endowplanname>
            <bh_donname/>
            <bh_endowsts>2</bh_endowsts>
            <bh_budgetno>52570050400</bh_budgetno>
            <bh_subprojectno>04</bh_subprojectno>
            <bh_budgetsource>1</bh_budgetsource>
            <bh_applyid>0</bh_applyid>
            <bh_startyear>110</bh_startyear>
            <bh_endyear>110</bh_endyear>
            <bh_donrem>委託學術機構、民間團體、醫事機構、學會或學術團體等辦理微生物抗藥性與抗微生物製劑使用之主動監測網研究計畫。</bh_donrem>
            <bh_bgtyear>0</bh_bgtyear>
            <bh_amt_man>0.00</bh_amt_man>
            <bh_amt_business>5820000.00</bh_amt_business>
            <bh_amt_other>0.00</bh_amt_other>
            <bh_amt_land>0.00</bh_amt_land>
            <bh_amt_house>0.00</bh_amt_house>
            <bh_amt6>0.00</bh_amt6>
            <bh_amt7>0.00</bh_amt7>
            <bh_flowflag/>
            <bh_signflag/>
            <bh_signno/>
            <mj_subprojectno_na>04 - 防疫一體傳染病整合防治計畫</mj_subprojectno_na>
        </BCTDHELPPLAN_row>
        <BCTDHELPPLAN_row>
            <bh_fiscalyear>110</bh_fiscalyear>
            <bh_fundkind>1</bh_fundkind>
            <bh_budgetkind>1</bh_budgetkind>
            <bh_specialbudgetno/>
            <bh_agenno>57005</bh_agenno>
            <bh_agentype>C</bh_agentype>
            <bh_budgetstate>2</bh_budgetstate>
            <bh_versiondate/>
            <bh_objectno/>
            <bh_endowplanno>02</bh_endowplanno>
            <bh_endowplanname>國際防疫相關研討會或訓練-01</bh_endowplanname>
            <bh_donname/>
            <bh_endowsts>2</bh_endowsts>
            <bh_budgetno>65570050200</bh_budgetno>
            <bh_subprojectno>01</bh_subprojectno>
            <bh_budgetsource>1</bh_budgetsource>
            <bh_applyid>0</bh_applyid>
            <bh_startyear>110</bh_startyear>
            <bh_endyear>110</bh_endyear>
            <bh_donrem>委託民間機構或學術團體舉辦國際防疫相關研討會或訓練。</bh_donrem>
            <bh_bgtyear>0</bh_bgtyear>
            <bh_amt_man>0.00</bh_amt_man>
            <bh_amt_business>1500000.00</bh_amt_business>
            <bh_amt_other>0.00</bh_amt_other>
            <bh_amt_land>0.00</bh_amt_land>
            <bh_amt_house>0.00</bh_amt_house>
            <bh_amt6>0.00</bh_amt6>
            <bh_amt7>0.00</bh_amt7>
            <bh_flowflag/>
            <bh_signflag/>
            <bh_signno/>
            <mj_subprojectno_na>01 - 傳染病防治及應變規劃</mj_subprojectno_na>
        </BCTDHELPPLAN_row>
        <BCTDHELPPLAN_row>
            <bh_fiscalyear>110</bh_fiscalyear>
            <bh_fundkind>1</bh_fundkind>
            <bh_budgetkind>1</bh_budgetkind>
            <bh_specialbudgetno/>
            <bh_agenno>57005</bh_agenno>
            <bh_agentype>C</bh_agentype>
            <bh_budgetstate>2</bh_budgetstate>
            <bh_versiondate/>
            <bh_objectno/>
            <bh_endowplanno>03</bh_endowplanno>
            <bh_endowplanname>提升實驗室生物安全管理制度相關計畫-04</bh_endowplanname>
            <bh_donname/>
            <bh_endowsts>2</bh_endowsts>
            <bh_budgetno>52570050400</bh_budgetno>
            <bh_subprojectno>04</bh_subprojectno>
            <bh_budgetsource>1</bh_budgetsource>
            <bh_applyid>0</bh_applyid>
            <bh_startyear>110</bh_startyear>
            <bh_endyear>110</bh_endyear>
            <bh_donrem>委託學術機構、民間團體、醫事機構、學會或學術團體等辦理建立實驗室生物安全主管管理制度計畫。</bh_donrem>
            <bh_bgtyear>0</bh_bgtyear>
            <bh_amt_man>0.00</bh_amt_man>
            <bh_amt_business>1900000.00</bh_amt_business>
            <bh_amt_other>0.00</bh_amt_other>
            <bh_amt_land>0.00</bh_amt_land>
            <bh_amt_house>0.00</bh_amt_house>
            <bh_amt6>0.00</bh_amt6>
            <bh_amt7>0.00</bh_amt7>
            <bh_flowflag/>
            <bh_signflag/>
            <bh_signno/>
            <mj_subprojectno_na>04 - 防疫一體傳染病整合防治計畫</mj_subprojectno_na>
        </BCTDHELPPLAN_row>
        <BCTDHELPPLAN_row>
            <bh_fiscalyear>110</bh_fiscalyear>
            <bh_fundkind>1</bh_fundkind>
            <bh_budgetkind>1</bh_budgetkind>
            <bh_specialbudgetno/>
            <bh_agenno>57005</bh_agenno>
            <bh_agentype>C</bh_agentype>
            <bh_budgetstate>2</bh_budgetstate>
            <bh_versiondate/>
            <bh_objectno/>
            <bh_endowplanno>03</bh_endowplanno>
            <bh_endowplanname>辦理防疫獎勵頒獎典禮-01</bh_endowplanname>
            <bh_donname/>
            <bh_endowsts>2</bh_endowsts>
            <bh_budgetno>65570050200</bh_budgetno>
            <bh_subprojectno>01</bh_subprojectno>
            <bh_budgetsource>1</bh_budgetsource>
            <bh_applyid>0</bh_applyid>
            <bh_startyear>110</bh_startyear>
            <bh_endyear>110</bh_endyear>
            <bh_donrem>委託專業團體辦理防疫頒獎典禮及活動設計規劃。</bh_donrem>
            <bh_bgtyear>0</bh_bgtyear>
            <bh_amt_man>0.00</bh_amt_man>
            <bh_amt_business>469000.00</bh_amt_business>
            <bh_amt_other>0.00</bh_amt_other>
            <bh_amt_land>0.00</bh_amt_land>
            <bh_amt_house>0.00</bh_amt_house>
            <bh_amt6>0.00</bh_amt6>
            <bh_amt7>0.00</bh_amt7>
            <bh_flowflag/>
            <bh_signflag/>
            <bh_signno/>
            <mj_subprojectno_na>01 - 傳染病防治及應變規劃</mj_subprojectno_na>
        </BCTDHELPPLAN_row>
        <BCTDHELPPLAN_row>
            <bh_fiscalyear>110</bh_fiscalyear>
            <bh_fundkind>1</bh_fundkind>
            <bh_budgetkind>1</bh_budgetkind>
            <bh_specialbudgetno/>
            <bh_agenno>57005</bh_agenno>
            <bh_agentype>C</bh_agentype>
            <bh_budgetstate>2</bh_budgetstate>
            <bh_versiondate/>
            <bh_objectno/>
            <bh_endowplanno>04</bh_endowplanno>
            <bh_endowplanname>建置室內環境感測監控系統以輔助呼吸道傳染病防治-05</bh_endowplanname>
            <bh_donname/>
            <bh_endowsts>2</bh_endowsts>
            <bh_budgetno>52570050400</bh_budgetno>
            <bh_subprojectno>05</bh_subprojectno>
            <bh_budgetsource>1</bh_budgetsource>
            <bh_applyid>0</bh_applyid>
            <bh_startyear>110</bh_startyear>
            <bh_endyear>110</bh_endyear>
            <bh_donrem>委託研究物聯網等新型態傳染病流行性監測技術運用。</bh_donrem>
            <bh_bgtyear>0</bh_bgtyear>
            <bh_amt_man>700000.00</bh_amt_man>
            <bh_amt_business>1100000.00</bh_amt_business>
            <bh_amt_other>200000.00</bh_amt_other>
            <bh_amt_land>0.00</bh_amt_land>
            <bh_amt_house>0.00</bh_amt_house>
            <bh_amt6>0.00</bh_amt6>
            <bh_amt7>0.00</bh_amt7>
            <bh_flowflag/>
            <bh_signflag/>
            <bh_signno/>
            <mj_subprojectno_na>05 - 新世代智慧防疫行動計畫</mj_subprojectno_na>
        </BCTDHELPPLAN_row>
        <BCTDHELPPLAN_row>
            <bh_fiscalyear>110</bh_fiscalyear>
            <bh_fundkind>1</bh_fundkind>
            <bh_budgetkind>1</bh_budgetkind>
            <bh_specialbudgetno/>
            <bh_agenno>57005</bh_agenno>
            <bh_agentype>C</bh_agentype>
            <bh_budgetstate>2</bh_budgetstate>
            <bh_versiondate/>
            <bh_objectno/>
            <bh_endowplanno>04</bh_endowplanno>
            <bh_endowplanname>人畜共通傳染病臨床指引編修-01</bh_endowplanname>
            <bh_donname/>
            <bh_endowsts>2</bh_endowsts>
            <bh_budgetno>65570050200</bh_budgetno>
            <bh_subprojectno>01</bh_subprojectno>
            <bh_budgetsource>1</bh_budgetsource>
            <bh_applyid>0</bh_applyid>
            <bh_startyear>110</bh_startyear>
            <bh_endyear>110</bh_endyear>
            <bh_donrem>委託辦理人畜共通傳染病臨床指引編修。</bh_donrem>
            <bh_bgtyear>0</bh_bgtyear>
            <bh_amt_man>0.00</bh_amt_man>
            <bh_amt_business>332000.00</bh_amt_business>
            <bh_amt_other>0.00</bh_amt_other>
            <bh_amt_land>0.00</bh_amt_land>
            <bh_amt_house>0.00</bh_amt_house>
            <bh_amt6>0.00</bh_amt6>
            <bh_amt7>0.00</bh_amt7>
            <bh_flowflag/>
            <bh_signflag/>
            <bh_signno/>
            <mj_subprojectno_na>01 - 傳染病防治及應變規劃</mj_subprojectno_na>
        </BCTDHELPPLAN_row>
        <BCTDHELPPLAN_row>
            <bh_fiscalyear>110</bh_fiscalyear>
            <bh_fundkind>1</bh_fundkind>
            <bh_budgetkind>1</bh_budgetkind>
            <bh_specialbudgetno/>
            <bh_agenno>57005</bh_agenno>
            <bh_agentype>C</bh_agentype>
            <bh_budgetstate>2</bh_budgetstate>
            <bh_versiondate/>
            <bh_objectno/>
            <bh_endowplanno>05</bh_endowplanno>
            <bh_endowplanname>新世代智慧防疫行動計畫專案辦公室-05</bh_endowplanname>
            <bh_donname/>
            <bh_endowsts>2</bh_endowsts>
            <bh_budgetno>52570050400</bh_budgetno>
            <bh_subprojectno>05</bh_subprojectno>
            <bh_budgetsource>1</bh_budgetsource>
            <bh_applyid>0</bh_applyid>
            <bh_startyear>110</bh_startyear>
            <bh_endyear>110</bh_endyear>
            <bh_donrem>成立專案辦公室負責計畫推動及建立運作機制，並執行計畫之評估及績效管考。</bh_donrem>
            <bh_bgtyear>0</bh_bgtyear>
            <bh_amt_man>0.00</bh_amt_man>
            <bh_amt_business>4000000.00</bh_amt_business>
            <bh_amt_other>0.00</bh_amt_other>
            <bh_amt_land>0.00</bh_amt_land>
            <bh_amt_house>0.00</bh_amt_house>
            <bh_amt6>0.00</bh_amt6>
            <bh_amt7>0.00</bh_amt7>
            <bh_flowflag/>
            <bh_signflag/>
            <bh_signno/>
            <mj_subprojectno_na>05 - 新世代智慧防疫行動計畫</mj_subprojectno_na>
        </BCTDHELPPLAN_row>
        <BCTDHELPPLAN_row>
            <bh_fiscalyear>110</bh_fiscalyear>
            <bh_fundkind>1</bh_fundkind>
            <bh_budgetkind>1</bh_budgetkind>
            <bh_specialbudgetno/>
            <bh_agenno>57005</bh_agenno>
            <bh_agentype>C</bh_agentype>
            <bh_budgetstate>2</bh_budgetstate>
            <bh_versiondate/>
            <bh_objectno/>
            <bh_endowplanno>05</bh_endowplanno>
            <bh_endowplanname>辦理生物防護暨生物病原災害研習或訓／演練-01</bh_endowplanname>
            <bh_donname/>
            <bh_endowsts>2</bh_endowsts>
            <bh_budgetno>65570050200</bh_budgetno>
            <bh_subprojectno>01</bh_subprojectno>
            <bh_budgetsource>1</bh_budgetsource>
            <bh_applyid>0</bh_applyid>
            <bh_startyear>110</bh_startyear>
            <bh_endyear>110</bh_endyear>
            <bh_donrem>委託辦理生物防護暨生物病原災害防救相關研習或訓／演練。</bh_donrem>
            <bh_bgtyear>0</bh_bgtyear>
            <bh_amt_man>0.00</bh_amt_man>
            <bh_amt_business>150000.00</bh_amt_business>
            <bh_amt_other>0.00</bh_amt_other>
            <bh_amt_land>0.00</bh_amt_land>
            <bh_amt_house>0.00</bh_amt_house>
            <bh_amt6>0.00</bh_amt6>
            <bh_amt7>0.00</bh_amt7>
            <bh_flowflag/>
            <bh_signflag/>
            <bh_signno/>
            <mj_subprojectno_na>01 - 傳染病防治及應變規劃</mj_subprojectno_na>
        </BCTDHELPPLAN_row>
        <BCTDHELPPLAN_row>
            <bh_fiscalyear>110</bh_fiscalyear>
            <bh_fundkind>1</bh_fundkind>
            <bh_budgetkind>1</bh_budgetkind>
            <bh_specialbudgetno/>
            <bh_agenno>57005</bh_agenno>
            <bh_agentype>C</bh_agentype>
            <bh_budgetstate>2</bh_budgetstate>
            <bh_versiondate/>
            <bh_objectno/>
            <bh_endowplanno>06</bh_endowplanno>
            <bh_endowplanname>建構擴增人類禽流感病毒檢驗指定實驗室-06</bh_endowplanname>
            <bh_donname/>
            <bh_endowsts>2</bh_endowsts>
            <bh_budgetno>52570050400</bh_budgetno>
            <bh_subprojectno>06</bh_subprojectno>
            <bh_budgetsource>1</bh_budgetsource>
            <bh_applyid>0</bh_applyid>
            <bh_startyear>110</bh_startyear>
            <bh_endyear>110</bh_endyear>
            <bh_donrem>委託全國新型A型流感指定檢驗機構進行通報個案檢體檢驗，落實檢驗在地化。</bh_donrem>
            <bh_bgtyear>0</bh_bgtyear>
            <bh_amt_man>0.00</bh_amt_man>
            <bh_amt_business>910000.00</bh_amt_business>
            <bh_amt_other>0.00</bh_amt_other>
            <bh_amt_land>0.00</bh_amt_land>
            <bh_amt_house>0.00</bh_amt_house>
            <bh_amt6>0.00</bh_amt6>
            <bh_amt7>0.00</bh_amt7>
            <bh_flowflag/>
            <bh_signflag/>
            <bh_signno/>
            <mj_subprojectno_na>06 - 禽傳人之流感防控技術</mj_subprojectno_na>
        </BCTDHELPPLAN_row>
        <BCTDHELPPLAN_row>
            <bh_fiscalyear>110</bh_fiscalyear>
            <bh_fundkind>1</bh_fundkind>
            <bh_budgetkind>1</bh_budgetkind>
            <bh_specialbudgetno/>
            <bh_agenno>57005</bh_agenno>
            <bh_agentype>C</bh_agentype>
            <bh_budgetstate>2</bh_budgetstate>
            <bh_versiondate/>
            <bh_objectno/>
            <bh_endowplanno>06</bh_endowplanno>
            <bh_endowplanname>醫院感染管制查核、傳染病防治感控業務及衛生教育等計畫-01</bh_endowplanname>
            <bh_donname/>
            <bh_endowsts>2</bh_endowsts>
            <bh_budgetno>65570050200</bh_budgetno>
            <bh_subprojectno>01</bh_subprojectno>
            <bh_budgetsource>1</bh_budgetsource>
            <bh_applyid>0</bh_applyid>
            <bh_startyear>110</bh_startyear>
            <bh_endyear>110</bh_endyear>
            <bh_donrem>委託公協學會、專業團體等辦理醫院感染管制查核、傳染病防治感控業務、雜誌編印及衛生教育等計畫。</bh_donrem>
            <bh_bgtyear>0</bh_bgtyear>
            <bh_amt_man>580000.00</bh_amt_man>
            <bh_amt_business>1200000.00</bh_amt_business>
            <bh_amt_other>0.00</bh_amt_other>
            <bh_amt_land>0.00</bh_amt_land>
            <bh_amt_house>0.00</bh_amt_house>
            <bh_amt6>0.00</bh_amt6>
            <bh_amt7>0.00</bh_amt7>
            <bh_flowflag/>
            <bh_signflag/>
            <bh_signno/>
            <mj_subprojectno_na>01 - 傳染病防治及應變規劃</mj_subprojectno_na>
        </BCTDHELPPLAN_row>
        <BCTDHELPPLAN_row>
            <bh_fiscalyear>110</bh_fiscalyear>
            <bh_fundkind>1</bh_fundkind>
            <bh_budgetkind>1</bh_budgetkind>
            <bh_specialbudgetno/>
            <bh_agenno>57005</bh_agenno>
            <bh_agentype>C</bh_agentype>
            <bh_budgetstate>2</bh_budgetstate>
            <bh_versiondate/>
            <bh_objectno/>
            <bh_endowplanno>07</bh_endowplanno>
            <bh_endowplanname>預防接種數位化服務-07</bh_endowplanname>
            <bh_donname/>
            <bh_endowsts>2</bh_endowsts>
            <bh_budgetno>52570050400</bh_budgetno>
            <bh_subprojectno>07</bh_subprojectno>
            <bh_budgetsource>1</bh_budgetsource>
            <bh_applyid>0</bh_applyid>
            <bh_startyear>110</bh_startyear>
            <bh_endyear>110</bh_endyear>
            <bh_donrem>委託辦理衛福業務數位轉型服務躍升計畫。</bh_donrem>
            <bh_bgtyear>0</bh_bgtyear>
            <bh_amt_man>0.00</bh_amt_man>
            <bh_amt_business>8400000.00</bh_amt_business>
            <bh_amt_other>0.00</bh_amt_other>
            <bh_amt_land>0.00</bh_amt_land>
            <bh_amt_house>0.00</bh_amt_house>
            <bh_amt6>0.00</bh_amt6>
            <bh_amt7>0.00</bh_amt7>
            <bh_flowflag/>
            <bh_signflag/>
            <bh_signno/>
            <mj_subprojectno_na>07 - 衛福業務數位轉型服務躍升計畫</mj_subprojectno_na>
        </BCTDHELPPLAN_row>
        <BCTDHELPPLAN_row>
            <bh_fiscalyear>110</bh_fiscalyear>
            <bh_fundkind>1</bh_fundkind>
            <bh_budgetkind>1</bh_budgetkind>
            <bh_specialbudgetno/>
            <bh_agenno>57005</bh_agenno>
            <bh_agentype>C</bh_agentype>
            <bh_budgetstate>2</bh_budgetstate>
            <bh_versiondate/>
            <bh_objectno/>
            <bh_endowplanno>07</bh_endowplanno>
            <bh_endowplanname>委託辦理疫情民眾諮詢中心系統維護-01</bh_endowplanname>
            <bh_donname/>
            <bh_endowsts>2</bh_endowsts>
            <bh_budgetno>65570050200</bh_budgetno>
            <bh_subprojectno>01</bh_subprojectno>
            <bh_budgetsource>1</bh_budgetsource>
            <bh_applyid>0</bh_applyid>
            <bh_startyear>110</bh_startyear>
            <bh_endyear>110</bh_endyear>
            <bh_donrem>委託辦理1922防疫專線之民眾疫情通報及諮詢服務。</bh_donrem>
            <bh_bgtyear>0</bh_bgtyear>
            <bh_amt_man>14578000.00</bh_amt_man>
            <bh_amt_business>2572000.00</bh_amt_business>
            <bh_amt_other>0.00</bh_amt_other>
            <bh_amt_land>0.00</bh_amt_land>
            <bh_amt_house>0.00</bh_amt_house>
            <bh_amt6>0.00</bh_amt6>
            <bh_amt7>0.00</bh_amt7>
            <bh_flowflag/>
            <bh_signflag/>
            <bh_signno/>
            <mj_subprojectno_na>01 - 傳染病防治及應變規劃</mj_subprojectno_na>
        </BCTDHELPPLAN_row>
        <BCTDHELPPLAN_row>
            <bh_fiscalyear>110</bh_fiscalyear>
            <bh_fundkind>1</bh_fundkind>
            <bh_budgetkind>1</bh_budgetkind>
            <bh_specialbudgetno/>
            <bh_agenno>57005</bh_agenno>
            <bh_agentype>C</bh_agentype>
            <bh_budgetstate>2</bh_budgetstate>
            <bh_versiondate/>
            <bh_objectno/>
            <bh_endowplanno>08</bh_endowplanno>
            <bh_endowplanname>病毒性感染症合約實驗室委託檢驗計畫-01</bh_endowplanname>
            <bh_donname/>
            <bh_endowsts>2</bh_endowsts>
            <bh_budgetno>65570050200</bh_budgetno>
            <bh_subprojectno>01</bh_subprojectno>
            <bh_budgetsource>1</bh_budgetsource>
            <bh_applyid>0</bh_applyid>
            <bh_startyear>110</bh_startyear>
            <bh_endyear>110</bh_endyear>
            <bh_donrem>委託醫療院所及採檢點辦理腸病毒及流感病毒每週送驗檢體及檢驗監測。</bh_donrem>
            <bh_bgtyear>0</bh_bgtyear>
            <bh_amt_man>5200000.00</bh_amt_man>
            <bh_amt_business>1654000.00</bh_amt_business>
            <bh_amt_other>0.00</bh_amt_other>
            <bh_amt_land>0.00</bh_amt_land>
            <bh_amt_house>0.00</bh_amt_house>
            <bh_amt6>0.00</bh_amt6>
            <bh_amt7>0.00</bh_amt7>
            <bh_flowflag/>
            <bh_signflag/>
            <bh_signno/>
            <mj_subprojectno_na>01 - 傳染病防治及應變規劃</mj_subprojectno_na>
        </BCTDHELPPLAN_row>
        <BCTDHELPPLAN_row>
            <bh_fiscalyear>110</bh_fiscalyear>
            <bh_fundkind>1</bh_fundkind>
            <bh_budgetkind>1</bh_budgetkind>
            <bh_specialbudgetno/>
            <bh_agenno>57005</bh_agenno>
            <bh_agentype>C</bh_agentype>
            <bh_budgetstate>2</bh_budgetstate>
            <bh_versiondate/>
            <bh_objectno/>
            <bh_endowplanno>09</bh_endowplanno>
            <bh_endowplanname>毒蛇委託飼養管理計畫-01</bh_endowplanname>
            <bh_donname/>
            <bh_endowsts>2</bh_endowsts>
            <bh_budgetno>65570050200</bh_budgetno>
            <bh_subprojectno>01</bh_subprojectno>
            <bh_budgetsource>1</bh_budgetsource>
            <bh_applyid>0</bh_applyid>
            <bh_startyear>110</bh_startyear>
            <bh_endyear>110</bh_endyear>
            <bh_donrem>委託有意願且有能力的學術或民間機構辦理毒蛇委託飼養及蛇毒採集供應等業務，以穩定國內蛇毒供應來源。</bh_donrem>
            <bh_bgtyear>0</bh_bgtyear>
            <bh_amt_man>0.00</bh_amt_man>
            <bh_amt_business>2600000.00</bh_amt_business>
            <bh_amt_other>0.00</bh_amt_other>
            <bh_amt_land>0.00</bh_amt_land>
            <bh_amt_house>0.00</bh_amt_house>
            <bh_amt6>0.00</bh_amt6>
            <bh_amt7>0.00</bh_amt7>
            <bh_flowflag/>
            <bh_signflag/>
            <bh_signno/>
            <mj_subprojectno_na>01 - 傳染病防治及應變規劃</mj_subprojectno_na>
        </BCTDHELPPLAN_row>
        <BCTDHELPPLAN_row>
            <bh_fiscalyear>110</bh_fiscalyear>
            <bh_fundkind>1</bh_fundkind>
            <bh_budgetkind>1</bh_budgetkind>
            <bh_specialbudgetno/>
            <bh_agenno>57005</bh_agenno>
            <bh_agentype>C</bh_agentype>
            <bh_budgetstate>2</bh_budgetstate>
            <bh_versiondate/>
            <bh_objectno/>
            <bh_endowplanno>10</bh_endowplanno>
            <bh_endowplanname>國家免疫馬匹畜牧場委託營運管理及免疫馬匹委託代養案-01</bh_endowplanname>
            <bh_donname/>
            <bh_endowsts>2</bh_endowsts>
            <bh_budgetno>65570050200</bh_budgetno>
            <bh_subprojectno>01</bh_subprojectno>
            <bh_budgetsource>1</bh_budgetsource>
            <bh_applyid>0</bh_applyid>
            <bh_startyear>110</bh_startyear>
            <bh_endyear>110</bh_endyear>
            <bh_donrem>委託有意願且有能力的學術或民間機構進行國家免疫馬匹畜牧場營運管理、免疫馬匹代養及醫療照護並協助本署進行馬血漿相關產製等業務。</bh_donrem>
            <bh_bgtyear>0</bh_bgtyear>
            <bh_amt_man>0.00</bh_amt_man>
            <bh_amt_business>19500000.00</bh_amt_business>
            <bh_amt_other>0.00</bh_amt_other>
            <bh_amt_land>0.00</bh_amt_land>
            <bh_amt_house>0.00</bh_amt_house>
            <bh_amt6>0.00</bh_amt6>
            <bh_amt7>0.00</bh_amt7>
            <bh_flowflag/>
            <bh_signflag/>
            <bh_signno/>
            <mj_subprojectno_na>01 - 傳染病防治及應變規劃</mj_subprojectno_na>
        </BCTDHELPPLAN_row>
        <BCTDHELPPLAN_row>
            <bh_fiscalyear>110</bh_fiscalyear>
            <bh_fundkind>1</bh_fundkind>
            <bh_budgetkind>1</bh_budgetkind>
            <bh_specialbudgetno/>
            <bh_agenno>57005</bh_agenno>
            <bh_agentype>C</bh_agentype>
            <bh_budgetstate>2</bh_budgetstate>
            <bh_versiondate/>
            <bh_objectno/>
            <bh_endowplanno>11</bh_endowplanno>
            <bh_endowplanname>國家免疫馬匹畜牧場環境監測計畫-01</bh_endowplanname>
            <bh_donname/>
            <bh_endowsts>2</bh_endowsts>
            <bh_budgetno>65570050200</bh_budgetno>
            <bh_subprojectno>01</bh_subprojectno>
            <bh_budgetsource>1</bh_budgetsource>
            <bh_applyid>0</bh_applyid>
            <bh_startyear>110</bh_startyear>
            <bh_endyear>110</bh_endyear>
            <bh_donrem>依據環評法規定及環評大會審議結果，委託專業技術服務廠商辦理國家免疫馬匹畜牧場營運期間環境監測。</bh_donrem>
            <bh_bgtyear>0</bh_bgtyear>
            <bh_amt_man>0.00</bh_amt_man>
            <bh_amt_business>2500000.00</bh_amt_business>
            <bh_amt_other>0.00</bh_amt_other>
            <bh_amt_land>0.00</bh_amt_land>
            <bh_amt_house>0.00</bh_amt_house>
            <bh_amt6>0.00</bh_amt6>
            <bh_amt7>0.00</bh_amt7>
            <bh_flowflag/>
            <bh_signflag/>
            <bh_signno/>
            <mj_subprojectno_na>01 - 傳染病防治及應變規劃</mj_subprojectno_na>
        </BCTDHELPPLAN_row>
        <BCTDHELPPLAN_row>
            <bh_fiscalyear>110</bh_fiscalyear>
            <bh_fundkind>1</bh_fundkind>
            <bh_budgetkind>1</bh_budgetkind>
            <bh_specialbudgetno/>
            <bh_agenno>57005</bh_agenno>
            <bh_agentype>C</bh_agentype>
            <bh_budgetstate>2</bh_budgetstate>
            <bh_versiondate/>
            <bh_objectno/>
            <bh_endowplanno>12</bh_endowplanno>
            <bh_endowplanname>登革熱防治計畫-02</bh_endowplanname>
            <bh_donname/>
            <bh_endowsts>2</bh_endowsts>
            <bh_budgetno>65570050200</bh_budgetno>
            <bh_subprojectno>02</bh_subprojectno>
            <bh_budgetsource>1</bh_budgetsource>
            <bh_applyid>0</bh_applyid>
            <bh_startyear>110</bh_startyear>
            <bh_endyear>110</bh_endyear>
            <bh_donrem>委託中央健康保險署代辦登革熱NS1抗原快速診斷試劑費用申報及核付作業。</bh_donrem>
            <bh_bgtyear>0</bh_bgtyear>
            <bh_amt_man>0.00</bh_amt_man>
            <bh_amt_business>2717000.00</bh_amt_business>
            <bh_amt_other>0.00</bh_amt_other>
            <bh_amt_land>0.00</bh_amt_land>
            <bh_amt_house>0.00</bh_amt_house>
            <bh_amt6>0.00</bh_amt6>
            <bh_amt7>0.00</bh_amt7>
            <bh_flowflag/>
            <bh_signflag/>
            <bh_signno/>
            <mj_subprojectno_na>02 - 急性傳染病流行風險監控與管理第三期計畫</mj_subprojectno_na>
        </BCTDHELPPLAN_row>
        <BCTDHELPPLAN_row>
            <bh_fiscalyear>110</bh_fiscalyear>
            <bh_fundkind>1</bh_fundkind>
            <bh_budgetkind>1</bh_budgetkind>
            <bh_specialbudgetno/>
            <bh_agenno>57005</bh_agenno>
            <bh_agentype>C</bh_agentype>
            <bh_budgetstate>2</bh_budgetstate>
            <bh_versiondate/>
            <bh_objectno/>
            <bh_endowplanno>13</bh_endowplanno>
            <bh_endowplanname>代辦登革熱NS1抗原快速診斷試劑醫療行政費用-02</bh_endowplanname>
            <bh_donname/>
            <bh_endowsts>2</bh_endowsts>
            <bh_budgetno>65570050200</bh_budgetno>
            <bh_subprojectno>02</bh_subprojectno>
            <bh_budgetsource>1</bh_budgetsource>
            <bh_applyid>0</bh_applyid>
            <bh_startyear>110</bh_startyear>
            <bh_endyear>110</bh_endyear>
            <bh_donrem>委託中央健康保險署代辦登革熱NS1抗原快速診斷試劑醫療行政費用。</bh_donrem>
            <bh_bgtyear>0</bh_bgtyear>
            <bh_amt_man>0.00</bh_amt_man>
            <bh_amt_business>13000.00</bh_amt_business>
            <bh_amt_other>0.00</bh_amt_other>
            <bh_amt_land>0.00</bh_amt_land>
            <bh_amt_house>0.00</bh_amt_house>
            <bh_amt6>0.00</bh_amt6>
            <bh_amt7>0.00</bh_amt7>
            <bh_flowflag/>
            <bh_signflag/>
            <bh_signno/>
            <mj_subprojectno_na>02 - 急性傳染病流行風險監控與管理第三期計畫</mj_subprojectno_na>
        </BCTDHELPPLAN_row>
        <BCTDHELPPLAN_row>
            <bh_fiscalyear>110</bh_fiscalyear>
            <bh_fundkind>1</bh_fundkind>
            <bh_budgetkind>1</bh_budgetkind>
            <bh_specialbudgetno/>
            <bh_agenno>57005</bh_agenno>
            <bh_agentype>C</bh_agentype>
            <bh_budgetstate>2</bh_budgetstate>
            <bh_versiondate/>
            <bh_objectno/>
            <bh_endowplanno>14</bh_endowplanno>
            <bh_endowplanname>委託醫療院所辦理旅遊醫學等業務-03</bh_endowplanname>
            <bh_donname/>
            <bh_endowsts>2</bh_endowsts>
            <bh_budgetno>65570050200</bh_budgetno>
            <bh_subprojectno>03</bh_subprojectno>
            <bh_budgetsource>1</bh_budgetsource>
            <bh_applyid>0</bh_applyid>
            <bh_startyear>110</bh_startyear>
            <bh_endyear>110</bh_endyear>
            <bh_donrem>委託醫療院所辦理旅遊醫學相關業務，以提升民眾旅遊醫學認知、增進旅遊業之旅遊醫學觀念及服務推廣、增進全國旅醫門診服務品質一致性。</bh_donrem>
            <bh_bgtyear>0</bh_bgtyear>
            <bh_amt_man>0.00</bh_amt_man>
            <bh_amt_business>2950000.00</bh_amt_business>
            <bh_amt_other>0.00</bh_amt_other>
            <bh_amt_land>0.00</bh_amt_land>
            <bh_amt_house>0.00</bh_amt_house>
            <bh_amt6>0.00</bh_amt6>
            <bh_amt7>0.00</bh_amt7>
            <bh_flowflag/>
            <bh_signflag/>
            <bh_signno/>
            <mj_subprojectno_na>03 - 強化邊境檢疫及境外防疫第一期計畫</mj_subprojectno_na>
        </BCTDHELPPLAN_row>
        <BCTDHELPPLAN_row>
            <bh_fiscalyear>110</bh_fiscalyear>
            <bh_fundkind>1</bh_fundkind>
            <bh_budgetkind>1</bh_budgetkind>
            <bh_specialbudgetno/>
            <bh_agenno>57005</bh_agenno>
            <bh_agentype>C</bh_agentype>
            <bh_budgetstate>2</bh_budgetstate>
            <bh_versiondate/>
            <bh_objectno/>
            <bh_endowplanno>15</bh_endowplanno>
            <bh_endowplanname>外勞健檢醫師漢生病訓練-03</bh_endowplanname>
            <bh_donname/>
            <bh_endowsts>2</bh_endowsts>
            <bh_budgetno>65570050200</bh_budgetno>
            <bh_subprojectno>03</bh_subprojectno>
            <bh_budgetsource>1</bh_budgetsource>
            <bh_applyid>0</bh_applyid>
            <bh_startyear>110</bh_startyear>
            <bh_endyear>110</bh_endyear>
            <bh_donrem>委託機關團體辦理外勞健檢醫師漢生病篩檢診斷訓練。</bh_donrem>
            <bh_bgtyear>0</bh_bgtyear>
            <bh_amt_man>0.00</bh_amt_man>
            <bh_amt_business>35000.00</bh_amt_business>
            <bh_amt_other>0.00</bh_amt_other>
            <bh_amt_land>0.00</bh_amt_land>
            <bh_amt_house>0.00</bh_amt_house>
            <bh_amt6>0.00</bh_amt6>
            <bh_amt7>0.00</bh_amt7>
            <bh_flowflag/>
            <bh_signflag/>
            <bh_signno/>
            <mj_subprojectno_na>03 - 強化邊境檢疫及境外防疫第一期計畫</mj_subprojectno_na>
        </BCTDHELPPLAN_row>
        <BCTDHELPPLAN_row>
            <bh_fiscalyear>110</bh_fiscalyear>
            <bh_fundkind>1</bh_fundkind>
            <bh_budgetkind>1</bh_budgetkind>
            <bh_specialbudgetno/>
            <bh_agenno>57005</bh_agenno>
            <bh_agentype>C</bh_agentype>
            <bh_budgetstate>2</bh_budgetstate>
            <bh_versiondate/>
            <bh_objectno/>
            <bh_endowplanno>16</bh_endowplanno>
            <bh_endowplanname>愛滋病防治相關委辦計畫-04</bh_endowplanname>
            <bh_donname/>
            <bh_endowsts>2</bh_endowsts>
            <bh_budgetno>65570050200</bh_budgetno>
            <bh_subprojectno>04</bh_subprojectno>
            <bh_budgetsource>1</bh_budgetsource>
            <bh_applyid>0</bh_applyid>
            <bh_startyear>110</bh_startyear>
            <bh_endyear>110</bh_endyear>
            <bh_donrem>委託醫事機構、學術單位、醫學會、民間團體等相關單位辦理愛滋防治衛生教育、多元篩檢與諮詢服務、個案管理暨接觸者追蹤、性病防治及性健康友善門診、性別友善社區健康服務中心、國際交流等性傳染病防治工作計畫。</bh_donrem>
            <bh_bgtyear>0</bh_bgtyear>
            <bh_amt_man>0.00</bh_amt_man>
            <bh_amt_business>40710000.00</bh_amt_business>
            <bh_amt_other>0.00</bh_amt_other>
            <bh_amt_land>0.00</bh_amt_land>
            <bh_amt_house>0.00</bh_amt_house>
            <bh_amt6>0.00</bh_amt6>
            <bh_amt7>0.00</bh_amt7>
            <bh_flowflag/>
            <bh_signflag/>
            <bh_signno/>
            <mj_subprojectno_na>04 - 愛滋防治第六期五年計畫</mj_subprojectno_na>
        </BCTDHELPPLAN_row>
        <BCTDHELPPLAN_row>
            <bh_fiscalyear>110</bh_fiscalyear>
            <bh_fundkind>1</bh_fundkind>
            <bh_budgetkind>1</bh_budgetkind>
            <bh_specialbudgetno/>
            <bh_agenno>57005</bh_agenno>
            <bh_agentype>C</bh_agentype>
            <bh_budgetstate>2</bh_budgetstate>
            <bh_versiondate/>
            <bh_objectno/>
            <bh_endowplanno>17</bh_endowplanno>
            <bh_endowplanname>代辦愛滋病醫療行政費用-04</bh_endowplanname>
            <bh_donname/>
            <bh_endowsts>2</bh_endowsts>
            <bh_budgetno>65570050200</bh_budgetno>
            <bh_subprojectno>04</bh_subprojectno>
            <bh_budgetsource>1</bh_budgetsource>
            <bh_applyid>0</bh_applyid>
            <bh_startyear>110</bh_startyear>
            <bh_endyear>110</bh_endyear>
            <bh_donrem>委託中央健康保險署代辦愛滋病醫療行政費用。</bh_donrem>
            <bh_bgtyear>0</bh_bgtyear>
            <bh_amt_man>0.00</bh_amt_man>
            <bh_amt_business>5124000.00</bh_amt_business>
            <bh_amt_other>0.00</bh_amt_other>
            <bh_amt_land>0.00</bh_amt_land>
            <bh_amt_house>0.00</bh_amt_house>
            <bh_amt6>0.00</bh_amt6>
            <bh_amt7>0.00</bh_amt7>
            <bh_flowflag/>
            <bh_signflag/>
            <bh_signno/>
            <mj_subprojectno_na>04 - 愛滋防治第六期五年計畫</mj_subprojectno_na>
        </BCTDHELPPLAN_row>
        <BCTDHELPPLAN_row>
            <bh_fiscalyear>110</bh_fiscalyear>
            <bh_fundkind>1</bh_fundkind>
            <bh_budgetkind>1</bh_budgetkind>
            <bh_specialbudgetno/>
            <bh_agenno>57005</bh_agenno>
            <bh_agentype>C</bh_agentype>
            <bh_budgetstate>2</bh_budgetstate>
            <bh_versiondate/>
            <bh_objectno/>
            <bh_endowplanno>18</bh_endowplanno>
            <bh_endowplanname>結核病防治相關委辦計畫-05</bh_endowplanname>
            <bh_donname/>
            <bh_endowsts>2</bh_endowsts>
            <bh_budgetno>65570050200</bh_budgetno>
            <bh_subprojectno>05</bh_subprojectno>
            <bh_budgetsource>1</bh_budgetsource>
            <bh_applyid>0</bh_applyid>
            <bh_startyear>110</bh_startyear>
            <bh_endyear>110</bh_endyear>
            <bh_donrem>委託醫事機構、學術單位、醫學會、民間團體等相關單位辦理主動發現、衛生教育、提升結核病診療照護品質及個案管理相關教育訓練、高風險族群防治、結核病實驗室品質監測及檢驗等結核病防治工作。</bh_donrem>
            <bh_bgtyear>0</bh_bgtyear>
            <bh_amt_man>0.00</bh_amt_man>
            <bh_amt_business>27929000.00</bh_amt_business>
            <bh_amt_other>0.00</bh_amt_other>
            <bh_amt_land>0.00</bh_amt_land>
            <bh_amt_house>0.00</bh_amt_house>
            <bh_amt6>0.00</bh_amt6>
            <bh_amt7>0.00</bh_amt7>
            <bh_flowflag/>
            <bh_signflag/>
            <bh_signno/>
            <mj_subprojectno_na>05 - 我國加入WHO2035消除結核第二期計畫</mj_subprojectno_na>
        </BCTDHELPPLAN_row>
        <BCTDHELPPLAN_row>
            <bh_fiscalyear>110</bh_fiscalyear>
            <bh_fundkind>1</bh_fundkind>
            <bh_budgetkind>1</bh_budgetkind>
            <bh_specialbudgetno/>
            <bh_agenno>57005</bh_agenno>
            <bh_agentype>C</bh_agentype>
            <bh_budgetstate>2</bh_budgetstate>
            <bh_versiondate/>
            <bh_objectno/>
            <bh_endowplanno>19</bh_endowplanno>
            <bh_endowplanname>代辦結核病醫療行政費用-05</bh_endowplanname>
            <bh_donname/>
            <bh_endowsts>2</bh_endowsts>
            <bh_budgetno>65570050200</bh_budgetno>
            <bh_subprojectno>05</bh_subprojectno>
            <bh_budgetsource>1</bh_budgetsource>
            <bh_applyid>0</bh_applyid>
            <bh_startyear>110</bh_startyear>
            <bh_endyear>110</bh_endyear>
            <bh_donrem>委託中央健康保險署代辦結核病醫療行政費用。</bh_donrem>
            <bh_bgtyear>0</bh_bgtyear>
            <bh_amt_man>0.00</bh_amt_man>
            <bh_amt_business>750000.00</bh_amt_business>
            <bh_amt_other>0.00</bh_amt_other>
            <bh_amt_land>0.00</bh_amt_land>
            <bh_amt_house>0.00</bh_amt_house>
            <bh_amt6>0.00</bh_amt6>
            <bh_amt7>0.00</bh_amt7>
            <bh_flowflag/>
            <bh_signflag/>
            <bh_signno/>
            <mj_subprojectno_na>05 - 我國加入WHO2035消除結核第二期計畫</mj_subprojectno_na>
        </BCTDHELPPLAN_row>
        <BCTDHELPPLAN_row>
            <bh_fiscalyear>110</bh_fiscalyear>
            <bh_fundkind>1</bh_fundkind>
            <bh_budgetkind>1</bh_budgetkind>
            <bh_specialbudgetno/>
            <bh_agenno>57005</bh_agenno>
            <bh_agentype>C</bh_agentype>
            <bh_budgetstate>2</bh_budgetstate>
            <bh_versiondate/>
            <bh_objectno/>
            <bh_endowplanno>20</bh_endowplanno>
            <bh_endowplanname>辦理傳染病緊急應變訓／演練／研討會或負壓隔離病房查核等相關業務-06</bh_endowplanname>
            <bh_donname/>
            <bh_endowsts>2</bh_endowsts>
            <bh_budgetno>65570050200</bh_budgetno>
            <bh_subprojectno>06</bh_subprojectno>
            <bh_budgetsource>1</bh_budgetsource>
            <bh_applyid>0</bh_applyid>
            <bh_startyear>110</bh_startyear>
            <bh_endyear>110</bh_endyear>
            <bh_donrem>委託辦理傳染病緊急應變訓／演練／研討會或負壓隔離病房查核等相關業務。&#xd;
</bh_donrem>
            <bh_bgtyear>0</bh_bgtyear>
            <bh_amt_man>0.00</bh_amt_man>
            <bh_amt_business>500000.00</bh_amt_business>
            <bh_amt_other>0.00</bh_amt_other>
            <bh_amt_land>0.00</bh_amt_land>
            <bh_amt_house>0.00</bh_amt_house>
            <bh_amt6>0.00</bh_amt6>
            <bh_amt7>0.00</bh_amt7>
            <bh_flowflag/>
            <bh_signflag/>
            <bh_signno/>
            <mj_subprojectno_na>06 - 我國因應流感大流行準備第三期計畫</mj_subprojectno_na>
        </BCTDHELPPLAN_row>
        <BCTDHELPPLAN_row>
            <bh_fiscalyear>110</bh_fiscalyear>
            <bh_fundkind>1</bh_fundkind>
            <bh_budgetkind>1</bh_budgetkind>
            <bh_specialbudgetno/>
            <bh_agenno>57005</bh_agenno>
            <bh_agentype>C</bh_agentype>
            <bh_budgetstate>2</bh_budgetstate>
            <bh_versiondate/>
            <bh_objectno/>
            <bh_endowplanno>21</bh_endowplanno>
            <bh_endowplanname>新興傳染病風險監測與應變整備計畫-07</bh_endowplanname>
            <bh_donname/>
            <bh_endowsts>2</bh_endowsts>
            <bh_budgetno>65570050200</bh_budgetno>
            <bh_subprojectno>07</bh_subprojectno>
            <bh_budgetsource>1</bh_budgetsource>
            <bh_applyid>0</bh_applyid>
            <bh_startyear>110</bh_startyear>
            <bh_endyear>110</bh_endyear>
            <bh_donrem>委託醫事機構、學術、醫學會、民間團體等相關單位辦理新興傳染病國際研討會／工作坊或訓練營，或邀請國外專家學者訪臺經驗分享交流或派員參加防疫相關技術研討會等相關業務。</bh_donrem>
            <bh_bgtyear>0</bh_bgtyear>
            <bh_amt_man>0.00</bh_amt_man>
            <bh_amt_business>700000.00</bh_amt_business>
            <bh_amt_other>0.00</bh_amt_other>
            <bh_amt_land>0.00</bh_amt_land>
            <bh_amt_house>0.00</bh_amt_house>
            <bh_amt6>0.00</bh_amt6>
            <bh_amt7>0.00</bh_amt7>
            <bh_flowflag/>
            <bh_signflag/>
            <bh_signno/>
            <mj_subprojectno_na>07 - 新興傳染病風險監測與應變整備計畫</mj_subprojectno_na>
        </BCTDHELPPLAN_row>
        <BCTDHELPPLAN_row>
            <bh_fiscalyear>110</bh_fiscalyear>
            <bh_fundkind>1</bh_fundkind>
            <bh_budgetkind>1</bh_budgetkind>
            <bh_specialbudgetno/>
            <bh_agenno>57005</bh_agenno>
            <bh_agentype>C</bh_agentype>
            <bh_budgetstate>2</bh_budgetstate>
            <bh_versiondate/>
            <bh_objectno/>
            <bh_endowplanno>22</bh_endowplanno>
            <bh_endowplanname>防疫技術轉殖中心-09</bh_endowplanname>
            <bh_donname/>
            <bh_endowsts>2</bh_endowsts>
            <bh_budgetno>65570050200</bh_budgetno>
            <bh_subprojectno>09</bh_subprojectno>
            <bh_budgetsource>1</bh_budgetsource>
            <bh_applyid>0</bh_applyid>
            <bh_startyear>110</bh_startyear>
            <bh_endyear>110</bh_endyear>
            <bh_donrem>&amp;lt;#H1&amp;gt;辦理新南向登革熱防治交流合作計畫，包括登革熱防疫技術轉殖中心、訓練研習課程、防疫深耕隊運作等。&#xd;
&amp;lt;#H1&amp;gt;委託專業單位辦理與新南向國家共同合作結核病防疫深耕工作，提供在地化防疫協助。</bh_donrem>
            <bh_bgtyear>0</bh_bgtyear>
            <bh_amt_man>3775000.00</bh_amt_man>
            <bh_amt_business>9505000.00</bh_amt_business>
            <bh_amt_other>0.00</bh_amt_other>
            <bh_amt_land>0.00</bh_amt_land>
            <bh_amt_house>0.00</bh_amt_house>
            <bh_amt6>0.00</bh_amt6>
            <bh_amt7>0.00</bh_amt7>
            <bh_flowflag/>
            <bh_signflag/>
            <bh_signno/>
            <mj_subprojectno_na>09 - 新南向醫衛合作與產業鏈發展中長程計畫</mj_subprojectno_na>
        </BCTDHELPPLAN_row>
        <BCTDHELPPLAN_row>
            <bh_fiscalyear>110</bh_fiscalyear>
            <bh_fundkind>1</bh_fundkind>
            <bh_budgetkind>1</bh_budgetkind>
            <bh_specialbudgetno/>
            <bh_agenno>57005</bh_agenno>
            <bh_agentype>C</bh_agentype>
            <bh_budgetstate>2</bh_budgetstate>
            <bh_versiondate/>
            <bh_objectno/>
            <bh_endowplanno>23</bh_endowplanno>
            <bh_endowplanname>新南向人員健康服務-09</bh_endowplanname>
            <bh_donname/>
            <bh_endowsts>2</bh_endowsts>
            <bh_budgetno>65570050200</bh_budgetno>
            <bh_subprojectno>09</bh_subprojectno>
            <bh_budgetsource>1</bh_budgetsource>
            <bh_applyid>0</bh_applyid>
            <bh_startyear>110</bh_startyear>
            <bh_endyear>110</bh_endyear>
            <bh_donrem>委託醫療機構辦理新南向人員健康服務，針對我國前往新南向國家工作者及新南向國家來臺長時間非旅遊工作者，提供出國前、中、後之傳染病預防諮詢與醫療服務。</bh_donrem>
            <bh_bgtyear>0</bh_bgtyear>
            <bh_amt_man>1145000.00</bh_amt_man>
            <bh_amt_business>1618000.00</bh_amt_business>
            <bh_amt_other>177000.00</bh_amt_other>
            <bh_amt_land>0.00</bh_amt_land>
            <bh_amt_house>0.00</bh_amt_house>
            <bh_amt6>0.00</bh_amt6>
            <bh_amt7>0.00</bh_amt7>
            <bh_flowflag/>
            <bh_signflag/>
            <bh_signno/>
            <mj_subprojectno_na>09 - 新南向醫衛合作與產業鏈發展中長程計畫</mj_subprojectno_na>
        </BCTDHELPPLAN_row>
        <BCTDHELPPLAN_row>
            <bh_fiscalyear>110</bh_fiscalyear>
            <bh_fundkind>1</bh_fundkind>
            <bh_budgetkind>1</bh_budgetkind>
            <bh_specialbudgetno/>
            <bh_agenno>57005</bh_agenno>
            <bh_agentype>C</bh_agentype>
            <bh_budgetstate>2</bh_budgetstate>
            <bh_versiondate/>
            <bh_objectno/>
            <bh_endowplanno>24</bh_endowplanno>
            <bh_endowplanname>提升抗生素抗藥性管理、強化醫療機構感染管制、實驗室生物風險管理等計畫-10</bh_endowplanname>
            <bh_donname/>
            <bh_endowsts>2</bh_endowsts>
            <bh_budgetno>65570050200</bh_budgetno>
            <bh_subprojectno>10</bh_subprojectno>
            <bh_budgetsource>1</bh_budgetsource>
            <bh_applyid>0</bh_applyid>
            <bh_startyear>110</bh_startyear>
            <bh_endyear>110</bh_endyear>
            <bh_donrem>委託公協學會、專業團體等辦理提升抗生素抗藥性管理、強化醫療機構感染管制、強化抗藥性檢驗與研究相關實驗室生物安全及生物保全管理與衛生教育等計畫。</bh_donrem>
            <bh_bgtyear>0</bh_bgtyear>
            <bh_amt_man>4346000.00</bh_amt_man>
            <bh_amt_business>5644000.00</bh_amt_business>
            <bh_amt_other>150000.00</bh_amt_other>
            <bh_amt_land>0.00</bh_amt_land>
            <bh_amt_house>0.00</bh_amt_house>
            <bh_amt6>0.00</bh_amt6>
            <bh_amt7>0.00</bh_amt7>
            <bh_flowflag/>
            <bh_signflag/>
            <bh_signno/>
            <mj_subprojectno_na>10 - 邁向全球衛生安全－抗生素抗藥性管理行動策略計畫</mj_subprojectno_na>
        </BCTDHELPPLAN_row>
        <BCTDHELPPLAN_row>
            <bh_fiscalyear>110</bh_fiscalyear>
            <bh_fundkind>1</bh_fundkind>
            <bh_budgetkind>1</bh_budgetkind>
            <bh_specialbudgetno/>
            <bh_agenno>57005</bh_agenno>
            <bh_agentype>C</bh_agentype>
            <bh_budgetstate>2</bh_budgetstate>
            <bh_versiondate/>
            <bh_objectno/>
            <bh_endowplanno>25</bh_endowplanno>
            <bh_endowplanname>建構新世代國家傳染病檢驗網絡強化防疫檢驗量能-11</bh_endowplanname>
            <bh_donname/>
            <bh_endowsts>2</bh_endowsts>
            <bh_budgetno>65570050200</bh_budgetno>
            <bh_subprojectno>11</bh_subprojectno>
            <bh_budgetsource>1</bh_budgetsource>
            <bh_applyid>0</bh_applyid>
            <bh_startyear>110</bh_startyear>
            <bh_endyear>110</bh_endyear>
            <bh_donrem>提升合約實驗室社區主動監測量能，加強擴充採檢點與收案數，新增重要傳染病原檢測方法及增加監測種類等。</bh_donrem>
            <bh_bgtyear>0</bh_bgtyear>
            <bh_amt_man>0.00</bh_amt_man>
            <bh_amt_business>7709000.00</bh_amt_business>
            <bh_amt_other>0.00</bh_amt_other>
            <bh_amt_land>0.00</bh_amt_land>
            <bh_amt_house>0.00</bh_amt_house>
            <bh_amt6>0.00</bh_amt6>
            <bh_amt7>0.00</bh_amt7>
            <bh_flowflag/>
            <bh_signflag/>
            <bh_signno/>
            <mj_subprojectno_na>11 - 建構新世代國家傳染病檢驗網絡強化防疫檢驗量能計畫</mj_subprojectno_na>
        </BCTDHELPPLAN_row>
    </BCTDHELPPLAN>
</tables>
