<?xml version="1.0" encoding="UTF-8"?>
<tables>
    <BCME3410_row>
        <mh_itemserialno1/>
        <mh_itemserialno2/>
        <mh_itemserialno3/>
        <mh_itemserialno4/>
        <budgetno/>
        <mh_budgetname>合         計</mh_budgetname>
        <budgetno_conver/>
        <tyear_amt>136548.000000</tyear_amt>
        <lyear_amt>133101.000000</lyear_amt>
        <byear_amt>137120.000000</byear_amt>
        <b_amt>3447.000000</b_amt>
        <bc_content/>
        <blevel>9</blevel>
        <ordinaryid>1</ordinaryid>
    </BCME3410_row>
    <BCME3410_row>
        <mh_itemserialno1>2</mh_itemserialno1>
        <mh_itemserialno2/>
        <mh_itemserialno3/>
        <mh_itemserialno4/>
        <budgetno>04000000000</budgetno>
        <mh_budgetname>罰款及賠償收入</mh_budgetname>
        <budgetno_conver>0400000000</budgetno_conver>
        <tyear_amt>600.000000</tyear_amt>
        <lyear_amt>600.000000</lyear_amt>
        <byear_amt>454.000000</byear_amt>
        <b_amt>0.000000</b_amt>
        <bc_content/>
        <blevel>1</blevel>
        <ordinaryid/>
    </BCME3410_row>
    <BCME3410_row>
        <mh_itemserialno1/>
        <mh_itemserialno2>180</mh_itemserialno2>
        <mh_itemserialno3/>
        <mh_itemserialno4/>
        <budgetno>04570050000</budgetno>
        <mh_budgetname>疾病管制署</mh_budgetname>
        <budgetno_conver>0457050000</budgetno_conver>
        <tyear_amt>600.000000</tyear_amt>
        <lyear_amt>600.000000</lyear_amt>
        <byear_amt>454.000000</byear_amt>
        <b_amt>0.000000</b_amt>
        <bc_content/>
        <blevel>2</blevel>
        <ordinaryid/>
    </BCME3410_row>
    <BCME3410_row>
        <mh_itemserialno1/>
        <mh_itemserialno2/>
        <mh_itemserialno3>01</mh_itemserialno3>
        <mh_itemserialno4/>
        <budgetno>04570050300</budgetno>
        <mh_budgetname>賠償收入</mh_budgetname>
        <budgetno_conver>0457050300</budgetno_conver>
        <tyear_amt>600.000000</tyear_amt>
        <lyear_amt>600.000000</lyear_amt>
        <byear_amt>454.000000</byear_amt>
        <b_amt>0.000000</b_amt>
        <bc_content/>
        <blevel>3</blevel>
        <ordinaryid/>
    </BCME3410_row>
    <BCME3410_row>
        <mh_itemserialno1/>
        <mh_itemserialno2/>
        <mh_itemserialno3/>
        <mh_itemserialno4>01</mh_itemserialno4>
        <budgetno>04570050301</budgetno>
        <mh_budgetname>一般賠償收入</mh_budgetname>
        <budgetno_conver>0457050301</budgetno_conver>
        <tyear_amt>600.000000</tyear_amt>
        <lyear_amt>600.000000</lyear_amt>
        <byear_amt>454.000000</byear_amt>
        <b_amt>0.000000</b_amt>
        <bc_key>04570050301xxxxxxxxxxxxxxxxxxxxxxxx1R1x0</bc_key>
        <bc_content>本年度預算數係廠商違約逾期交
貨之賠償收入。</bc_content>
        <blevel>4</blevel>
        <ordinaryid/>
    </BCME3410_row>
    <BCME3410_row>
        <mh_itemserialno1>3</mh_itemserialno1>
        <mh_itemserialno2/>
        <mh_itemserialno3/>
        <mh_itemserialno4/>
        <budgetno>05000000000</budgetno>
        <mh_budgetname>規費收入</mh_budgetname>
        <budgetno_conver>0500000000</budgetno_conver>
        <tyear_amt>134434.000000</tyear_amt>
        <lyear_amt>130987.000000</lyear_amt>
        <byear_amt>134164.000000</byear_amt>
        <b_amt>3447.000000</b_amt>
        <bc_content/>
        <blevel>1</blevel>
        <ordinaryid/>
    </BCME3410_row>
    <BCME3410_row>
        <mh_itemserialno1/>
        <mh_itemserialno2>151</mh_itemserialno2>
        <mh_itemserialno3/>
        <mh_itemserialno4/>
        <budgetno>05570050000</budgetno>
        <mh_budgetname>疾病管制署</mh_budgetname>
        <budgetno_conver>0557050000</budgetno_conver>
        <tyear_amt>134434.000000</tyear_amt>
        <lyear_amt>130987.000000</lyear_amt>
        <byear_amt>134164.000000</byear_amt>
        <b_amt>3447.000000</b_amt>
        <bc_content/>
        <blevel>2</blevel>
        <ordinaryid/>
    </BCME3410_row>
    <BCME3410_row>
        <mh_itemserialno1/>
        <mh_itemserialno2/>
        <mh_itemserialno3>01</mh_itemserialno3>
        <mh_itemserialno4/>
        <budgetno>05570050100</budgetno>
        <mh_budgetname>行政規費收入</mh_budgetname>
        <budgetno_conver>0557050100</budgetno_conver>
        <tyear_amt>41482.000000</tyear_amt>
        <lyear_amt>41372.000000</lyear_amt>
        <byear_amt>41640.000000</byear_amt>
        <b_amt>110.000000</b_amt>
        <bc_content/>
        <blevel>3</blevel>
        <ordinaryid/>
    </BCME3410_row>
    <BCME3410_row>
        <mh_itemserialno1/>
        <mh_itemserialno2/>
        <mh_itemserialno3/>
        <mh_itemserialno4>01</mh_itemserialno4>
        <budgetno>05570050101</budgetno>
        <mh_budgetname>審查費</mh_budgetname>
        <budgetno_conver>0557050101</budgetno_conver>
        <tyear_amt>34257.000000</tyear_amt>
        <lyear_amt>34257.000000</lyear_amt>
        <byear_amt>33837.000000</byear_amt>
        <b_amt>0.000000</b_amt>
        <bc_key>05570050101xxxxxxxxxxxxxxxxxxxxxxxx1R1x0</bc_key>
        <bc_content>本年度預算數係船舶衛生檢疫收
入。</bc_content>
        <blevel>4</blevel>
        <ordinaryid/>
    </BCME3410_row>
    <BCME3410_row>
        <mh_itemserialno1/>
        <mh_itemserialno2/>
        <mh_itemserialno3/>
        <mh_itemserialno4>02</mh_itemserialno4>
        <budgetno>05570050102</budgetno>
        <mh_budgetname>證照費</mh_budgetname>
        <budgetno_conver>0557050102</budgetno_conver>
        <tyear_amt>7225.000000</tyear_amt>
        <lyear_amt>7115.000000</lyear_amt>
        <byear_amt>7803.000000</byear_amt>
        <b_amt>110.000000</b_amt>
        <bc_key>05570050102xxxxxxxxxxxxxxxxxxxxxxxx1R1x0</bc_key>
        <bc_content>本年度預算數係核發國際預防接
種證明書、船舶衛生管制或免予
衛生管制證明書及屍體出境准許
證等證照費收入。</bc_content>
        <blevel>4</blevel>
        <ordinaryid/>
    </BCME3410_row>
    <BCME3410_row>
        <mh_itemserialno1/>
        <mh_itemserialno2/>
        <mh_itemserialno3>02</mh_itemserialno3>
        <mh_itemserialno4/>
        <budgetno>05570050300</budgetno>
        <mh_budgetname>使用規費收入</mh_budgetname>
        <budgetno_conver>0557050300</budgetno_conver>
        <tyear_amt>92952.000000</tyear_amt>
        <lyear_amt>89615.000000</lyear_amt>
        <byear_amt>92524.000000</byear_amt>
        <b_amt>3337.000000</b_amt>
        <bc_content/>
        <blevel>3</blevel>
        <ordinaryid/>
    </BCME3410_row>
    <BCME3410_row>
        <mh_itemserialno1/>
        <mh_itemserialno2/>
        <mh_itemserialno3/>
        <mh_itemserialno4>01</mh_itemserialno4>
        <budgetno>05570050305</budgetno>
        <mh_budgetname>供應費</mh_budgetname>
        <budgetno_conver>0557050305</budgetno_conver>
        <tyear_amt>92952.000000</tyear_amt>
        <lyear_amt>89615.000000</lyear_amt>
        <byear_amt>92524.000000</byear_amt>
        <b_amt>3337.000000</b_amt>
        <bc_key>05570050305xxxxxxxxxxxxxxxxxxxxxxxx1R1x0</bc_key>
        <bc_content>本年度預算數係生物製劑、瘧疾
預防藥品、阿米巴性痢疾藥品、
清潔針具及保險套供應費收入。</bc_content>
        <blevel>4</blevel>
        <ordinaryid/>
    </BCME3410_row>
    <BCME3410_row>
        <mh_itemserialno1>4</mh_itemserialno1>
        <mh_itemserialno2/>
        <mh_itemserialno3/>
        <mh_itemserialno4/>
        <budgetno>07000000000</budgetno>
        <mh_budgetname>財產收入</mh_budgetname>
        <budgetno_conver>0700000000</budgetno_conver>
        <tyear_amt>665.000000</tyear_amt>
        <lyear_amt>665.000000</lyear_amt>
        <byear_amt>812.000000</byear_amt>
        <b_amt>0.000000</b_amt>
        <bc_content/>
        <blevel>1</blevel>
        <ordinaryid/>
    </BCME3410_row>
    <BCME3410_row>
        <mh_itemserialno1/>
        <mh_itemserialno2>198</mh_itemserialno2>
        <mh_itemserialno3/>
        <mh_itemserialno4/>
        <budgetno>07570050000</budgetno>
        <mh_budgetname>疾病管制署</mh_budgetname>
        <budgetno_conver>0757050000</budgetno_conver>
        <tyear_amt>665.000000</tyear_amt>
        <lyear_amt>665.000000</lyear_amt>
        <byear_amt>812.000000</byear_amt>
        <b_amt>0.000000</b_amt>
        <bc_content/>
        <blevel>2</blevel>
        <ordinaryid/>
    </BCME3410_row>
    <BCME3410_row>
        <mh_itemserialno1/>
        <mh_itemserialno2/>
        <mh_itemserialno3>01</mh_itemserialno3>
        <mh_itemserialno4/>
        <budgetno>07570050100</budgetno>
        <mh_budgetname>財產孳息</mh_budgetname>
        <budgetno_conver>0757050100</budgetno_conver>
        <tyear_amt>375.000000</tyear_amt>
        <lyear_amt>375.000000</lyear_amt>
        <byear_amt>370.000000</byear_amt>
        <b_amt>0.000000</b_amt>
        <bc_content/>
        <blevel>3</blevel>
        <ordinaryid/>
    </BCME3410_row>
    <BCME3410_row>
        <mh_itemserialno1/>
        <mh_itemserialno2/>
        <mh_itemserialno3/>
        <mh_itemserialno4>01</mh_itemserialno4>
        <budgetno>07570050103</budgetno>
        <mh_budgetname>租金收入</mh_budgetname>
        <budgetno_conver>0757050103</budgetno_conver>
        <tyear_amt>375.000000</tyear_amt>
        <lyear_amt>375.000000</lyear_amt>
        <byear_amt>370.000000</byear_amt>
        <b_amt>0.000000</b_amt>
        <bc_key>07570050103xxxxxxxxxxxxxxxxxxxxxxxx1R1x0</bc_key>
        <bc_content>本年度預算數係員工停車位及基
地臺租金收入。</bc_content>
        <blevel>4</blevel>
        <ordinaryid/>
    </BCME3410_row>
    <BCME3410_row>
        <mh_itemserialno1/>
        <mh_itemserialno2/>
        <mh_itemserialno3>02</mh_itemserialno3>
        <mh_itemserialno4/>
        <budgetno>07570050500</budgetno>
        <mh_budgetname>廢舊物資售價</mh_budgetname>
        <budgetno_conver>0757050500</budgetno_conver>
        <tyear_amt>290.000000</tyear_amt>
        <lyear_amt>290.000000</lyear_amt>
        <byear_amt>442.000000</byear_amt>
        <b_amt>0.000000</b_amt>
        <bc_key>07570050500xxxxxxxxxxxxxxxxxxxxxxxx1R1x0</bc_key>
        <bc_content>本年度預算數係出售廢舊財物等
收入。</bc_content>
        <blevel>3</blevel>
        <ordinaryid/>
    </BCME3410_row>
    <BCME3410_row>
        <mh_itemserialno1>7</mh_itemserialno1>
        <mh_itemserialno2/>
        <mh_itemserialno3/>
        <mh_itemserialno4/>
        <budgetno>12000000000</budgetno>
        <mh_budgetname>其他收入</mh_budgetname>
        <budgetno_conver>1200000000</budgetno_conver>
        <tyear_amt>849.000000</tyear_amt>
        <lyear_amt>849.000000</lyear_amt>
        <byear_amt>1690.000000</byear_amt>
        <b_amt>0.000000</b_amt>
        <bc_content/>
        <blevel>1</blevel>
        <ordinaryid/>
    </BCME3410_row>
    <BCME3410_row>
        <mh_itemserialno1/>
        <mh_itemserialno2>193</mh_itemserialno2>
        <mh_itemserialno3/>
        <mh_itemserialno4/>
        <budgetno>12570050000</budgetno>
        <mh_budgetname>疾病管制署</mh_budgetname>
        <budgetno_conver>1257050000</budgetno_conver>
        <tyear_amt>849.000000</tyear_amt>
        <lyear_amt>849.000000</lyear_amt>
        <byear_amt>1690.000000</byear_amt>
        <b_amt>0.000000</b_amt>
        <bc_content/>
        <blevel>2</blevel>
        <ordinaryid/>
    </BCME3410_row>
    <BCME3410_row>
        <mh_itemserialno1/>
        <mh_itemserialno2/>
        <mh_itemserialno3>01</mh_itemserialno3>
        <mh_itemserialno4/>
        <budgetno>12570050200</budgetno>
        <mh_budgetname>雜項收入</mh_budgetname>
        <budgetno_conver>1257050200</budgetno_conver>
        <tyear_amt>849.000000</tyear_amt>
        <lyear_amt>849.000000</lyear_amt>
        <byear_amt>1690.000000</byear_amt>
        <b_amt>0.000000</b_amt>
        <bc_content/>
        <blevel>3</blevel>
        <ordinaryid/>
    </BCME3410_row>
    <BCME3410_row>
        <mh_itemserialno1/>
        <mh_itemserialno2/>
        <mh_itemserialno3/>
        <mh_itemserialno4>01</mh_itemserialno4>
        <budgetno>12570050201</budgetno>
        <mh_budgetname>收回以前年度歲出</mh_budgetname>
        <budgetno_conver>1257050201</budgetno_conver>
        <tyear_amt>700.000000</tyear_amt>
        <lyear_amt>700.000000</lyear_amt>
        <byear_amt>1494.000000</byear_amt>
        <b_amt>0.000000</b_amt>
        <bc_key>12570050201xxxxxxxxxxxxxxxxxxxxxxxx1R1x0</bc_key>
        <bc_content>本年度預算數係收回以前年度補
助及委辦計畫賸餘款繳庫數。</bc_content>
        <blevel>4</blevel>
        <ordinaryid/>
    </BCME3410_row>
    <BCME3410_row>
        <mh_itemserialno1/>
        <mh_itemserialno2/>
        <mh_itemserialno3/>
        <mh_itemserialno4>02</mh_itemserialno4>
        <budgetno>12570050210</budgetno>
        <mh_budgetname>其他雜項收入</mh_budgetname>
        <budgetno_conver>1257050210</budgetno_conver>
        <tyear_amt>149.000000</tyear_amt>
        <lyear_amt>149.000000</lyear_amt>
        <byear_amt>196.000000</byear_amt>
        <b_amt>0.000000</b_amt>
        <bc_key>12570050210xxxxxxxxxxxxxxxxxxxxxxxx1R1x0</bc_key>
        <bc_content>本年度預算數係借用宿舍員工自
薪資扣回繳庫數及出售政府出版
品等收入。</bc_content>
        <blevel>4</blevel>
        <ordinaryid/>
    </BCME3410_row>
</tables>
