<?xml version="1.0" encoding="UTF-8"?>
<tables>
    <BCTDMANAMT>
        <BCTDMANAMT_row>
            <bn_fiscalyear>105</bn_fiscalyear>
            <bn_fundkind>1</bn_fundkind>
            <bn_budgetkind>1</bn_budgetkind>
            <bn_specialbudgetno/>
            <bn_agenno>57005</bn_agenno>
            <bn_agentype>C</bn_agentype>
            <bn_budgetstate>2</bn_budgetstate>
            <bn_budgetsource>1</bn_budgetsource>
            <bn_man1>831</bn_man1>
            <bn_man1_l>844</bn_man1_l>
            <bn_man2>0</bn_man2>
            <bn_man2_l>0</bn_man2_l>
            <bn_man3>25</bn_man3>
            <bn_man3_l>27</bn_man3_l>
            <bn_man4>30</bn_man4>
            <bn_man4_l>31</bn_man4_l>
            <bn_man5>2</bn_man5>
            <bn_man5_l>2</bn_man5_l>
            <bn_man6>3</bn_man6>
            <bn_man6_l>3</bn_man6_l>
            <bn_man7>0</bn_man7>
            <bn_man7_l>0</bn_man7_l>
            <bn_man8>3</bn_man8>
            <bn_man8_l>3</bn_man8_l>
            <bn_man9>28</bn_man9>
            <bn_man9_l>29</bn_man9_l>
            <bn_man10>0</bn_man10>
            <bn_man10_l>0</bn_man10_l>
            <bn_man11>0</bn_man11>
            <bn_man11_l>0</bn_man11_l>
            <bn_amt_man>943084000.00</bn_amt_man>
            <bn_amt_mngbsn>939801000.00</bn_amt_mngbsn>
            <bn_text>&amp;lt;#H1&amp;gt;本年度922人，較上年度939人減少職員13人、工友1人、技工2人及駕駛1人。&#xd;
&amp;lt;#H1&amp;gt;本署以業務費預計進用臨時人員4人1,857千元、派遣人力134人80,915千元及承攬人力33人18,538千元，分述如下：&#xd;
&amp;lt;#H2&amp;gt;科技發展工作，預計進用派遣人力44人，經費28,641千元；承攬人力2人，經費1,672千元。&#xd;
&amp;lt;#H2&amp;gt;一般行政，預計進用臨時人員2人，經費837千元；派遣人力5人，經費2,855千元；承攬人力11人，經費4,400千元。&#xd;
&amp;lt;#H2&amp;gt;防疫業務，預計進用臨時人員2人，經費1,020千元；派遣人力85人，經費49,419千元；承攬人力20人，經費12,466千元。</bn_text>
            <display_name>71570050100 一般行政</display_name>
        </BCTDMANAMT_row>
    </BCTDMANAMT>
</tables>
