<?xml version="1.0" encoding="UTF-8"?>
<Root>
    <Row>
        <款>20</款>
        <項/>
        <目/>
        <節/>
        <科目名稱>衛生福利部主管</科目名稱>
        <預算科目編號>00570000000</預算科目編號>
        <人事費>970454</人事費>
        <業務費_經>1154546</業務費_經>
        <奬補助費_經>3377540</奬補助費_經>
        <債務費>0</債務費>
        <預備金_經>50</預備金_經>
        <經常支出小計>5502590</經常支出小計>
        <業務費_資>0</業務費_資>
        <設備及投資>105736</設備及投資>
        <奬補助費_資>15718</奬補助費_資>
        <預備金_資>0</預備金_資>
        <資本支出小計>121454</資本支出小計>
        <合計>5624044</合計>
    </Row>
    <Row>
        <款/>
        <項>2</項>
        <目/>
        <節/>
        <科目名稱>疾病管制署</科目名稱>
        <預算科目編號>00570050000</預算科目編號>
        <人事費>970454</人事費>
        <業務費_經>1154546</業務費_經>
        <奬補助費_經>3377540</奬補助費_經>
        <債務費>0</債務費>
        <預備金_經>50</預備金_經>
        <經常支出小計>5502590</經常支出小計>
        <業務費_資>0</業務費_資>
        <設備及投資>105736</設備及投資>
        <奬補助費_資>15718</奬補助費_資>
        <預備金_資>0</預備金_資>
        <資本支出小計>121454</資本支出小計>
        <合計>5624044</合計>
    </Row>
    <Row>
        <款/>
        <項/>
        <目/>
        <節/>
        <科目名稱>科學支出</科目名稱>
        <預算科目編號>52570050000</預算科目編號>
        <人事費>0</人事費>
        <業務費_經>229661</業務費_經>
        <奬補助費_經>1600</奬補助費_經>
        <債務費>0</債務費>
        <預備金_經>0</預備金_經>
        <經常支出小計>231261</經常支出小計>
        <業務費_資>0</業務費_資>
        <設備及投資>30037</設備及投資>
        <奬補助費_資>7880</奬補助費_資>
        <預備金_資>0</預備金_資>
        <資本支出小計>37917</資本支出小計>
        <合計>269178</合計>
    </Row>
    <Row>
        <款/>
        <項/>
        <目>1</目>
        <節/>
        <科目名稱>科技發展工作</科目名稱>
        <預算科目編號>52570050400</預算科目編號>
        <人事費>0</人事費>
        <業務費_經>229661</業務費_經>
        <奬補助費_經>1600</奬補助費_經>
        <債務費>0</債務費>
        <預備金_經>0</預備金_經>
        <經常支出小計>231261</經常支出小計>
        <業務費_資>0</業務費_資>
        <設備及投資>30037</設備及投資>
        <奬補助費_資>7880</奬補助費_資>
        <預備金_資>0</預備金_資>
        <資本支出小計>37917</資本支出小計>
        <合計>269178</合計>
    </Row>
    <Row>
        <款/>
        <項/>
        <目/>
        <節/>
        <科目名稱>醫療保健支出</科目名稱>
        <預算科目編號>71570050000</預算科目編號>
        <人事費>970454</人事費>
        <業務費_經>924885</業務費_經>
        <奬補助費_經>3375940</奬補助費_經>
        <債務費>0</債務費>
        <預備金_經>50</預備金_經>
        <經常支出小計>5271329</經常支出小計>
        <業務費_資>0</業務費_資>
        <設備及投資>75699</設備及投資>
        <奬補助費_資>7838</奬補助費_資>
        <預備金_資>0</預備金_資>
        <資本支出小計>83537</資本支出小計>
        <合計>5354866</合計>
    </Row>
    <Row>
        <款/>
        <項/>
        <目>2</目>
        <節/>
        <科目名稱>一般行政</科目名稱>
        <預算科目編號>71570050100</預算科目編號>
        <人事費>970454</人事費>
        <業務費_經>28539</業務費_經>
        <奬補助費_經>3456</奬補助費_經>
        <債務費>0</債務費>
        <預備金_經>0</預備金_經>
        <經常支出小計>1002449</經常支出小計>
        <業務費_資>0</業務費_資>
        <設備及投資>1262</設備及投資>
        <奬補助費_資>0</奬補助費_資>
        <預備金_資>0</預備金_資>
        <資本支出小計>1262</資本支出小計>
        <合計>1003711</合計>
    </Row>
    <Row>
        <款/>
        <項/>
        <目>3</目>
        <節/>
        <科目名稱>防疫業務</科目名稱>
        <預算科目編號>71570050200</預算科目編號>
        <人事費>0</人事費>
        <業務費_經>896346</業務費_經>
        <奬補助費_經>3372484</奬補助費_經>
        <債務費>0</債務費>
        <預備金_經>0</預備金_經>
        <經常支出小計>4268830</經常支出小計>
        <業務費_資>0</業務費_資>
        <設備及投資>71437</設備及投資>
        <奬補助費_資>7838</奬補助費_資>
        <預備金_資>0</預備金_資>
        <資本支出小計>79275</資本支出小計>
        <合計>4348105</合計>
    </Row>
    <Row>
        <款/>
        <項/>
        <目>4</目>
        <節/>
        <科目名稱>一般建築及設備</科目名稱>
        <預算科目編號>71570059000</預算科目編號>
        <人事費>0</人事費>
        <業務費_經>0</業務費_經>
        <奬補助費_經>0</奬補助費_經>
        <債務費>0</債務費>
        <預備金_經>0</預備金_經>
        <經常支出小計>0</經常支出小計>
        <業務費_資>0</業務費_資>
        <設備及投資>3000</設備及投資>
        <奬補助費_資>0</奬補助費_資>
        <預備金_資>0</預備金_資>
        <資本支出小計>3000</資本支出小計>
        <合計>3000</合計>
    </Row>
    <Row>
        <款/>
        <項/>
        <目/>
        <節>1</節>
        <科目名稱>交通及運輸設備</科目名稱>
        <預算科目編號>71570059011</預算科目編號>
        <人事費>0</人事費>
        <業務費_經>0</業務費_經>
        <奬補助費_經>0</奬補助費_經>
        <債務費>0</債務費>
        <預備金_經>0</預備金_經>
        <經常支出小計>0</經常支出小計>
        <業務費_資>0</業務費_資>
        <設備及投資>3000</設備及投資>
        <奬補助費_資>0</奬補助費_資>
        <預備金_資>0</預備金_資>
        <資本支出小計>3000</資本支出小計>
        <合計>3000</合計>
    </Row>
    <Row>
        <款/>
        <項/>
        <目>5</目>
        <節/>
        <科目名稱>第一預備金</科目名稱>
        <預算科目編號>71570059800</預算科目編號>
        <人事費>0</人事費>
        <業務費_經>0</業務費_經>
        <奬補助費_經>0</奬補助費_經>
        <債務費>0</債務費>
        <預備金_經>50</預備金_經>
        <經常支出小計>50</經常支出小計>
        <業務費_資>0</業務費_資>
        <設備及投資>0</設備及投資>
        <奬補助費_資>0</奬補助費_資>
        <預備金_資>0</預備金_資>
        <資本支出小計>0</資本支出小計>
        <合計>50</合計>
    </Row>
</Root>
