﻿"name","title"
"會計年度","會計年度"
"月份","月份"
"會計分類","會計分類"
"項目","項目"
"預算科目編號","預算科目編號"
"預算科目名稱","預算科目名稱"
"經資門","經資門"
"收入實現數","收入實現數"
"減項_收入待納庫數","減項_收入待納庫數"
"加項_以前年度待納庫繳庫數","加項_以前年度待納庫繳庫數"
"加項_以前年度撥款於本年度繳還數_材料","加項_以前年度撥款於本年度繳還數_材料"
"加項_以前年度撥款於本年度繳還數_存出保證金","加項_以前年度撥款於本年度繳還數_存出保證金"
"加項_以前年度撥款於本年度繳還數_其他應收款","加項_以前年度撥款於本年度繳還數_其他應收款"
"加項_預收款","加項_預收款"
"加項_剔除經費","加項_剔除經費"
"繳付公庫數","繳付公庫數"
