﻿name,schema,description
105_決算編制_歲出政事別決算表_20180625145407.xml,schema-決算編制_歲出政事別決算表.csv,決算編制_歲出政事別決算表
105_決算編制_歲出機關別決算表_20180625145416.xml,schema-決算編制_歲出機關別決算表.csv,決算編制_歲出機關別決算表
105_決算編制_以前年度歲出政事別轉入數決算表_20180625145418.xml,schema-決算編制_以前年度歲出政事別轉入數決算表.csv,決算編制_以前年度歲出政事別轉入數決算表
105_決算編制_以前年度歲出機關別轉入數決算表_20180625145419.xml,schema-決算編制_以前年度歲出機關別轉入數決算表.csv,決算編制_以前年度歲出機關別轉入數決算表
105-平衡表_20180625145420.xml,schema-平衡表.csv,平衡表
105-資本資產表_20180625145420.xml,schema-資本資產表.csv,資本資產表
