﻿"name","schema","description"
"110_決算編制_歲入來源別決算表_20221007074603.xml","schema-決算編制_歲入來源別決算表.csv","決算編制_歲入來源別決算表"
"110_決算編制_歲出政事別決算表_20221007074605.xml","schema-決算編制_歲出政事別決算表.csv","決算編制_歲出政事別決算表"
"110_決算編制_歲出機關別決算表_20221007074612.xml","schema-決算編制_歲出機關別決算表.csv","決算編制_歲出機關別決算表"
"110_決算編制_以前年度歲出政事別轉入數決算表_20221007074612.xml","schema-決算編制_以前年度歲出政事別轉入數決算表.csv","決算編制_以前年度歲出政事別轉入數決算表"
"110_決算編制_以前年度歲出機關別轉入數決算表_20221007074613.xml","schema-決算編制_以前年度歲出機關別轉入數決算表.csv","決算編制_以前年度歲出機關別轉入數決算表"
"110-平衡表_20221007074616.xml","schema-平衡表.csv","平衡表"
"110_決算編制-長期投資、固定資產、遞耗資產及無形資產變動表_20221007074618.xml","schema-決算編制-長期投資、固定資產、遞耗資產及無形資產變動表.csv","決算編制-長期投資、固定資產、遞耗資產及無形資產變動表"
"110_決算編製_決算與會計收支對照表_20221007074618.xml","schema-決算編製_決算與會計收支對照表.csv","決算編製_決算與會計收支對照表"
"110_決算編制-歲出用途別決算累計表_20221007074620.xml","schema-決算編制-歲出用途別決算累計表.csv","決算編制-歲出用途別決算累計表"
"110_決算編制-歲出用途別決算分析表_20221007074622.xml","schema-決算編制-歲出用途別決算分析表.csv","決算編制-歲出用途別決算分析表"
"110-繳付公庫數分析表_20221007074624.xml","schema-繳付公庫數分析表.csv","繳付公庫數分析表"
"110-公庫撥入數分析表_20221007074626.xml","schema-公庫撥入數分析表.csv","公庫撥入數分析表"
"110-收入支出表_20221007074627.xml","schema-收入支出表.csv","收入支出表"
