﻿"name","title"
"會計年度","會計年度"
"款","款"
"項","項"
"目","目"
"節","節"
"預算科目編號","預算科目編號"
"預算科目名稱","預算科目名稱"
"細目編號","細目編號"
"細目名稱","細目名稱"
"預算數_原預算數","預算數_原預算數"
"預算數_預算增減數","預算數_預算增減數"
"預算數_合計1","預算數_合計1"
"決算數_實現數","決算數_實現數"
"決算數_應收數","決算數_應收數"
"決算數_保留數","決算數_保留數"
"決算數_合計2","決算數_合計2"
"預決算比較增減數","預決算比較增減數"
"決算數占預算數之比率","決算數占預算數之比率"
