<?xml version="1.0" encoding="UTF-8"?>
<GenericData>
　　<Header>
　　　　<Table Id="fngbemplys" Name="員工人數彙計表" Domain="NBA" />
　　　　<Program Id="NBAGBR130_A" />
　　　　<Sender Name="預防接種受害救濟基金" />
　　　　<報表名稱>員工人數彙計表</報表名稱>
　　　　<年度>108</年度>
　　　　<基金>預防接種受害救濟基金</基金>
　　　　<階段>預算案</階段>
　　　　<版本>1</版本>
　　　　<單位>人</單位>
　　</Header>
　　<DataSet>
　　　　<ROW>
　　　　　　<SEQNO>1</SEQNO>
　　　　　　<LEVEL>1</LEVEL>
　　　　　　<BOLD>1</BOLD>
　　　　　　<科目>兼任人員</科目>
　　　　　　<上年度最高可進用員額數>2.00</上年度最高可進用員額數>
　　　　　　<本年度增減數>-</本年度增減數>
　　　　　　<本年度最高可進用員額數>2.00</本年度最高可進用員額數>
　　　　　　<說明 />
　　　　</ROW>
　　　　<ROW>
　　　　　　<SEQNO>2</SEQNO>
　　　　　　<LEVEL>2</LEVEL>
　　　　　　<BOLD>0</BOLD>
　　　　　　<科目>兼任人員</科目>
　　　　　　<上年度最高可進用員額數>2.00</上年度最高可進用員額數>
　　　　　　<本年度增減數>-</本年度增減數>
　　　　　　<本年度最高可進用員額數>2.00</本年度最高可進用員額數>
　　　　　　<說明>基金業務由原公務預算同仁兼辦處理，無支領兼職酬金。</說明>
　　　　</ROW>
　　　　<ROW>
　　　　　　<SEQNO>3</SEQNO>
　　　　　　<LEVEL>1</LEVEL>
　　　　　　<BOLD>1</BOLD>
　　　　　　<科目>總計</科目>
　　　　　　<上年度最高可進用員額數>2.00</上年度最高可進用員額數>
　　　　　　<本年度增減數>-</本年度增減數>
　　　　　　<本年度最高可進用員額數>2.00</本年度最高可進用員額數>
　　　　　　<說明 />
　　　　</ROW>
　　　　<COMM>1.辦理預防接種受害救濟相關業務之研發替代役1名。
2.辦理會計業務之外包人員1名及分攤辦理衛生福利特別收入基金會計業務之臨時人員2名。</COMM>
　　</DataSet>
</GenericData>

