<?xml version="1.0" encoding="UTF-8"?>
<GenericData>
　　<Header>
　　　　<Table Id="fngbbalancer" Name="預計平衡表" Domain="NBA" />
　　　　<Program Id="NBAGBR110_A" />
　　　　<Sender Name="預防接種受害救濟基金" />
　　　　<報表名稱>預計平衡表</報表名稱>
　　　　<年度>108</年度>
　　　　<基金>預防接種受害救濟基金</基金>
　　　　<階段>預算案</階段>
　　　　<版本>1</版本>
　　　　<單位>新臺幣千元</單位>
　　</Header>
　　<DataSet>
　　　　<ROW>
　　　　　　<SEQNO>1</SEQNO>
　　　　　　<LEVEL>01</LEVEL>
　　　　　　<BOLD>1</BOLD>
　　　　　　<民國106年12月31日實際數>195303.00</民國106年12月31日實際數>
　　　　　　<科目>資產</科目>
　　　　　　<民國108年12月31日預計數>199148.00</民國108年12月31日預計數>
　　　　　　<民國107年12月31日預計數>195766.00</民國107年12月31日預計數>
　　　　　　<比較增減>3382.00</比較增減>
　　　　</ROW>
　　　　<ROW>
　　　　　　<SEQNO>2</SEQNO>
　　　　　　<LEVEL>02</LEVEL>
　　　　　　<BOLD>0</BOLD>
　　　　　　<民國106年12月31日實際數>195303.00</民國106年12月31日實際數>
　　　　　　<科目>流動資產</科目>
　　　　　　<民國108年12月31日預計數>199148.00</民國108年12月31日預計數>
　　　　　　<民國107年12月31日預計數>195766.00</民國107年12月31日預計數>
　　　　　　<比較增減>3382.00</比較增減>
　　　　</ROW>
　　　　<ROW>
　　　　　　<SEQNO>3</SEQNO>
　　　　　　<LEVEL>03</LEVEL>
　　　　　　<BOLD>0</BOLD>
　　　　　　<民國106年12月31日實際數>193720.00</民國106年12月31日實際數>
　　　　　　<科目>現金</科目>
　　　　　　<民國108年12月31日預計數>197353.00</民國108年12月31日預計數>
　　　　　　<民國107年12月31日預計數>194132.00</民國107年12月31日預計數>
　　　　　　<比較增減>3221.00</比較增減>
　　　　</ROW>
　　　　<ROW>
　　　　　　<SEQNO>4</SEQNO>
　　　　　　<LEVEL>04</LEVEL>
　　　　　　<BOLD>0</BOLD>
　　　　　　<民國106年12月31日實際數>193720.00</民國106年12月31日實際數>
　　　　　　<科目>銀行存款</科目>
　　　　　　<民國108年12月31日預計數>197353.00</民國108年12月31日預計數>
　　　　　　<民國107年12月31日預計數>194132.00</民國107年12月31日預計數>
　　　　　　<比較增減>3221.00</比較增減>
　　　　</ROW>
　　　　<ROW>
　　　　　　<SEQNO>5</SEQNO>
　　　　　　<LEVEL>03</LEVEL>
　　　　　　<BOLD>0</BOLD>
　　　　　　<民國106年12月31日實際數>1584.00</民國106年12月31日實際數>
　　　　　　<科目>應收款項</科目>
　　　　　　<民國108年12月31日預計數>1795.00</民國108年12月31日預計數>
　　　　　　<民國107年12月31日預計數>1634.00</民國107年12月31日預計數>
　　　　　　<比較增減>161.00</比較增減>
　　　　</ROW>
　　　　<ROW>
　　　　　　<SEQNO>6</SEQNO>
　　　　　　<LEVEL>04</LEVEL>
　　　　　　<BOLD>0</BOLD>
　　　　　　<民國106年12月31日實際數>980.00</民國106年12月31日實際數>
　　　　　　<科目>應收帳款</科目>
　　　　　　<民國108年12月31日預計數>1190.00</民國108年12月31日預計數>
　　　　　　<民國107年12月31日預計數>1030.00</民國107年12月31日預計數>
　　　　　　<比較增減>160.00</比較增減>
　　　　</ROW>
　　　　<ROW>
　　　　　　<SEQNO>7</SEQNO>
　　　　　　<LEVEL>04</LEVEL>
　　　　　　<BOLD>0</BOLD>
　　　　　　<民國106年12月31日實際數>604.00</民國106年12月31日實際數>
　　　　　　<科目>應收利息</科目>
　　　　　　<民國108年12月31日預計數>605.00</民國108年12月31日預計數>
　　　　　　<民國107年12月31日預計數>604.00</民國107年12月31日預計數>
　　　　　　<比較增減>1.00</比較增減>
　　　　</ROW>
　　　　<ROW>
　　　　　　<SEQNO>8</SEQNO>
　　　　　　<LEVEL>01</LEVEL>
　　　　　　<BOLD>1</BOLD>
　　　　　　<民國106年12月31日實際數>195303.00</民國106年12月31日實際數>
　　　　　　<科目>資產總額</科目>
　　　　　　<民國108年12月31日預計數>199148.00</民國108年12月31日預計數>
　　　　　　<民國107年12月31日預計數>195766.00</民國107年12月31日預計數>
　　　　　　<比較增減>3382.00</比較增減>
　　　　</ROW>
　　　　<ROW>
　　　　　　<SEQNO>9</SEQNO>
　　　　　　<LEVEL>01</LEVEL>
　　　　　　<BOLD>1</BOLD>
　　　　　　<民國106年12月31日實際數>3060.00</民國106年12月31日實際數>
　　　　　　<科目>負債</科目>
　　　　　　<民國108年12月31日預計數>2331.00</民國108年12月31日預計數>
　　　　　　<民國107年12月31日預計數>2850.00</民國107年12月31日預計數>
　　　　　　<比較增減>-519.00</比較增減>
　　　　</ROW>
　　　　<ROW>
　　　　　　<SEQNO>10</SEQNO>
　　　　　　<LEVEL>02</LEVEL>
　　　　　　<BOLD>0</BOLD>
　　　　　　<民國106年12月31日實際數>2889.00</民國106年12月31日實際數>
　　　　　　<科目>流動負債</科目>
　　　　　　<民國108年12月31日預計數>2179.00</民國108年12月31日預計數>
　　　　　　<民國107年12月31日預計數>2700.00</民國107年12月31日預計數>
　　　　　　<比較增減>-521.00</比較增減>
　　　　</ROW>
　　　　<ROW>
　　　　　　<SEQNO>11</SEQNO>
　　　　　　<LEVEL>03</LEVEL>
　　　　　　<BOLD>0</BOLD>
　　　　　　<民國106年12月31日實際數>2889.00</民國106年12月31日實際數>
　　　　　　<科目>應付款項</科目>
　　　　　　<民國108年12月31日預計數>2179.00</民國108年12月31日預計數>
　　　　　　<民國107年12月31日預計數>2700.00</民國107年12月31日預計數>
　　　　　　<比較增減>-521.00</比較增減>
　　　　</ROW>
　　　　<ROW>
　　　　　　<SEQNO>12</SEQNO>
　　　　　　<LEVEL>04</LEVEL>
　　　　　　<BOLD>0</BOLD>
　　　　　　<民國106年12月31日實際數>2889.00</民國106年12月31日實際數>
　　　　　　<科目>應付費用</科目>
　　　　　　<民國108年12月31日預計數>2179.00</民國108年12月31日預計數>
　　　　　　<民國107年12月31日預計數>2700.00</民國107年12月31日預計數>
　　　　　　<比較增減>-521.00</比較增減>
　　　　</ROW>
　　　　<ROW>
　　　　　　<SEQNO>13</SEQNO>
　　　　　　<LEVEL>02</LEVEL>
　　　　　　<BOLD>0</BOLD>
　　　　　　<民國106年12月31日實際數>171.00</民國106年12月31日實際數>
　　　　　　<科目>其他負債</科目>
　　　　　　<民國108年12月31日預計數>152.00</民國108年12月31日預計數>
　　　　　　<民國107年12月31日預計數>150.00</民國107年12月31日預計數>
　　　　　　<比較增減>2.00</比較增減>
　　　　</ROW>
　　　　<ROW>
　　　　　　<SEQNO>14</SEQNO>
　　　　　　<LEVEL>03</LEVEL>
　　　　　　<BOLD>0</BOLD>
　　　　　　<民國106年12月31日實際數>171.00</民國106年12月31日實際數>
　　　　　　<科目>什項負債</科目>
　　　　　　<民國108年12月31日預計數>152.00</民國108年12月31日預計數>
　　　　　　<民國107年12月31日預計數>150.00</民國107年12月31日預計數>
　　　　　　<比較增減>2.00</比較增減>
　　　　</ROW>
　　　　<ROW>
　　　　　　<SEQNO>15</SEQNO>
　　　　　　<LEVEL>04</LEVEL>
　　　　　　<BOLD>0</BOLD>
　　　　　　<民國106年12月31日實際數>171.00</民國106年12月31日實際數>
　　　　　　<科目>存入保證金</科目>
　　　　　　<民國108年12月31日預計數>152.00</民國108年12月31日預計數>
　　　　　　<民國107年12月31日預計數>150.00</民國107年12月31日預計數>
　　　　　　<比較增減>2.00</比較增減>
　　　　</ROW>
　　　　<ROW>
　　　　　　<SEQNO>16</SEQNO>
　　　　　　<LEVEL>01</LEVEL>
　　　　　　<BOLD>1</BOLD>
　　　　　　<民國106年12月31日實際數>192244.00</民國106年12月31日實際數>
　　　　　　<科目>基金餘額</科目>
　　　　　　<民國108年12月31日預計數>196817.00</民國108年12月31日預計數>
　　　　　　<民國107年12月31日預計數>192916.00</民國107年12月31日預計數>
　　　　　　<比較增減>3901.00</比較增減>
　　　　</ROW>
　　　　<ROW>
　　　　　　<SEQNO>17</SEQNO>
　　　　　　<LEVEL>02</LEVEL>
　　　　　　<BOLD>0</BOLD>
　　　　　　<民國106年12月31日實際數>192244.00</民國106年12月31日實際數>
　　　　　　<科目>基金餘額</科目>
　　　　　　<民國108年12月31日預計數>196817.00</民國108年12月31日預計數>
　　　　　　<民國107年12月31日預計數>192916.00</民國107年12月31日預計數>
　　　　　　<比較增減>3901.00</比較增減>
　　　　</ROW>
　　　　<ROW>
　　　　　　<SEQNO>18</SEQNO>
　　　　　　<LEVEL>03</LEVEL>
　　　　　　<BOLD>0</BOLD>
　　　　　　<民國106年12月31日實際數>192244.00</民國106年12月31日實際數>
　　　　　　<科目>基金餘額</科目>
　　　　　　<民國108年12月31日預計數>196817.00</民國108年12月31日預計數>
　　　　　　<民國107年12月31日預計數>192916.00</民國107年12月31日預計數>
　　　　　　<比較增減>3901.00</比較增減>
　　　　</ROW>
　　　　<ROW>
　　　　　　<SEQNO>19</SEQNO>
　　　　　　<LEVEL>04</LEVEL>
　　　　　　<BOLD>0</BOLD>
　　　　　　<民國106年12月31日實際數>184552.00</民國106年12月31日實際數>
　　　　　　<科目>累積餘額</科目>
　　　　　　<民國108年12月31日預計數>192916.00</民國108年12月31日預計數>
　　　　　　<民國107年12月31日預計數>192244.00</民國107年12月31日預計數>
　　　　　　<比較增減>672.00</比較增減>
　　　　</ROW>
　　　　<ROW>
　　　　　　<SEQNO>20</SEQNO>
　　　　　　<LEVEL>04</LEVEL>
　　　　　　<BOLD>0</BOLD>
　　　　　　<民國106年12月31日實際數>7692.00</民國106年12月31日實際數>
　　　　　　<科目>本期賸餘</科目>
　　　　　　<民國108年12月31日預計數>3901.00</民國108年12月31日預計數>
　　　　　　<民國107年12月31日預計數>672.00</民國107年12月31日預計數>
　　　　　　<比較增減>3229.00</比較增減>
　　　　</ROW>
　　　　<ROW>
　　　　　　<SEQNO>21</SEQNO>
　　　　　　<LEVEL>01</LEVEL>
　　　　　　<BOLD>1</BOLD>
　　　　　　<民國106年12月31日實際數>195303.00</民國106年12月31日實際數>
　　　　　　<科目>負債及基金餘額合計</科目>
　　　　　　<民國108年12月31日預計數>199148.00</民國108年12月31日預計數>
　　　　　　<民國107年12月31日預計數>195766.00</民國107年12月31日預計數>
　　　　　　<比較增減>3382.00</比較增減>
　　　　</ROW>
　　　　<COMM />
　　</DataSet>
</GenericData>

