<?xml version="1.0" encoding="UTF-8"?>
<GenericData>
　　<Header>
　　　　<Table Id="FNGAUSE" Name="各項費用彙計表" Domain="NBA" />
　　　　<Program Id="NBAGBR150_A" />
　　　　<Sender Name="預防接種受害救濟基金" />
　　　　<報表名稱>各項費用彙計表</報表名稱>
　　　　<年度>108</年度>
　　　　<基金>預防接種受害救濟基金</基金>
　　　　<階段>預算案</階段>
　　　　<版本>1</版本>
　　　　<單位>新臺幣千元</單位>
　　</Header>
　　<DataSet>
　　　　<ROW>
　　　　　　<SEQNO>1</SEQNO>
　　　　　　<LEVEL>1</LEVEL>
　　　　　　<BOLD>1</BOLD>
　　　　　　<前年度決算數>7.00</前年度決算數>
　　　　　　<上年度預算數>7.00</上年度預算數>
　　　　　　<科目名稱>用人費用</科目名稱>
　　　　　　<合計>7.00</合計>
　　　　　　<一般行政管理計畫>7.00</一般行政管理計畫>
　　　　</ROW>
　　　　<ROW>
　　　　　　<SEQNO>2</SEQNO>
　　　　　　<LEVEL>2</LEVEL>
　　　　　　<BOLD>0</BOLD>
　　　　　　<前年度決算數>7.00</前年度決算數>
　　　　　　<上年度預算數>7.00</上年度預算數>
　　　　　　<科目名稱>超時工作報酬</科目名稱>
　　　　　　<合計>7.00</合計>
　　　　　　<一般行政管理計畫>7.00</一般行政管理計畫>
　　　　</ROW>
　　　　<ROW>
　　　　　　<SEQNO>3</SEQNO>
　　　　　　<LEVEL>1</LEVEL>
　　　　　　<BOLD>1</BOLD>
　　　　　　<前年度決算數>5098.00</前年度決算數>
　　　　　　<上年度預算數>6948.00</上年度預算數>
　　　　　　<科目名稱>服務費用</科目名稱>
　　　　　　<合計>6784.00</合計>
　　　　　　<預防接種受害救濟給付計畫>5771.00</預防接種受害救濟給付計畫>
　　　　　　<一般行政管理計畫>1013.00</一般行政管理計畫>
　　　　</ROW>
　　　　<ROW>
　　　　　　<SEQNO>4</SEQNO>
　　　　　　<LEVEL>2</LEVEL>
　　　　　　<BOLD>0</BOLD>
　　　　　　<前年度決算數>114.00</前年度決算數>
　　　　　　<上年度預算數>114.00</上年度預算數>
　　　　　　<科目名稱>水電費</科目名稱>
　　　　　　<合計>114.00</合計>
　　　　　　<一般行政管理計畫>114.00</一般行政管理計畫>
　　　　</ROW>
　　　　<ROW>
　　　　　　<SEQNO>5</SEQNO>
　　　　　　<LEVEL>2</LEVEL>
　　　　　　<BOLD>0</BOLD>
　　　　　　<前年度決算數>60.00</前年度決算數>
　　　　　　<上年度預算數>60.00</上年度預算數>
　　　　　　<科目名稱>郵電費</科目名稱>
　　　　　　<合計>60.00</合計>
　　　　　　<一般行政管理計畫>60.00</一般行政管理計畫>
　　　　</ROW>
　　　　<ROW>
　　　　　　<SEQNO>6</SEQNO>
　　　　　　<LEVEL>2</LEVEL>
　　　　　　<BOLD>0</BOLD>
　　　　　　<前年度決算數>355.00</前年度決算數>
　　　　　　<上年度預算數>397.00</上年度預算數>
　　　　　　<科目名稱>旅運費</科目名稱>
　　　　　　<合計>397.00</合計>
　　　　　　<預防接種受害救濟給付計畫>397.00</預防接種受害救濟給付計畫>
　　　　</ROW>
　　　　<ROW>
　　　　　　<SEQNO>7</SEQNO>
　　　　　　<LEVEL>2</LEVEL>
　　　　　　<BOLD>0</BOLD>
　　　　　　<前年度決算數>72.00</前年度決算數>
　　　　　　<上年度預算數>80.00</上年度預算數>
　　　　　　<科目名稱>印刷裝訂與廣告費</科目名稱>
　　　　　　<合計>280.00</合計>
　　　　　　<預防接種受害救濟給付計畫>215.00</預防接種受害救濟給付計畫>
　　　　　　<一般行政管理計畫>65.00</一般行政管理計畫>
　　　　</ROW>
　　　　<ROW>
　　　　　　<SEQNO>8</SEQNO>
　　　　　　<LEVEL>2</LEVEL>
　　　　　　<BOLD>0</BOLD>
　　　　　　<前年度決算數>-</前年度決算數>
　　　　　　<上年度預算數>20.00</上年度預算數>
　　　　　　<科目名稱>修理保養及保固費</科目名稱>
　　　　　　<合計>20.00</合計>
　　　　　　<一般行政管理計畫>20.00</一般行政管理計畫>
　　　　</ROW>
　　　　<ROW>
　　　　　　<SEQNO>9</SEQNO>
　　　　　　<LEVEL>2</LEVEL>
　　　　　　<BOLD>0</BOLD>
　　　　　　<前年度決算數>1106.00</前年度決算數>
　　　　　　<上年度預算數>1140.00</上年度預算數>
　　　　　　<科目名稱>一般服務費</科目名稱>
　　　　　　<合計>1176.00</合計>
　　　　　　<預防接種受害救濟給付計畫>607.00</預防接種受害救濟給付計畫>
　　　　　　<一般行政管理計畫>569.00</一般行政管理計畫>
　　　　</ROW>
　　　　<ROW>
　　　　　　<SEQNO>10</SEQNO>
　　　　　　<LEVEL>2</LEVEL>
　　　　　　<BOLD>0</BOLD>
　　　　　　<前年度決算數>3391.00</前年度決算數>
　　　　　　<上年度預算數>5137.00</上年度預算數>
　　　　　　<科目名稱>專業服務費</科目名稱>
　　　　　　<合計>4737.00</合計>
　　　　　　<預防接種受害救濟給付計畫>4552.00</預防接種受害救濟給付計畫>
　　　　　　<一般行政管理計畫>185.00</一般行政管理計畫>
　　　　</ROW>
　　　　<ROW>
　　　　　　<SEQNO>11</SEQNO>
　　　　　　<LEVEL>1</LEVEL>
　　　　　　<BOLD>1</BOLD>
　　　　　　<前年度決算數>11.00</前年度決算數>
　　　　　　<上年度預算數>30.00</上年度預算數>
　　　　　　<科目名稱>材料及用品費</科目名稱>
　　　　　　<合計>30.00</合計>
　　　　　　<預防接種受害救濟給付計畫>15.00</預防接種受害救濟給付計畫>
　　　　　　<一般行政管理計畫>15.00</一般行政管理計畫>
　　　　</ROW>
　　　　<ROW>
　　　　　　<SEQNO>12</SEQNO>
　　　　　　<LEVEL>2</LEVEL>
　　　　　　<BOLD>0</BOLD>
　　　　　　<前年度決算數>11.00</前年度決算數>
　　　　　　<上年度預算數>30.00</上年度預算數>
　　　　　　<科目名稱>用品消耗</科目名稱>
　　　　　　<合計>30.00</合計>
　　　　　　<預防接種受害救濟給付計畫>15.00</預防接種受害救濟給付計畫>
　　　　　　<一般行政管理計畫>15.00</一般行政管理計畫>
　　　　</ROW>
　　　　<ROW>
　　　　　　<SEQNO>13</SEQNO>
　　　　　　<LEVEL>1</LEVEL>
　　　　　　<BOLD>1</BOLD>
　　　　　　<前年度決算數>160.00</前年度決算數>
　　　　　　<上年度預算數>200.00</上年度預算數>
　　　　　　<科目名稱>購建固定資產、無形資產及非理財目的之長期投資</科目名稱>
　　　　　　<合計>-</合計>
　　　　　　<一般行政管理計畫>-</一般行政管理計畫>
　　　　</ROW>
　　　　<ROW>
　　　　　　<SEQNO>14</SEQNO>
　　　　　　<LEVEL>2</LEVEL>
　　　　　　<BOLD>0</BOLD>
　　　　　　<前年度決算數>160.00</前年度決算數>
　　　　　　<上年度預算數>200.00</上年度預算數>
　　　　　　<科目名稱>購置無形資產</科目名稱>
　　　　　　<合計>-</合計>
　　　　　　<一般行政管理計畫>-</一般行政管理計畫>
　　　　</ROW>
　　　　<ROW>
　　　　　　<SEQNO>15</SEQNO>
　　　　　　<LEVEL>1</LEVEL>
　　　　　　<BOLD>1</BOLD>
　　　　　　<前年度決算數>7623.00</前年度決算數>
　　　　　　<上年度預算數>10250.00</上年度預算數>
　　　　　　<科目名稱>會費、捐助、補助、分攤、照護、救濟與交流活動費</科目名稱>
　　　　　　<合計>9850.00</合計>
　　　　　　<預防接種受害救濟給付計畫>9850.00</預防接種受害救濟給付計畫>
　　　　</ROW>
　　　　<ROW>
　　　　　　<SEQNO>16</SEQNO>
　　　　　　<LEVEL>2</LEVEL>
　　　　　　<BOLD>0</BOLD>
　　　　　　<前年度決算數>7623.00</前年度決算數>
　　　　　　<上年度預算數>10250.00</上年度預算數>
　　　　　　<科目名稱>補貼、獎勵、慰問、照護與救濟</科目名稱>
　　　　　　<合計>9850.00</合計>
　　　　　　<預防接種受害救濟給付計畫>9850.00</預防接種受害救濟給付計畫>
　　　　</ROW>
　　　　<ROW>
　　　　　　<SEQNO>17</SEQNO>
　　　　　　<LEVEL>1</LEVEL>
　　　　　　<BOLD>1</BOLD>
　　　　　　<前年度決算數>12899.00</前年度決算數>
　　　　　　<上年度預算數>17435.00</上年度預算數>
　　　　　　<科目名稱>合計</科目名稱>
　　　　　　<合計>16671.00</合計>
　　　　　　<預防接種受害救濟給付計畫>15636.00</預防接種受害救濟給付計畫>
　　　　　　<一般行政管理計畫>1035.00</一般行政管理計畫>
　　　　</ROW>
　　</DataSet>
</GenericData>

