<?xml version="1.0" encoding="UTF-8"?>
<GenericData>
　　<Header>
　　　　<Table Domain="NBA" Id="FNGBCAPITAL" Name="資本資產及長期負債明細表" />
　　　　<Program Id="NBAGBR300_A" />
　　　　<Sender Name="預防接種受害救濟基金" />
　　　　<報表名稱>資本資產及長期負債明細表</報表名稱>
　　　　<年度>108</年度>
　　　　<基金>預防接種受害救濟基金</基金>
　　　　<階段>院編決算</階段>
　　　　<版本>1</版本>
　　　　<單位>新臺幣元</單位>
　　</Header>
　　<DataSet>
　　　　<ROW>
　　　　　　<SEQNO>1</SEQNO>
　　　　　　<LEVEL>2</LEVEL>
　　　　　　<BOLD>0</BOLD>
　　　　　　<項目>資產</項目>
　　　　　　<取得成本_舉債數>619.00</取得成本_舉債數>
　　　　　　<以前年度累計折舊_長期投資評價_未攤銷溢價>-270.00</以前年度累計折舊_長期投資評價_未攤銷溢價>
　　　　　　<本年度增加數 />
　　　　　　<本年度減少數>108.00</本年度減少數>
　　　　　　<本年度累計折舊_長期投資評價變動數_攤銷數>-71.00</本年度累計折舊_長期投資評價變動數_攤銷數>
　　　　　　<期末餘額>170.00</期末餘額>
　　　　</ROW>
　　　　<ROW>
　　　　　　<SEQNO>2</SEQNO>
　　　　　　<LEVEL>3</LEVEL>
　　　　　　<BOLD>0</BOLD>
　　　　　　<項目>非理財目的之長期投資</項目>
　　　　　　<取得成本_舉債數 />
　　　　　　<以前年度累計折舊_長期投資評價_未攤銷溢價 />
　　　　　　<本年度增加數 />
　　　　　　<本年度減少數 />
　　　　　　<本年度累計折舊_長期投資評價變動數_攤銷數 />
　　　　　　<期末餘額 />
　　　　</ROW>
　　　　<ROW>
　　　　　　<SEQNO>3</SEQNO>
　　　　　　<LEVEL>3</LEVEL>
　　　　　　<BOLD>0</BOLD>
　　　　　　<項目>土地</項目>
　　　　　　<取得成本_舉債數 />
　　　　　　<以前年度累計折舊_長期投資評價_未攤銷溢價 />
　　　　　　<本年度增加數 />
　　　　　　<本年度減少數 />
　　　　　　<本年度累計折舊_長期投資評價變動數_攤銷數 />
　　　　　　<期末餘額 />
　　　　</ROW>
　　　　<ROW>
　　　　　　<SEQNO>4</SEQNO>
　　　　　　<LEVEL>3</LEVEL>
　　　　　　<BOLD>0</BOLD>
　　　　　　<項目>土地改良物</項目>
　　　　　　<取得成本_舉債數 />
　　　　　　<以前年度累計折舊_長期投資評價_未攤銷溢價 />
　　　　　　<本年度增加數 />
　　　　　　<本年度減少數 />
　　　　　　<本年度累計折舊_長期投資評價變動數_攤銷數 />
　　　　　　<期末餘額 />
　　　　</ROW>
　　　　<ROW>
　　　　　　<SEQNO>5</SEQNO>
　　　　　　<LEVEL>3</LEVEL>
　　　　　　<BOLD>0</BOLD>
　　　　　　<項目>房屋及建築</項目>
　　　　　　<取得成本_舉債數 />
　　　　　　<以前年度累計折舊_長期投資評價_未攤銷溢價 />
　　　　　　<本年度增加數 />
　　　　　　<本年度減少數 />
　　　　　　<本年度累計折舊_長期投資評價變動數_攤銷數 />
　　　　　　<期末餘額 />
　　　　</ROW>
　　　　<ROW>
　　　　　　<SEQNO>6</SEQNO>
　　　　　　<LEVEL>3</LEVEL>
　　　　　　<BOLD>0</BOLD>
　　　　　　<項目>機械及設備</項目>
　　　　　　<取得成本_舉債數>374.00</取得成本_舉債數>
　　　　　　<以前年度累計折舊_長期投資評價_未攤銷溢價>-270.00</以前年度累計折舊_長期投資評價_未攤銷溢價>
　　　　　　<本年度增加數 />
　　　　　　<本年度減少數 />
　　　　　　<本年度累計折舊_長期投資評價變動數_攤銷數>-71.00</本年度累計折舊_長期投資評價變動數_攤銷數>
　　　　　　<期末餘額>33.00</期末餘額>
　　　　</ROW>
　　　　<ROW>
　　　　　　<SEQNO>7</SEQNO>
　　　　　　<LEVEL>3</LEVEL>
　　　　　　<BOLD>0</BOLD>
　　　　　　<項目>交通及運輸設備</項目>
　　　　　　<取得成本_舉債數 />
　　　　　　<以前年度累計折舊_長期投資評價_未攤銷溢價 />
　　　　　　<本年度增加數 />
　　　　　　<本年度減少數 />
　　　　　　<本年度累計折舊_長期投資評價變動數_攤銷數 />
　　　　　　<期末餘額 />
　　　　</ROW>
　　　　<ROW>
　　　　　　<SEQNO>8</SEQNO>
　　　　　　<LEVEL>3</LEVEL>
　　　　　　<BOLD>0</BOLD>
　　　　　　<項目>雜項設備</項目>
　　　　　　<取得成本_舉債數 />
　　　　　　<以前年度累計折舊_長期投資評價_未攤銷溢價 />
　　　　　　<本年度增加數 />
　　　　　　<本年度減少數 />
　　　　　　<本年度累計折舊_長期投資評價變動數_攤銷數 />
　　　　　　<期末餘額 />
　　　　</ROW>
　　　　<ROW>
　　　　　　<SEQNO>9</SEQNO>
　　　　　　<LEVEL>3</LEVEL>
　　　　　　<BOLD>0</BOLD>
　　　　　　<項目>購建中固定資產</項目>
　　　　　　<取得成本_舉債數 />
　　　　　　<以前年度累計折舊_長期投資評價_未攤銷溢價 />
　　　　　　<本年度增加數 />
　　　　　　<本年度減少數 />
　　　　　　<本年度累計折舊_長期投資評價變動數_攤銷數 />
　　　　　　<期末餘額 />
　　　　</ROW>
　　　　<ROW>
　　　　　　<SEQNO>10</SEQNO>
　　　　　　<LEVEL>3</LEVEL>
　　　　　　<BOLD>0</BOLD>
　　　　　　<項目>電腦軟體</項目>
　　　　　　<取得成本_舉債數>245.00</取得成本_舉債數>
　　　　　　<以前年度累計折舊_長期投資評價_未攤銷溢價 />
　　　　　　<本年度增加數 />
　　　　　　<本年度減少數>108.00</本年度減少數>
　　　　　　<本年度累計折舊_長期投資評價變動數_攤銷數 />
　　　　　　<期末餘額>137.00</期末餘額>
　　　　</ROW>
　　　　<ROW>
　　　　　　<SEQNO>11</SEQNO>
　　　　　　<LEVEL>3</LEVEL>
　　　　　　<BOLD>0</BOLD>
　　　　　　<項目>權利</項目>
　　　　　　<取得成本_舉債數 />
　　　　　　<以前年度累計折舊_長期投資評價_未攤銷溢價 />
　　　　　　<本年度增加數 />
　　　　　　<本年度減少數 />
　　　　　　<本年度累計折舊_長期投資評價變動數_攤銷數 />
　　　　　　<期末餘額 />
　　　　</ROW>
　　　　<ROW>
　　　　　　<SEQNO>12</SEQNO>
　　　　　　<LEVEL>3</LEVEL>
　　　　　　<BOLD>0</BOLD>
　　　　　　<項目>遞耗資產</項目>
　　　　　　<取得成本_舉債數 />
　　　　　　<以前年度累計折舊_長期投資評價_未攤銷溢價 />
　　　　　　<本年度增加數 />
　　　　　　<本年度減少數 />
　　　　　　<本年度累計折舊_長期投資評價變動數_攤銷數 />
　　　　　　<期末餘額 />
　　　　</ROW>
　　　　<ROW>
　　　　　　<SEQNO>13</SEQNO>
　　　　　　<LEVEL>3</LEVEL>
　　　　　　<BOLD>0</BOLD>
　　　　　　<項目>其他</項目>
　　　　　　<取得成本_舉債數 />
　　　　　　<以前年度累計折舊_長期投資評價_未攤銷溢價 />
　　　　　　<本年度增加數 />
　　　　　　<本年度減少數 />
　　　　　　<本年度累計折舊_長期投資評價變動數_攤銷數 />
　　　　　　<期末餘額 />
　　　　</ROW>
　　　　<ROW>
　　　　　　<SEQNO>14</SEQNO>
　　　　　　<LEVEL>2</LEVEL>
　　　　　　<BOLD>0</BOLD>
　　　　　　<項目>負債</項目>
　　　　　　<取得成本_舉債數 />
　　　　　　<以前年度累計折舊_長期投資評價_未攤銷溢價 />
　　　　　　<本年度增加數 />
　　　　　　<本年度減少數 />
　　　　　　<本年度累計折舊_長期投資評價變動數_攤銷數 />
　　　　　　<期末餘額 />
　　　　</ROW>
　　　　<ROW>
　　　　　　<SEQNO>15</SEQNO>
　　　　　　<LEVEL>3</LEVEL>
　　　　　　<BOLD>0</BOLD>
　　　　　　<項目>長期債務</項目>
　　　　　　<取得成本_舉債數 />
　　　　　　<以前年度累計折舊_長期投資評價_未攤銷溢價 />
　　　　　　<本年度增加數 />
　　　　　　<本年度減少數 />
　　　　　　<本年度累計折舊_長期投資評價變動數_攤銷數 />
　　　　　　<期末餘額 />
　　　　</ROW>
　　　　<COMM />
　　</DataSet>
</GenericData>

