<?xml version="1.0" encoding="UTF-8"?>
<GenericData>
　　<Header>
　　　　<Table Id="FNGBWORKR" Name="基金來源、用途及餘絀預計表" Domain="NBA" />
　　　　<Program Id="NBAGBR040_A" />
　　　　<Sender Name="預防接種受害救濟基金" />
　　　　<報表名稱>基金來源、用途及餘絀預計表</報表名稱>
　　　　<年度>108</年度>
　　　　<基金>預防接種受害救濟基金</基金>
　　　　<階段>預算案</階段>
　　　　<版本>1</版本>
　　　　<單位>新臺幣千元</單位>
　　</Header>
　　<DataSet>
　　　　<ROW>
　　　　　　<SEQNO>1</SEQNO>
　　　　　　<LEVEL>1</LEVEL>
　　　　　　<BOLD>1</BOLD>
　　　　　　<前年度決算數>20591</前年度決算數>
　　　　　　<項目>基金來源</項目>
　　　　　　<本年度預算數>20572</本年度預算數>
　　　　　　<上年度預算數>18107</上年度預算數>
　　　　　　<比較增減>2465</比較增減>
　　　　</ROW>
　　　　<ROW>
　　　　　　<SEQNO>2</SEQNO>
　　　　　　<LEVEL>2</LEVEL>
　　　　　　<BOLD>0</BOLD>
　　　　　　<前年度決算數>19806</前年度決算數>
　　　　　　<項目>徵收及依法分配收入</項目>
　　　　　　<本年度預算數>19782</本年度預算數>
　　　　　　<上年度預算數>17325</上年度預算數>
　　　　　　<比較增減>2457</比較增減>
　　　　</ROW>
　　　　<ROW>
　　　　　　<SEQNO>3</SEQNO>
　　　　　　<LEVEL>3</LEVEL>
　　　　　　<BOLD>0</BOLD>
　　　　　　<前年度決算數>27</前年度決算數>
　　　　　　<項目>違規罰款收入</項目>
　　　　　　<本年度預算數>0</本年度預算數>
　　　　　　<上年度預算數>0</上年度預算數>
　　　　　　<比較增減>0</比較增減>
　　　　</ROW>
　　　　<ROW>
　　　　　　<SEQNO>4</SEQNO>
　　　　　　<LEVEL>3</LEVEL>
　　　　　　<BOLD>0</BOLD>
　　　　　　<前年度決算數>19780</前年度決算數>
　　　　　　<項目>醫療衛生救濟提撥收入</項目>
　　　　　　<本年度預算數>19782</本年度預算數>
　　　　　　<上年度預算數>17325</上年度預算數>
　　　　　　<比較增減>2457</比較增減>
　　　　</ROW>
　　　　<ROW>
　　　　　　<SEQNO>5</SEQNO>
　　　　　　<LEVEL>2</LEVEL>
　　　　　　<BOLD>0</BOLD>
　　　　　　<前年度決算數>785</前年度決算數>
　　　　　　<項目>財產收入</項目>
　　　　　　<本年度預算數>790</本年度預算數>
　　　　　　<上年度預算數>782</上年度預算數>
　　　　　　<比較增減>8</比較增減>
　　　　</ROW>
　　　　<ROW>
　　　　　　<SEQNO>6</SEQNO>
　　　　　　<LEVEL>3</LEVEL>
　　　　　　<BOLD>0</BOLD>
　　　　　　<前年度決算數>785</前年度決算數>
　　　　　　<項目>利息收入</項目>
　　　　　　<本年度預算數>790</本年度預算數>
　　　　　　<上年度預算數>782</上年度預算數>
　　　　　　<比較增減>8</比較增減>
　　　　</ROW>
　　　　<ROW>
　　　　　　<SEQNO>7</SEQNO>
　　　　　　<LEVEL>1</LEVEL>
　　　　　　<BOLD>1</BOLD>
　　　　　　<前年度決算數>12899</前年度決算數>
　　　　　　<項目>基金用途</項目>
　　　　　　<本年度預算數>16671</本年度預算數>
　　　　　　<上年度預算數>17435</上年度預算數>
　　　　　　<比較增減>-764</比較增減>
　　　　</ROW>
　　　　<ROW>
　　　　　　<SEQNO>8</SEQNO>
　　　　　　<LEVEL>2</LEVEL>
　　　　　　<BOLD>0</BOLD>
　　　　　　<前年度決算數>11815</前年度決算數>
　　　　　　<項目>預防接種受害救濟給付計畫</項目>
　　　　　　<本年度預算數>15636</本年度預算數>
　　　　　　<上年度預算數>16236</上年度預算數>
　　　　　　<比較增減>-600</比較增減>
　　　　</ROW>
　　　　<ROW>
　　　　　　<SEQNO>9</SEQNO>
　　　　　　<LEVEL>2</LEVEL>
　　　　　　<BOLD>0</BOLD>
　　　　　　<前年度決算數>1084</前年度決算數>
　　　　　　<項目>一般行政管理計畫</項目>
　　　　　　<本年度預算數>1035</本年度預算數>
　　　　　　<上年度預算數>1199</上年度預算數>
　　　　　　<比較增減>-164</比較增減>
　　　　</ROW>
　　　　<ROW>
　　　　　　<SEQNO>10</SEQNO>
　　　　　　<LEVEL>1</LEVEL>
　　　　　　<BOLD>1</BOLD>
　　　　　　<前年度決算數>7692</前年度決算數>
　　　　　　<項目>本期賸餘(短絀)</項目>
　　　　　　<本年度預算數>3901</本年度預算數>
　　　　　　<上年度預算數>672</上年度預算數>
　　　　　　<比較增減>3229</比較增減>
　　　　</ROW>
　　　　<ROW>
　　　　　　<SEQNO>11</SEQNO>
　　　　　　<LEVEL>1</LEVEL>
　　　　　　<BOLD>1</BOLD>
　　　　　　<前年度決算數>184552</前年度決算數>
　　　　　　<項目>期初基金餘額</項目>
　　　　　　<本年度預算數>192916</本年度預算數>
　　　　　　<上年度預算數>183961</上年度預算數>
　　　　　　<比較增減>8955</比較增減>
　　　　</ROW>
　　　　<ROW>
　　　　　　<SEQNO>12</SEQNO>
　　　　　　<LEVEL>1</LEVEL>
　　　　　　<BOLD>1</BOLD>
　　　　　　<前年度決算數>0</前年度決算數>
　　　　　　<項目>解繳公庫</項目>
　　　　　　<本年度預算數>0</本年度預算數>
　　　　　　<上年度預算數>0</上年度預算數>
　　　　　　<比較增減>0</比較增減>
　　　　</ROW>
　　　　<ROW>
　　　　　　<SEQNO>13</SEQNO>
　　　　　　<LEVEL>1</LEVEL>
　　　　　　<BOLD>1</BOLD>
　　　　　　<前年度決算數>192244</前年度決算數>
　　　　　　<項目>期末基金餘額</項目>
　　　　　　<本年度預算數>196817</本年度預算數>
　　　　　　<上年度預算數>184633</上年度預算數>
　　　　　　<比較增減>12184</比較增減>
　　　　</ROW>
　　　　<COMM>1.前年度決算數為審定決算數；上年度預算數為預算案數。
2.前年度決算數細數之和與總數或略有出入，係四捨五入關係。以下各表同。</COMM>
　　</DataSet>
</GenericData>

