﻿name,schema,description
108-B2-432300105-基金來源、用途及餘絀預計表-20180823133644.xml,schema-基金來源、用途及餘絀預計表.csv,基金來源、用途及餘絀預計表
108-B2-432300105-現金流量預計表-20180823133645.xml,schema-現金流量預計表.csv,現金流量預計表
108-B2-432300105-基金來源明細表-20180823133648.xml,schema-基金來源明細表.csv,基金來源明細表
108-B2-432300105-基金用途明細表-20180823133649.xml,schema-基金用途明細表.csv,基金用途明細表
108-B2-432300105-單位(或計畫)成本分析表-20180823133651.xml,schema-單位(或計畫)成本分析表.csv,單位(或計畫)成本分析表
108-B2-432300105-預計平衡表-20180823133652.xml,schema-預計平衡表.csv,預計平衡表
108-B2-432300105-5年來主要業務計畫分析表-20180823133654.xml,schema-5年來主要業務計畫分析表.csv,5年來主要業務計畫分析表
108-B2-432300105-員工人數彙計表-20180823133655.xml,schema-員工人數彙計表.csv,員工人數彙計表
108-B2-432300105-用人費用彙計表-20180823133656.xml,schema-用人費用彙計表.csv,用人費用彙計表
108-B2-432300105-各項費用彙計表-20180823133657.xml,schema-各項費用彙計表.csv,各項費用彙計表
108-B2-432300105-固定項目明細表-20180823133659.xml,schema-固定項目明細表.csv,固定項目明細表
