<?xml version="1.0" encoding="UTF-8"?>
<Root>
    <Row>
        <款>19</款>
        <項/>
        <目/>
        <節/>
        <科目名稱>衛生福利部主管</科目名稱>
        <預算科目編號>00570000000</預算科目編號>
        <人事費>955706</人事費>
        <業務費_經>1121912</業務費_經>
        <奬補助費_經>3204652</奬補助費_經>
        <債務費>0</債務費>
        <預備金_經>50</預備金_經>
        <經常支出小計>5282320</經常支出小計>
        <業務費_資>0</業務費_資>
        <設備及投資>219900</設備及投資>
        <奬補助費_資>4733</奬補助費_資>
        <預備金_資>0</預備金_資>
        <資本支出小計>224633</資本支出小計>
        <合計>5506953</合計>
    </Row>
    <Row>
        <款/>
        <項>2</項>
        <目/>
        <節/>
        <科目名稱>疾病管制署</科目名稱>
        <預算科目編號>00570050000</預算科目編號>
        <人事費>955706</人事費>
        <業務費_經>1121912</業務費_經>
        <奬補助費_經>3204652</奬補助費_經>
        <債務費>0</債務費>
        <預備金_經>50</預備金_經>
        <經常支出小計>5282320</經常支出小計>
        <業務費_資>0</業務費_資>
        <設備及投資>219900</設備及投資>
        <奬補助費_資>4733</奬補助費_資>
        <預備金_資>0</預備金_資>
        <資本支出小計>224633</資本支出小計>
        <合計>5506953</合計>
    </Row>
    <Row>
        <款/>
        <項/>
        <目/>
        <節/>
        <科目名稱>科學支出</科目名稱>
        <預算科目編號>52570050000</預算科目編號>
        <人事費>0</人事費>
        <業務費_經>236055</業務費_經>
        <奬補助費_經>200</奬補助費_經>
        <債務費>0</債務費>
        <預備金_經>0</預備金_經>
        <經常支出小計>236255</經常支出小計>
        <業務費_資>0</業務費_資>
        <設備及投資>92303</設備及投資>
        <奬補助費_資>4733</奬補助費_資>
        <預備金_資>0</預備金_資>
        <資本支出小計>97036</資本支出小計>
        <合計>333291</合計>
    </Row>
    <Row>
        <款/>
        <項/>
        <目>1</目>
        <節/>
        <科目名稱>科技業務</科目名稱>
        <預算科目編號>52570050400</預算科目編號>
        <人事費>0</人事費>
        <業務費_經>236055</業務費_經>
        <奬補助費_經>200</奬補助費_經>
        <債務費>0</債務費>
        <預備金_經>0</預備金_經>
        <經常支出小計>236255</經常支出小計>
        <業務費_資>0</業務費_資>
        <設備及投資>92303</設備及投資>
        <奬補助費_資>4733</奬補助費_資>
        <預備金_資>0</預備金_資>
        <資本支出小計>97036</資本支出小計>
        <合計>333291</合計>
    </Row>
    <Row>
        <款/>
        <項/>
        <目/>
        <節/>
        <科目名稱>醫療保健支出</科目名稱>
        <預算科目編號>71570050000</預算科目編號>
        <人事費>955706</人事費>
        <業務費_經>885857</業務費_經>
        <奬補助費_經>3204452</奬補助費_經>
        <債務費>0</債務費>
        <預備金_經>50</預備金_經>
        <經常支出小計>5046065</經常支出小計>
        <業務費_資>0</業務費_資>
        <設備及投資>127597</設備及投資>
        <奬補助費_資>0</奬補助費_資>
        <預備金_資>0</預備金_資>
        <資本支出小計>127597</資本支出小計>
        <合計>5173662</合計>
    </Row>
    <Row>
        <款/>
        <項/>
        <目>2</目>
        <節/>
        <科目名稱>一般行政</科目名稱>
        <預算科目編號>71570050100</預算科目編號>
        <人事費>955706</人事費>
        <業務費_經>25351</業務費_經>
        <奬補助費_經>1382</奬補助費_經>
        <債務費>0</債務費>
        <預備金_經>0</預備金_經>
        <經常支出小計>982439</經常支出小計>
        <業務費_資>0</業務費_資>
        <設備及投資>2578</設備及投資>
        <奬補助費_資>0</奬補助費_資>
        <預備金_資>0</預備金_資>
        <資本支出小計>2578</資本支出小計>
        <合計>985017</合計>
    </Row>
    <Row>
        <款/>
        <項/>
        <目>3</目>
        <節/>
        <科目名稱>防疫業務</科目名稱>
        <預算科目編號>71570050200</預算科目編號>
        <人事費>0</人事費>
        <業務費_經>860506</業務費_經>
        <奬補助費_經>3203070</奬補助費_經>
        <債務費>0</債務費>
        <預備金_經>0</預備金_經>
        <經常支出小計>4063576</經常支出小計>
        <業務費_資>0</業務費_資>
        <設備及投資>84277</設備及投資>
        <奬補助費_資>0</奬補助費_資>
        <預備金_資>0</預備金_資>
        <資本支出小計>84277</資本支出小計>
        <合計>4147853</合計>
    </Row>
    <Row>
        <款/>
        <項/>
        <目>4</目>
        <節/>
        <科目名稱>非營業特種基金</科目名稱>
        <預算科目編號>71570058100</預算科目編號>
        <人事費>0</人事費>
        <業務費_經>0</業務費_經>
        <奬補助費_經>0</奬補助費_經>
        <債務費>0</債務費>
        <預備金_經>0</預備金_經>
        <經常支出小計>0</經常支出小計>
        <業務費_資>0</業務費_資>
        <設備及投資>7838</設備及投資>
        <奬補助費_資>0</奬補助費_資>
        <預備金_資>0</預備金_資>
        <資本支出小計>7838</資本支出小計>
        <合計>7838</合計>
    </Row>
    <Row>
        <款/>
        <項/>
        <目/>
        <節>1</節>
        <科目名稱>衛生福利特別收入基金</科目名稱>
        <預算科目編號>71570058110</預算科目編號>
        <人事費>0</人事費>
        <業務費_經>0</業務費_經>
        <奬補助費_經>0</奬補助費_經>
        <債務費>0</債務費>
        <預備金_經>0</預備金_經>
        <經常支出小計>0</經常支出小計>
        <業務費_資>0</業務費_資>
        <設備及投資>7838</設備及投資>
        <奬補助費_資>0</奬補助費_資>
        <預備金_資>0</預備金_資>
        <資本支出小計>7838</資本支出小計>
        <合計>7838</合計>
    </Row>
    <Row>
        <款/>
        <項/>
        <目>5</目>
        <節/>
        <科目名稱>一般建築及設備</科目名稱>
        <預算科目編號>71570059000</預算科目編號>
        <人事費>0</人事費>
        <業務費_經>0</業務費_經>
        <奬補助費_經>0</奬補助費_經>
        <債務費>0</債務費>
        <預備金_經>0</預備金_經>
        <經常支出小計>0</經常支出小計>
        <業務費_資>0</業務費_資>
        <設備及投資>32904</設備及投資>
        <奬補助費_資>0</奬補助費_資>
        <預備金_資>0</預備金_資>
        <資本支出小計>32904</資本支出小計>
        <合計>32904</合計>
    </Row>
    <Row>
        <款/>
        <項/>
        <目/>
        <節>1</節>
        <科目名稱>營建工程</科目名稱>
        <預算科目編號>71570059002</預算科目編號>
        <人事費>0</人事費>
        <業務費_經>0</業務費_經>
        <奬補助費_經>0</奬補助費_經>
        <債務費>0</債務費>
        <預備金_經>0</預備金_經>
        <經常支出小計>0</經常支出小計>
        <業務費_資>0</業務費_資>
        <設備及投資>32904</設備及投資>
        <奬補助費_資>0</奬補助費_資>
        <預備金_資>0</預備金_資>
        <資本支出小計>32904</資本支出小計>
        <合計>32904</合計>
    </Row>
    <Row>
        <款/>
        <項/>
        <目>6</目>
        <節/>
        <科目名稱>第一預備金</科目名稱>
        <預算科目編號>71570059800</預算科目編號>
        <人事費>0</人事費>
        <業務費_經>0</業務費_經>
        <奬補助費_經>0</奬補助費_經>
        <債務費>0</債務費>
        <預備金_經>50</預備金_經>
        <經常支出小計>50</經常支出小計>
        <業務費_資>0</業務費_資>
        <設備及投資>0</設備及投資>
        <奬補助費_資>0</奬補助費_資>
        <預備金_資>0</預備金_資>
        <資本支出小計>0</資本支出小計>
        <合計>50</合計>
    </Row>
</Root>
