<?xml version="1.0" encoding="UTF-8"?>
<tables>
    <BCTDMANAMT>
        <BCTDMANAMT_row>
            <bn_fiscalyear>107</bn_fiscalyear>
            <bn_fundkind>1</bn_fundkind>
            <bn_budgetkind>1</bn_budgetkind>
            <bn_specialbudgetno/>
            <bn_agenno>57005</bn_agenno>
            <bn_agentype>C</bn_agentype>
            <bn_budgetstate>2</bn_budgetstate>
            <bn_budgetsource>1</bn_budgetsource>
            <bn_man1>821</bn_man1>
            <bn_man1_l>823</bn_man1_l>
            <bn_man2>0</bn_man2>
            <bn_man2_l>0</bn_man2_l>
            <bn_man3>19</bn_man3>
            <bn_man3_l>24</bn_man3_l>
            <bn_man4>28</bn_man4>
            <bn_man4_l>30</bn_man4_l>
            <bn_man5>2</bn_man5>
            <bn_man5_l>2</bn_man5_l>
            <bn_man6>3</bn_man6>
            <bn_man6_l>3</bn_man6_l>
            <bn_man7>0</bn_man7>
            <bn_man7_l>0</bn_man7_l>
            <bn_man8>3</bn_man8>
            <bn_man8_l>3</bn_man8_l>
            <bn_man9>28</bn_man9>
            <bn_man9_l>28</bn_man9_l>
            <bn_man10>0</bn_man10>
            <bn_man10_l>0</bn_man10_l>
            <bn_man11>0</bn_man11>
            <bn_man11_l>0</bn_man11_l>
            <bn_amt_man>929566000.00</bn_amt_man>
            <bn_amt_mngbsn>909532000.00</bn_amt_mngbsn>
            <bn_text>本署以業務費預計進用臨時人員4人1,867千元、勞動派遣134人80,531千元及勞務承攬31人14,223千元，分述如下：&#xd;
&amp;lt;#H1&amp;gt;科技業務，預計進用勞動派遣51人，經費33,277千元；勞務承攬2人，經費1,338千元。&#xd;
&amp;lt;#H1&amp;gt;一般行政，預計進用臨時人員2人，經費837千元；勞動派遣5人，經費2,855千元；勞務承攬11人，經費4,400千元。&#xd;
&amp;lt;#H1&amp;gt;防疫業務，預計進用臨時人員2人，經費1,030千元；勞動派遣78人，經費44,399千元；勞務承攬18人，經費8,485千元。</bn_text>
            <display_name>71570050100 一般行政</display_name>
        </BCTDMANAMT_row>
    </BCTDMANAMT>
</tables>
