<?xml version="1.0" encoding="UTF-8"?>
<GenericData>
　　<Header>
　　　　<Table Id="fngbworkr" Name="基金用途明細表" Domain="NBA" />
　　　　<Program Id="NBAGBR090_A" />
　　　　<Sender Name="疫苗基金" />
　　　　<報表名稱>基金用途明細表</報表名稱>
　　　　<年度>108</年度>
　　　　<基金>疫苗基金</基金>
　　　　<階段>預算案</階段>
　　　　<版本>1</版本>
　　　　<單位>新臺幣千元</單位>
　　</Header>
　　<DataSet>
　　　　<ROW>
　　　　　　<SEQNO>1</SEQNO>
　　　　　　<LEVEL>2</LEVEL>
　　　　　　<BOLD>1</BOLD>
　　　　　　<前年度決算數>2894657.00</前年度決算數>
　　　　　　<業務計畫及用途別科目>疫苗接種計畫</業務計畫及用途別科目>
　　　　　　<本年度預算數>3356647.00</本年度預算數>
　　　　　　<上年度預算數>3128725.00</上年度預算數>
　　　　　　<計畫內容說明 />
　　　　</ROW>
　　　　<ROW>
　　　　　　<SEQNO>2</SEQNO>
　　　　　　<LEVEL>3</LEVEL>
　　　　　　<BOLD>0</BOLD>
　　　　　　<前年度決算數>30710.00</前年度決算數>
　　　　　　<業務計畫及用途別科目>服務費用</業務計畫及用途別科目>
　　　　　　<本年度預算數>36049.00</本年度預算數>
　　　　　　<上年度預算數>31457.00</上年度預算數>
　　　　　　<計畫內容說明 />
　　　　</ROW>
　　　　<ROW>
　　　　　　<SEQNO>3</SEQNO>
　　　　　　<LEVEL>4</LEVEL>
　　　　　　<BOLD>0</BOLD>
　　　　　　<前年度決算數>621.00</前年度決算數>
　　　　　　<業務計畫及用途別科目>郵電費</業務計畫及用途別科目>
　　　　　　<本年度預算數>1600.00</本年度預算數>
　　　　　　<上年度預算數>1600.00</上年度預算數>
　　　　　　<計畫內容說明>1.電話費900千元。
2.簡訊費用600千元。
3.郵費100千元。</計畫內容說明>
　　　　</ROW>
　　　　<ROW>
　　　　　　<SEQNO>4</SEQNO>
　　　　　　<LEVEL>4</LEVEL>
　　　　　　<BOLD>0</BOLD>
　　　　　　<前年度決算數>995.00</前年度決算數>
　　　　　　<業務計畫及用途別科目>旅運費</業務計畫及用途別科目>
　　　　　　<本年度預算數>1583.00</本年度預算數>
　　　　　　<上年度預算數>1883.00</上年度預算數>
　　　　　　<計畫內容說明>1.為推動預防接種業務參與國際會議、研習及交流等國外旅費881千元。
2.輔導預防接種工作、參與疫苗相關會議等之國內旅費402千元。
3.資料、冷運冷藏設備及疫苗調撥運送費等300千元。</計畫內容說明>
　　　　</ROW>
　　　　<ROW>
　　　　　　<SEQNO>5</SEQNO>
　　　　　　<LEVEL>4</LEVEL>
　　　　　　<BOLD>0</BOLD>
　　　　　　<前年度決算數>20514.00</前年度決算數>
　　　　　　<業務計畫及用途別科目>印刷裝訂與廣告費</業務計畫及用途別科目>
　　　　　　<本年度預算數>18144.00</本年度預算數>
　　　　　　<上年度預算數>18144.00</上年度預算數>
　　　　　　<計畫內容說明>1.預防接種紀錄卡、研習訓練講義教材、疫苗實務手冊、疫苗接種計畫書及接種作業衛教品等之印刷裝訂費1,450千元。
2.疫苗政策業務宣導費16,694千元。</計畫內容說明>
　　　　</ROW>
　　　　<ROW>
　　　　　　<SEQNO>6</SEQNO>
　　　　　　<LEVEL>4</LEVEL>
　　　　　　<BOLD>0</BOLD>
　　　　　　<前年度決算數>2879.00</前年度決算數>
　　　　　　<業務計畫及用途別科目>一般服務費</業務計畫及用途別科目>
　　　　　　<本年度預算數>3512.00</本年度預算數>
　　　　　　<上年度預算數>3960.00</上年度預算數>
　　　　　　<計畫內容說明>1.執行疫苗業務人員2名所需外包費1,202千元。
2.委託中央健康保險署代辦醫療行政費用2,310千元。</計畫內容說明>
　　　　</ROW>
　　　　<ROW>
　　　　　　<SEQNO>7</SEQNO>
　　　　　　<LEVEL>4</LEVEL>
　　　　　　<BOLD>0</BOLD>
　　　　　　<前年度決算數>5700.00</前年度決算數>
　　　　　　<業務計畫及用途別科目>專業服務費</業務計畫及用途別科目>
　　　　　　<本年度預算數>11210.00</本年度預算數>
　　　　　　<上年度預算數>5870.00</上年度預算數>
　　　　　　<計畫內容說明>1.預防接種諮詢委員出席費300千元。
2.預防接種相關文件、書之專業審查費、翻譯費、鐘點費等300千元。
3.委託相關學會、地方衛生機關或民間單位辦理醫師、護理人員預防接種實務教育及相關研習費用4,610千元。
4.流感疫苗管理系統相關維護費800千元。
5.全國性預防接種資訊管理系統維護費4,900千元。
6.預防接種業務相關調查費300千元。</計畫內容說明>
　　　　</ROW>
　　　　<ROW>
　　　　　　<SEQNO>8</SEQNO>
　　　　　　<LEVEL>3</LEVEL>
　　　　　　<BOLD>0</BOLD>
　　　　　　<前年度決算數>2156012.00</前年度決算數>
　　　　　　<業務計畫及用途別科目>材料及用品費</業務計畫及用途別科目>
　　　　　　<本年度預算數>2284380.00</本年度預算數>
　　　　　　<上年度預算數>2338860.00</上年度預算數>
　　　　　　<計畫內容說明 />
　　　　</ROW>
　　　　<ROW>
　　　　　　<SEQNO>9</SEQNO>
　　　　　　<LEVEL>4</LEVEL>
　　　　　　<BOLD>0</BOLD>
　　　　　　<前年度決算數>2156012.00</前年度決算數>
　　　　　　<業務計畫及用途別科目>用品消耗</業務計畫及用途別科目>
　　　　　　<本年度預算數>2284380.00</本年度預算數>
　　　　　　<上年度預算數>2338860.00</上年度預算數>
　　　　　　<計畫內容說明>1.依據傳染病防治法第27條採購疫苗，考量疫苗之必要產程、供貨期程、劑量及效期，為跨年度採購，各項疫苗採購計2,280,296千元，明細如下：
(1)日本腦炎疫苗297,850千元。
(2)黃熱病疫苗20,241千元。
(3)流行性腦脊髓膜炎疫苗8,880千元。
(4)水痘疫苗105,000千元。
(5)幼兒結合型肺炎鏈球菌疫苗583,968千元。
(6)破傷風白喉非細胞型百日咳及不活化小兒麻痺混合疫苗105,000千元。
(7)注射式小兒麻痺疫苗1,350千元。
(8)麻疹腮腺炎德國麻疹混合疫苗52,920千元。
(9)B型肝炎疫苗57,330千元。
(10)B型肝炎免疫球蛋白3,560千元。
(11)A型肝炎疫苗500千元。
(12)多合一疫苗497,700千元。
(13)季節性流感疫苗506,800千元。
(14)優先取得流感大流行疫苗權利金20,000千元。
(15)卡介苗14,784千元。
(16)傷寒疫苗2,475千元。
(17)破傷風白喉混合疫苗1,250千元。
(18)生物製劑688千元。
2.購置溫度及冷凍監視片3,884千元。
3.辦公用品及事務機器需要耗用之設備零件等費用200千元。</計畫內容說明>
　　　　</ROW>
　　　　<ROW>
　　　　　　<SEQNO>10</SEQNO>
　　　　　　<LEVEL>3</LEVEL>
　　　　　　<BOLD>0</BOLD>
　　　　　　<前年度決算數>8168.00</前年度決算數>
　　　　　　<業務計畫及用途別科目>購建固定資產、無形資產及非理財目的之長期投資</業務計畫及用途別科目>
　　　　　　<本年度預算數>16500.00</本年度預算數>
　　　　　　<上年度預算數>5500.00</上年度預算數>
　　　　　　<計畫內容說明 />
　　　　</ROW>
　　　　<ROW>
　　　　　　<SEQNO>11</SEQNO>
　　　　　　<LEVEL>4</LEVEL>
　　　　　　<BOLD>0</BOLD>
　　　　　　<前年度決算數>176.00</前年度決算數>
　　　　　　<業務計畫及用途別科目>購建固定資產</業務計畫及用途別科目>
　　　　　　<本年度預算數>500.00</本年度預算數>
　　　　　　<上年度預算數>500.00</上年度預算數>
　　　　　　<計畫內容說明>購置、汰換存放疫苗之冰箱、冷運冷藏及溫度監視等設備500千元。</計畫內容說明>
　　　　</ROW>
　　　　<ROW>
　　　　　　<SEQNO>12</SEQNO>
　　　　　　<LEVEL>4</LEVEL>
　　　　　　<BOLD>0</BOLD>
　　　　　　<前年度決算數>7992.00</前年度決算數>
　　　　　　<業務計畫及用途別科目>購置無形資產</業務計畫及用途別科目>
　　　　　　<本年度預算數>16000.00</本年度預算數>
　　　　　　<上年度預算數>5000.00</上年度預算數>
　　　　　　<計畫內容說明>1.全國性預防接種資訊管理系統功能擴增6,800千元。
2.提升醫療院所資訊系統配合自動介接全國性預防接種資訊管理系統之效能及品質之功能增修費5,000千元。
3.流感疫苗管理系統功能擴增2,000千元。
4.建置疫苗基金預算控制系統2,200千元。</計畫內容說明>
　　　　</ROW>
　　　　<ROW>
　　　　　　<SEQNO>13</SEQNO>
　　　　　　<LEVEL>3</LEVEL>
　　　　　　<BOLD>0</BOLD>
　　　　　　<前年度決算數>699134.00</前年度決算數>
　　　　　　<業務計畫及用途別科目>會費、捐助、補助、分攤、照護、救濟與交流活動費</業務計畫及用途別科目>
　　　　　　<本年度預算數>1019718.00</本年度預算數>
　　　　　　<上年度預算數>752908.00</上年度預算數>
　　　　　　<計畫內容說明 />
　　　　</ROW>
　　　　<ROW>
　　　　　　<SEQNO>14</SEQNO>
　　　　　　<LEVEL>4</LEVEL>
　　　　　　<BOLD>0</BOLD>
　　　　　　<前年度決算數>699134.00</前年度決算數>
　　　　　　<業務計畫及用途別科目>捐助、補助與獎助</業務計畫及用途別科目>
　　　　　　<本年度預算數>1018210.00</本年度預算數>
　　　　　　<上年度預算數>751400.00</上年度預算數>
　　　　　　<計畫內容說明>1.補助各縣(市)衛生局所針對轄內合約接種單位購置、汰換疫苗冷運冷藏及溫度監視及運用於疫苗追蹤管理等相關設備用品24,910千元。
2.補助各縣(市)衛生局所辦理預防接種與宣導等作業及提升接種率等相關費用174,300千元。
3.補助流感疫苗及兒童常規疫苗接種處置費819,000千元。</計畫內容說明>
　　　　</ROW>
　　　　<ROW>
　　　　　　<SEQNO>15</SEQNO>
　　　　　　<LEVEL>4</LEVEL>
　　　　　　<BOLD>0</BOLD>
　　　　　　<前年度決算數 />
　　　　　　<業務計畫及用途別科目>補貼、獎勵、慰問、照護與救濟</業務計畫及用途別科目>
　　　　　　<本年度預算數>1508.00</本年度預算數>
　　　　　　<上年度預算數>1508.00</上年度預算數>
　　　　　　<計畫內容說明>獎勵預防接種業務優良之衛生局所、合約醫療院所。</計畫內容說明>
　　　　</ROW>
　　　　<ROW>
　　　　　　<SEQNO>16</SEQNO>
　　　　　　<LEVEL>3</LEVEL>
　　　　　　<BOLD>0</BOLD>
　　　　　　<前年度決算數>633.00</前年度決算數>
　　　　　　<業務計畫及用途別科目>其他</業務計畫及用途別科目>
　　　　　　<本年度預算數 />
　　　　　　<上年度預算數 />
　　　　　　<計畫內容說明 />
　　　　</ROW>
　　　　<ROW>
　　　　　　<SEQNO>17</SEQNO>
　　　　　　<LEVEL>4</LEVEL>
　　　　　　<BOLD>0</BOLD>
　　　　　　<前年度決算數>633.00</前年度決算數>
　　　　　　<業務計畫及用途別科目>其他支出</業務計畫及用途別科目>
　　　　　　<本年度預算數 />
　　　　　　<上年度預算數 />
　　　　　　<計畫內容說明 />
　　　　</ROW>
　　　　<ROW>
　　　　　　<SEQNO>18</SEQNO>
　　　　　　<LEVEL>2</LEVEL>
　　　　　　<BOLD>1</BOLD>
　　　　　　<前年度決算數>1131.00</前年度決算數>
　　　　　　<業務計畫及用途別科目>一般行政管理計畫</業務計畫及用途別科目>
　　　　　　<本年度預算數>1432.00</本年度預算數>
　　　　　　<上年度預算數>1484.00</上年度預算數>
　　　　　　<計畫內容說明 />
　　　　</ROW>
　　　　<ROW>
　　　　　　<SEQNO>19</SEQNO>
　　　　　　<LEVEL>3</LEVEL>
　　　　　　<BOLD>0</BOLD>
　　　　　　<前年度決算數>79.00</前年度決算數>
　　　　　　<業務計畫及用途別科目>用人費用</業務計畫及用途別科目>
　　　　　　<本年度預算數>80.00</本年度預算數>
　　　　　　<上年度預算數>80.00</上年度預算數>
　　　　　　<計畫內容說明 />
　　　　</ROW>
　　　　<ROW>
　　　　　　<SEQNO>20</SEQNO>
　　　　　　<LEVEL>4</LEVEL>
　　　　　　<BOLD>0</BOLD>
　　　　　　<前年度決算數>79.00</前年度決算數>
　　　　　　<業務計畫及用途別科目>超時工作報酬</業務計畫及用途別科目>
　　　　　　<本年度預算數>80.00</本年度預算數>
　　　　　　<上年度預算數>80.00</上年度預算數>
　　　　　　<計畫內容說明>兼任人員加班費。</計畫內容說明>
　　　　</ROW>
　　　　<ROW>
　　　　　　<SEQNO>21</SEQNO>
　　　　　　<LEVEL>3</LEVEL>
　　　　　　<BOLD>0</BOLD>
　　　　　　<前年度決算數>1035.00</前年度決算數>
　　　　　　<業務計畫及用途別科目>服務費用</業務計畫及用途別科目>
　　　　　　<本年度預算數>1226.00</本年度預算數>
　　　　　　<上年度預算數>1278.00</上年度預算數>
　　　　　　<計畫內容說明 />
　　　　</ROW>
　　　　<ROW>
　　　　　　<SEQNO>22</SEQNO>
　　　　　　<LEVEL>4</LEVEL>
　　　　　　<BOLD>0</BOLD>
　　　　　　<前年度決算數>342.00</前年度決算數>
　　　　　　<業務計畫及用途別科目>水電費</業務計畫及用途別科目>
　　　　　　<本年度預算數>342.00</本年度預算數>
　　　　　　<上年度預算數>342.00</上年度預算數>
　　　　　　<計畫內容說明>工作場所水電費。</計畫內容說明>
　　　　</ROW>
　　　　<ROW>
　　　　　　<SEQNO>23</SEQNO>
　　　　　　<LEVEL>4</LEVEL>
　　　　　　<BOLD>0</BOLD>
　　　　　　<前年度決算數>17.00</前年度決算數>
　　　　　　<業務計畫及用途別科目>印刷裝訂與廣告費</業務計畫及用途別科目>
　　　　　　<本年度預算數>50.00</本年度預算數>
　　　　　　<上年度預算數>50.00</上年度預算數>
　　　　　　<計畫內容說明>預、決算書印刷裝訂等費用。</計畫內容說明>
　　　　</ROW>
　　　　<ROW>
　　　　　　<SEQNO>24</SEQNO>
　　　　　　<LEVEL>4</LEVEL>
　　　　　　<BOLD>0</BOLD>
　　　　　　<前年度決算數>17.00</前年度決算數>
　　　　　　<業務計畫及用途別科目>修理保養及保固費</業務計畫及用途別科目>
　　　　　　<本年度預算數>150.00</本年度預算數>
　　　　　　<上年度預算數>150.00</上年度預算數>
　　　　　　<計畫內容說明>辦公器具、設施及機械養護費。</計畫內容說明>
　　　　</ROW>
　　　　<ROW>
　　　　　　<SEQNO>25</SEQNO>
　　　　　　<LEVEL>4</LEVEL>
　　　　　　<BOLD>0</BOLD>
　　　　　　<前年度決算數>659.00</前年度決算數>
　　　　　　<業務計畫及用途別科目>一般服務費</業務計畫及用途別科目>
　　　　　　<本年度預算數>684.00</本年度預算數>
　　　　　　<上年度預算數>736.00</上年度預算數>
　　　　　　<計畫內容說明>辦理一般行政業務之外包人員1名614千元及分攤衛生福利特別收入基金會計業務僱用臨時人員2名所需計時與計件人員酬金70千元。</計畫內容說明>
　　　　</ROW>
　　　　<ROW>
　　　　　　<SEQNO>26</SEQNO>
　　　　　　<LEVEL>3</LEVEL>
　　　　　　<BOLD>0</BOLD>
　　　　　　<前年度決算數>17.00</前年度決算數>
　　　　　　<業務計畫及用途別科目>材料及用品費</業務計畫及用途別科目>
　　　　　　<本年度預算數>126.00</本年度預算數>
　　　　　　<上年度預算數>126.00</上年度預算數>
　　　　　　<計畫內容說明 />
　　　　</ROW>
　　　　<ROW>
　　　　　　<SEQNO>27</SEQNO>
　　　　　　<LEVEL>4</LEVEL>
　　　　　　<BOLD>0</BOLD>
　　　　　　<前年度決算數>17.00</前年度決算數>
　　　　　　<業務計畫及用途別科目>用品消耗</業務計畫及用途別科目>
　　　　　　<本年度預算數>126.00</本年度預算數>
　　　　　　<上年度預算數>126.00</上年度預算數>
　　　　　　<計畫內容說明>辦理各項會議、活動雜支及辦公用品、文具紙張、書籍等。</計畫內容說明>
　　　　</ROW>
　　　　<ROW>
　　　　　　<SEQNO>28</SEQNO>
　　　　　　<LEVEL>1</LEVEL>
　　　　　　<BOLD>1</BOLD>
　　　　　　<前年度決算數>2895788.00</前年度決算數>
　　　　　　<業務計畫及用途別科目>總計</業務計畫及用途別科目>
　　　　　　<本年度預算數>3358079.00</本年度預算數>
　　　　　　<上年度預算數>3130209.00</上年度預算數>
　　　　　　<計畫內容說明 />
　　　　</ROW>
　　</DataSet>
</GenericData>

