<?xml version="1.0" encoding="UTF-8"?>
<GenericData>
　　<Header>
　　　　<Table Id="FNGBWORKR" Name="基金來源、用途及餘絀預計表" Domain="NBA" />
　　　　<Program Id="NBAGBR040_A" />
　　　　<Sender Name="疫苗基金" />
　　　　<報表名稱>基金來源、用途及餘絀預計表</報表名稱>
　　　　<年度>108</年度>
　　　　<基金>疫苗基金</基金>
　　　　<階段>預算案</階段>
　　　　<版本>1</版本>
　　　　<單位>新臺幣千元</單位>
　　</Header>
　　<DataSet>
　　　　<ROW>
　　　　　　<SEQNO>1</SEQNO>
　　　　　　<LEVEL>1</LEVEL>
　　　　　　<BOLD>1</BOLD>
　　　　　　<前年度決算數>3546118</前年度決算數>
　　　　　　<項目>基金來源</項目>
　　　　　　<本年度預算數>2447686</本年度預算數>
　　　　　　<上年度預算數>2757455</上年度預算數>
　　　　　　<比較增減>-309769</比較增減>
　　　　</ROW>
　　　　<ROW>
　　　　　　<SEQNO>2</SEQNO>
　　　　　　<LEVEL>2</LEVEL>
　　　　　　<BOLD>0</BOLD>
　　　　　　<前年度決算數>2802406</前年度決算數>
　　　　　　<項目>徵收及依法分配收入</項目>
　　　　　　<本年度預算數>1710957</本年度預算數>
　　　　　　<上年度預算數>2024500</上年度預算數>
　　　　　　<比較增減>-313543</比較增減>
　　　　</ROW>
　　　　<ROW>
　　　　　　<SEQNO>3</SEQNO>
　　　　　　<LEVEL>3</LEVEL>
　　　　　　<BOLD>0</BOLD>
　　　　　　<前年度決算數>2780679</前年度決算數>
　　　　　　<項目>健康福利捐分配收入</項目>
　　　　　　<本年度預算數>1679000</本年度預算數>
　　　　　　<上年度預算數>2003800</上年度預算數>
　　　　　　<比較增減>-324800</比較增減>
　　　　</ROW>
　　　　<ROW>
　　　　　　<SEQNO>4</SEQNO>
　　　　　　<LEVEL>3</LEVEL>
　　　　　　<BOLD>0</BOLD>
　　　　　　<前年度決算數>21727</前年度決算數>
　　　　　　<項目>其他徵收及依法分配收入</項目>
　　　　　　<本年度預算數>31957</本年度預算數>
　　　　　　<上年度預算數>20700</上年度預算數>
　　　　　　<比較增減>11257</比較增減>
　　　　</ROW>
　　　　<ROW>
　　　　　　<SEQNO>5</SEQNO>
　　　　　　<LEVEL>2</LEVEL>
　　　　　　<BOLD>0</BOLD>
　　　　　　<前年度決算數>5278</前年度決算數>
　　　　　　<項目>財產收入</項目>
　　　　　　<本年度預算數>2594</本年度預算數>
　　　　　　<上年度預算數>1295</上年度預算數>
　　　　　　<比較增減>1299</比較增減>
　　　　</ROW>
　　　　<ROW>
　　　　　　<SEQNO>6</SEQNO>
　　　　　　<LEVEL>3</LEVEL>
　　　　　　<BOLD>0</BOLD>
　　　　　　<前年度決算數>5278</前年度決算數>
　　　　　　<項目>利息收入</項目>
　　　　　　<本年度預算數>2594</本年度預算數>
　　　　　　<上年度預算數>1295</上年度預算數>
　　　　　　<比較增減>1299</比較增減>
　　　　</ROW>
　　　　<ROW>
　　　　　　<SEQNO>7</SEQNO>
　　　　　　<LEVEL>2</LEVEL>
　　　　　　<BOLD>0</BOLD>
　　　　　　<前年度決算數>731210</前年度決算數>
　　　　　　<項目>政府撥入收入</項目>
　　　　　　<本年度預算數>730160</本年度預算數>
　　　　　　<上年度預算數>730160</上年度預算數>
　　　　　　<比較增減>0</比較增減>
　　　　</ROW>
　　　　<ROW>
　　　　　　<SEQNO>8</SEQNO>
　　　　　　<LEVEL>3</LEVEL>
　　　　　　<BOLD>0</BOLD>
　　　　　　<前年度決算數>731210</前年度決算數>
　　　　　　<項目>公庫撥款收入</項目>
　　　　　　<本年度預算數>730160</本年度預算數>
　　　　　　<上年度預算數>730160</上年度預算數>
　　　　　　<比較增減>0</比較增減>
　　　　</ROW>
　　　　<ROW>
　　　　　　<SEQNO>9</SEQNO>
　　　　　　<LEVEL>2</LEVEL>
　　　　　　<BOLD>0</BOLD>
　　　　　　<前年度決算數>7225</前年度決算數>
　　　　　　<項目>其他收入</項目>
　　　　　　<本年度預算數>3975</本年度預算數>
　　　　　　<上年度預算數>1500</上年度預算數>
　　　　　　<比較增減>2475</比較增減>
　　　　</ROW>
　　　　<ROW>
　　　　　　<SEQNO>10</SEQNO>
　　　　　　<LEVEL>3</LEVEL>
　　　　　　<BOLD>0</BOLD>
　　　　　　<前年度決算數>7225</前年度決算數>
　　　　　　<項目>雜項收入</項目>
　　　　　　<本年度預算數>3975</本年度預算數>
　　　　　　<上年度預算數>1500</上年度預算數>
　　　　　　<比較增減>2475</比較增減>
　　　　</ROW>
　　　　<ROW>
　　　　　　<SEQNO>11</SEQNO>
　　　　　　<LEVEL>1</LEVEL>
　　　　　　<BOLD>1</BOLD>
　　　　　　<前年度決算數>2895788</前年度決算數>
　　　　　　<項目>基金用途</項目>
　　　　　　<本年度預算數>3358079</本年度預算數>
　　　　　　<上年度預算數>3130209</上年度預算數>
　　　　　　<比較增減>227870</比較增減>
　　　　</ROW>
　　　　<ROW>
　　　　　　<SEQNO>12</SEQNO>
　　　　　　<LEVEL>2</LEVEL>
　　　　　　<BOLD>0</BOLD>
　　　　　　<前年度決算數>2894657</前年度決算數>
　　　　　　<項目>疫苗接種計畫</項目>
　　　　　　<本年度預算數>3356647</本年度預算數>
　　　　　　<上年度預算數>3128725</上年度預算數>
　　　　　　<比較增減>227922</比較增減>
　　　　</ROW>
　　　　<ROW>
　　　　　　<SEQNO>13</SEQNO>
　　　　　　<LEVEL>2</LEVEL>
　　　　　　<BOLD>0</BOLD>
　　　　　　<前年度決算數>1131</前年度決算數>
　　　　　　<項目>一般行政管理計畫</項目>
　　　　　　<本年度預算數>1432</本年度預算數>
　　　　　　<上年度預算數>1484</上年度預算數>
　　　　　　<比較增減>-52</比較增減>
　　　　</ROW>
　　　　<ROW>
　　　　　　<SEQNO>14</SEQNO>
　　　　　　<LEVEL>1</LEVEL>
　　　　　　<BOLD>1</BOLD>
　　　　　　<前年度決算數>650330</前年度決算數>
　　　　　　<項目>本期賸餘(短絀)</項目>
　　　　　　<本年度預算數>-910393</本年度預算數>
　　　　　　<上年度預算數>-372754</上年度預算數>
　　　　　　<比較增減>-537639</比較增減>
　　　　</ROW>
　　　　<ROW>
　　　　　　<SEQNO>15</SEQNO>
　　　　　　<LEVEL>1</LEVEL>
　　　　　　<BOLD>1</BOLD>
　　　　　　<前年度決算數>1074562</前年度決算數>
　　　　　　<項目>期初基金餘額</項目>
　　　　　　<本年度預算數>1352138</本年度預算數>
　　　　　　<上年度預算數>373105</上年度預算數>
　　　　　　<比較增減>979033</比較增減>
　　　　</ROW>
　　　　<ROW>
　　　　　　<SEQNO>16</SEQNO>
　　　　　　<LEVEL>1</LEVEL>
　　　　　　<BOLD>1</BOLD>
　　　　　　<前年度決算數>0</前年度決算數>
　　　　　　<項目>解繳公庫</項目>
　　　　　　<本年度預算數>0</本年度預算數>
　　　　　　<上年度預算數>0</上年度預算數>
　　　　　　<比較增減>0</比較增減>
　　　　</ROW>
　　　　<ROW>
　　　　　　<SEQNO>17</SEQNO>
　　　　　　<LEVEL>1</LEVEL>
　　　　　　<BOLD>1</BOLD>
　　　　　　<前年度決算數>1724892</前年度決算數>
　　　　　　<項目>期末基金餘額</項目>
　　　　　　<本年度預算數>441745</本年度預算數>
　　　　　　<上年度預算數>351</上年度預算數>
　　　　　　<比較增減>441394</比較增減>
　　　　</ROW>
　　　　<COMM>1.前年度決算數為審定決算數；上年度預算數為預算案數。
2.前年度決算數細數之和與總數或略有出入，係四捨五入關係。以下各表同。</COMM>
　　</DataSet>
</GenericData>

