<?xml version="1.0" encoding="UTF-8"?>
<Root>
    <Row>
        <款>19</款>
        <項/>
        <目/>
        <節/>
        <科目名稱>衛生福利部主管</科目名稱>
        <預算科目編號>00570000000</預算科目編號>
    </Row>
    <Row>
        <款/>
        <項>2</項>
        <目/>
        <節/>
        <科目名稱>疾病管制署</科目名稱>
        <預算科目編號>00570050000</預算科目編號>
        <人事費>1029522</人事費>
        <業務費_經>5981289</業務費_經>
        <奬補助費_經>17294717</奬補助費_經>
        <債務費>0</債務費>
        <預備金_經>50</預備金_經>
        <經常支出小計>24305578</經常支出小計>
        <業務費_資>0</業務費_資>
        <設備及投資>280152</設備及投資>
        <奬補助費_資>11883</奬補助費_資>
        <預備金_資>0</預備金_資>
        <資本支出小計>292035</資本支出小計>
        <合計>24597613</合計>
    </Row>
    <Row>
        <款/>
        <項/>
        <目/>
        <節/>
        <科目名稱>科學支出</科目名稱>
        <預算科目編號>52570050000</預算科目編號>
        <人事費>0</人事費>
        <業務費_經>185729</業務費_經>
        <奬補助費_經>0</奬補助費_經>
        <債務費>0</債務費>
        <預備金_經>0</預備金_經>
        <經常支出小計>185729</經常支出小計>
        <業務費_資>0</業務費_資>
        <設備及投資>34268</設備及投資>
        <奬補助費_資>0</奬補助費_資>
        <預備金_資>0</預備金_資>
        <資本支出小計>34268</資本支出小計>
        <合計>219997</合計>
    </Row>
    <Row>
        <款/>
        <項/>
        <目>1</目>
        <節/>
        <科目名稱>科技業務</科目名稱>
        <預算科目編號>52570050400</預算科目編號>
        <人事費>0</人事費>
        <業務費_經>185729</業務費_經>
        <奬補助費_經>0</奬補助費_經>
        <債務費>0</債務費>
        <預備金_經>0</預備金_經>
        <經常支出小計>185729</經常支出小計>
        <業務費_資>0</業務費_資>
        <設備及投資>34268</設備及投資>
        <奬補助費_資>0</奬補助費_資>
        <預備金_資>0</預備金_資>
        <資本支出小計>34268</資本支出小計>
        <合計>219997</合計>
    </Row>
    <Row>
        <款/>
        <項/>
        <目/>
        <節/>
        <科目名稱>醫療保健支出</科目名稱>
        <預算科目編號>65570050000</預算科目編號>
        <人事費>1029522</人事費>
        <業務費_經>5795560</業務費_經>
        <奬補助費_經>17294717</奬補助費_經>
        <債務費>0</債務費>
        <預備金_經>50</預備金_經>
        <經常支出小計>24119849</經常支出小計>
        <業務費_資>0</業務費_資>
        <設備及投資>245884</設備及投資>
        <奬補助費_資>11883</奬補助費_資>
        <預備金_資>0</預備金_資>
        <資本支出小計>257767</資本支出小計>
        <合計>24377616</合計>
    </Row>
    <Row>
        <款/>
        <項/>
        <目>2</目>
        <節/>
        <科目名稱>一般行政</科目名稱>
        <預算科目編號>65570050100</預算科目編號>
        <人事費>1029522</人事費>
        <業務費_經>33717</業務費_經>
        <奬補助費_經>1897</奬補助費_經>
        <債務費>0</債務費>
        <預備金_經>0</預備金_經>
        <經常支出小計>1065136</經常支出小計>
        <業務費_資>0</業務費_資>
        <設備及投資>1582</設備及投資>
        <奬補助費_資>0</奬補助費_資>
        <預備金_資>0</預備金_資>
        <資本支出小計>1582</資本支出小計>
        <合計>1066718</合計>
    </Row>
    <Row>
        <款/>
        <項/>
        <目>3</目>
        <節/>
        <科目名稱>防疫業務</科目名稱>
        <預算科目編號>65570050200</預算科目編號>
        <人事費>0</人事費>
        <業務費_經>5761843</業務費_經>
        <奬補助費_經>17292820</奬補助費_經>
        <債務費>0</債務費>
        <預備金_經>0</預備金_經>
        <經常支出小計>23054663</經常支出小計>
        <業務費_資>0</業務費_資>
        <設備及投資>59602</設備及投資>
        <奬補助費_資>11883</奬補助費_資>
        <預備金_資>0</預備金_資>
        <資本支出小計>71485</資本支出小計>
        <合計>23126148</合計>
    </Row>
    <Row>
        <款/>
        <項/>
        <目>4</目>
        <節/>
        <科目名稱>一般建築及設備</科目名稱>
        <預算科目編號>65570059000</預算科目編號>
        <人事費>0</人事費>
        <業務費_經>0</業務費_經>
        <奬補助費_經>0</奬補助費_經>
        <債務費>0</債務費>
        <預備金_經>0</預備金_經>
        <經常支出小計>0</經常支出小計>
        <業務費_資>0</業務費_資>
        <設備及投資>184700</設備及投資>
        <奬補助費_資>0</奬補助費_資>
        <預備金_資>0</預備金_資>
        <資本支出小計>184700</資本支出小計>
        <合計>184700</合計>
    </Row>
    <Row>
        <款/>
        <項/>
        <目/>
        <節>1</節>
        <科目名稱>營建工程</科目名稱>
        <預算科目編號>65570059002</預算科目編號>
        <人事費>0</人事費>
        <業務費_經>0</業務費_經>
        <奬補助費_經>0</奬補助費_經>
        <債務費>0</債務費>
        <預備金_經>0</預備金_經>
        <經常支出小計>0</經常支出小計>
        <業務費_資>0</業務費_資>
        <設備及投資>184700</設備及投資>
        <奬補助費_資>0</奬補助費_資>
        <預備金_資>0</預備金_資>
        <資本支出小計>184700</資本支出小計>
        <合計>184700</合計>
    </Row>
    <Row>
        <款/>
        <項/>
        <目>5</目>
        <節/>
        <科目名稱>第一預備金</科目名稱>
        <預算科目編號>65570059800</預算科目編號>
        <人事費>0</人事費>
        <業務費_經>0</業務費_經>
        <奬補助費_經>0</奬補助費_經>
        <債務費>0</債務費>
        <預備金_經>50</預備金_經>
        <經常支出小計>50</經常支出小計>
        <業務費_資>0</業務費_資>
        <設備及投資>0</設備及投資>
        <奬補助費_資>0</奬補助費_資>
        <預備金_資>0</預備金_資>
        <資本支出小計>0</資本支出小計>
        <合計>50</合計>
    </Row>
</Root>
