<?xml version="1.0" encoding="UTF-8"?>
<tables>
    <BCTDOUTGO>
        <BCTDOUTGO_row>
            <bm_fiscalyear>110</bm_fiscalyear>
            <bm_fundkind>1</bm_fundkind>
            <bm_budgetkind>1</bm_budgetkind>
            <bm_specialbudgetno/>
            <bm_agenno>57005</bm_agenno>
            <bm_agentype>C</bm_agentype>
            <bm_budgetstate>1</bm_budgetstate>
            <bm_abroadplan>1</bm_abroadplan>
            <bm_projtype>8 </bm_projtype>
            <bm_projno>01</bm_projno>
            <bm_abroadplanname>參加美國疾病管制局舉辦之傳染病防治與流病疫情調查研習</bm_abroadplanname>
            <bm_visitsts/>
            <bm_visitexplain/>
            <bm_dispatchstaffs>1</bm_dispatchstaffs>
            <bm_abroadsite1/>
            <bm_abroadsite2/>
            <bm_abroadsite3/>
            <bm_abroadperiod1/>
            <bm_abroadperiodto1/>
            <bm_abroadperiod2/>
            <bm_abroadperiodto2/>
            <bm_abroadperiod3/>
            <bm_abroadperiodto3/>
            <bm_abroadstaffs1>0</bm_abroadstaffs1>
            <bm_abroadstaffs2>0</bm_abroadstaffs2>
            <bm_abroadstaffs3>0</bm_abroadstaffs3>
            <bm_abroadallowance1>0.00</bm_abroadallowance1>
            <bm_abroadallowance2>0.00</bm_abroadallowance2>
            <bm_abroadallowance3>0.00</bm_abroadallowance3>
            <bm_budgetno>65570050200</bm_budgetno>
            <bm_regionno>43</bm_regionno>
            <bm_country>美國</bm_country>
            <bm_agency/>
            <bm_cont_text>為執行我國與美國簽署之臺美4號合作協定，由本署派員參與美國CDC舉辦為期二年之傳染病防治與流病疫情調查專業人才訓練計畫案（EIS）。</bm_cont_text>
            <bm_durationfrom>11001</bm_durationfrom>
            <bm_durationto>11012</bm_durationto>
            <bm_days>222</bm_days>
            <bm_persons>2</bm_persons>
            <bm_amt_trans>0.00</bm_amt_trans>
            <bm_amt_life>389000.00</bm_amt_life>
            <bm_amt_public>0.00</bm_amt_public>
            <bm_amt_books>61000.00</bm_amt_books>
            <bm_amt_flight>100000.00</bm_amt_flight>
            <bm_versiondate/>
        </BCTDOUTGO_row>
        <BCTDOUTGO_row>
            <bm_fiscalyear>110</bm_fiscalyear>
            <bm_fundkind>1</bm_fundkind>
            <bm_budgetkind>1</bm_budgetkind>
            <bm_specialbudgetno/>
            <bm_agenno>57005</bm_agenno>
            <bm_agentype>C</bm_agentype>
            <bm_budgetstate>1</bm_budgetstate>
            <bm_abroadplan>1</bm_abroadplan>
            <bm_projtype>8 </bm_projtype>
            <bm_projno>02</bm_projno>
            <bm_abroadplanname>緊急或新興傳染病疫情調查研習</bm_abroadplanname>
            <bm_visitsts>0</bm_visitsts>
            <bm_visitexplain/>
            <bm_dispatchstaffs>16</bm_dispatchstaffs>
            <bm_abroadsite1/>
            <bm_abroadsite2/>
            <bm_abroadsite3/>
            <bm_abroadperiod1/>
            <bm_abroadperiodto1/>
            <bm_abroadperiod2/>
            <bm_abroadperiodto2/>
            <bm_abroadperiod3/>
            <bm_abroadperiodto3/>
            <bm_abroadstaffs1>0</bm_abroadstaffs1>
            <bm_abroadstaffs2>0</bm_abroadstaffs2>
            <bm_abroadstaffs3>0</bm_abroadstaffs3>
            <bm_abroadallowance1>0.00</bm_abroadallowance1>
            <bm_abroadallowance2>0.00</bm_abroadallowance2>
            <bm_abroadallowance3>0.00</bm_abroadallowance3>
            <bm_budgetno>65570050200</bm_budgetno>
            <bm_regionno>43</bm_regionno>
            <bm_country>歐美亞太非洲</bm_country>
            <bm_agency/>
            <bm_cont_text>&amp;lt;#H1&amp;gt;派員赴發生緊急或新興傳染病之地區，學習國內罕見傳染病之疫情調查及防治技能，將疫病阻絕於境外，保護國人健康。&#xd;
&amp;lt;#H1&amp;gt;學習國際疫情調查模式，提升參與國際衛生防疫事務之經驗。</bm_cont_text>
            <bm_durationfrom>11001</bm_durationfrom>
            <bm_durationto>11012</bm_durationto>
            <bm_days>7</bm_days>
            <bm_persons>3</bm_persons>
            <bm_amt_trans>0.00</bm_amt_trans>
            <bm_amt_life>121000.00</bm_amt_life>
            <bm_amt_public>0.00</bm_amt_public>
            <bm_amt_books>35000.00</bm_amt_books>
            <bm_amt_flight>124000.00</bm_amt_flight>
            <bm_versiondate/>
        </BCTDOUTGO_row>
        <BCTDOUTGO_row>
            <bm_fiscalyear>110</bm_fiscalyear>
            <bm_fundkind>1</bm_fundkind>
            <bm_budgetkind>1</bm_budgetkind>
            <bm_specialbudgetno/>
            <bm_agenno>57005</bm_agenno>
            <bm_agentype>C</bm_agentype>
            <bm_budgetstate>1</bm_budgetstate>
            <bm_abroadplan>1</bm_abroadplan>
            <bm_projtype>8 </bm_projtype>
            <bm_projno>03</bm_projno>
            <bm_abroadplanname>國際衛生組織舉辦之傳染病防治研習或技術訓練計畫</bm_abroadplanname>
            <bm_visitsts>0</bm_visitsts>
            <bm_visitexplain/>
            <bm_dispatchstaffs>10</bm_dispatchstaffs>
            <bm_abroadsite1/>
            <bm_abroadsite2/>
            <bm_abroadsite3/>
            <bm_abroadperiod1/>
            <bm_abroadperiodto1/>
            <bm_abroadperiod2/>
            <bm_abroadperiodto2/>
            <bm_abroadperiod3/>
            <bm_abroadperiodto3/>
            <bm_abroadstaffs1>0</bm_abroadstaffs1>
            <bm_abroadstaffs2>0</bm_abroadstaffs2>
            <bm_abroadstaffs3>0</bm_abroadstaffs3>
            <bm_abroadallowance1>0.00</bm_abroadallowance1>
            <bm_abroadallowance2>0.00</bm_abroadallowance2>
            <bm_abroadallowance3>0.00</bm_abroadallowance3>
            <bm_budgetno>65570050200</bm_budgetno>
            <bm_regionno>43</bm_regionno>
            <bm_country>歐美亞太非洲</bm_country>
            <bm_agency/>
            <bm_cont_text>參加重要國際組織舉辦之疫情防治課程，研習傳染病防治等新知及技術，提升我國防疫量能，並建立國際人脈，加強雙（多）邊合作技術交流，藉以提升我國之國際能見度。</bm_cont_text>
            <bm_durationfrom>11001</bm_durationfrom>
            <bm_durationto>11012</bm_durationto>
            <bm_days>12</bm_days>
            <bm_persons>2</bm_persons>
            <bm_amt_trans>0.00</bm_amt_trans>
            <bm_amt_life>153000.00</bm_amt_life>
            <bm_amt_public>0.00</bm_amt_public>
            <bm_amt_books>27000.00</bm_amt_books>
            <bm_amt_flight>84000.00</bm_amt_flight>
            <bm_versiondate/>
        </BCTDOUTGO_row>
        <BCTDOUTGO_row>
            <bm_fiscalyear>110</bm_fiscalyear>
            <bm_fundkind>1</bm_fundkind>
            <bm_budgetkind>1</bm_budgetkind>
            <bm_specialbudgetno/>
            <bm_agenno>57005</bm_agenno>
            <bm_agentype>C</bm_agentype>
            <bm_budgetstate>1</bm_budgetstate>
            <bm_abroadplan>1</bm_abroadplan>
            <bm_projtype>8 </bm_projtype>
            <bm_projno>04</bm_projno>
            <bm_abroadplanname>赴日本國立感染症研究所（NIID）研習傳染病防治相關研究成果與經驗交流</bm_abroadplanname>
            <bm_visitsts>0</bm_visitsts>
            <bm_visitexplain/>
            <bm_dispatchstaffs>16</bm_dispatchstaffs>
            <bm_abroadsite1/>
            <bm_abroadsite2/>
            <bm_abroadsite3/>
            <bm_abroadperiod1/>
            <bm_abroadperiodto1/>
            <bm_abroadperiod2/>
            <bm_abroadperiodto2/>
            <bm_abroadperiod3/>
            <bm_abroadperiodto3/>
            <bm_abroadstaffs1>0</bm_abroadstaffs1>
            <bm_abroadstaffs2>0</bm_abroadstaffs2>
            <bm_abroadstaffs3>0</bm_abroadstaffs3>
            <bm_abroadallowance1>0.00</bm_abroadallowance1>
            <bm_abroadallowance2>0.00</bm_abroadallowance2>
            <bm_abroadallowance3>0.00</bm_abroadallowance3>
            <bm_budgetno>65570050200</bm_budgetno>
            <bm_regionno>43</bm_regionno>
            <bm_country>日本</bm_country>
            <bm_agency/>
            <bm_cont_text>我國與日本於92年簽署「關於嚴重急性呼吸道症候群（SARS）共同研究了解備忘錄」，自93年起每年由兩國輪流主辦防疫研習活動，針對重要傳染病防治等相關議題進行交流，110年輪由日本主辦，本署組團參加。</bm_cont_text>
            <bm_durationfrom>11001</bm_durationfrom>
            <bm_durationto>11012</bm_durationto>
            <bm_days>4</bm_days>
            <bm_persons>6</bm_persons>
            <bm_amt_trans>0.00</bm_amt_trans>
            <bm_amt_life>168000.00</bm_amt_life>
            <bm_amt_public>0.00</bm_amt_public>
            <bm_amt_books>18000.00</bm_amt_books>
            <bm_amt_flight>114000.00</bm_amt_flight>
            <bm_versiondate/>
        </BCTDOUTGO_row>
        <BCTDOUTGO_row>
            <bm_fiscalyear>110</bm_fiscalyear>
            <bm_fundkind>1</bm_fundkind>
            <bm_budgetkind>1</bm_budgetkind>
            <bm_specialbudgetno/>
            <bm_agenno>57005</bm_agenno>
            <bm_agentype>C</bm_agentype>
            <bm_budgetstate>1</bm_budgetstate>
            <bm_abroadplan>1</bm_abroadplan>
            <bm_projtype>8 </bm_projtype>
            <bm_projno>05</bm_projno>
            <bm_abroadplanname>國際新興蟲媒傳染病防治研習</bm_abroadplanname>
            <bm_visitsts>0</bm_visitsts>
            <bm_visitexplain/>
            <bm_dispatchstaffs>2</bm_dispatchstaffs>
            <bm_abroadsite1/>
            <bm_abroadsite2/>
            <bm_abroadsite3/>
            <bm_abroadperiod1/>
            <bm_abroadperiodto1/>
            <bm_abroadperiod2/>
            <bm_abroadperiodto2/>
            <bm_abroadperiod3/>
            <bm_abroadperiodto3/>
            <bm_abroadstaffs1>0</bm_abroadstaffs1>
            <bm_abroadstaffs2>0</bm_abroadstaffs2>
            <bm_abroadstaffs3>0</bm_abroadstaffs3>
            <bm_abroadallowance1>0.00</bm_abroadallowance1>
            <bm_abroadallowance2>0.00</bm_abroadallowance2>
            <bm_abroadallowance3>0.00</bm_abroadallowance3>
            <bm_budgetno>65570050200</bm_budgetno>
            <bm_regionno>43</bm_regionno>
            <bm_country>歐美亞太非洲</bm_country>
            <bm_agency/>
            <bm_cont_text>受到氣候變遷與國際交流頻繁之影響，近年新興蟲媒傳染病（例如蜱）在國際間快速流行傳播，藉由參與國際間新興蟲媒傳染病防治研習，了解新興蟲媒傳染病之最新流行現況及防治新知，可做為擬訂防疫政策之參考。</bm_cont_text>
            <bm_durationfrom>11001</bm_durationfrom>
            <bm_durationto>11012</bm_durationto>
            <bm_days>5</bm_days>
            <bm_persons>1</bm_persons>
            <bm_amt_trans>0.00</bm_amt_trans>
            <bm_amt_life>26000.00</bm_amt_life>
            <bm_amt_public>0.00</bm_amt_public>
            <bm_amt_books>16000.00</bm_amt_books>
            <bm_amt_flight>28000.00</bm_amt_flight>
            <bm_versiondate/>
        </BCTDOUTGO_row>
        <BCTDOUTGO_row>
            <bm_fiscalyear>110</bm_fiscalyear>
            <bm_fundkind>1</bm_fundkind>
            <bm_budgetkind>1</bm_budgetkind>
            <bm_specialbudgetno/>
            <bm_agenno>57005</bm_agenno>
            <bm_agentype>C</bm_agentype>
            <bm_budgetstate>1</bm_budgetstate>
            <bm_abroadplan>1</bm_abroadplan>
            <bm_projtype>8 </bm_projtype>
            <bm_projno>06</bm_projno>
            <bm_abroadplanname>年輕族群愛滋及性傳染病防治研習</bm_abroadplanname>
            <bm_visitsts>0</bm_visitsts>
            <bm_visitexplain/>
            <bm_dispatchstaffs>3</bm_dispatchstaffs>
            <bm_abroadsite1/>
            <bm_abroadsite2/>
            <bm_abroadsite3/>
            <bm_abroadperiod1/>
            <bm_abroadperiodto1/>
            <bm_abroadperiod2/>
            <bm_abroadperiodto2/>
            <bm_abroadperiod3/>
            <bm_abroadperiodto3/>
            <bm_abroadstaffs1>0</bm_abroadstaffs1>
            <bm_abroadstaffs2>0</bm_abroadstaffs2>
            <bm_abroadstaffs3>0</bm_abroadstaffs3>
            <bm_abroadallowance1>0.00</bm_abroadallowance1>
            <bm_abroadallowance2>0.00</bm_abroadallowance2>
            <bm_abroadallowance3>0.00</bm_abroadallowance3>
            <bm_budgetno>65570050200</bm_budgetno>
            <bm_regionno>43</bm_regionno>
            <bm_country>歐美亞太非洲</bm_country>
            <bm_agency/>
            <bm_cont_text>國內感染愛滋病毒，主要傳染途徑為不安全性行為，通報年齡主要集中在年輕族群，本計畫擬派員透過與當地專家深入訪談、參與研習課程、參與工作坊等方式，學習有效之年輕族群愛滋防治模式。</bm_cont_text>
            <bm_durationfrom>11001</bm_durationfrom>
            <bm_durationto>11012</bm_durationto>
            <bm_days>8</bm_days>
            <bm_persons>1</bm_persons>
            <bm_amt_trans>0.00</bm_amt_trans>
            <bm_amt_life>54000.00</bm_amt_life>
            <bm_amt_public>0.00</bm_amt_public>
            <bm_amt_books>24000.00</bm_amt_books>
            <bm_amt_flight>55000.00</bm_amt_flight>
            <bm_versiondate/>
        </BCTDOUTGO_row>
        <BCTDOUTGO_row>
            <bm_fiscalyear>110</bm_fiscalyear>
            <bm_fundkind>1</bm_fundkind>
            <bm_budgetkind>1</bm_budgetkind>
            <bm_specialbudgetno/>
            <bm_agenno>57005</bm_agenno>
            <bm_agentype>C</bm_agentype>
            <bm_budgetstate>1</bm_budgetstate>
            <bm_abroadplan>1</bm_abroadplan>
            <bm_projtype>8 </bm_projtype>
            <bm_projno>07</bm_projno>
            <bm_abroadplanname>參加化生放核（CBRNE）國際研習</bm_abroadplanname>
            <bm_visitsts>0</bm_visitsts>
            <bm_visitexplain/>
            <bm_dispatchstaffs>0</bm_dispatchstaffs>
            <bm_abroadsite1/>
            <bm_abroadsite2/>
            <bm_abroadsite3/>
            <bm_abroadperiod1/>
            <bm_abroadperiodto1/>
            <bm_abroadperiod2/>
            <bm_abroadperiodto2/>
            <bm_abroadperiod3/>
            <bm_abroadperiodto3/>
            <bm_abroadstaffs1>0</bm_abroadstaffs1>
            <bm_abroadstaffs2>0</bm_abroadstaffs2>
            <bm_abroadstaffs3>0</bm_abroadstaffs3>
            <bm_abroadallowance1>0.00</bm_abroadallowance1>
            <bm_abroadallowance2>0.00</bm_abroadallowance2>
            <bm_abroadallowance3>0.00</bm_abroadallowance3>
            <bm_budgetno>65570050200</bm_budgetno>
            <bm_regionno>43</bm_regionno>
            <bm_country>歐美亞太非洲</bm_country>
            <bm_agency/>
            <bm_cont_text>研討會主題包括現場環境採樣／分析、清消除汙、醫療對策及風險危機管理，藉此了解國際上生物病危害事件現場相關處置之裝備發展技術及趨勢，有助於本署生恐應變相關政策制定與規劃。</bm_cont_text>
            <bm_durationfrom>11001</bm_durationfrom>
            <bm_durationto>11012</bm_durationto>
            <bm_days>7</bm_days>
            <bm_persons>1</bm_persons>
            <bm_amt_trans>0.00</bm_amt_trans>
            <bm_amt_life>44000.00</bm_amt_life>
            <bm_amt_public>0.00</bm_amt_public>
            <bm_amt_books>30000.00</bm_amt_books>
            <bm_amt_flight>50000.00</bm_amt_flight>
            <bm_versiondate/>
        </BCTDOUTGO_row>
        <BCTDOUTGO_row>
            <bm_fiscalyear>110</bm_fiscalyear>
            <bm_fundkind>1</bm_fundkind>
            <bm_budgetkind>1</bm_budgetkind>
            <bm_specialbudgetno/>
            <bm_agenno>57005</bm_agenno>
            <bm_agentype>C</bm_agentype>
            <bm_budgetstate>1</bm_budgetstate>
            <bm_abroadplan>1</bm_abroadplan>
            <bm_projtype>8 </bm_projtype>
            <bm_projno>08</bm_projno>
            <bm_abroadplanname>國際抗藥性微生物監測與防制策略研習</bm_abroadplanname>
            <bm_visitsts/>
            <bm_visitexplain/>
            <bm_dispatchstaffs>2</bm_dispatchstaffs>
            <bm_abroadsite1/>
            <bm_abroadsite2/>
            <bm_abroadsite3/>
            <bm_abroadperiod1/>
            <bm_abroadperiodto1/>
            <bm_abroadperiod2/>
            <bm_abroadperiodto2/>
            <bm_abroadperiod3/>
            <bm_abroadperiodto3/>
            <bm_abroadstaffs1>0</bm_abroadstaffs1>
            <bm_abroadstaffs2>0</bm_abroadstaffs2>
            <bm_abroadstaffs3>0</bm_abroadstaffs3>
            <bm_abroadallowance1>0.00</bm_abroadallowance1>
            <bm_abroadallowance2>0.00</bm_abroadallowance2>
            <bm_abroadallowance3>0.00</bm_abroadallowance3>
            <bm_budgetno>65570050200</bm_budgetno>
            <bm_regionno>43</bm_regionno>
            <bm_country>歐美亞太非洲</bm_country>
            <bm_agency/>
            <bm_cont_text>抗生素抗藥性為現今國際重要衛生課題，擬派員參加APSIC、ECCMID、ESCAIDE或ICEID等相關研習課程，以了解國際微生物抗藥性監測與防治之研究發展趨勢及實務經驗，提升我國抗生素抗藥性管理之專業能力。</bm_cont_text>
            <bm_durationfrom>11001</bm_durationfrom>
            <bm_durationto>11012</bm_durationto>
            <bm_days>9</bm_days>
            <bm_persons>1</bm_persons>
            <bm_amt_trans>0.00</bm_amt_trans>
            <bm_amt_life>57000.00</bm_amt_life>
            <bm_amt_public>0.00</bm_amt_public>
            <bm_amt_books>33000.00</bm_amt_books>
            <bm_amt_flight>40000.00</bm_amt_flight>
            <bm_versiondate/>
        </BCTDOUTGO_row>
        <BCTDOUTGO_row>
            <bm_fiscalyear>110</bm_fiscalyear>
            <bm_fundkind>1</bm_fundkind>
            <bm_budgetkind>1</bm_budgetkind>
            <bm_specialbudgetno/>
            <bm_agenno>57005</bm_agenno>
            <bm_agentype>C</bm_agentype>
            <bm_budgetstate>1</bm_budgetstate>
            <bm_abroadplan>1</bm_abroadplan>
            <bm_projtype>8 </bm_projtype>
            <bm_projno>09</bm_projno>
            <bm_abroadplanname>國際醫療照護感染預防及實驗室生物風險管理制度研習</bm_abroadplanname>
            <bm_visitsts/>
            <bm_visitexplain/>
            <bm_dispatchstaffs>2</bm_dispatchstaffs>
            <bm_abroadsite1/>
            <bm_abroadsite2/>
            <bm_abroadsite3/>
            <bm_abroadperiod1/>
            <bm_abroadperiodto1/>
            <bm_abroadperiod2/>
            <bm_abroadperiodto2/>
            <bm_abroadperiod3/>
            <bm_abroadperiodto3/>
            <bm_abroadstaffs1>0</bm_abroadstaffs1>
            <bm_abroadstaffs2>0</bm_abroadstaffs2>
            <bm_abroadstaffs3>0</bm_abroadstaffs3>
            <bm_abroadallowance1>0.00</bm_abroadallowance1>
            <bm_abroadallowance2>0.00</bm_abroadallowance2>
            <bm_abroadallowance3>0.00</bm_abroadallowance3>
            <bm_budgetno>65570050200</bm_budgetno>
            <bm_regionno>43</bm_regionno>
            <bm_country>歐美亞太非洲</bm_country>
            <bm_agency/>
            <bm_cont_text>醫療照護相關感染及實驗室生物風險管理為現今國際重要之公共衛生議題，擬派員參加國際重要學會團體舉辦之相關研習課程，以了解國際醫療照護感染管制策略及實驗室導入生物風險管理系統之發展趨勢及實務經驗，做為我國政策實施之借鏡及參考。</bm_cont_text>
            <bm_durationfrom>11001</bm_durationfrom>
            <bm_durationto>11012</bm_durationto>
            <bm_days>8</bm_days>
            <bm_persons>1</bm_persons>
            <bm_amt_trans>0.00</bm_amt_trans>
            <bm_amt_life>50000.00</bm_amt_life>
            <bm_amt_public>0.00</bm_amt_public>
            <bm_amt_books>30000.00</bm_amt_books>
            <bm_amt_flight>50000.00</bm_amt_flight>
            <bm_versiondate/>
        </BCTDOUTGO_row>
        <BCTDOUTGO_row>
            <bm_fiscalyear>110</bm_fiscalyear>
            <bm_fundkind>1</bm_fundkind>
            <bm_budgetkind>1</bm_budgetkind>
            <bm_specialbudgetno/>
            <bm_agenno>57005</bm_agenno>
            <bm_agentype>C</bm_agentype>
            <bm_budgetstate>1</bm_budgetstate>
            <bm_abroadplan>1</bm_abroadplan>
            <bm_projtype>8 </bm_projtype>
            <bm_projno>10</bm_projno>
            <bm_abroadplanname>提升新南向人員健康服務品質計畫</bm_abroadplanname>
            <bm_visitsts/>
            <bm_visitexplain/>
            <bm_dispatchstaffs>4</bm_dispatchstaffs>
            <bm_abroadsite1/>
            <bm_abroadsite2/>
            <bm_abroadsite3/>
            <bm_abroadperiod1/>
            <bm_abroadperiodto1/>
            <bm_abroadperiod2/>
            <bm_abroadperiodto2/>
            <bm_abroadperiod3/>
            <bm_abroadperiodto3/>
            <bm_abroadstaffs1>0</bm_abroadstaffs1>
            <bm_abroadstaffs2>0</bm_abroadstaffs2>
            <bm_abroadstaffs3>0</bm_abroadstaffs3>
            <bm_abroadallowance1>0.00</bm_abroadallowance1>
            <bm_abroadallowance2>0.00</bm_abroadallowance2>
            <bm_abroadallowance3>0.00</bm_abroadallowance3>
            <bm_budgetno>65570050200</bm_budgetno>
            <bm_regionno>43</bm_regionno>
            <bm_country>歐美亞太</bm_country>
            <bm_agency/>
            <bm_cont_text>參加國際組織活動、前往歐美亞等政府機關（構）或醫療組織等，研習各國外派高疫病風險地區人員行前諮詢、檢查與返國後健康醫療協助，或提供外國人友善醫療服務經驗等，提升新南向人員健康服務品質。</bm_cont_text>
            <bm_durationfrom>11001</bm_durationfrom>
            <bm_durationto>11012</bm_durationto>
            <bm_days>5</bm_days>
            <bm_persons>3</bm_persons>
            <bm_amt_trans>0.00</bm_amt_trans>
            <bm_amt_life>67000.00</bm_amt_life>
            <bm_amt_public>0.00</bm_amt_public>
            <bm_amt_books>25000.00</bm_amt_books>
            <bm_amt_flight>108000.00</bm_amt_flight>
            <bm_versiondate/>
        </BCTDOUTGO_row>
        <BCTDOUTGO_row>
            <bm_fiscalyear>110</bm_fiscalyear>
            <bm_fundkind>1</bm_fundkind>
            <bm_budgetkind>1</bm_budgetkind>
            <bm_specialbudgetno/>
            <bm_agenno>57005</bm_agenno>
            <bm_agentype>C</bm_agentype>
            <bm_budgetstate>1</bm_budgetstate>
            <bm_abroadplan>1</bm_abroadplan>
            <bm_projtype>8 </bm_projtype>
            <bm_projno>11</bm_projno>
            <bm_abroadplanname>歐洲或北美VSP船舶衛生檢查及港埠檢疫訓練課程或活動</bm_abroadplanname>
            <bm_visitsts/>
            <bm_visitexplain/>
            <bm_dispatchstaffs>2</bm_dispatchstaffs>
            <bm_abroadsite1/>
            <bm_abroadsite2/>
            <bm_abroadsite3/>
            <bm_abroadperiod1/>
            <bm_abroadperiodto1/>
            <bm_abroadperiod2/>
            <bm_abroadperiodto2/>
            <bm_abroadperiod3/>
            <bm_abroadperiodto3/>
            <bm_abroadstaffs1>0</bm_abroadstaffs1>
            <bm_abroadstaffs2>0</bm_abroadstaffs2>
            <bm_abroadstaffs3>0</bm_abroadstaffs3>
            <bm_abroadallowance1>0.00</bm_abroadallowance1>
            <bm_abroadallowance2>0.00</bm_abroadallowance2>
            <bm_abroadallowance3>0.00</bm_abroadallowance3>
            <bm_budgetno>65570050200</bm_budgetno>
            <bm_regionno>43</bm_regionno>
            <bm_country>歐美</bm_country>
            <bm_agency/>
            <bm_cont_text>近年我國郵輪產業蓬勃發展，積極推動Fly-cruise旅遊，參與歐洲或北美（如US.CDC）開辦之船舶衛生檢查訓練（VSP）及港埠檢疫課程或活動，提升我國港埠檢疫及緊急應變處理能力，並做為我國擬訂檢疫政策之參考。</bm_cont_text>
            <bm_durationfrom>11001</bm_durationfrom>
            <bm_durationto>11012</bm_durationto>
            <bm_days>7</bm_days>
            <bm_persons>1</bm_persons>
            <bm_amt_trans>0.00</bm_amt_trans>
            <bm_amt_life>46000.00</bm_amt_life>
            <bm_amt_public>0.00</bm_amt_public>
            <bm_amt_books>24000.00</bm_amt_books>
            <bm_amt_flight>60000.00</bm_amt_flight>
            <bm_versiondate/>
        </BCTDOUTGO_row>
        <BCTDOUTGO_row>
            <bm_fiscalyear>110</bm_fiscalyear>
            <bm_fundkind>1</bm_fundkind>
            <bm_budgetkind>1</bm_budgetkind>
            <bm_specialbudgetno/>
            <bm_agenno>57005</bm_agenno>
            <bm_agentype>C</bm_agentype>
            <bm_budgetstate>1</bm_budgetstate>
            <bm_abroadplan>1</bm_abroadplan>
            <bm_projtype>8 </bm_projtype>
            <bm_projno>12</bm_projno>
            <bm_abroadplanname>傳染病智慧監測研討計畫</bm_abroadplanname>
            <bm_visitsts/>
            <bm_visitexplain/>
            <bm_dispatchstaffs>0</bm_dispatchstaffs>
            <bm_abroadsite1/>
            <bm_abroadsite2/>
            <bm_abroadsite3/>
            <bm_abroadperiod1/>
            <bm_abroadperiodto1/>
            <bm_abroadperiod2/>
            <bm_abroadperiodto2/>
            <bm_abroadperiod3/>
            <bm_abroadperiodto3/>
            <bm_abroadstaffs1>0</bm_abroadstaffs1>
            <bm_abroadstaffs2>0</bm_abroadstaffs2>
            <bm_abroadstaffs3>0</bm_abroadstaffs3>
            <bm_abroadallowance1>0.00</bm_abroadallowance1>
            <bm_abroadallowance2>0.00</bm_abroadallowance2>
            <bm_abroadallowance3>0.00</bm_abroadallowance3>
            <bm_budgetno>65570050200</bm_budgetno>
            <bm_regionno>43</bm_regionno>
            <bm_country>歐美亞太非洲</bm_country>
            <bm_agency/>
            <bm_cont_text>藉由參與國際間傳染病監測相關研習，結合運用新智慧技術於傳染病監測機制中，尤其涵蓋地理資訊分析及人工智慧等新興熱門領域，做為本署提升疫情監測能力及改善監測架構之參考。</bm_cont_text>
            <bm_durationfrom>11001</bm_durationfrom>
            <bm_durationto>11012</bm_durationto>
            <bm_days>8</bm_days>
            <bm_persons>1</bm_persons>
            <bm_amt_trans>0.00</bm_amt_trans>
            <bm_amt_life>50000.00</bm_amt_life>
            <bm_amt_public>0.00</bm_amt_public>
            <bm_amt_books>32000.00</bm_amt_books>
            <bm_amt_flight>50000.00</bm_amt_flight>
            <bm_versiondate/>
        </BCTDOUTGO_row>
        <BCTDOUTGO_row>
            <bm_fiscalyear>110</bm_fiscalyear>
            <bm_fundkind>1</bm_fundkind>
            <bm_budgetkind>1</bm_budgetkind>
            <bm_specialbudgetno/>
            <bm_agenno>57005</bm_agenno>
            <bm_agentype>C</bm_agentype>
            <bm_budgetstate>1</bm_budgetstate>
            <bm_abroadplan>1</bm_abroadplan>
            <bm_projtype>8 </bm_projtype>
            <bm_projno>13</bm_projno>
            <bm_abroadplanname>傳染病資料運用加值計畫</bm_abroadplanname>
            <bm_visitsts/>
            <bm_visitexplain/>
            <bm_dispatchstaffs>0</bm_dispatchstaffs>
            <bm_abroadsite1/>
            <bm_abroadsite2/>
            <bm_abroadsite3/>
            <bm_abroadperiod1/>
            <bm_abroadperiodto1/>
            <bm_abroadperiod2/>
            <bm_abroadperiodto2/>
            <bm_abroadperiod3/>
            <bm_abroadperiodto3/>
            <bm_abroadstaffs1>0</bm_abroadstaffs1>
            <bm_abroadstaffs2>0</bm_abroadstaffs2>
            <bm_abroadstaffs3>0</bm_abroadstaffs3>
            <bm_abroadallowance1>0.00</bm_abroadallowance1>
            <bm_abroadallowance2>0.00</bm_abroadallowance2>
            <bm_abroadallowance3>0.00</bm_abroadallowance3>
            <bm_budgetno>65570050200</bm_budgetno>
            <bm_regionno>43</bm_regionno>
            <bm_country>歐美亞太非洲</bm_country>
            <bm_agency/>
            <bm_cont_text>出席國際組織舉辦之研習，以了解全球公衛趨勢，並期望藉由其中digital health相關議題，學習資訊科技於傳染病疫情資料加值之運用，提升疫情分析及呈現表達能力，協助防疫決策。</bm_cont_text>
            <bm_durationfrom>11001</bm_durationfrom>
            <bm_durationto>11012</bm_durationto>
            <bm_days>7</bm_days>
            <bm_persons>1</bm_persons>
            <bm_amt_trans>0.00</bm_amt_trans>
            <bm_amt_life>37000.00</bm_amt_life>
            <bm_amt_public>0.00</bm_amt_public>
            <bm_amt_books>25000.00</bm_amt_books>
            <bm_amt_flight>56000.00</bm_amt_flight>
            <bm_versiondate/>
        </BCTDOUTGO_row>
        <BCTDOUTGO_row>
            <bm_fiscalyear>110</bm_fiscalyear>
            <bm_fundkind>1</bm_fundkind>
            <bm_budgetkind>1</bm_budgetkind>
            <bm_specialbudgetno/>
            <bm_agenno>57005</bm_agenno>
            <bm_agentype>C</bm_agentype>
            <bm_budgetstate>1</bm_budgetstate>
            <bm_abroadplan>1</bm_abroadplan>
            <bm_projtype>8 </bm_projtype>
            <bm_projno>14</bm_projno>
            <bm_abroadplanname>人畜共通傳染病流行病學調查與防治研習</bm_abroadplanname>
            <bm_visitsts/>
            <bm_visitexplain/>
            <bm_dispatchstaffs>2</bm_dispatchstaffs>
            <bm_abroadsite1/>
            <bm_abroadsite2/>
            <bm_abroadsite3/>
            <bm_abroadperiod1/>
            <bm_abroadperiodto1/>
            <bm_abroadperiod2/>
            <bm_abroadperiodto2/>
            <bm_abroadperiod3/>
            <bm_abroadperiodto3/>
            <bm_abroadstaffs1>0</bm_abroadstaffs1>
            <bm_abroadstaffs2>0</bm_abroadstaffs2>
            <bm_abroadstaffs3>0</bm_abroadstaffs3>
            <bm_abroadallowance1>0.00</bm_abroadallowance1>
            <bm_abroadallowance2>0.00</bm_abroadallowance2>
            <bm_abroadallowance3>0.00</bm_abroadallowance3>
            <bm_budgetno>52570050400</bm_budgetno>
            <bm_regionno>43</bm_regionno>
            <bm_country>歐美亞太非洲</bm_country>
            <bm_agency/>
            <bm_cont_text>為因應禽流感、狂犬病等人畜共通傳染病，派員赴歐盟或美國等國家參與相關疫情監測或防治技術之訓練，並建立合作交流管道，提升我國防疫量能。</bm_cont_text>
            <bm_durationfrom>11001</bm_durationfrom>
            <bm_durationto>11012</bm_durationto>
            <bm_days>7</bm_days>
            <bm_persons>1</bm_persons>
            <bm_amt_trans>0.00</bm_amt_trans>
            <bm_amt_life>42000.00</bm_amt_life>
            <bm_amt_public>0.00</bm_amt_public>
            <bm_amt_books>23000.00</bm_amt_books>
            <bm_amt_flight>65000.00</bm_amt_flight>
            <bm_versiondate/>
        </BCTDOUTGO_row>
        <BCTDOUTGO_row>
            <bm_fiscalyear>110</bm_fiscalyear>
            <bm_fundkind>1</bm_fundkind>
            <bm_budgetkind>1</bm_budgetkind>
            <bm_specialbudgetno/>
            <bm_agenno>57005</bm_agenno>
            <bm_agentype>C</bm_agentype>
            <bm_budgetstate>1</bm_budgetstate>
            <bm_abroadplan>1</bm_abroadplan>
            <bm_projtype>8 </bm_projtype>
            <bm_projno>15</bm_projno>
            <bm_abroadplanname>流感病毒基因體快速定序及分析方法研習</bm_abroadplanname>
            <bm_visitsts/>
            <bm_visitexplain/>
            <bm_dispatchstaffs>0</bm_dispatchstaffs>
            <bm_abroadsite1/>
            <bm_abroadsite2/>
            <bm_abroadsite3/>
            <bm_abroadperiod1/>
            <bm_abroadperiodto1/>
            <bm_abroadperiod2/>
            <bm_abroadperiodto2/>
            <bm_abroadperiod3/>
            <bm_abroadperiodto3/>
            <bm_abroadstaffs1>0</bm_abroadstaffs1>
            <bm_abroadstaffs2>0</bm_abroadstaffs2>
            <bm_abroadstaffs3>0</bm_abroadstaffs3>
            <bm_abroadallowance1>0.00</bm_abroadallowance1>
            <bm_abroadallowance2>0.00</bm_abroadallowance2>
            <bm_abroadallowance3>0.00</bm_abroadallowance3>
            <bm_budgetno>52570050400</bm_budgetno>
            <bm_regionno>43</bm_regionno>
            <bm_country>歐美亞太非洲</bm_country>
            <bm_agency/>
            <bm_cont_text>研習流感病毒基因體快速定序及分析方法，可提升本署國家級實驗室現階段針對我國流感病毒流行株之基因體監測效能；亦可進一步將該檢驗流程套用至其他呼吸道病毒，加速傳染病檢驗監測時效。</bm_cont_text>
            <bm_durationfrom>11001</bm_durationfrom>
            <bm_durationto>11012</bm_durationto>
            <bm_days>7</bm_days>
            <bm_persons>1</bm_persons>
            <bm_amt_trans>0.00</bm_amt_trans>
            <bm_amt_life>50000.00</bm_amt_life>
            <bm_amt_public>0.00</bm_amt_public>
            <bm_amt_books>3000.00</bm_amt_books>
            <bm_amt_flight>20000.00</bm_amt_flight>
            <bm_versiondate/>
        </BCTDOUTGO_row>
    </BCTDOUTGO>
</tables>
