<?xml version="1.0" encoding="UTF-8"?>
<tables>
    <BCTDHELPPLAN>
        <BCTDHELPPLAN_row>
            <bh_fiscalyear>110</bh_fiscalyear>
            <bh_fundkind>1</bh_fundkind>
            <bh_budgetkind>1</bh_budgetkind>
            <bh_specialbudgetno/>
            <bh_agenno>57005</bh_agenno>
            <bh_agentype>C</bh_agentype>
            <bh_budgetstate>1</bh_budgetstate>
            <bh_versiondate/>
            <bh_objectno>4005</bh_objectno>
            <bh_endowplanno>01</bh_endowplanno>
            <bh_endowplanname>傳染病防治計畫</bh_endowplanname>
            <bh_donname/>
            <bh_endowsts>0</bh_endowsts>
            <bh_budgetno>65570050200</bh_budgetno>
            <bh_subprojectno>01</bh_subprojectno>
            <bh_budgetsource>1</bh_budgetsource>
            <bh_applyid>0</bh_applyid>
            <bh_startyear>110</bh_startyear>
            <bh_endyear>110</bh_endyear>
            <bh_donrem>補助地方政府辦理疫病防治業務推動等相關工作（新北市5,577千元、桃園市5,427千元、臺中市5,033千元、臺南市12,478千元、高雄市16,101千元、未分配22,500千元）。&#xd;
</bh_donrem>
            <bh_bgtyear>110</bh_bgtyear>
            <bh_amt_man>0.00</bh_amt_man>
            <bh_amt_business>67116000.00</bh_amt_business>
            <bh_amt_other>0.00</bh_amt_other>
            <bh_amt_land>0.00</bh_amt_land>
            <bh_amt_house>0.00</bh_amt_house>
            <bh_amt6>0.00</bh_amt6>
            <bh_amt7>0.00</bh_amt7>
            <bh_flowflag/>
            <bh_signflag/>
            <bh_signno/>
            <mj_subprojectno_na>01 - 傳染病防治及應變規劃</mj_subprojectno_na>
        </BCTDHELPPLAN_row>
        <BCTDHELPPLAN_row>
            <bh_fiscalyear>110</bh_fiscalyear>
            <bh_fundkind>1</bh_fundkind>
            <bh_budgetkind>1</bh_budgetkind>
            <bh_specialbudgetno/>
            <bh_agenno>57005</bh_agenno>
            <bh_agentype>C</bh_agentype>
            <bh_budgetstate>1</bh_budgetstate>
            <bh_versiondate/>
            <bh_objectno>4010</bh_objectno>
            <bh_endowplanno>01</bh_endowplanno>
            <bh_endowplanname>傳染病防治計畫</bh_endowplanname>
            <bh_donname/>
            <bh_endowsts>0</bh_endowsts>
            <bh_budgetno>65570050200</bh_budgetno>
            <bh_subprojectno>01</bh_subprojectno>
            <bh_budgetsource>1</bh_budgetsource>
            <bh_applyid>0</bh_applyid>
            <bh_startyear>110</bh_startyear>
            <bh_endyear>110</bh_endyear>
            <bh_donrem>補助地方政府辦理疫病防治業務推動等相關工作（宜蘭縣4,122千元、新竹縣3,629千元、苗栗縣3,344千元、彰化縣2,721千元、南投縣6,728千元、雲林縣2,462千元、嘉義縣5,101千元、屏東縣14,174千元、臺東縣5,442千元、花蓮縣5,997千元、澎湖縣1,339千元、基隆市1,610千元、新竹市1,504千元、嘉義市1,419千元、未分配12,100千元）。&#xd;
</bh_donrem>
            <bh_bgtyear>110</bh_bgtyear>
            <bh_amt_man>0.00</bh_amt_man>
            <bh_amt_business>71692000.00</bh_amt_business>
            <bh_amt_other>0.00</bh_amt_other>
            <bh_amt_land>0.00</bh_amt_land>
            <bh_amt_house>0.00</bh_amt_house>
            <bh_amt6>0.00</bh_amt6>
            <bh_amt7>0.00</bh_amt7>
            <bh_flowflag/>
            <bh_signflag/>
            <bh_signno/>
            <mj_subprojectno_na>01 - 傳染病防治及應變規劃</mj_subprojectno_na>
        </BCTDHELPPLAN_row>
        <BCTDHELPPLAN_row>
            <bh_fiscalyear>110</bh_fiscalyear>
            <bh_fundkind>1</bh_fundkind>
            <bh_budgetkind>1</bh_budgetkind>
            <bh_specialbudgetno/>
            <bh_agenno>57005</bh_agenno>
            <bh_agentype>C</bh_agentype>
            <bh_budgetstate>1</bh_budgetstate>
            <bh_versiondate/>
            <bh_objectno>4015</bh_objectno>
            <bh_endowplanno>01</bh_endowplanno>
            <bh_endowplanname>傳染病防治計畫</bh_endowplanname>
            <bh_donname/>
            <bh_endowsts>0</bh_endowsts>
            <bh_budgetno>65570050200</bh_budgetno>
            <bh_subprojectno>01</bh_subprojectno>
            <bh_budgetsource>1</bh_budgetsource>
            <bh_applyid>0</bh_applyid>
            <bh_startyear>110</bh_startyear>
            <bh_endyear>110</bh_endyear>
            <bh_donrem>補助地方政府辦理疫病防治業務推動等相關工作（金門縣524千元、連江縣269千元、未分配400千元）。&#xd;
</bh_donrem>
            <bh_bgtyear>110</bh_bgtyear>
            <bh_amt_man>0.00</bh_amt_man>
            <bh_amt_business>1193000.00</bh_amt_business>
            <bh_amt_other>0.00</bh_amt_other>
            <bh_amt_land>0.00</bh_amt_land>
            <bh_amt_house>0.00</bh_amt_house>
            <bh_amt6>0.00</bh_amt6>
            <bh_amt7>0.00</bh_amt7>
            <bh_flowflag/>
            <bh_signflag/>
            <bh_signno/>
            <mj_subprojectno_na>01 - 傳染病防治及應變規劃</mj_subprojectno_na>
        </BCTDHELPPLAN_row>
        <BCTDHELPPLAN_row>
            <bh_fiscalyear>110</bh_fiscalyear>
            <bh_fundkind>1</bh_fundkind>
            <bh_budgetkind>1</bh_budgetkind>
            <bh_specialbudgetno/>
            <bh_agenno>57005</bh_agenno>
            <bh_agentype>C</bh_agentype>
            <bh_budgetstate>1</bh_budgetstate>
            <bh_versiondate/>
            <bh_objectno>4025</bh_objectno>
            <bh_endowplanno>02</bh_endowplanno>
            <bh_endowplanname>傳染病研究檢驗</bh_endowplanname>
            <bh_donname/>
            <bh_endowsts>0</bh_endowsts>
            <bh_budgetno>65570050200</bh_budgetno>
            <bh_subprojectno>01</bh_subprojectno>
            <bh_budgetsource>1</bh_budgetsource>
            <bh_applyid>0</bh_applyid>
            <bh_startyear>110</bh_startyear>
            <bh_endyear>110</bh_endyear>
            <bh_donrem>補助國防醫學院協助高危險病原體及列管毒素之檢驗。</bh_donrem>
            <bh_bgtyear>0</bh_bgtyear>
            <bh_amt_man>614000.00</bh_amt_man>
            <bh_amt_business>55000.00</bh_amt_business>
            <bh_amt_other>36000.00</bh_amt_other>
            <bh_amt_land>0.00</bh_amt_land>
            <bh_amt_house>0.00</bh_amt_house>
            <bh_amt6>0.00</bh_amt6>
            <bh_amt7>0.00</bh_amt7>
            <bh_flowflag/>
            <bh_signflag/>
            <bh_signno/>
            <mj_subprojectno_na>01 - 傳染病防治及應變規劃</mj_subprojectno_na>
        </BCTDHELPPLAN_row>
        <BCTDHELPPLAN_row>
            <bh_fiscalyear>110</bh_fiscalyear>
            <bh_fundkind>1</bh_fundkind>
            <bh_budgetkind>1</bh_budgetkind>
            <bh_specialbudgetno/>
            <bh_agenno>57005</bh_agenno>
            <bh_agentype>C</bh_agentype>
            <bh_budgetstate>1</bh_budgetstate>
            <bh_versiondate/>
            <bh_objectno>4078</bh_objectno>
            <bh_endowplanno>03</bh_endowplanno>
            <bh_endowplanname>愛滋病及其他特殊傳染病防治</bh_endowplanname>
            <bh_donname/>
            <bh_endowsts>0</bh_endowsts>
            <bh_budgetno>65570050200</bh_budgetno>
            <bh_subprojectno>04</bh_subprojectno>
            <bh_budgetsource>1</bh_budgetsource>
            <bh_applyid>0</bh_applyid>
            <bh_startyear>110</bh_startyear>
            <bh_endyear>110</bh_endyear>
            <bh_donrem>補助公立醫事機構辦理愛滋病指定醫事機構服務品質提升、暴露愛滋病毒前預防性投藥及藥癮愛滋防治等相關業務及補助公立學校辦理愛滋防治衛教宣導等相關業務。</bh_donrem>
            <bh_bgtyear>110</bh_bgtyear>
            <bh_amt_man>0.00</bh_amt_man>
            <bh_amt_business>2990000.00</bh_amt_business>
            <bh_amt_other>0.00</bh_amt_other>
            <bh_amt_land>0.00</bh_amt_land>
            <bh_amt_house>0.00</bh_amt_house>
            <bh_amt6>0.00</bh_amt6>
            <bh_amt7>0.00</bh_amt7>
            <bh_flowflag/>
            <bh_signflag/>
            <bh_signno/>
            <mj_subprojectno_na>04 - 愛滋防治第六期五年計畫</mj_subprojectno_na>
        </BCTDHELPPLAN_row>
        <BCTDHELPPLAN_row>
            <bh_fiscalyear>110</bh_fiscalyear>
            <bh_fundkind>1</bh_fundkind>
            <bh_budgetkind>1</bh_budgetkind>
            <bh_specialbudgetno/>
            <bh_agenno>57005</bh_agenno>
            <bh_agentype>C</bh_agentype>
            <bh_budgetstate>1</bh_budgetstate>
            <bh_versiondate/>
            <bh_objectno>4078</bh_objectno>
            <bh_endowplanno>04</bh_endowplanno>
            <bh_endowplanname>結核病防治</bh_endowplanname>
            <bh_donname/>
            <bh_endowsts>0</bh_endowsts>
            <bh_budgetno>65570050200</bh_budgetno>
            <bh_subprojectno>05</bh_subprojectno>
            <bh_budgetsource>1</bh_budgetsource>
            <bh_applyid>0</bh_applyid>
            <bh_startyear>110</bh_startyear>
            <bh_endyear>110</bh_endyear>
            <bh_donrem>補助公立醫事機構加強辦理結核病及漢生病診療、檢驗、管理、防治，特殊個案防治措施、探討與發展、漢生病個案確診及治療執行計畫、潛伏結核感染治療等相關業務。</bh_donrem>
            <bh_bgtyear>110</bh_bgtyear>
            <bh_amt_man>0.00</bh_amt_man>
            <bh_amt_business>300000.00</bh_amt_business>
            <bh_amt_other>0.00</bh_amt_other>
            <bh_amt_land>0.00</bh_amt_land>
            <bh_amt_house>0.00</bh_amt_house>
            <bh_amt6>0.00</bh_amt6>
            <bh_amt7>0.00</bh_amt7>
            <bh_flowflag/>
            <bh_signflag/>
            <bh_signno/>
            <mj_subprojectno_na>05 - 我國加入WHO2035消除結核第二期計畫</mj_subprojectno_na>
        </BCTDHELPPLAN_row>
        <BCTDHELPPLAN_row>
            <bh_fiscalyear>110</bh_fiscalyear>
            <bh_fundkind>1</bh_fundkind>
            <bh_budgetkind>1</bh_budgetkind>
            <bh_specialbudgetno/>
            <bh_agenno>57005</bh_agenno>
            <bh_agentype>C</bh_agentype>
            <bh_budgetstate>1</bh_budgetstate>
            <bh_versiondate/>
            <bh_objectno>4078</bh_objectno>
            <bh_endowplanno>05</bh_endowplanno>
            <bh_endowplanname>我國因應流感大流行準備第三期計畫</bh_endowplanname>
            <bh_donname/>
            <bh_endowsts>0</bh_endowsts>
            <bh_budgetno>65570050200</bh_budgetno>
            <bh_subprojectno>06</bh_subprojectno>
            <bh_budgetsource>1</bh_budgetsource>
            <bh_applyid>0</bh_applyid>
            <bh_startyear>110</bh_startyear>
            <bh_endyear>110</bh_endyear>
            <bh_donrem>&amp;lt;#H1&amp;gt;補助傳染病防治醫療網隔離醫院因應疫情啟動致影響營運費用。&#xd;
&amp;lt;#H1&amp;gt;補助傳染病防治醫療網應變醫院病房維護費。&#xd;
&amp;lt;#H1&amp;gt;補助傳染病防治醫療網支援合作醫院相關行政費。</bh_donrem>
            <bh_bgtyear>110</bh_bgtyear>
            <bh_amt_man>0.00</bh_amt_man>
            <bh_amt_business>17361000.00</bh_amt_business>
            <bh_amt_other>0.00</bh_amt_other>
            <bh_amt_land>0.00</bh_amt_land>
            <bh_amt_house>0.00</bh_amt_house>
            <bh_amt6>0.00</bh_amt6>
            <bh_amt7>0.00</bh_amt7>
            <bh_flowflag/>
            <bh_signflag/>
            <bh_signno/>
            <mj_subprojectno_na>06 - 我國因應流感大流行準備第三期計畫</mj_subprojectno_na>
        </BCTDHELPPLAN_row>
        <BCTDHELPPLAN_row>
            <bh_fiscalyear>110</bh_fiscalyear>
            <bh_fundkind>1</bh_fundkind>
            <bh_budgetkind>1</bh_budgetkind>
            <bh_specialbudgetno/>
            <bh_agenno>57005</bh_agenno>
            <bh_agentype>C</bh_agentype>
            <bh_budgetstate>1</bh_budgetstate>
            <bh_versiondate/>
            <bh_objectno>4078</bh_objectno>
            <bh_endowplanno>06</bh_endowplanno>
            <bh_endowplanname>新興傳染病風險監測與應變整備計畫</bh_endowplanname>
            <bh_donname/>
            <bh_endowsts>0</bh_endowsts>
            <bh_budgetno>65570050200</bh_budgetno>
            <bh_subprojectno>07</bh_subprojectno>
            <bh_budgetsource>1</bh_budgetsource>
            <bh_applyid>0</bh_applyid>
            <bh_startyear>110</bh_startyear>
            <bh_endyear>110</bh_endyear>
            <bh_donrem>補助傳染病防治醫療網汰舊換新應變醫院負壓隔離病房相關設備。</bh_donrem>
            <bh_bgtyear>110</bh_bgtyear>
            <bh_amt_man>0.00</bh_amt_man>
            <bh_amt_business>0.00</bh_amt_business>
            <bh_amt_other>0.00</bh_amt_other>
            <bh_amt_land>0.00</bh_amt_land>
            <bh_amt_house>0.00</bh_amt_house>
            <bh_amt6>0.00</bh_amt6>
            <bh_amt7>9013000.00</bh_amt7>
            <bh_flowflag/>
            <bh_signflag/>
            <bh_signno/>
            <mj_subprojectno_na>07 - 新興傳染病風險監測與應變整備計畫</mj_subprojectno_na>
        </BCTDHELPPLAN_row>
        <BCTDHELPPLAN_row>
            <bh_fiscalyear>110</bh_fiscalyear>
            <bh_fundkind>1</bh_fundkind>
            <bh_budgetkind>1</bh_budgetkind>
            <bh_specialbudgetno/>
            <bh_agenno>57005</bh_agenno>
            <bh_agentype>C</bh_agentype>
            <bh_budgetstate>1</bh_budgetstate>
            <bh_versiondate/>
            <bh_objectno>4078</bh_objectno>
            <bh_endowplanno>07</bh_endowplanno>
            <bh_endowplanname>充實國家疫苗基金及促進國民免疫力第三期計畫</bh_endowplanname>
            <bh_donname/>
            <bh_endowsts>0</bh_endowsts>
            <bh_budgetno>65570050200</bh_budgetno>
            <bh_subprojectno>08</bh_subprojectno>
            <bh_budgetsource>1</bh_budgetsource>
            <bh_applyid>0</bh_applyid>
            <bh_startyear>110</bh_startyear>
            <bh_endyear>110</bh_endyear>
            <bh_donrem>補助購買疫苗及辦理預防接種相關工作。</bh_donrem>
            <bh_bgtyear>110</bh_bgtyear>
            <bh_amt_man>0.00</bh_amt_man>
            <bh_amt_business>1048506000.00</bh_amt_business>
            <bh_amt_other>0.00</bh_amt_other>
            <bh_amt_land>0.00</bh_amt_land>
            <bh_amt_house>0.00</bh_amt_house>
            <bh_amt6>0.00</bh_amt6>
            <bh_amt7>0.00</bh_amt7>
            <bh_flowflag/>
            <bh_signflag/>
            <bh_signno/>
            <mj_subprojectno_na>08 - 充實國家疫苗基金及促進國民免疫力第三期計畫</mj_subprojectno_na>
        </BCTDHELPPLAN_row>
        <BCTDHELPPLAN_row>
            <bh_fiscalyear>110</bh_fiscalyear>
            <bh_fundkind>1</bh_fundkind>
            <bh_budgetkind>1</bh_budgetkind>
            <bh_specialbudgetno/>
            <bh_agenno>57005</bh_agenno>
            <bh_agentype>C</bh_agentype>
            <bh_budgetstate>1</bh_budgetstate>
            <bh_versiondate/>
            <bh_objectno>4078</bh_objectno>
            <bh_endowplanno>08</bh_endowplanno>
            <bh_endowplanname>邁向全球衛生安全－抗生素抗藥性管理行動策略計畫</bh_endowplanname>
            <bh_donname/>
            <bh_endowsts>0</bh_endowsts>
            <bh_budgetno>65570050200</bh_budgetno>
            <bh_subprojectno>10</bh_subprojectno>
            <bh_budgetsource>1</bh_budgetsource>
            <bh_applyid>0</bh_applyid>
            <bh_startyear>110</bh_startyear>
            <bh_endyear>110</bh_endyear>
            <bh_donrem>補助公立醫療機構發展資訊化擴增監測與稽核回饋機制。</bh_donrem>
            <bh_bgtyear>110</bh_bgtyear>
            <bh_amt_man>0.00</bh_amt_man>
            <bh_amt_business>400000.00</bh_amt_business>
            <bh_amt_other>0.00</bh_amt_other>
            <bh_amt_land>0.00</bh_amt_land>
            <bh_amt_house>0.00</bh_amt_house>
            <bh_amt6>0.00</bh_amt6>
            <bh_amt7>1000000.00</bh_amt7>
            <bh_flowflag/>
            <bh_signflag/>
            <bh_signno/>
            <mj_subprojectno_na>10 - 邁向全球衛生安全－抗生素抗藥性管理行動策略計畫</mj_subprojectno_na>
        </BCTDHELPPLAN_row>
        <BCTDHELPPLAN_row>
            <bh_fiscalyear>110</bh_fiscalyear>
            <bh_fundkind>1</bh_fundkind>
            <bh_budgetkind>1</bh_budgetkind>
            <bh_specialbudgetno/>
            <bh_agenno>57005</bh_agenno>
            <bh_agentype>C</bh_agentype>
            <bh_budgetstate>1</bh_budgetstate>
            <bh_versiondate/>
            <bh_objectno>4025</bh_objectno>
            <bh_endowplanno>09</bh_endowplanno>
            <bh_endowplanname>建構新世代國家傳染病檢驗網絡強化防疫檢驗量能計畫</bh_endowplanname>
            <bh_donname/>
            <bh_endowsts>0</bh_endowsts>
            <bh_budgetno>65570050200</bh_budgetno>
            <bh_subprojectno>11</bh_subprojectno>
            <bh_budgetsource>1</bh_budgetsource>
            <bh_applyid>0</bh_applyid>
            <bh_startyear>110</bh_startyear>
            <bh_endyear>110</bh_endyear>
            <bh_donrem>補助傳染病或疑似傳染病屍體檢驗及行政解剖、監測未知病原體及高病原性傳染病檢驗及行政辦理等費用。</bh_donrem>
            <bh_bgtyear>0</bh_bgtyear>
            <bh_amt_man>0.00</bh_amt_man>
            <bh_amt_business>1600000.00</bh_amt_business>
            <bh_amt_other>0.00</bh_amt_other>
            <bh_amt_land>0.00</bh_amt_land>
            <bh_amt_house>0.00</bh_amt_house>
            <bh_amt6>0.00</bh_amt6>
            <bh_amt7>0.00</bh_amt7>
            <bh_flowflag/>
            <bh_signflag/>
            <bh_signno/>
            <mj_subprojectno_na>11 - 建構新世代國家傳染病檢驗網絡強化防疫檢驗量能計畫</mj_subprojectno_na>
        </BCTDHELPPLAN_row>
    </BCTDHELPPLAN>
</tables>
