<?xml version="1.0" encoding="UTF-8"?>
<tables>
    <BCME3420>
        <BCME3420_row>
            <budgetno/>
            <agenno/>
            <agentype/>
            <mh_budgetname>合    計</mh_budgetname>
            <displayname>合    計</displayname>
            <budgetno_conver/>
            <tyear_amt>5600348000</tyear_amt>
            <lyear_amt>5773105000</lyear_amt>
            <byear_amt>5535627120</byear_amt>
            <b_amt>-172757000</b_amt>
            <bc_content/>
            <memo/>
        </BCME3420_row>
        <BCME3420_row>
            <budgetno>00570000000</budgetno>
            <agenno>57005</agenno>
            <agentype>C</agentype>
            <mh_budgetname>衛生福利部主管</mh_budgetname>
            <displayname>衛生福利部主管</displayname>
            <budgetno_conver>0057000000</budgetno_conver>
            <tyear_amt>5600348000</tyear_amt>
            <lyear_amt>5773105000</lyear_amt>
            <byear_amt>5535627120</byear_amt>
            <b_amt>-172757000</b_amt>
            <bc_content/>
        </BCME3420_row>
        <BCME3420_row>
            <budgetno>00570050000</budgetno>
            <agenno>57005</agenno>
            <agentype>C</agentype>
            <mh_budgetname>疾病管制署</mh_budgetname>
            <displayname>疾病管制署</displayname>
            <budgetno_conver>0057050000</budgetno_conver>
            <tyear_amt>5600348000</tyear_amt>
            <lyear_amt>5773105000</lyear_amt>
            <byear_amt>5535627120</byear_amt>
            <b_amt>-172757000</b_amt>
            <bc_content/>
        </BCME3420_row>
        <BCME3420_row>
            <budgetno>52570050000</budgetno>
            <agenno>57005</agenno>
            <agentype>C</agentype>
            <mh_budgetname>科學支出</mh_budgetname>
            <displayname>科學支出</displayname>
            <budgetno_conver>5257050000</budgetno_conver>
            <tyear_amt>248482000</tyear_amt>
            <lyear_amt>295141000</lyear_amt>
            <byear_amt>312043448</byear_amt>
            <b_amt>-46659000</b_amt>
            <bc_content/>
        </BCME3420_row>
        <BCME3420_row>
            <budgetno>52570050400</budgetno>
            <agenno>57005</agenno>
            <agentype>C</agentype>
            <mh_budgetname>科技業務</mh_budgetname>
            <displayname>科技業務</displayname>
            <budgetno_conver>5257050400</budgetno_conver>
            <tyear_amt>248482000</tyear_amt>
            <lyear_amt>295141000</lyear_amt>
            <byear_amt>312043448</byear_amt>
            <b_amt>-46659000</b_amt>
            <bc_content>&lt;#H1&gt;本年度預算數248,482千元，包括業務費212,191千元，設備及投資36,091千元，獎補助費200千元。&#xd;
&lt;#H1&gt;本年度預算數之內容與上年度之比較如下：&#xd;
&lt;#H2&gt;防疫科技發展研究及科技管理經費111,666千元，較上年度減列辦理我國國際衛生條例核心能力評估分析研究等經費14,186千元。&#xd;
&lt;#H2&gt;新興生醫臨床試驗提升計畫經費6,498千元，較上年度減列購置人畜共通傳染病原體快篩檢驗耗材等經費1,789千元。&#xd;
&lt;#H2&gt;防疫一體傳染病整合防治計畫經費60,692千元，較上年度增列辦理人畜共通傳染病風險評估機制與風險溝通研究等經費813千元。&#xd;
&lt;#H2&gt;新世代智慧防疫行動計畫經費42,829千元，較上年度減列辦理人口密集機構傳染病監視作業系統架構改造等經費28,245千元。&#xd;
&lt;#H2&gt;禽傳人之流感防控技術經費13,382千元，較上年度減列辦理人類流感與禽流感流行病學訓練、疫情調查等經費1,218千元。&#xd;
&lt;#H2&gt;新增防疫雲3.0計畫經費5,015千元。&#xd;
&lt;#H2&gt;新增衛福業務數位轉型服務躍升計畫總經費676,690千元，分5年辦理，本年度編列第1年經費96,616千元，本科目編列8,400千元。&#xd;
&lt;#H2&gt;上年度防疫雲2.0計畫預算業已編竣，所列11,029千元如數減列。&#xd;
&lt;#H2&gt;上年度巨量資料於感染相關監測及防治策略之應用計畫預算業已編竣，所列4,420千元如數減列。</bc_content>
        </BCME3420_row>
        <BCME3420_row>
            <budgetno>65570050000</budgetno>
            <agenno>57005</agenno>
            <agentype>C</agentype>
            <mh_budgetname>醫療保健支出</mh_budgetname>
            <displayname>醫療保健支出</displayname>
            <budgetno_conver>6557050000</budgetno_conver>
            <tyear_amt>5351866000</tyear_amt>
            <lyear_amt>5477964000</lyear_amt>
            <byear_amt>5223583672</byear_amt>
            <b_amt>-126098000</b_amt>
            <bc_content/>
        </BCME3420_row>
        <BCME3420_row>
            <budgetno>65570050100</budgetno>
            <agenno>57005</agenno>
            <agentype>C</agentype>
            <mh_budgetname>一般行政</mh_budgetname>
            <displayname>一般行政</displayname>
            <budgetno_conver>6557050100</budgetno_conver>
            <tyear_amt>1061143000</tyear_amt>
            <lyear_amt>1028988000</lyear_amt>
            <byear_amt>975541095</byear_amt>
            <b_amt>32155000</b_amt>
            <bc_content>&lt;#H1&gt;本年度預算數1,061,143千元，包括人事費1,026,198千元，業務費31,308千元，設備及投資1,862千元，獎補助費1,775千元。 &#xd;
&lt;#H1&gt;本年度預算數之內容與上年度之比較如下：&#xd;
&lt;#H2&gt;人員維持費1,009,566千元，較上年度增列15名職員及38名聘用人員等經費34,243千元。&#xd;
&lt;#H2&gt;基本行政工作維持費34,594千元，較上年度增列維護辦公及公共區域等經費2,000千元。&#xd;
&lt;#H2&gt;研發替代役經費16,983千元，較上年度減列4,088千元，其中：&#xd;
&lt;#H3&gt;強化邊境檢疫及境外防疫第一期計畫總經費620,000千元，分5年辦理，107至109年度已編列142,971千元，本年度續編第4年經費44,480千元，本科目編列1,600千元，較上年度減列100千元。&#xd;
&lt;#H3&gt;愛滋防治第六期五年計畫總經費7,882,362千元，分5年辦理，106至109年度已編列6,372,473千元，本年度續編最後1年經費1,509,889千元，本科目編列1,110千元，與上年度同。&#xd;
&lt;#H3&gt;新增我國加入WHO2035消除結核第二期計畫總經費6,398,790千元，分5年辦理，本年度編列第1年經費1,020,484千元，本科目編列630千元。&#xd;
&lt;#H3&gt;上年度我國加入WHO2035消除結核第一期計畫預算業已編竣，所列630千元如數減列。</bc_content>
        </BCME3420_row>
        <BCME3420_row>
            <budgetno>65570050200</budgetno>
            <agenno>57005</agenno>
            <agentype>C</agentype>
            <mh_budgetname>防疫業務</mh_budgetname>
            <displayname>防疫業務</displayname>
            <budgetno_conver>6557050200</budgetno_conver>
            <tyear_amt>4287873000</tyear_amt>
            <lyear_amt>4448926000</lyear_amt>
            <byear_amt>4248042577</byear_amt>
            <b_amt>-161053000</b_amt>
            <bc_content>&lt;#H1&gt;本年度預算數4,287,873千元，包括業務費773,537千元，設備及投資67,588千元，獎補助費3,446,748千元。&#xd;
&lt;#H1&gt;本年度預算數之內容與上年度之比較如下：&#xd;
&lt;#H2&gt;傳染病防治及應變規劃經費272,158千元，較上年度減列辦理第10屆東南亞及西太平洋雙區聯合應用流行病學研討會等經費5,026千元。&#xd;
&lt;#H2&gt;強化邊境檢疫及境外防疫第一期計畫總經費620,000千元，分5年辦理，107至109年度已編列142,971千元，本年度續編第4年經費44,480千元，本科目編列42,880千元，較上年度增列100千元。&#xd;
&lt;#H2&gt;愛滋防治第六期五年計畫總經費7,882,362千元，分5年辦理，106至109年度已編列6,372,473千元，本年度續編最後1年經費1,509,889千元，本科目編列1,508,779千元，較上年度減列116,664千元。&#xd;
&lt;#H2&gt;我國因應流感大流行準備第三期計畫總經費1,999,900千元，分6年辦理，105至109年度已編列1,794,833千元，本年度續編最後1年經費205,067千元，較上年度減列136,995千元。&#xd;
&lt;#H2&gt;新興傳染病風險監測與應變整備計畫總經費59,101千元，分6年辦理，105至109年度已編列45,315千元，本年度續編最後1年經費13,786千元，較上年度減列471千元。&#xd;
&lt;#H2&gt;充實國家疫苗基金及促進國民免疫力第三期計畫總經費19,568,531千元，公務預算負擔10,873,556千元，分5年辦理，108至109年度已編列1,757,460千元，本年度續編第3年經費1,048,506千元，較上年度增列21,206千元。&#xd;
&lt;#H2&gt;新南向醫衛合作與產業鏈發展中長程計畫總經費1,011,547千元，分4年辦理，107至109年度已編列773,456千元，本年度續編最後1年經費238,091千元，本科目編列23,609千元，較上年度減列2,624千元。&#xd;
&lt;#H2&gt;邁向全球衛生安全－抗生素抗藥性管理行動策略計畫總經費553,500千元，分5年辦理，109年度已編列18,634千元，本年度續編第2年經費18,634千元，與上年度同。&#xd;
&lt;#H2&gt;建構新世代國家傳染病檢驗網絡強化防疫檢驗量能計畫總經費1,432,446千元，分6年辦理，109年度已編列49,600千元，本年度續編第2年經費49,600千元，與上年度同。&#xd;
&lt;#H2&gt;新增急性傳染病流行風險監控與管理第三期計畫總經費1,459,158千元，分4年辦理，本年度編列第1年經費85,000千元。&#xd;
&lt;#H2&gt;新增我國加入WHO2035消除結核第二期計畫總經費6,398,790千元，分5年辦理，本年度編列第1年經費1,020,484千元，本科目編列1,019,854千元。&#xd;
&lt;#H2&gt;上年度急性傳染病流行風險監控與管理第二期計畫預算業已編竣，所列46,158千元如數減列。&#xd;
&lt;#H2&gt;上年度我國加入WHO2035消除結核第一期計畫預算業已編竣，所列979,275千元如數減列。</bc_content>
        </BCME3420_row>
        <BCME3420_row>
            <budgetno>65570059000</budgetno>
            <agenno>57005</agenno>
            <agentype>C</agentype>
            <mh_budgetname>一般建築及設備</mh_budgetname>
            <displayname>一般建築及設備</displayname>
            <budgetno_conver>6557059000</budgetno_conver>
            <tyear_amt>2800000</tyear_amt>
            <lyear_amt>0</lyear_amt>
            <byear_amt>0</byear_amt>
            <b_amt>2800000</b_amt>
            <bc_content/>
        </BCME3420_row>
        <BCME3420_row>
            <budgetno>65570059002</budgetno>
            <agenno>57005</agenno>
            <agentype>C</agentype>
            <mh_budgetname>營建工程</mh_budgetname>
            <displayname>營建工程</displayname>
            <budgetno_conver>6557059002</budgetno_conver>
            <tyear_amt>2800000</tyear_amt>
            <lyear_amt>0</lyear_amt>
            <byear_amt>0</byear_amt>
            <b_amt>2800000</b_amt>
            <bc_content>新增衛生福利部防疫中心興建工程計畫總經費4,068,000千元，分7年辦理，本年度編列第1年經費2,800千元。</bc_content>
        </BCME3420_row>
        <BCME3420_row>
            <budgetno>65570059800</budgetno>
            <agenno>57005</agenno>
            <agentype>C</agentype>
            <mh_budgetname>第一預備金</mh_budgetname>
            <displayname>第一預備金</displayname>
            <budgetno_conver>6557059800</budgetno_conver>
            <tyear_amt>50000</tyear_amt>
            <lyear_amt>50000</lyear_amt>
            <byear_amt>0</byear_amt>
            <b_amt>0</b_amt>
            <bc_content>仍照上年度預算數編列。</bc_content>
        </BCME3420_row>
    </BCME3420>
</tables>
