<?xml version="1.0" encoding="UTF-8"?>
<tables>
    <BCTDOUTGO>
        <BCTDOUTGO_row>
            <bm_fiscalyear>110</bm_fiscalyear>
            <bm_fundkind>1</bm_fundkind>
            <bm_budgetkind>1</bm_budgetkind>
            <bm_specialbudgetno/>
            <bm_agenno>57005</bm_agenno>
            <bm_agentype>C</bm_agentype>
            <bm_budgetstate>1</bm_budgetstate>
            <bm_abroadplan>1</bm_abroadplan>
            <bm_projtype>2 </bm_projtype>
            <bm_projno>01</bm_projno>
            <bm_abroadplanname>參加世界衛生組織（WHO）及其所屬組織所舉辦之各項相關會議或活動</bm_abroadplanname>
            <bm_visitsts>0</bm_visitsts>
            <bm_visitexplain/>
            <bm_dispatchstaffs>0</bm_dispatchstaffs>
            <bm_abroadsite1>瑞士</bm_abroadsite1>
            <bm_abroadsite2>瑞士</bm_abroadsite2>
            <bm_abroadsite3>瑞士</bm_abroadsite3>
            <bm_abroadperiod1>10805</bm_abroadperiod1>
            <bm_abroadperiodto1>10805</bm_abroadperiodto1>
            <bm_abroadperiod2>10705</bm_abroadperiod2>
            <bm_abroadperiodto2>10705</bm_abroadperiodto2>
            <bm_abroadperiod3>10701</bm_abroadperiod3>
            <bm_abroadperiodto3>10701</bm_abroadperiodto3>
            <bm_abroadstaffs1>1</bm_abroadstaffs1>
            <bm_abroadstaffs2>2</bm_abroadstaffs2>
            <bm_abroadstaffs3>1</bm_abroadstaffs3>
            <bm_abroadallowance1>257000.00</bm_abroadallowance1>
            <bm_abroadallowance2>364000.00</bm_abroadallowance2>
            <bm_abroadallowance3>111000.00</bm_abroadallowance3>
            <bm_budgetno>65570050200</bm_budgetno>
            <bm_regionno>43</bm_regionno>
            <bm_country>歐美亞太非洲</bm_country>
            <bm_agency/>
            <bm_cont_text>配合政府政策，積極參與世界衛生組織及其所屬組織（WPRO等）所舉辦的如EB、WHA及區署會議等相關會議及活動，有助於本署參與國際衛生事務、推展國際防疫合作。</bm_cont_text>
            <bm_durationfrom>11001</bm_durationfrom>
            <bm_durationto>11012</bm_durationto>
            <bm_days>7</bm_days>
            <bm_persons>3</bm_persons>
            <bm_amt_trans>160000.00</bm_amt_trans>
            <bm_amt_life>161000.00</bm_amt_life>
            <bm_amt_public>19000.00</bm_amt_public>
            <bm_amt_books>0.00</bm_amt_books>
            <bm_amt_flight>0.00</bm_amt_flight>
            <bm_versiondate/>
        </BCTDOUTGO_row>
        <BCTDOUTGO_row>
            <bm_fiscalyear>110</bm_fiscalyear>
            <bm_fundkind>1</bm_fundkind>
            <bm_budgetkind>1</bm_budgetkind>
            <bm_specialbudgetno/>
            <bm_agenno>57005</bm_agenno>
            <bm_agentype>C</bm_agentype>
            <bm_budgetstate>1</bm_budgetstate>
            <bm_abroadplan>1</bm_abroadplan>
            <bm_projtype>2 </bm_projtype>
            <bm_projno>02</bm_projno>
            <bm_abroadplanname>參加亞太經濟合作（APEC）、全球衛生安全綱領（GHSA）或其他國際組織舉辦之各項衛生會議及活動</bm_abroadplanname>
            <bm_visitsts/>
            <bm_visitexplain/>
            <bm_dispatchstaffs>0</bm_dispatchstaffs>
            <bm_abroadsite1>美國</bm_abroadsite1>
            <bm_abroadsite2>美國</bm_abroadsite2>
            <bm_abroadsite3>印尼</bm_abroadsite3>
            <bm_abroadperiod1>10810</bm_abroadperiod1>
            <bm_abroadperiodto1>10810</bm_abroadperiodto1>
            <bm_abroadperiod2>10810</bm_abroadperiod2>
            <bm_abroadperiodto2>10810</bm_abroadperiodto2>
            <bm_abroadperiod3>10711</bm_abroadperiod3>
            <bm_abroadperiodto3>10711</bm_abroadperiodto3>
            <bm_abroadstaffs1>1</bm_abroadstaffs1>
            <bm_abroadstaffs2>1</bm_abroadstaffs2>
            <bm_abroadstaffs3>2</bm_abroadstaffs3>
            <bm_abroadallowance1>54000.00</bm_abroadallowance1>
            <bm_abroadallowance2>53000.00</bm_abroadallowance2>
            <bm_abroadallowance3>132000.00</bm_abroadallowance3>
            <bm_budgetno>65570050200</bm_budgetno>
            <bm_regionno>43</bm_regionno>
            <bm_country>歐美亞太非洲</bm_country>
            <bm_agency/>
            <bm_cont_text>參加亞太經濟合作衛生工作小組、全球衛生安全綱領或其他重要國際組織舉辦之各項衛生會議及活動，參與國際衛生事務，提升國際能見度。</bm_cont_text>
            <bm_durationfrom>11001</bm_durationfrom>
            <bm_durationto>11012</bm_durationto>
            <bm_days>7</bm_days>
            <bm_persons>2</bm_persons>
            <bm_amt_trans>186000.00</bm_amt_trans>
            <bm_amt_life>67000.00</bm_amt_life>
            <bm_amt_public>17000.00</bm_amt_public>
            <bm_amt_books>0.00</bm_amt_books>
            <bm_amt_flight>0.00</bm_amt_flight>
            <bm_versiondate/>
        </BCTDOUTGO_row>
        <BCTDOUTGO_row>
            <bm_fiscalyear>110</bm_fiscalyear>
            <bm_fundkind>1</bm_fundkind>
            <bm_budgetkind>1</bm_budgetkind>
            <bm_specialbudgetno/>
            <bm_agenno>57005</bm_agenno>
            <bm_agentype>C</bm_agentype>
            <bm_budgetstate>1</bm_budgetstate>
            <bm_abroadplan>1</bm_abroadplan>
            <bm_projtype>2 </bm_projtype>
            <bm_projno>03</bm_projno>
            <bm_abroadplanname>舉辦年度雙邊或多邊會議或活動</bm_abroadplanname>
            <bm_visitsts>0</bm_visitsts>
            <bm_visitexplain/>
            <bm_dispatchstaffs>0</bm_dispatchstaffs>
            <bm_abroadsite1>以色列</bm_abroadsite1>
            <bm_abroadsite2>比利時</bm_abroadsite2>
            <bm_abroadsite3>美國</bm_abroadsite3>
            <bm_abroadperiod1>10812</bm_abroadperiod1>
            <bm_abroadperiodto1>10812</bm_abroadperiodto1>
            <bm_abroadperiod2>10809</bm_abroadperiod2>
            <bm_abroadperiodto2>10809</bm_abroadperiodto2>
            <bm_abroadperiod3>10808</bm_abroadperiod3>
            <bm_abroadperiodto3>10808</bm_abroadperiodto3>
            <bm_abroadstaffs1>1</bm_abroadstaffs1>
            <bm_abroadstaffs2>1</bm_abroadstaffs2>
            <bm_abroadstaffs3>1</bm_abroadstaffs3>
            <bm_abroadallowance1>149000.00</bm_abroadallowance1>
            <bm_abroadallowance2>172000.00</bm_abroadallowance2>
            <bm_abroadallowance3>171000.00</bm_abroadallowance3>
            <bm_budgetno>65570050200</bm_budgetno>
            <bm_regionno>43</bm_regionno>
            <bm_country>歐美亞太非洲</bm_country>
            <bm_agency/>
            <bm_cont_text>為執行本署與美、英、奧地利及日本等國家簽署之合作協議，並加強與他國防疫單位雙邊合作關係與聯繫，將與渠等國家舉行雙邊或多邊會議或活動，以分享疾病防治資訊與經驗，維持雙邊或多邊合作機制。</bm_cont_text>
            <bm_durationfrom>11001</bm_durationfrom>
            <bm_durationto>11012</bm_durationto>
            <bm_days>6</bm_days>
            <bm_persons>3</bm_persons>
            <bm_amt_trans>230000.00</bm_amt_trans>
            <bm_amt_life>97000.00</bm_amt_life>
            <bm_amt_public>18000.00</bm_amt_public>
            <bm_amt_books>0.00</bm_amt_books>
            <bm_amt_flight>0.00</bm_amt_flight>
            <bm_versiondate/>
        </BCTDOUTGO_row>
        <BCTDOUTGO_row>
            <bm_fiscalyear>110</bm_fiscalyear>
            <bm_fundkind>1</bm_fundkind>
            <bm_budgetkind>1</bm_budgetkind>
            <bm_specialbudgetno/>
            <bm_agenno>57005</bm_agenno>
            <bm_agentype>C</bm_agentype>
            <bm_budgetstate>1</bm_budgetstate>
            <bm_abroadplan>1</bm_abroadplan>
            <bm_projtype>2 </bm_projtype>
            <bm_projno>04</bm_projno>
            <bm_abroadplanname>國際愛滋病協會年會（IAS 2021）</bm_abroadplanname>
            <bm_visitsts>0</bm_visitsts>
            <bm_visitexplain/>
            <bm_dispatchstaffs>0</bm_dispatchstaffs>
            <bm_abroadsite1>墨西哥</bm_abroadsite1>
            <bm_abroadsite2>法國</bm_abroadsite2>
            <bm_abroadsite3/>
            <bm_abroadperiod1>10807</bm_abroadperiod1>
            <bm_abroadperiodto1>10807</bm_abroadperiodto1>
            <bm_abroadperiod2>10607</bm_abroadperiod2>
            <bm_abroadperiodto2>10607</bm_abroadperiodto2>
            <bm_abroadperiod3/>
            <bm_abroadperiodto3/>
            <bm_abroadstaffs1>1</bm_abroadstaffs1>
            <bm_abroadstaffs2>1</bm_abroadstaffs2>
            <bm_abroadstaffs3>0</bm_abroadstaffs3>
            <bm_abroadallowance1>142000.00</bm_abroadallowance1>
            <bm_abroadallowance2>133000.00</bm_abroadallowance2>
            <bm_abroadallowance3>0.00</bm_abroadallowance3>
            <bm_budgetno>65570050200</bm_budgetno>
            <bm_regionno>43</bm_regionno>
            <bm_country>歐美亞太非洲</bm_country>
            <bm_agency/>
            <bm_cont_text>本會議每二年舉辦一次，為全球重要之愛滋病會議，由各國愛滋病專家學者發表相關防治策略及最新醫學發展，故參加此會議將可以了解國際最新愛滋病資訊，掌握流行趨勢及現況，增進專業職能，以做為日後訂定我國愛滋病防疫政策之參考。</bm_cont_text>
            <bm_durationfrom>11001</bm_durationfrom>
            <bm_durationto>11012</bm_durationto>
            <bm_days>8</bm_days>
            <bm_persons>1</bm_persons>
            <bm_amt_trans>54000.00</bm_amt_trans>
            <bm_amt_life>56000.00</bm_amt_life>
            <bm_amt_public>30000.00</bm_amt_public>
            <bm_amt_books>0.00</bm_amt_books>
            <bm_amt_flight>0.00</bm_amt_flight>
            <bm_versiondate/>
        </BCTDOUTGO_row>
        <BCTDOUTGO_row>
            <bm_fiscalyear>110</bm_fiscalyear>
            <bm_fundkind>1</bm_fundkind>
            <bm_budgetkind>1</bm_budgetkind>
            <bm_specialbudgetno/>
            <bm_agenno>57005</bm_agenno>
            <bm_agentype>C</bm_agentype>
            <bm_budgetstate>1</bm_budgetstate>
            <bm_abroadplan>1</bm_abroadplan>
            <bm_projtype>2 </bm_projtype>
            <bm_projno>05</bm_projno>
            <bm_abroadplanname>應用傳染病流行病學會議</bm_abroadplanname>
            <bm_visitsts>0</bm_visitsts>
            <bm_visitexplain/>
            <bm_dispatchstaffs>0</bm_dispatchstaffs>
            <bm_abroadsite1>美國</bm_abroadsite1>
            <bm_abroadsite2>寮國</bm_abroadsite2>
            <bm_abroadsite3>美國</bm_abroadsite3>
            <bm_abroadperiod1>10811</bm_abroadperiod1>
            <bm_abroadperiodto1>10811</bm_abroadperiodto1>
            <bm_abroadperiod2>10711</bm_abroadperiod2>
            <bm_abroadperiodto2>10711</bm_abroadperiodto2>
            <bm_abroadperiod3>10604</bm_abroadperiod3>
            <bm_abroadperiodto3>10604</bm_abroadperiodto3>
            <bm_abroadstaffs1>1</bm_abroadstaffs1>
            <bm_abroadstaffs2>2</bm_abroadstaffs2>
            <bm_abroadstaffs3>2</bm_abroadstaffs3>
            <bm_abroadallowance1>121000.00</bm_abroadallowance1>
            <bm_abroadallowance2>113000.00</bm_abroadallowance2>
            <bm_abroadallowance3>123000.00</bm_abroadallowance3>
            <bm_budgetno>65570050200</bm_budgetno>
            <bm_regionno>43</bm_regionno>
            <bm_country>歐美亞太非洲</bm_country>
            <bm_agency/>
            <bm_cont_text>本會議由「流行病學與公共衛生防治訓練網（TEPHINET）」與歐美非區域FETP訓練網絡聯合舉辦，出席會議可與各國家建立疫情調查資訊交換平臺，掌握各國疫情現況，並透過該會議參與全球衛生安全行動，鞏固我國會籍。</bm_cont_text>
            <bm_durationfrom>11001</bm_durationfrom>
            <bm_durationto>11012</bm_durationto>
            <bm_days>7</bm_days>
            <bm_persons>1</bm_persons>
            <bm_amt_trans>60000.00</bm_amt_trans>
            <bm_amt_life>49000.00</bm_amt_life>
            <bm_amt_public>21000.00</bm_amt_public>
            <bm_amt_books>0.00</bm_amt_books>
            <bm_amt_flight>0.00</bm_amt_flight>
            <bm_versiondate/>
        </BCTDOUTGO_row>
        <BCTDOUTGO_row>
            <bm_fiscalyear>110</bm_fiscalyear>
            <bm_fundkind>1</bm_fundkind>
            <bm_budgetkind>1</bm_budgetkind>
            <bm_specialbudgetno/>
            <bm_agenno>57005</bm_agenno>
            <bm_agentype>C</bm_agentype>
            <bm_budgetstate>1</bm_budgetstate>
            <bm_abroadplan>1</bm_abroadplan>
            <bm_projtype>2 </bm_projtype>
            <bm_projno>06</bm_projno>
            <bm_abroadplanname>新南向結核病防疫深耕隊進駐</bm_abroadplanname>
            <bm_visitsts/>
            <bm_visitexplain/>
            <bm_dispatchstaffs>0</bm_dispatchstaffs>
            <bm_abroadsite1>越南</bm_abroadsite1>
            <bm_abroadsite2>菲律賓</bm_abroadsite2>
            <bm_abroadsite3>越南</bm_abroadsite3>
            <bm_abroadperiod1>10812</bm_abroadperiod1>
            <bm_abroadperiodto1>10812</bm_abroadperiodto1>
            <bm_abroadperiod2>10810</bm_abroadperiod2>
            <bm_abroadperiodto2>10810</bm_abroadperiodto2>
            <bm_abroadperiod3>10809</bm_abroadperiod3>
            <bm_abroadperiodto3>10809</bm_abroadperiodto3>
            <bm_abroadstaffs1>2</bm_abroadstaffs1>
            <bm_abroadstaffs2>2</bm_abroadstaffs2>
            <bm_abroadstaffs3>9</bm_abroadstaffs3>
            <bm_abroadallowance1>97000.00</bm_abroadallowance1>
            <bm_abroadallowance2>174000.00</bm_abroadallowance2>
            <bm_abroadallowance3>262000.00</bm_abroadallowance3>
            <bm_budgetno>65570050200</bm_budgetno>
            <bm_regionno>43</bm_regionno>
            <bm_country>亞洲</bm_country>
            <bm_agency/>
            <bm_cont_text>由防疫技術轉殖中心派遣結核病防疫深耕隊進駐新南向國家，實地提供符合其需求之防治模組運作指導與協助。</bm_cont_text>
            <bm_durationfrom>11001</bm_durationfrom>
            <bm_durationto>11012</bm_durationto>
            <bm_days>10</bm_days>
            <bm_persons>8</bm_persons>
            <bm_amt_trans>203000.00</bm_amt_trans>
            <bm_amt_life>367000.00</bm_amt_life>
            <bm_amt_public>80000.00</bm_amt_public>
            <bm_amt_books>0.00</bm_amt_books>
            <bm_amt_flight>0.00</bm_amt_flight>
            <bm_versiondate/>
        </BCTDOUTGO_row>
        <BCTDOUTGO_row>
            <bm_fiscalyear>110</bm_fiscalyear>
            <bm_fundkind>1</bm_fundkind>
            <bm_budgetkind>1</bm_budgetkind>
            <bm_specialbudgetno/>
            <bm_agenno>57005</bm_agenno>
            <bm_agentype>C</bm_agentype>
            <bm_budgetstate>1</bm_budgetstate>
            <bm_abroadplan>1</bm_abroadplan>
            <bm_projtype>2 </bm_projtype>
            <bm_projno>07</bm_projno>
            <bm_abroadplanname>新南向登革熱防疫深耕隊進駐</bm_abroadplanname>
            <bm_visitsts/>
            <bm_visitexplain/>
            <bm_dispatchstaffs>0</bm_dispatchstaffs>
            <bm_abroadsite1>印尼</bm_abroadsite1>
            <bm_abroadsite2>印尼</bm_abroadsite2>
            <bm_abroadsite3>印尼</bm_abroadsite3>
            <bm_abroadperiod1>10810</bm_abroadperiod1>
            <bm_abroadperiodto1>10810</bm_abroadperiodto1>
            <bm_abroadperiod2>10808</bm_abroadperiod2>
            <bm_abroadperiodto2>10808</bm_abroadperiodto2>
            <bm_abroadperiod3>10804</bm_abroadperiod3>
            <bm_abroadperiodto3>10804</bm_abroadperiodto3>
            <bm_abroadstaffs1>5</bm_abroadstaffs1>
            <bm_abroadstaffs2>1</bm_abroadstaffs2>
            <bm_abroadstaffs3>6</bm_abroadstaffs3>
            <bm_abroadallowance1>239000.00</bm_abroadallowance1>
            <bm_abroadallowance2>35000.00</bm_abroadallowance2>
            <bm_abroadallowance3>315000.00</bm_abroadallowance3>
            <bm_budgetno>65570050200</bm_budgetno>
            <bm_regionno>43</bm_regionno>
            <bm_country>亞洲</bm_country>
            <bm_agency/>
            <bm_cont_text>於新南向國家推展運用我國登革熱防治模式，於當地召開執行情形討論與成果發表等會議，派遣防疫深耕隊於社區與當地防疫相關人員推動符合其需求之登革熱監測與防治工作。</bm_cont_text>
            <bm_durationfrom>11001</bm_durationfrom>
            <bm_durationto>11012</bm_durationto>
            <bm_days>9</bm_days>
            <bm_persons>6</bm_persons>
            <bm_amt_trans>223000.00</bm_amt_trans>
            <bm_amt_life>364000.00</bm_amt_life>
            <bm_amt_public>60000.00</bm_amt_public>
            <bm_amt_books>0.00</bm_amt_books>
            <bm_amt_flight>0.00</bm_amt_flight>
            <bm_versiondate/>
        </BCTDOUTGO_row>
    </BCTDOUTGO>
</tables>
