<?xml version="1.0" encoding="UTF-8"?>
<tables>
    <BCTDBUDGETDETAIL>
        <BCTDBUDGETDETAIL_row>
            <ba_fiscalyear>110</ba_fiscalyear>
            <ba_fundkind>1</ba_fundkind>
            <ba_budgetkind>1</ba_budgetkind>
            <ba_specialbudgetno/>
            <ba_agenno>57005</ba_agenno>
            <ba_agentype>C</ba_agentype>
            <ba_budgetstate>1</ba_budgetstate>
            <ba_versiondate/>
            <ba_budgetyear>110</ba_budgetyear>
            <ba_budgetno>0457050301</ba_budgetno>
            <ba_subprojectno/>
            <mj_subprojectname/>
            <ba_departno>02</ba_departno>
            <ba_objectno/>
            <ba_budgettype>R</ba_budgettype>
            <ba_budgetsource>1</ba_budgetsource>
            <ba_mergetype>1</ba_mergetype>
            <ba_budgetamt>600000.00</ba_budgetamt>
            <ba_flowflag/>
            <ba_signflag/>
            <ba_signno/>
            <ba_key>11  </ba_key>
        </BCTDBUDGETDETAIL_row>
        <BCTDBUDGETDETAIL_row>
            <ba_fiscalyear>110</ba_fiscalyear>
            <ba_fundkind>1</ba_fundkind>
            <ba_budgetkind>1</ba_budgetkind>
            <ba_specialbudgetno/>
            <ba_agenno>57005</ba_agenno>
            <ba_agentype>C</ba_agentype>
            <ba_budgetstate>1</ba_budgetstate>
            <ba_versiondate/>
            <ba_budgetyear>110</ba_budgetyear>
            <ba_budgetno>0557050101</ba_budgetno>
            <ba_subprojectno/>
            <mj_subprojectname/>
            <ba_departno>10</ba_departno>
            <ba_objectno/>
            <ba_budgettype>R</ba_budgettype>
            <ba_budgetsource>1</ba_budgetsource>
            <ba_mergetype>1</ba_mergetype>
            <ba_budgetamt>34257000.00</ba_budgetamt>
            <ba_flowflag/>
            <ba_signflag/>
            <ba_signno/>
            <ba_key>11  </ba_key>
        </BCTDBUDGETDETAIL_row>
        <BCTDBUDGETDETAIL_row>
            <ba_fiscalyear>110</ba_fiscalyear>
            <ba_fundkind>1</ba_fundkind>
            <ba_budgetkind>1</ba_budgetkind>
            <ba_specialbudgetno/>
            <ba_agenno>57005</ba_agenno>
            <ba_agentype>C</ba_agentype>
            <ba_budgetstate>1</ba_budgetstate>
            <ba_versiondate/>
            <ba_budgetyear>110</ba_budgetyear>
            <ba_budgetno>0557050102</ba_budgetno>
            <ba_subprojectno/>
            <mj_subprojectname/>
            <ba_departno>10</ba_departno>
            <ba_objectno/>
            <ba_budgettype>R</ba_budgettype>
            <ba_budgetsource>1</ba_budgetsource>
            <ba_mergetype>1</ba_mergetype>
            <ba_budgetamt>7225000.00</ba_budgetamt>
            <ba_flowflag/>
            <ba_signflag/>
            <ba_signno/>
            <ba_key>11  </ba_key>
        </BCTDBUDGETDETAIL_row>
        <BCTDBUDGETDETAIL_row>
            <ba_fiscalyear>110</ba_fiscalyear>
            <ba_fundkind>1</ba_fundkind>
            <ba_budgetkind>1</ba_budgetkind>
            <ba_specialbudgetno/>
            <ba_agenno>57005</ba_agenno>
            <ba_agentype>C</ba_agentype>
            <ba_budgetstate>1</ba_budgetstate>
            <ba_versiondate/>
            <ba_budgetyear>110</ba_budgetyear>
            <ba_budgetno>0557050305</ba_budgetno>
            <ba_subprojectno/>
            <mj_subprojectname/>
            <ba_departno>14</ba_departno>
            <ba_objectno/>
            <ba_budgettype>R</ba_budgettype>
            <ba_budgetsource>1</ba_budgetsource>
            <ba_mergetype>1</ba_mergetype>
            <ba_budgetamt>92952000.00</ba_budgetamt>
            <ba_flowflag/>
            <ba_signflag/>
            <ba_signno/>
            <ba_key>11  </ba_key>
        </BCTDBUDGETDETAIL_row>
        <BCTDBUDGETDETAIL_row>
            <ba_fiscalyear>110</ba_fiscalyear>
            <ba_fundkind>1</ba_fundkind>
            <ba_budgetkind>1</ba_budgetkind>
            <ba_specialbudgetno/>
            <ba_agenno>57005</ba_agenno>
            <ba_agentype>C</ba_agentype>
            <ba_budgetstate>1</ba_budgetstate>
            <ba_versiondate/>
            <ba_budgetyear>110</ba_budgetyear>
            <ba_budgetno>0757050103</ba_budgetno>
            <ba_subprojectno/>
            <mj_subprojectname/>
            <ba_departno>02</ba_departno>
            <ba_objectno/>
            <ba_budgettype>R</ba_budgettype>
            <ba_budgetsource>1</ba_budgetsource>
            <ba_mergetype>1</ba_mergetype>
            <ba_budgetamt>375000.00</ba_budgetamt>
            <ba_flowflag/>
            <ba_signflag/>
            <ba_signno/>
            <ba_key>11  </ba_key>
        </BCTDBUDGETDETAIL_row>
        <BCTDBUDGETDETAIL_row>
            <ba_fiscalyear>110</ba_fiscalyear>
            <ba_fundkind>1</ba_fundkind>
            <ba_budgetkind>1</ba_budgetkind>
            <ba_specialbudgetno/>
            <ba_agenno>57005</ba_agenno>
            <ba_agentype>C</ba_agentype>
            <ba_budgetstate>1</ba_budgetstate>
            <ba_versiondate/>
            <ba_budgetyear>110</ba_budgetyear>
            <ba_budgetno>0757050500</ba_budgetno>
            <ba_subprojectno/>
            <mj_subprojectname/>
            <ba_departno>02</ba_departno>
            <ba_objectno/>
            <ba_budgettype>R</ba_budgettype>
            <ba_budgetsource>1</ba_budgetsource>
            <ba_mergetype>1</ba_mergetype>
            <ba_budgetamt>290000.00</ba_budgetamt>
            <ba_flowflag/>
            <ba_signflag/>
            <ba_signno/>
            <ba_key>11  </ba_key>
        </BCTDBUDGETDETAIL_row>
        <BCTDBUDGETDETAIL_row>
            <ba_fiscalyear>110</ba_fiscalyear>
            <ba_fundkind>1</ba_fundkind>
            <ba_budgetkind>1</ba_budgetkind>
            <ba_specialbudgetno/>
            <ba_agenno>57005</ba_agenno>
            <ba_agentype>C</ba_agentype>
            <ba_budgetstate>1</ba_budgetstate>
            <ba_versiondate/>
            <ba_budgetyear>110</ba_budgetyear>
            <ba_budgetno>1257050201</ba_budgetno>
            <ba_subprojectno/>
            <mj_subprojectname/>
            <ba_departno>15</ba_departno>
            <ba_objectno/>
            <ba_budgettype>R</ba_budgettype>
            <ba_budgetsource>1</ba_budgetsource>
            <ba_mergetype>1</ba_mergetype>
            <ba_budgetamt>700000.00</ba_budgetamt>
            <ba_flowflag/>
            <ba_signflag/>
            <ba_signno/>
            <ba_key>11  </ba_key>
        </BCTDBUDGETDETAIL_row>
        <BCTDBUDGETDETAIL_row>
            <ba_fiscalyear>110</ba_fiscalyear>
            <ba_fundkind>1</ba_fundkind>
            <ba_budgetkind>1</ba_budgetkind>
            <ba_specialbudgetno/>
            <ba_agenno>57005</ba_agenno>
            <ba_agentype>C</ba_agentype>
            <ba_budgetstate>1</ba_budgetstate>
            <ba_versiondate/>
            <ba_budgetyear>110</ba_budgetyear>
            <ba_budgetno>1257050210</ba_budgetno>
            <ba_subprojectno/>
            <mj_subprojectname/>
            <ba_departno>11</ba_departno>
            <ba_objectno/>
            <ba_budgettype>R</ba_budgettype>
            <ba_budgetsource>1</ba_budgetsource>
            <ba_mergetype>1</ba_mergetype>
            <ba_budgetamt>149000.00</ba_budgetamt>
            <ba_flowflag/>
            <ba_signflag/>
            <ba_signno/>
            <ba_key>11  </ba_key>
        </BCTDBUDGETDETAIL_row>
    </BCTDBUDGETDETAIL>
    <BCTDMEMO>
        <BCTDMEMO_row>
            <bc_fiscalyear>110</bc_fiscalyear>
            <bc_fundkind>1</bc_fundkind>
            <bc_budgetkind>1</bc_budgetkind>
            <bc_specialbudgetno/>
            <bc_agenno>57005</bc_agenno>
            <bc_agentype>C</bc_agentype>
            <bc_budgetstate>1</bc_budgetstate>
            <bc_reportno>BCME3430</bc_reportno>
            <bc_key>0457005030102xxxxxxxR1x0</bc_key>
            <bc_versiondate/>
            <bc_content>廠商違約逾期交貨之賠償收入。</bc_content>
        </BCTDMEMO_row>
        <BCTDMEMO_row>
            <bc_fiscalyear>110</bc_fiscalyear>
            <bc_fundkind>1</bc_fundkind>
            <bc_budgetkind>1</bc_budgetkind>
            <bc_specialbudgetno/>
            <bc_agenno>57005</bc_agenno>
            <bc_agentype>C</bc_agentype>
            <bc_budgetstate>1</bc_budgetstate>
            <bc_reportno>BCME3430</bc_reportno>
            <bc_key>04570050301xR1x1</bc_key>
            <bc_versiondate/>
            <bc_content>廠商違約逾期交貨之賠償收入。</bc_content>
        </BCTDMEMO_row>
        <BCTDMEMO_row>
            <bc_fiscalyear>110</bc_fiscalyear>
            <bc_fundkind>1</bc_fundkind>
            <bc_budgetkind>1</bc_budgetkind>
            <bc_specialbudgetno/>
            <bc_agenno>57005</bc_agenno>
            <bc_agentype>C</bc_agentype>
            <bc_budgetstate>1</bc_budgetstate>
            <bc_reportno>BCME3430</bc_reportno>
            <bc_key>04570050301xR1x2</bc_key>
            <bc_versiondate/>
            <bc_content>依政府採購法及契約所定之賠償辦理。</bc_content>
        </BCTDMEMO_row>
        <BCTDMEMO_row>
            <bc_fiscalyear>110</bc_fiscalyear>
            <bc_fundkind>1</bc_fundkind>
            <bc_budgetkind>1</bc_budgetkind>
            <bc_specialbudgetno/>
            <bc_agenno>57005</bc_agenno>
            <bc_agentype>C</bc_agentype>
            <bc_budgetstate>1</bc_budgetstate>
            <bc_reportno>BCME3430</bc_reportno>
            <bc_key>0557005010110xxxxxxxR1x0</bc_key>
            <bc_versiondate/>
            <bc_content>船舶衛生檢疫費34,257千元：&#xd;
&lt;#H1&gt;一千噸位以下登船檢疫費1.2千元×10艘次＝12千元。&#xd;
&lt;#H1&gt;超過一千至五千噸位登船檢疫費1.5千元×12艘次＝18千元。&#xd;
&lt;#H1&gt;超過五千至一萬噸位登船檢疫費2千元×2艘次＝4千元。&#xd;
&lt;#H1&gt;超過一萬至三萬噸位登船檢疫費2.5千元×2艘次＝5千元。&#xd;
&lt;#H1&gt;超過三萬至五萬噸位登船檢疫費3.5千元×2艘次＝7千元。&#xd;
&lt;#H1&gt;超過五萬噸位登船檢疫費客船6.3千元×1艘次、其餘船舶5千元×1艘次，計11千元。&#xd;
&lt;#H1&gt;審查檢疫費1千元×34,200艘次＝34,200千元。</bc_content>
        </BCTDMEMO_row>
        <BCTDMEMO_row>
            <bc_fiscalyear>110</bc_fiscalyear>
            <bc_fundkind>1</bc_fundkind>
            <bc_budgetkind>1</bc_budgetkind>
            <bc_specialbudgetno/>
            <bc_agenno>57005</bc_agenno>
            <bc_agentype>C</bc_agentype>
            <bc_budgetstate>1</bc_budgetstate>
            <bc_reportno>BCME3430</bc_reportno>
            <bc_key>05570050101xR1x1</bc_key>
            <bc_versiondate/>
            <bc_content>辦理進出口船舶檢疫事項。</bc_content>
        </BCTDMEMO_row>
        <BCTDMEMO_row>
            <bc_fiscalyear>110</bc_fiscalyear>
            <bc_fundkind>1</bc_fundkind>
            <bc_budgetkind>1</bc_budgetkind>
            <bc_specialbudgetno/>
            <bc_agenno>57005</bc_agenno>
            <bc_agentype>C</bc_agentype>
            <bc_budgetstate>1</bc_budgetstate>
            <bc_reportno>BCME3430</bc_reportno>
            <bc_key>05570050101xR1x2</bc_key>
            <bc_versiondate/>
            <bc_content>依衛生福利部106年7月27日衛授疾字第1060100873號令修正發布「港埠檢疫費用徵收辦法」計收。</bc_content>
        </BCTDMEMO_row>
        <BCTDMEMO_row>
            <bc_fiscalyear>110</bc_fiscalyear>
            <bc_fundkind>1</bc_fundkind>
            <bc_budgetkind>1</bc_budgetkind>
            <bc_specialbudgetno/>
            <bc_agenno>57005</bc_agenno>
            <bc_agentype>C</bc_agentype>
            <bc_budgetstate>1</bc_budgetstate>
            <bc_reportno>BCME3430</bc_reportno>
            <bc_key>0557005010210xxxxxxxR1x0</bc_key>
            <bc_versiondate/>
            <bc_content>&lt;#H1&gt;國際預防接種證明書費2,155千元：&#xd;
&lt;#H2&gt;辦理國際預防接種證明書初簽證書證照費0.2千元×9,500件＝1,900千元。&#xd;
&lt;#H2&gt;辦理國際預防接種證明書加簽證書證照費0.15千元×1,300件＝195千元。&#xd;
&lt;#H2&gt;辦理國際預防接種證明書補發證書證照費0.2千元×300件＝60千元。&#xd;
&lt;#H1&gt;船舶衛生管制或免予衛生管制證明書費5,050千元：&#xd;
&lt;#H2&gt;一千噸位以下船舶衛生管制或免予衛生管制證明書費3千元×100件＝300千元。&#xd;
&lt;#H2&gt;超過一千至一萬噸位船舶衛生管制或免予衛生管制證明書費客船5千元×3件、其餘船舶4千元×355件，計1,435千元。&#xd;
&lt;#H2&gt;超過一萬至五萬噸位船舶衛生管制或免予衛生管制證明書費客船6.3千元×3件、其餘船舶5千元×330件，計1,669千元。&#xd;
&lt;#H2&gt;超過五萬噸位船舶衛生管制或免予衛生管制證明書費客船7.5千元×4件、其餘船舶6千元×210件，計1,290千元。&#xd;
&lt;#H2&gt;船舶衛生管制或免予衛生管制證明書延期、放行或更改船名、噸位等簽證費1千元×356件＝356千元。&#xd;
&lt;#H1&gt;屍體出境准許證明書費0.2千元×100件＝20千元。</bc_content>
        </BCTDMEMO_row>
        <BCTDMEMO_row>
            <bc_fiscalyear>110</bc_fiscalyear>
            <bc_fundkind>1</bc_fundkind>
            <bc_budgetkind>1</bc_budgetkind>
            <bc_specialbudgetno/>
            <bc_agenno>57005</bc_agenno>
            <bc_agentype>C</bc_agentype>
            <bc_budgetstate>1</bc_budgetstate>
            <bc_reportno>BCME3430</bc_reportno>
            <bc_key>05570050102xR1x1</bc_key>
            <bc_versiondate/>
            <bc_content>&lt;#H1&gt;國際預防接種證明書費。&#xd;
&lt;#H1&gt;船舶衛生管制或免予衛生管制證明書費。&#xd;
&lt;#H1&gt;屍體出境准許證明書費。</bc_content>
        </BCTDMEMO_row>
        <BCTDMEMO_row>
            <bc_fiscalyear>110</bc_fiscalyear>
            <bc_fundkind>1</bc_fundkind>
            <bc_budgetkind>1</bc_budgetkind>
            <bc_specialbudgetno/>
            <bc_agenno>57005</bc_agenno>
            <bc_agentype>C</bc_agentype>
            <bc_budgetstate>1</bc_budgetstate>
            <bc_reportno>BCME3430</bc_reportno>
            <bc_key>05570050102xR1x2</bc_key>
            <bc_versiondate/>
            <bc_content>依衛生福利部106年7月27日衛授疾字第1060100873號令修正發布「港埠檢疫費用徵收辦法」計收。</bc_content>
        </BCTDMEMO_row>
        <BCTDMEMO_row>
            <bc_fiscalyear>110</bc_fiscalyear>
            <bc_fundkind>1</bc_fundkind>
            <bc_budgetkind>1</bc_budgetkind>
            <bc_specialbudgetno/>
            <bc_agenno>57005</bc_agenno>
            <bc_agentype>C</bc_agentype>
            <bc_budgetstate>1</bc_budgetstate>
            <bc_reportno>BCME3430</bc_reportno>
            <bc_key>0557005030514xxxxxxxR1x0</bc_key>
            <bc_versiondate/>
            <bc_content>&lt;#H1&gt;生物製劑供應費86,278千元：抗蛇毒血清凍晶注射劑3,400劑，每劑25.376千元，計收86,278千元。&#xd;
&lt;#H1&gt;瘧疾預防用藥供應費2,440千元：阿托奎酮與氯胍混合製劑10,000錠，每錠採購成本0.224千元加計處理成本0.02千元，計收2,440千元（每年歲入將依採購成本異動）。&#xd;
&lt;#H1&gt;阿米巴性痢疾藥品供應費834千元：巴龍黴素8,100錠，每錠採購成本0.099千元加計處理成本0.004千元，計收834千元（每年歲入將依採購藥品種類、成本及病患數而異動）。&#xd;
&lt;#H1&gt;愛滋防治針具及保險套自動服務機收入3,400千元：服務機係各縣市政府衛生局基於愛滋防治目的而設置，並以低於衛材包成本之價格提供使用。</bc_content>
        </BCTDMEMO_row>
        <BCTDMEMO_row>
            <bc_fiscalyear>110</bc_fiscalyear>
            <bc_fundkind>1</bc_fundkind>
            <bc_budgetkind>1</bc_budgetkind>
            <bc_specialbudgetno/>
            <bc_agenno>57005</bc_agenno>
            <bc_agentype>C</bc_agentype>
            <bc_budgetstate>1</bc_budgetstate>
            <bc_reportno>BCME3430</bc_reportno>
            <bc_key>05570050305xR1x1</bc_key>
            <bc_versiondate/>
            <bc_content>&lt;#H1&gt;抗蛇毒血清凍晶注射劑銷售收入。&#xd;
&lt;#H1&gt;提供出國旅客瘧疾預防用藥收入。&#xd;
&lt;#H1&gt;提供非本國籍者阿米巴性痢疾個案治療藥品收入。&#xd;
&lt;#H1&gt;愛滋防治針具及保險套自動服務機收入。</bc_content>
        </BCTDMEMO_row>
        <BCTDMEMO_row>
            <bc_fiscalyear>110</bc_fiscalyear>
            <bc_fundkind>1</bc_fundkind>
            <bc_budgetkind>1</bc_budgetkind>
            <bc_specialbudgetno/>
            <bc_agenno>57005</bc_agenno>
            <bc_agentype>C</bc_agentype>
            <bc_budgetstate>1</bc_budgetstate>
            <bc_reportno>BCME3430</bc_reportno>
            <bc_key>05570050305xR1x2</bc_key>
            <bc_versiondate/>
            <bc_content>&lt;#H1&gt;依衛生福利部108年5月10日衛授疾字第1080100440號令修正發布「衛生福利部疾病管制署生物製劑收費標準」計收。&#xd;
&lt;#H1&gt;依衛生福利部108年12月3日衛授疾字第1082100419號公告修正之「預防接種費、瘧疾預防藥品費及阿米巴性痢疾藥品費收費金額表」計收。&#xd;
&lt;#H1&gt;依衛生福利部106年7月27日衛授疾字第1060100873號令修正發布「港埠檢疫費用徵收辦法」計收。</bc_content>
        </BCTDMEMO_row>
        <BCTDMEMO_row>
            <bc_fiscalyear>110</bc_fiscalyear>
            <bc_fundkind>1</bc_fundkind>
            <bc_budgetkind>1</bc_budgetkind>
            <bc_specialbudgetno/>
            <bc_agenno>57005</bc_agenno>
            <bc_agentype>C</bc_agentype>
            <bc_budgetstate>1</bc_budgetstate>
            <bc_reportno>BCME3430</bc_reportno>
            <bc_key>0757005010302xxxxxxxR1x0</bc_key>
            <bc_versiondate/>
            <bc_content>&lt;#H1&gt;本署員工使用停車位租金收入293千元（0.8千元×8人×12個月；0.6千元×5人×12個月；0.5千元×30人×12個月）。&#xd;
&lt;#H1&gt;基地臺租金收入82千元。</bc_content>
        </BCTDMEMO_row>
        <BCTDMEMO_row>
            <bc_fiscalyear>110</bc_fiscalyear>
            <bc_fundkind>1</bc_fundkind>
            <bc_budgetkind>1</bc_budgetkind>
            <bc_specialbudgetno/>
            <bc_agenno>57005</bc_agenno>
            <bc_agentype>C</bc_agentype>
            <bc_budgetstate>1</bc_budgetstate>
            <bc_reportno>BCME3430</bc_reportno>
            <bc_key>07570050103xR1x1</bc_key>
            <bc_versiondate/>
            <bc_content>&lt;#H1&gt;本署員工使用停車位租金收入。&#xd;
&lt;#H1&gt;基地臺租金收入。</bc_content>
        </BCTDMEMO_row>
        <BCTDMEMO_row>
            <bc_fiscalyear>110</bc_fiscalyear>
            <bc_fundkind>1</bc_fundkind>
            <bc_budgetkind>1</bc_budgetkind>
            <bc_specialbudgetno/>
            <bc_agenno>57005</bc_agenno>
            <bc_agentype>C</bc_agentype>
            <bc_budgetstate>1</bc_budgetstate>
            <bc_reportno>BCME3430</bc_reportno>
            <bc_key>07570050103xR1x2</bc_key>
            <bc_versiondate/>
            <bc_content>&lt;#H1&gt;衛生福利部疾病管制署停車場收費管理辦法。&#xd;
&lt;#H1&gt;配合國家「加速無線寬頻基礎建設」政策，公有建物提供電信業者設置基地臺簽定之契約書。</bc_content>
        </BCTDMEMO_row>
        <BCTDMEMO_row>
            <bc_fiscalyear>110</bc_fiscalyear>
            <bc_fundkind>1</bc_fundkind>
            <bc_budgetkind>1</bc_budgetkind>
            <bc_specialbudgetno/>
            <bc_agenno>57005</bc_agenno>
            <bc_agentype>C</bc_agentype>
            <bc_budgetstate>1</bc_budgetstate>
            <bc_reportno>BCME3430</bc_reportno>
            <bc_key>0757005050002xxxxxxxR1x0</bc_key>
            <bc_versiondate/>
            <bc_content>出售廢舊財產收入，估如列數。</bc_content>
        </BCTDMEMO_row>
        <BCTDMEMO_row>
            <bc_fiscalyear>110</bc_fiscalyear>
            <bc_fundkind>1</bc_fundkind>
            <bc_budgetkind>1</bc_budgetkind>
            <bc_specialbudgetno/>
            <bc_agenno>57005</bc_agenno>
            <bc_agentype>C</bc_agentype>
            <bc_budgetstate>1</bc_budgetstate>
            <bc_reportno>BCME3430</bc_reportno>
            <bc_key>07570050500xR1x1</bc_key>
            <bc_versiondate/>
            <bc_content>變賣廢舊物品等收入。&#xd;
</bc_content>
        </BCTDMEMO_row>
        <BCTDMEMO_row>
            <bc_fiscalyear>110</bc_fiscalyear>
            <bc_fundkind>1</bc_fundkind>
            <bc_budgetkind>1</bc_budgetkind>
            <bc_specialbudgetno/>
            <bc_agenno>57005</bc_agenno>
            <bc_agentype>C</bc_agentype>
            <bc_budgetstate>1</bc_budgetstate>
            <bc_reportno>BCME3430</bc_reportno>
            <bc_key>07570050500xR1x2</bc_key>
            <bc_versiondate/>
            <bc_content>&lt;#H1&gt;依國有財產法第55條及財政收支劃分法第27、28條。&#xd;
&lt;#H1&gt;依國有公用財產管理手冊第66點。</bc_content>
        </BCTDMEMO_row>
        <BCTDMEMO_row>
            <bc_fiscalyear>110</bc_fiscalyear>
            <bc_fundkind>1</bc_fundkind>
            <bc_budgetkind>1</bc_budgetkind>
            <bc_specialbudgetno/>
            <bc_agenno>57005</bc_agenno>
            <bc_agentype>C</bc_agentype>
            <bc_budgetstate>1</bc_budgetstate>
            <bc_reportno>BCME3430</bc_reportno>
            <bc_key>1257005020115xxxxxxxR1x0</bc_key>
            <bc_versiondate/>
            <bc_content>收回以前年度補助及委辦計畫賸餘款。</bc_content>
        </BCTDMEMO_row>
        <BCTDMEMO_row>
            <bc_fiscalyear>110</bc_fiscalyear>
            <bc_fundkind>1</bc_fundkind>
            <bc_budgetkind>1</bc_budgetkind>
            <bc_specialbudgetno/>
            <bc_agenno>57005</bc_agenno>
            <bc_agentype>C</bc_agentype>
            <bc_budgetstate>1</bc_budgetstate>
            <bc_reportno>BCME3430</bc_reportno>
            <bc_key>12570050201xR1x1</bc_key>
            <bc_versiondate/>
            <bc_content>收回以前年度補助及委辦計畫賸餘款。</bc_content>
        </BCTDMEMO_row>
        <BCTDMEMO_row>
            <bc_fiscalyear>110</bc_fiscalyear>
            <bc_fundkind>1</bc_fundkind>
            <bc_budgetkind>1</bc_budgetkind>
            <bc_specialbudgetno/>
            <bc_agenno>57005</bc_agenno>
            <bc_agentype>C</bc_agentype>
            <bc_budgetstate>1</bc_budgetstate>
            <bc_reportno>BCME3430</bc_reportno>
            <bc_key>12570050201xR1x2</bc_key>
            <bc_versiondate/>
            <bc_content>預算法第75條。</bc_content>
        </BCTDMEMO_row>
        <BCTDMEMO_row>
            <bc_fiscalyear>110</bc_fiscalyear>
            <bc_fundkind>1</bc_fundkind>
            <bc_budgetkind>1</bc_budgetkind>
            <bc_specialbudgetno/>
            <bc_agenno>57005</bc_agenno>
            <bc_agentype>C</bc_agentype>
            <bc_budgetstate>1</bc_budgetstate>
            <bc_reportno>BCME3430</bc_reportno>
            <bc_key>1257005021011xxxxxxxR1x0</bc_key>
            <bc_versiondate/>
            <bc_content>&lt;#H1&gt;出售防疫相關出版品250本，每本平均售價0.2千元，依據「政府出版品管理要點」定價百分之六十結付項款，0.2千元×250本×60％＝30千元。&#xd;
&lt;#H1&gt;借用宿舍員工自薪資扣回繳庫數65千元。&#xd;
&lt;#H1&gt;借用職務宿舍管理費繳庫數52千元。&#xd;
&lt;#H1&gt;本署員工補發識別證工本費收入2千元。</bc_content>
        </BCTDMEMO_row>
        <BCTDMEMO_row>
            <bc_fiscalyear>110</bc_fiscalyear>
            <bc_fundkind>1</bc_fundkind>
            <bc_budgetkind>1</bc_budgetkind>
            <bc_specialbudgetno/>
            <bc_agenno>57005</bc_agenno>
            <bc_agentype>C</bc_agentype>
            <bc_budgetstate>1</bc_budgetstate>
            <bc_reportno>BCME3430</bc_reportno>
            <bc_key>12570050210xR1x1</bc_key>
            <bc_versiondate/>
            <bc_content>&lt;#H1&gt;出售防疫相關出版品收入。&#xd;
&lt;#H1&gt;借用宿舍員工自薪資扣回繳庫數（含宿舍管理費）。&#xd;
&lt;#H1&gt;補發識別證工本費。</bc_content>
        </BCTDMEMO_row>
        <BCTDMEMO_row>
            <bc_fiscalyear>110</bc_fiscalyear>
            <bc_fundkind>1</bc_fundkind>
            <bc_budgetkind>1</bc_budgetkind>
            <bc_specialbudgetno/>
            <bc_agenno>57005</bc_agenno>
            <bc_agentype>C</bc_agentype>
            <bc_budgetstate>1</bc_budgetstate>
            <bc_reportno>BCME3430</bc_reportno>
            <bc_key>12570050210xR1x2</bc_key>
            <bc_versiondate/>
            <bc_content>&lt;#H1&gt;依「政府出版品管理要點」計收。&#xd;
&lt;#H1&gt;依「全國公教員工待遇支給要點」及「中央各機關學校職務宿舍之設置管理規定事項」規定辦理。&#xd;
&lt;#H1&gt;依本署102年7月23日修訂識別證卡使用管理要點辦理。&#xd;
</bc_content>
        </BCTDMEMO_row>
    </BCTDMEMO>
</tables>
