<?xml version="1.0" encoding="UTF-8"?>
<GenericData>
　　<Header>
　　　　<Table Id="FNGAUSE" Name="各項費用彙計表" Domain="NBA" />
　　　　<Program Id="NBAGBR150_A" />
　　　　<Sender Name="疫苗基金" />
　　　　<報表名稱>各項費用彙計表</報表名稱>
　　　　<年度>109</年度>
　　　　<基金>疫苗基金</基金>
　　　　<階段>預算案</階段>
　　　　<版本>1</版本>
　　　　<單位>新臺幣千元</單位>
　　</Header>
　　<DataSet>
　　　　<ROW>
　　　　　　<SEQNO>1</SEQNO>
　　　　　　<LEVEL>1</LEVEL>
　　　　　　<BOLD>1</BOLD>
　　　　　　<前年度決算數>78.00</前年度決算數>
　　　　　　<上年度預算數>80.00</上年度預算數>
　　　　　　<科目名稱>用人費用</科目名稱>
　　　　　　<合計>80.00</合計>
　　　　　　<一般行政管理計畫>80.00</一般行政管理計畫>
　　　　</ROW>
　　　　<ROW>
　　　　　　<SEQNO>2</SEQNO>
　　　　　　<LEVEL>2</LEVEL>
　　　　　　<BOLD>0</BOLD>
　　　　　　<前年度決算數>78.00</前年度決算數>
　　　　　　<上年度預算數>80.00</上年度預算數>
　　　　　　<科目名稱>超時工作報酬</科目名稱>
　　　　　　<合計>80.00</合計>
　　　　　　<一般行政管理計畫>80.00</一般行政管理計畫>
　　　　</ROW>
　　　　<ROW>
　　　　　　<SEQNO>3</SEQNO>
　　　　　　<LEVEL>3</LEVEL>
　　　　　　<BOLD>0</BOLD>
　　　　　　<前年度決算數>78.00</前年度決算數>
　　　　　　<上年度預算數>80.00</上年度預算數>
　　　　　　<科目名稱>加班費</科目名稱>
　　　　　　<合計>80.00</合計>
　　　　　　<一般行政管理計畫>80.00</一般行政管理計畫>
　　　　</ROW>
　　　　<ROW>
　　　　　　<SEQNO>4</SEQNO>
　　　　　　<LEVEL>1</LEVEL>
　　　　　　<BOLD>1</BOLD>
　　　　　　<前年度決算數>22482.00</前年度決算數>
　　　　　　<上年度預算數>37275.00</上年度預算數>
　　　　　　<科目名稱>服務費用</科目名稱>
　　　　　　<合計>42391.00</合計>
　　　　　　<疫苗接種計畫>41090.00</疫苗接種計畫>
　　　　　　<一般行政管理計畫>1301.00</一般行政管理計畫>
　　　　</ROW>
　　　　<ROW>
　　　　　　<SEQNO>5</SEQNO>
　　　　　　<LEVEL>2</LEVEL>
　　　　　　<BOLD>0</BOLD>
　　　　　　<前年度決算數>342.00</前年度決算數>
　　　　　　<上年度預算數>342.00</上年度預算數>
　　　　　　<科目名稱>水電費</科目名稱>
　　　　　　<合計>342.00</合計>
　　　　　　<一般行政管理計畫>342.00</一般行政管理計畫>
　　　　</ROW>
　　　　<ROW>
　　　　　　<SEQNO>6</SEQNO>
　　　　　　<LEVEL>3</LEVEL>
　　　　　　<BOLD>0</BOLD>
　　　　　　<前年度決算數>342.00</前年度決算數>
　　　　　　<上年度預算數>342.00</上年度預算數>
　　　　　　<科目名稱>工作場所電費</科目名稱>
　　　　　　<合計>342.00</合計>
　　　　　　<一般行政管理計畫>342.00</一般行政管理計畫>
　　　　</ROW>
　　　　<ROW>
　　　　　　<SEQNO>7</SEQNO>
　　　　　　<LEVEL>2</LEVEL>
　　　　　　<BOLD>0</BOLD>
　　　　　　<前年度決算數>900.00</前年度決算數>
　　　　　　<上年度預算數>1600.00</上年度預算數>
　　　　　　<科目名稱>郵電費</科目名稱>
　　　　　　<合計>1600.00</合計>
　　　　　　<疫苗接種計畫>1600.00</疫苗接種計畫>
　　　　</ROW>
　　　　<ROW>
　　　　　　<SEQNO>8</SEQNO>
　　　　　　<LEVEL>3</LEVEL>
　　　　　　<BOLD>0</BOLD>
　　　　　　<前年度決算數>-</前年度決算數>
　　　　　　<上年度預算數>100.00</上年度預算數>
　　　　　　<科目名稱>郵費</科目名稱>
　　　　　　<合計>100.00</合計>
　　　　　　<疫苗接種計畫>100.00</疫苗接種計畫>
　　　　</ROW>
　　　　<ROW>
　　　　　　<SEQNO>9</SEQNO>
　　　　　　<LEVEL>3</LEVEL>
　　　　　　<BOLD>0</BOLD>
　　　　　　<前年度決算數>900.00</前年度決算數>
　　　　　　<上年度預算數>1500.00</上年度預算數>
　　　　　　<科目名稱>電話費</科目名稱>
　　　　　　<合計>1500.00</合計>
　　　　　　<疫苗接種計畫>1500.00</疫苗接種計畫>
　　　　</ROW>
　　　　<ROW>
　　　　　　<SEQNO>10</SEQNO>
　　　　　　<LEVEL>2</LEVEL>
　　　　　　<BOLD>0</BOLD>
　　　　　　<前年度決算數>949.00</前年度決算數>
　　　　　　<上年度預算數>1583.00</上年度預算數>
　　　　　　<科目名稱>旅運費</科目名稱>
　　　　　　<合計>1583.00</合計>
　　　　　　<疫苗接種計畫>1583.00</疫苗接種計畫>
　　　　</ROW>
　　　　<ROW>
　　　　　　<SEQNO>11</SEQNO>
　　　　　　<LEVEL>3</LEVEL>
　　　　　　<BOLD>0</BOLD>
　　　　　　<前年度決算數>202.00</前年度決算數>
　　　　　　<上年度預算數>402.00</上年度預算數>
　　　　　　<科目名稱>國內旅費</科目名稱>
　　　　　　<合計>402.00</合計>
　　　　　　<疫苗接種計畫>402.00</疫苗接種計畫>
　　　　</ROW>
　　　　<ROW>
　　　　　　<SEQNO>12</SEQNO>
　　　　　　<LEVEL>3</LEVEL>
　　　　　　<BOLD>0</BOLD>
　　　　　　<前年度決算數>710.00</前年度決算數>
　　　　　　<上年度預算數>881.00</上年度預算數>
　　　　　　<科目名稱>國外旅費</科目名稱>
　　　　　　<合計>881.00</合計>
　　　　　　<疫苗接種計畫>881.00</疫苗接種計畫>
　　　　</ROW>
　　　　<ROW>
　　　　　　<SEQNO>13</SEQNO>
　　　　　　<LEVEL>3</LEVEL>
　　　　　　<BOLD>0</BOLD>
　　　　　　<前年度決算數>35.00</前年度決算數>
　　　　　　<上年度預算數>300.00</上年度預算數>
　　　　　　<科目名稱>貨物運費</科目名稱>
　　　　　　<合計>300.00</合計>
　　　　　　<疫苗接種計畫>300.00</疫苗接種計畫>
　　　　</ROW>
　　　　<ROW>
　　　　　　<SEQNO>14</SEQNO>
　　　　　　<LEVEL>3</LEVEL>
　　　　　　<BOLD>0</BOLD>
　　　　　　<前年度決算數>3.00</前年度決算數>
　　　　　　<上年度預算數>-</上年度預算數>
　　　　　　<科目名稱>其他旅運費</科目名稱>
　　　　　　<合計>-</合計>
　　　　　　<疫苗接種計畫>-</疫苗接種計畫>
　　　　</ROW>
　　　　<ROW>
　　　　　　<SEQNO>15</SEQNO>
　　　　　　<LEVEL>2</LEVEL>
　　　　　　<BOLD>0</BOLD>
　　　　　　<前年度決算數>14213.00</前年度決算數>
　　　　　　<上年度預算數>18194.00</上年度預算數>
　　　　　　<科目名稱>印刷裝訂與廣告費</科目名稱>
　　　　　　<合計>18194.00</合計>
　　　　　　<疫苗接種計畫>18144.00</疫苗接種計畫>
　　　　　　<一般行政管理計畫>50.00</一般行政管理計畫>
　　　　</ROW>
　　　　<ROW>
　　　　　　<SEQNO>16</SEQNO>
　　　　　　<LEVEL>3</LEVEL>
　　　　　　<BOLD>0</BOLD>
　　　　　　<前年度決算數>900.00</前年度決算數>
　　　　　　<上年度預算數>1500.00</上年度預算數>
　　　　　　<科目名稱>印刷及裝訂費</科目名稱>
　　　　　　<合計>1500.00</合計>
　　　　　　<疫苗接種計畫>1450.00</疫苗接種計畫>
　　　　　　<一般行政管理計畫>50.00</一般行政管理計畫>
　　　　</ROW>
　　　　<ROW>
　　　　　　<SEQNO>17</SEQNO>
　　　　　　<LEVEL>3</LEVEL>
　　　　　　<BOLD>0</BOLD>
　　　　　　<前年度決算數>13313.00</前年度決算數>
　　　　　　<上年度預算數>16694.00</上年度預算數>
　　　　　　<科目名稱>業務宣導費</科目名稱>
　　　　　　<合計>16694.00</合計>
　　　　　　<疫苗接種計畫>16694.00</疫苗接種計畫>
　　　　</ROW>
　　　　<ROW>
　　　　　　<SEQNO>18</SEQNO>
　　　　　　<LEVEL>2</LEVEL>
　　　　　　<BOLD>0</BOLD>
　　　　　　<前年度決算數>21.00</前年度決算數>
　　　　　　<上年度預算數>150.00</上年度預算數>
　　　　　　<科目名稱>修理保養及保固費</科目名稱>
　　　　　　<合計>150.00</合計>
　　　　　　<一般行政管理計畫>150.00</一般行政管理計畫>
　　　　</ROW>
　　　　<ROW>
　　　　　　<SEQNO>19</SEQNO>
　　　　　　<LEVEL>3</LEVEL>
　　　　　　<BOLD>0</BOLD>
　　　　　　<前年度決算數>-</前年度決算數>
　　　　　　<上年度預算數>50.00</上年度預算數>
　　　　　　<科目名稱>機械及設備修護費</科目名稱>
　　　　　　<合計>50.00</合計>
　　　　　　<一般行政管理計畫>50.00</一般行政管理計畫>
　　　　</ROW>
　　　　<ROW>
　　　　　　<SEQNO>20</SEQNO>
　　　　　　<LEVEL>3</LEVEL>
　　　　　　<BOLD>0</BOLD>
　　　　　　<前年度決算數>21.00</前年度決算數>
　　　　　　<上年度預算數>100.00</上年度預算數>
　　　　　　<科目名稱>雜項設備修護費</科目名稱>
　　　　　　<合計>100.00</合計>
　　　　　　<一般行政管理計畫>100.00</一般行政管理計畫>
　　　　</ROW>
　　　　<ROW>
　　　　　　<SEQNO>21</SEQNO>
　　　　　　<LEVEL>2</LEVEL>
　　　　　　<BOLD>0</BOLD>
　　　　　　<前年度決算數>3422.00</前年度決算數>
　　　　　　<上年度預算數>4196.00</上年度預算數>
　　　　　　<科目名稱>一般服務費</科目名稱>
　　　　　　<合計>4812.00</合計>
　　　　　　<疫苗接種計畫>4053.00</疫苗接種計畫>
　　　　　　<一般行政管理計畫>759.00</一般行政管理計畫>
　　　　</ROW>
　　　　<ROW>
　　　　　　<SEQNO>22</SEQNO>
　　　　　　<LEVEL>3</LEVEL>
　　　　　　<BOLD>0</BOLD>
　　　　　　<前年度決算數>3.00</前年度決算數>
　　　　　　<上年度預算數>-</上年度預算數>
　　　　　　<科目名稱>佣金、匯費、經理費及手續費</科目名稱>
　　　　　　<合計>-</合計>
　　　　　　<疫苗接種計畫>-</疫苗接種計畫>
　　　　</ROW>
　　　　<ROW>
　　　　　　<SEQNO>23</SEQNO>
　　　　　　<LEVEL>3</LEVEL>
　　　　　　<BOLD>0</BOLD>
　　　　　　<前年度決算數>1294.00</前年度決算數>
　　　　　　<上年度預算數>2310.00</上年度預算數>
　　　　　　<科目名稱>代理（辦）費</科目名稱>
　　　　　　<合計>2851.00</合計>
　　　　　　<疫苗接種計畫>2851.00</疫苗接種計畫>
　　　　</ROW>
　　　　<ROW>
　　　　　　<SEQNO>24</SEQNO>
　　　　　　<LEVEL>3</LEVEL>
　　　　　　<BOLD>0</BOLD>
　　　　　　<前年度決算數>1525.00</前年度決算數>
　　　　　　<上年度預算數>1816.00</上年度預算數>
　　　　　　<科目名稱>外包費</科目名稱>
　　　　　　<合計>-</合計>
　　　　　　<疫苗接種計畫>-</疫苗接種計畫>
　　　　　　<一般行政管理計畫>-</一般行政管理計畫>
　　　　</ROW>
　　　　<ROW>
　　　　　　<SEQNO>25</SEQNO>
　　　　　　<LEVEL>3</LEVEL>
　　　　　　<BOLD>0</BOLD>
　　　　　　<前年度決算數>-</前年度決算數>
　　　　　　<上年度預算數>70.00</上年度預算數>
　　　　　　<科目名稱>計時與計件人員酬金</科目名稱>
　　　　　　<合計>1961.00</合計>
　　　　　　<疫苗接種計畫>1202.00</疫苗接種計畫>
　　　　　　<一般行政管理計畫>759.00</一般行政管理計畫>
　　　　</ROW>
　　　　<ROW>
　　　　　　<SEQNO>26</SEQNO>
　　　　　　<LEVEL>3</LEVEL>
　　　　　　<BOLD>0</BOLD>
　　　　　　<前年度決算數>600.00</前年度決算數>
　　　　　　<上年度預算數>-</上年度預算數>
　　　　　　<科目名稱>替代役待遇及給與</科目名稱>
　　　　　　<合計>-</合計>
　　　　　　<疫苗接種計畫>-</疫苗接種計畫>
　　　　</ROW>
　　　　<ROW>
　　　　　　<SEQNO>27</SEQNO>
　　　　　　<LEVEL>2</LEVEL>
　　　　　　<BOLD>0</BOLD>
　　　　　　<前年度決算數>2635.00</前年度決算數>
　　　　　　<上年度預算數>11210.00</上年度預算數>
　　　　　　<科目名稱>專業服務費</科目名稱>
　　　　　　<合計>15710.00</合計>
　　　　　　<疫苗接種計畫>15710.00</疫苗接種計畫>
　　　　</ROW>
　　　　<ROW>
　　　　　　<SEQNO>28</SEQNO>
　　　　　　<LEVEL>3</LEVEL>
　　　　　　<BOLD>0</BOLD>
　　　　　　<前年度決算數>355.00</前年度決算數>
　　　　　　<上年度預算數>600.00</上年度預算數>
　　　　　　<科目名稱>講課鐘點、稿費、出席審查及查詢費</科目名稱>
　　　　　　<合計>600.00</合計>
　　　　　　<疫苗接種計畫>600.00</疫苗接種計畫>
　　　　</ROW>
　　　　<ROW>
　　　　　　<SEQNO>29</SEQNO>
　　　　　　<LEVEL>3</LEVEL>
　　　　　　<BOLD>0</BOLD>
　　　　　　<前年度決算數>-</前年度決算數>
　　　　　　<上年度預算數>300.00</上年度預算數>
　　　　　　<科目名稱>委託調查研究費</科目名稱>
　　　　　　<合計>4300.00</合計>
　　　　　　<疫苗接種計畫>4300.00</疫苗接種計畫>
　　　　</ROW>
　　　　<ROW>
　　　　　　<SEQNO>30</SEQNO>
　　　　　　<LEVEL>3</LEVEL>
　　　　　　<BOLD>0</BOLD>
　　　　　　<前年度決算數>1100.00</前年度決算數>
　　　　　　<上年度預算數>5700.00</上年度預算數>
　　　　　　<科目名稱>電腦軟體服務費</科目名稱>
　　　　　　<合計>5000.00</合計>
　　　　　　<疫苗接種計畫>5000.00</疫苗接種計畫>
　　　　</ROW>
　　　　<ROW>
　　　　　　<SEQNO>31</SEQNO>
　　　　　　<LEVEL>3</LEVEL>
　　　　　　<BOLD>0</BOLD>
　　　　　　<前年度決算數>1180.00</前年度決算數>
　　　　　　<上年度預算數>4610.00</上年度預算數>
　　　　　　<科目名稱>其他專業服務費</科目名稱>
　　　　　　<合計>5810.00</合計>
　　　　　　<疫苗接種計畫>5810.00</疫苗接種計畫>
　　　　</ROW>
　　　　<ROW>
　　　　　　<SEQNO>32</SEQNO>
　　　　　　<LEVEL>1</LEVEL>
　　　　　　<BOLD>1</BOLD>
　　　　　　<前年度決算數>2079169.00</前年度決算數>
　　　　　　<上年度預算數>2284506.00</上年度預算數>
　　　　　　<科目名稱>材料及用品費</科目名稱>
　　　　　　<合計>2578567.00</合計>
　　　　　　<疫苗接種計畫>2578441.00</疫苗接種計畫>
　　　　　　<一般行政管理計畫>126.00</一般行政管理計畫>
　　　　</ROW>
　　　　<ROW>
　　　　　　<SEQNO>33</SEQNO>
　　　　　　<LEVEL>2</LEVEL>
　　　　　　<BOLD>0</BOLD>
　　　　　　<前年度決算數>2079169.00</前年度決算數>
　　　　　　<上年度預算數>2284506.00</上年度預算數>
　　　　　　<科目名稱>用品消耗</科目名稱>
　　　　　　<合計>2578567.00</合計>
　　　　　　<疫苗接種計畫>2578441.00</疫苗接種計畫>
　　　　　　<一般行政管理計畫>126.00</一般行政管理計畫>
　　　　</ROW>
　　　　<ROW>
　　　　　　<SEQNO>34</SEQNO>
　　　　　　<LEVEL>3</LEVEL>
　　　　　　<BOLD>0</BOLD>
　　　　　　<前年度決算數>-</前年度決算數>
　　　　　　<上年度預算數>100.00</上年度預算數>
　　　　　　<科目名稱>辦公（事務）用品</科目名稱>
　　　　　　<合計>100.00</合計>
　　　　　　<一般行政管理計畫>100.00</一般行政管理計畫>
　　　　</ROW>
　　　　<ROW>
　　　　　　<SEQNO>35</SEQNO>
　　　　　　<LEVEL>3</LEVEL>
　　　　　　<BOLD>0</BOLD>
　　　　　　<前年度決算數>3.00</前年度決算數>
　　　　　　<上年度預算數>26.00</上年度預算數>
　　　　　　<科目名稱>食品</科目名稱>
　　　　　　<合計>26.00</合計>
　　　　　　<一般行政管理計畫>26.00</一般行政管理計畫>
　　　　</ROW>
　　　　<ROW>
　　　　　　<SEQNO>36</SEQNO>
　　　　　　<LEVEL>3</LEVEL>
　　　　　　<BOLD>0</BOLD>
　　　　　　<前年度決算數>2079166.00</前年度決算數>
　　　　　　<上年度預算數>2284380.00</上年度預算數>
　　　　　　<科目名稱>其他用品消耗</科目名稱>
　　　　　　<合計>2578441.00</合計>
　　　　　　<疫苗接種計畫>2578441.00</疫苗接種計畫>
　　　　　　<一般行政管理計畫>-</一般行政管理計畫>
　　　　</ROW>
　　　　<ROW>
　　　　　　<SEQNO>37</SEQNO>
　　　　　　<LEVEL>1</LEVEL>
　　　　　　<BOLD>1</BOLD>
　　　　　　<前年度決算數>5494.00</前年度決算數>
　　　　　　<上年度預算數>16500.00</上年度預算數>
　　　　　　<科目名稱>購建固定資產、無形資產及非理財目的之長期投資</科目名稱>
　　　　　　<合計>13730.00</合計>
　　　　　　<疫苗接種計畫>13730.00</疫苗接種計畫>
　　　　</ROW>
　　　　<ROW>
　　　　　　<SEQNO>38</SEQNO>
　　　　　　<LEVEL>2</LEVEL>
　　　　　　<BOLD>0</BOLD>
　　　　　　<前年度決算數>98.00</前年度決算數>
　　　　　　<上年度預算數>500.00</上年度預算數>
　　　　　　<科目名稱>購建固定資產</科目名稱>
　　　　　　<合計>3500.00</合計>
　　　　　　<疫苗接種計畫>3500.00</疫苗接種計畫>
　　　　</ROW>
　　　　<ROW>
　　　　　　<SEQNO>39</SEQNO>
　　　　　　<LEVEL>3</LEVEL>
　　　　　　<BOLD>0</BOLD>
　　　　　　<前年度決算數>98.00</前年度決算數>
　　　　　　<上年度預算數>100.00</上年度預算數>
　　　　　　<科目名稱>購置機械及設備</科目名稱>
　　　　　　<合計>3100.00</合計>
　　　　　　<疫苗接種計畫>3100.00</疫苗接種計畫>
　　　　</ROW>
　　　　<ROW>
　　　　　　<SEQNO>40</SEQNO>
　　　　　　<LEVEL>3</LEVEL>
　　　　　　<BOLD>0</BOLD>
　　　　　　<前年度決算數>-</前年度決算數>
　　　　　　<上年度預算數>400.00</上年度預算數>
　　　　　　<科目名稱>購置雜項設備</科目名稱>
　　　　　　<合計>400.00</合計>
　　　　　　<疫苗接種計畫>400.00</疫苗接種計畫>
　　　　</ROW>
　　　　<ROW>
　　　　　　<SEQNO>41</SEQNO>
　　　　　　<LEVEL>2</LEVEL>
　　　　　　<BOLD>0</BOLD>
　　　　　　<前年度決算數>5396.00</前年度決算數>
　　　　　　<上年度預算數>16000.00</上年度預算數>
　　　　　　<科目名稱>購置無形資產</科目名稱>
　　　　　　<合計>10230.00</合計>
　　　　　　<疫苗接種計畫>10230.00</疫苗接種計畫>
　　　　</ROW>
　　　　<ROW>
　　　　　　<SEQNO>42</SEQNO>
　　　　　　<LEVEL>3</LEVEL>
　　　　　　<BOLD>0</BOLD>
　　　　　　<前年度決算數>5396.00</前年度決算數>
　　　　　　<上年度預算數>16000.00</上年度預算數>
　　　　　　<科目名稱>購置電腦軟體</科目名稱>
　　　　　　<合計>10230.00</合計>
　　　　　　<疫苗接種計畫>10230.00</疫苗接種計畫>
　　　　</ROW>
　　　　<ROW>
　　　　　　<SEQNO>43</SEQNO>
　　　　　　<LEVEL>1</LEVEL>
　　　　　　<BOLD>1</BOLD>
　　　　　　<前年度決算數>889823.00</前年度決算數>
　　　　　　<上年度預算數>1019718.00</上年度預算數>
　　　　　　<科目名稱>會費、捐助、補助、分攤、照護、救濟與交流活動費</科目名稱>
　　　　　　<合計>1017508.00</合計>
　　　　　　<疫苗接種計畫>1017508.00</疫苗接種計畫>
　　　　</ROW>
　　　　<ROW>
　　　　　　<SEQNO>44</SEQNO>
　　　　　　<LEVEL>2</LEVEL>
　　　　　　<BOLD>0</BOLD>
　　　　　　<前年度決算數>889576.00</前年度決算數>
　　　　　　<上年度預算數>1018210.00</上年度預算數>
　　　　　　<科目名稱>捐助、補助與獎助</科目名稱>
　　　　　　<合計>1016000.00</合計>
　　　　　　<疫苗接種計畫>1016000.00</疫苗接種計畫>
　　　　</ROW>
　　　　<ROW>
　　　　　　<SEQNO>45</SEQNO>
　　　　　　<LEVEL>3</LEVEL>
　　　　　　<BOLD>0</BOLD>
　　　　　　<前年度決算數>133340.00</前年度決算數>
　　　　　　<上年度預算數>199210.00</上年度預算數>
　　　　　　<科目名稱>補（協）助政府機關（構）</科目名稱>
　　　　　　<合計>189300.00</合計>
　　　　　　<疫苗接種計畫>189300.00</疫苗接種計畫>
　　　　</ROW>
　　　　<ROW>
　　　　　　<SEQNO>46</SEQNO>
　　　　　　<LEVEL>3</LEVEL>
　　　　　　<BOLD>0</BOLD>
　　　　　　<前年度決算數>756236.00</前年度決算數>
　　　　　　<上年度預算數>819000.00</上年度預算數>
　　　　　　<科目名稱>捐助個人</科目名稱>
　　　　　　<合計>826700.00</合計>
　　　　　　<疫苗接種計畫>826700.00</疫苗接種計畫>
　　　　</ROW>
　　　　<ROW>
　　　　　　<SEQNO>47</SEQNO>
　　　　　　<LEVEL>2</LEVEL>
　　　　　　<BOLD>0</BOLD>
　　　　　　<前年度決算數>246.00</前年度決算數>
　　　　　　<上年度預算數>1508.00</上年度預算數>
　　　　　　<科目名稱>補貼、獎勵、慰問、照護與救濟</科目名稱>
　　　　　　<合計>1508.00</合計>
　　　　　　<疫苗接種計畫>1508.00</疫苗接種計畫>
　　　　</ROW>
　　　　<ROW>
　　　　　　<SEQNO>48</SEQNO>
　　　　　　<LEVEL>3</LEVEL>
　　　　　　<BOLD>0</BOLD>
　　　　　　<前年度決算數>246.00</前年度決算數>
　　　　　　<上年度預算數>1508.00</上年度預算數>
　　　　　　<科目名稱>獎勵費用</科目名稱>
　　　　　　<合計>1508.00</合計>
　　　　　　<疫苗接種計畫>1508.00</疫苗接種計畫>
　　　　</ROW>
　　　　<ROW>
　　　　　　<SEQNO>49</SEQNO>
　　　　　　<LEVEL>1</LEVEL>
　　　　　　<BOLD>1</BOLD>
　　　　　　<前年度決算數>79.00</前年度決算數>
　　　　　　<上年度預算數>-</上年度預算數>
　　　　　　<科目名稱>其他</科目名稱>
　　　　　　<合計>-</合計>
　　　　　　<疫苗接種計畫>-</疫苗接種計畫>
　　　　</ROW>
　　　　<ROW>
　　　　　　<SEQNO>50</SEQNO>
　　　　　　<LEVEL>2</LEVEL>
　　　　　　<BOLD>0</BOLD>
　　　　　　<前年度決算數>79.00</前年度決算數>
　　　　　　<上年度預算數>-</上年度預算數>
　　　　　　<科目名稱>其他支出</科目名稱>
　　　　　　<合計>-</合計>
　　　　　　<疫苗接種計畫>-</疫苗接種計畫>
　　　　</ROW>
　　　　<ROW>
　　　　　　<SEQNO>51</SEQNO>
　　　　　　<LEVEL>3</LEVEL>
　　　　　　<BOLD>0</BOLD>
　　　　　　<前年度決算數>79.00</前年度決算數>
　　　　　　<上年度預算數>-</上年度預算數>
　　　　　　<科目名稱>其他</科目名稱>
　　　　　　<合計>-</合計>
　　　　　　<疫苗接種計畫>-</疫苗接種計畫>
　　　　</ROW>
　　　　<ROW>
　　　　　　<SEQNO>52</SEQNO>
　　　　　　<LEVEL>1</LEVEL>
　　　　　　<BOLD>1</BOLD>
　　　　　　<前年度決算數>2997125.00</前年度決算數>
　　　　　　<上年度預算數>3358079.00</上年度預算數>
　　　　　　<科目名稱>合計</科目名稱>
　　　　　　<合計>3652276.00</合計>
　　　　　　<疫苗接種計畫>3650769.00</疫苗接種計畫>
　　　　　　<一般行政管理計畫>1507.00</一般行政管理計畫>
　　　　</ROW>
　　</DataSet>
</GenericData>

