<?xml version="1.0" encoding="UTF-8"?>
<GenericData>
　　<Header>
　　　　<Table Id="fngbworkr" Name="基金來源明細" Domain="NBA" />
　　　　<Program Id="NBAGBR080_A" />
　　　　<Sender Name="疫苗基金" />
　　　　<報表名稱>基金來源明細</報表名稱>
　　　　<年度>109</年度>
　　　　<基金>疫苗基金</基金>
　　　　<階段>預算案</階段>
　　　　<版本>1</版本>
　　　　<單位>新臺幣千元</單位>
　　</Header>
　　<DataSet>
　　　　<ROW>
　　　　　　<SEQNO>1</SEQNO>
　　　　　　<LEVEL>1</LEVEL>
　　　　　　<BOLD>1</BOLD>
　　　　　　<科目及業務項目>總計</科目及業務項目>
　　　　　　<單位 />
　　　　　　<預算數-數量 />
　　　　　　<預算數-利率 />
　　　　　　<預算數-金額 />
　　　　　　<說明 />
　　　　</ROW>
　　</DataSet>
</GenericData>

