<?xml version="1.0" encoding="UTF-8"?>
<GenericData>
　　<Header>
　　　　<Table Id="FNGBCSHFLOWR" Name="現金流量預計表" Domain="NBA" />
　　　　<Program Id="NBAGBR060_A" />
　　　　<Sender Name="衛生福利特別收入基金" />
　　　　<報表名稱>現金流量預計表</報表名稱>
　　　　<年度>109</年度>
　　　　<基金>衛生福利特別收入基金</基金>
　　　　<階段>預算案</階段>
　　　　<版本>1</版本>
　　　　<單位>新臺幣千元</單位>
　　</Header>
　　<DataSet>
　　　　<ROW>
　　　　　　<SEQNO>1</SEQNO>
　　　　　　<LEVEL>2</LEVEL>
　　　　　　<BOLD>1</BOLD>
　　　　　　<項目>業務活動之現金流量</項目>
　　　　　　<預算數 />
　　　　　　<說明 />
　　　　</ROW>
　　　　<ROW>
　　　　　　<SEQNO>2</SEQNO>
　　　　　　<LEVEL>3</LEVEL>
　　　　　　<BOLD>0</BOLD>
　　　　　　<項目>本期賸餘（短絀）</項目>
　　　　　　<預算數>-8800381</預算數>
　　　　　　<說明 />
　　　　</ROW>
　　　　<ROW>
　　　　　　<SEQNO>3</SEQNO>
　　　　　　<LEVEL>3</LEVEL>
　　　　　　<BOLD>0</BOLD>
　　　　　　<項目>調整非現金項目</項目>
　　　　　　<預算數>377529</預算數>
　　　　　　<說明>1.流動資產增加57,548千元，包括：應收款項增加103,208千元、預付款項減少45,660千元。
2.流動負債增加241,871千元，包括：應付款項增加242,071千元、預收款項減少200千元。
3.全民健康保險紓困基金及社會福利基金分別提列呆帳193,006千元及200千元。</說明>
　　　　</ROW>
　　　　<ROW>
　　　　　　<SEQNO>4</SEQNO>
　　　　　　<LEVEL>3</LEVEL>
　　　　　　<BOLD>1</BOLD>
　　　　　　<項目>業務活動之淨現金流入（流出）</項目>
　　　　　　<預算數>-8422852</預算數>
　　　　　　<說明 />
　　　　</ROW>
　　　　<ROW>
　　　　　　<SEQNO>5</SEQNO>
　　　　　　<LEVEL>2</LEVEL>
　　　　　　<BOLD>1</BOLD>
　　　　　　<項目>其他活動之現金流量</項目>
　　　　　　<預算數 />
　　　　　　<說明 />
　　　　</ROW>
　　　　<ROW>
　　　　　　<SEQNO>6</SEQNO>
　　　　　　<LEVEL>3</LEVEL>
　　　　　　<BOLD>0</BOLD>
　　　　　　<項目>減少投資、長期應收款項、貸墊款及準備金</項目>
　　　　　　<預算數>42542</預算數>
　　　　　　<說明>全民健康保險紓困基金長期貸款還款。</說明>
　　　　</ROW>
　　　　<ROW>
　　　　　　<SEQNO>7</SEQNO>
　　　　　　<LEVEL>3</LEVEL>
　　　　　　<BOLD>0</BOLD>
　　　　　　<項目>減少其他資產</項目>
　　　　　　<預算數>22458</預算數>
　　　　　　<說明>全民健康保險紓困基金催收款還款。</說明>
　　　　</ROW>
　　　　<ROW>
　　　　　　<SEQNO>8</SEQNO>
　　　　　　<LEVEL>3</LEVEL>
　　　　　　<BOLD>0</BOLD>
　　　　　　<項目>增加短期債務及其他負債</項目>
　　　　　　<預算數>14478</預算數>
　　　　　　<說明>1.醫療發展基金、全民健康保險紓困基金、菸害防制及衛生保健基金、預防接種受害救濟基金、疫苗基金分別增加存入保證金72千元、5千元、3,248千元、153千元及6,000千元。
2.長照服務發展基金增加暫收及待結轉帳項5,000千元。</說明>
　　　　</ROW>
　　　　<ROW>
　　　　　　<SEQNO>9</SEQNO>
　　　　　　<LEVEL>3</LEVEL>
　　　　　　<BOLD>0</BOLD>
　　　　　　<項目>增加投資、長期應收款項、貸墊款及準備金</項目>
　　　　　　<預算數>-160000</預算數>
　　　　　　<說明>全民健康保險紓困基金增加長期貸款。</說明>
　　　　</ROW>
　　　　<ROW>
　　　　　　<SEQNO>10</SEQNO>
　　　　　　<LEVEL>3</LEVEL>
　　　　　　<BOLD>0</BOLD>
　　　　　　<項目>增加其他資產</項目>
　　　　　　<預算數>-43</預算數>
　　　　　　<說明>家庭暴力及性侵害防治基金增加暫付及待結轉帳項。</說明>
　　　　</ROW>
　　　　<ROW>
　　　　　　<SEQNO>11</SEQNO>
　　　　　　<LEVEL>3</LEVEL>
　　　　　　<BOLD>0</BOLD>
　　　　　　<項目>減少短期債務及其他負債</項目>
　　　　　　<預算數>-1307</預算數>
　　　　　　<說明>長照服務發展基金減少存入保證金。</說明>
　　　　</ROW>
　　　　<ROW>
　　　　　　<SEQNO>12</SEQNO>
　　　　　　<LEVEL>3</LEVEL>
　　　　　　<BOLD>1</BOLD>
　　　　　　<項目>其他活動之淨現金流入（流出）</項目>
　　　　　　<預算數>-81872</預算數>
　　　　　　<說明 />
　　　　</ROW>
　　　　<ROW>
　　　　　　<SEQNO>13</SEQNO>
　　　　　　<LEVEL>2</LEVEL>
　　　　　　<BOLD>1</BOLD>
　　　　　　<項目>現金及約當現金之淨增（淨減）</項目>
　　　　　　<預算數>-8504724</預算數>
　　　　　　<說明 />
　　　　</ROW>
　　　　<ROW>
　　　　　　<SEQNO>14</SEQNO>
　　　　　　<LEVEL>2</LEVEL>
　　　　　　<BOLD>1</BOLD>
　　　　　　<項目>期初現金及約當現金</項目>
　　　　　　<預算數>38393647</預算數>
　　　　　　<說明 />
　　　　</ROW>
　　　　<ROW>
　　　　　　<SEQNO>15</SEQNO>
　　　　　　<LEVEL>2</LEVEL>
　　　　　　<BOLD>1</BOLD>
　　　　　　<項目>期末現金及約當現金</項目>
　　　　　　<預算數>29888923</預算數>
　　　　　　<說明 />
　　　　</ROW>
　　　　<COMM />
　　</DataSet>
</GenericData>

