<?xml version="1.0" encoding="UTF-8"?>
<GenericData>
　　<Header>
　　　　<Table Id="fngbbalancer" Name="預計平衡表" Domain="NBA" />
　　　　<Program Id="NBAGBR110_A" />
　　　　<Sender Name="疫苗基金" />
　　　　<報表名稱>預計平衡表</報表名稱>
　　　　<年度>109</年度>
　　　　<基金>疫苗基金</基金>
　　　　<階段>預算案</階段>
　　　　<版本>1</版本>
　　　　<單位>新臺幣千元</單位>
　　</Header>
　　<DataSet>
　　　　<ROW>
　　　　　　<SEQNO>1</SEQNO>
　　　　　　<LEVEL>01</LEVEL>
　　　　　　<BOLD>1</BOLD>
　　　　　　<民國107年12月31日實際數>4401175.00</民國107年12月31日實際數>
　　　　　　<科目>資產</科目>
　　　　　　<民國109年12月31日預計數>1899865.00</民國109年12月31日預計數>
　　　　　　<民國108年12月31日預計數>2528745.00</民國108年12月31日預計數>
　　　　　　<比較增減>-628880.00</比較增減>
　　　　</ROW>
　　　　<ROW>
　　　　　　<SEQNO>2</SEQNO>
　　　　　　<LEVEL>02</LEVEL>
　　　　　　<BOLD>0</BOLD>
　　　　　　<民國107年12月31日實際數>4401175.00</民國107年12月31日實際數>
　　　　　　<科目>流動資產</科目>
　　　　　　<民國109年12月31日預計數>1899865.00</民國109年12月31日預計數>
　　　　　　<民國108年12月31日預計數>2528745.00</民國108年12月31日預計數>
　　　　　　<比較增減>-628880.00</比較增減>
　　　　</ROW>
　　　　<ROW>
　　　　　　<SEQNO>3</SEQNO>
　　　　　　<LEVEL>03</LEVEL>
　　　　　　<BOLD>0</BOLD>
　　　　　　<民國107年12月31日實際數>2450248.00</民國107年12月31日實際數>
　　　　　　<科目>現金</科目>
　　　　　　<民國109年12月31日預計數>543665.00</民國109年12月31日預計數>
　　　　　　<民國108年12月31日預計數>1282417.00</民國108年12月31日預計數>
　　　　　　<比較增減>-738752.00</比較增減>
　　　　</ROW>
　　　　<ROW>
　　　　　　<SEQNO>4</SEQNO>
　　　　　　<LEVEL>03</LEVEL>
　　　　　　<BOLD>0</BOLD>
　　　　　　<民國107年12月31日實際數>187576.00</民國107年12月31日實際數>
　　　　　　<科目>應收款項</科目>
　　　　　　<民國109年12月31日預計數>156200.00</民國109年12月31日預計數>
　　　　　　<民國108年12月31日預計數>146328.00</民國108年12月31日預計數>
　　　　　　<比較增減>9872.00</比較增減>
　　　　</ROW>
　　　　<ROW>
　　　　　　<SEQNO>5</SEQNO>
　　　　　　<LEVEL>03</LEVEL>
　　　　　　<BOLD>0</BOLD>
　　　　　　<民國107年12月31日實際數>1763352.00</民國107年12月31日實際數>
　　　　　　<科目>預付款項</科目>
　　　　　　<民國109年12月31日預計數>1200000.00</民國109年12月31日預計數>
　　　　　　<民國108年12月31日預計數>1100000.00</民國108年12月31日預計數>
　　　　　　<比較增減>100000.00</比較增減>
　　　　</ROW>
　　　　<ROW>
　　　　　　<SEQNO>6</SEQNO>
　　　　　　<LEVEL>01</LEVEL>
　　　　　　<BOLD>1</BOLD>
　　　　　　<民國107年12月31日實際數>4401175.00</民國107年12月31日實際數>
　　　　　　<科目>資產總額</科目>
　　　　　　<民國109年12月31日預計數>1899865.00</民國109年12月31日預計數>
　　　　　　<民國108年12月31日預計數>2528745.00</民國108年12月31日預計數>
　　　　　　<比較增減>-628880.00</比較增減>
　　　　</ROW>
　　　　<ROW>
　　　　　　<SEQNO>7</SEQNO>
　　　　　　<LEVEL>01</LEVEL>
　　　　　　<BOLD>1</BOLD>
　　　　　　<民國107年12月31日實際數>2842037.00</民國107年12月31日實際數>
　　　　　　<科目>負債</科目>
　　　　　　<民國109年12月31日預計數>1806000.00</民國109年12月31日預計數>
　　　　　　<民國108年12月31日預計數>1880000.00</民國108年12月31日預計數>
　　　　　　<比較增減>-74000.00</比較增減>
　　　　</ROW>
　　　　<ROW>
　　　　　　<SEQNO>8</SEQNO>
　　　　　　<LEVEL>02</LEVEL>
　　　　　　<BOLD>0</BOLD>
　　　　　　<民國107年12月31日實際數>2766862.00</民國107年12月31日實際數>
　　　　　　<科目>流動負債</科目>
　　　　　　<民國109年12月31日預計數>1750000.00</民國109年12月31日預計數>
　　　　　　<民國108年12月31日預計數>1830000.00</民國108年12月31日預計數>
　　　　　　<比較增減>-80000.00</比較增減>
　　　　</ROW>
　　　　<ROW>
　　　　　　<SEQNO>9</SEQNO>
　　　　　　<LEVEL>03</LEVEL>
　　　　　　<BOLD>0</BOLD>
　　　　　　<民國107年12月31日實際數>2766862.00</民國107年12月31日實際數>
　　　　　　<科目>應付款項</科目>
　　　　　　<民國109年12月31日預計數>1750000.00</民國109年12月31日預計數>
　　　　　　<民國108年12月31日預計數>1830000.00</民國108年12月31日預計數>
　　　　　　<比較增減>-80000.00</比較增減>
　　　　</ROW>
　　　　<ROW>
　　　　　　<SEQNO>10</SEQNO>
　　　　　　<LEVEL>02</LEVEL>
　　　　　　<BOLD>0</BOLD>
　　　　　　<民國107年12月31日實際數>75175.00</民國107年12月31日實際數>
　　　　　　<科目>其他負債</科目>
　　　　　　<民國109年12月31日預計數>56000.00</民國109年12月31日預計數>
　　　　　　<民國108年12月31日預計數>50000.00</民國108年12月31日預計數>
　　　　　　<比較增減>6000.00</比較增減>
　　　　</ROW>
　　　　<ROW>
　　　　　　<SEQNO>11</SEQNO>
　　　　　　<LEVEL>03</LEVEL>
　　　　　　<BOLD>0</BOLD>
　　　　　　<民國107年12月31日實際數>75175.00</民國107年12月31日實際數>
　　　　　　<科目>什項負債</科目>
　　　　　　<民國109年12月31日預計數>56000.00</民國109年12月31日預計數>
　　　　　　<民國108年12月31日預計數>50000.00</民國108年12月31日預計數>
　　　　　　<比較增減>6000.00</比較增減>
　　　　</ROW>
　　　　<ROW>
　　　　　　<SEQNO>12</SEQNO>
　　　　　　<LEVEL>01</LEVEL>
　　　　　　<BOLD>1</BOLD>
　　　　　　<民國107年12月31日實際數>1559138.00</民國107年12月31日實際數>
　　　　　　<科目>基金餘額</科目>
　　　　　　<民國109年12月31日預計數>93865.00</民國109年12月31日預計數>
　　　　　　<民國108年12月31日預計數>648745.00</民國108年12月31日預計數>
　　　　　　<比較增減>-554880.00</比較增減>
　　　　</ROW>
　　　　<ROW>
　　　　　　<SEQNO>13</SEQNO>
　　　　　　<LEVEL>02</LEVEL>
　　　　　　<BOLD>0</BOLD>
　　　　　　<民國107年12月31日實際數>1559138.00</民國107年12月31日實際數>
　　　　　　<科目>基金餘額</科目>
　　　　　　<民國109年12月31日預計數>93865.00</民國109年12月31日預計數>
　　　　　　<民國108年12月31日預計數>648745.00</民國108年12月31日預計數>
　　　　　　<比較增減>-554880.00</比較增減>
　　　　</ROW>
　　　　<ROW>
　　　　　　<SEQNO>14</SEQNO>
　　　　　　<LEVEL>03</LEVEL>
　　　　　　<BOLD>0</BOLD>
　　　　　　<民國107年12月31日實際數>1559138.00</民國107年12月31日實際數>
　　　　　　<科目>基金餘額</科目>
　　　　　　<民國109年12月31日預計數>93865.00</民國109年12月31日預計數>
　　　　　　<民國108年12月31日預計數>648745.00</民國108年12月31日預計數>
　　　　　　<比較增減>-554880.00</比較增減>
　　　　</ROW>
　　　　<ROW>
　　　　　　<SEQNO>15</SEQNO>
　　　　　　<LEVEL>01</LEVEL>
　　　　　　<BOLD>1</BOLD>
　　　　　　<民國107年12月31日實際數>4401175.00</民國107年12月31日實際數>
　　　　　　<科目>負債及基金餘額合計</科目>
　　　　　　<民國109年12月31日預計數>1899865.00</民國109年12月31日預計數>
　　　　　　<民國108年12月31日預計數>2528745.00</民國108年12月31日預計數>
　　　　　　<比較增減>-628880.00</比較增減>
　　　　</ROW>
　　　　<COMM />
　　</DataSet>
</GenericData>

