<?xml version="1.0" encoding="UTF-8"?>
<GenericData>
　　<Header>
　　　　<Table Id="FNGBWORKR" Name="基金來源、用途及餘絀預計表" Domain="NBA" />
　　　　<Program Id="NBAGBR040_A" />
　　　　<Sender Name="衛生福利特別收入基金" />
　　　　<報表名稱>基金來源、用途及餘絀預計表</報表名稱>
　　　　<年度>109</年度>
　　　　<基金>衛生福利特別收入基金</基金>
　　　　<階段>預算案</階段>
　　　　<版本>1</版本>
　　　　<單位>新臺幣千元</單位>
　　</Header>
　　<DataSet>
　　　　<ROW>
　　　　　　<SEQNO>1</SEQNO>
　　　　　　<LEVEL>1</LEVEL>
　　　　　　<BOLD>1</BOLD>
　　　　　　<前年度決算數>52868109</前年度決算數>
　　　　　　<項目>基金來源</項目>
　　　　　　<本年度預算數>48600557</本年度預算數>
　　　　　　<上年度預算數>47901186</上年度預算數>
　　　　　　<比較增減>699371</比較增減>
　　　　</ROW>
　　　　<ROW>
　　　　　　<SEQNO>2</SEQNO>
　　　　　　<LEVEL>2</LEVEL>
　　　　　　<BOLD>0</BOLD>
　　　　　　<前年度決算數>48592269</前年度決算數>
　　　　　　<項目>徵收及依法分配收入</項目>
　　　　　　<本年度預算數>44753549</本年度預算數>
　　　　　　<上年度預算數>44518559</上年度預算數>
　　　　　　<比較增減>234990</比較增減>
　　　　</ROW>
　　　　<ROW>
　　　　　　<SEQNO>3</SEQNO>
　　　　　　<LEVEL>3</LEVEL>
　　　　　　<BOLD>0</BOLD>
　　　　　　<前年度決算數>228535</前年度決算數>
　　　　　　<項目>違規罰款收入</項目>
　　　　　　<本年度預算數>19020</本年度預算數>
　　　　　　<上年度預算數>16020</上年度預算數>
　　　　　　<比較增減>3000</比較增減>
　　　　</ROW>
　　　　<ROW>
　　　　　　<SEQNO>4</SEQNO>
　　　　　　<LEVEL>3</LEVEL>
　　　　　　<BOLD>0</BOLD>
　　　　　　<前年度決算數>96869</前年度決算數>
　　　　　　<項目>醫療衛生救濟提撥收入</項目>
　　　　　　<本年度預算數>104022</本年度預算數>
　　　　　　<上年度預算數>97782</上年度預算數>
　　　　　　<比較增減>6240</比較增減>
　　　　</ROW>
　　　　<ROW>
　　　　　　<SEQNO>5</SEQNO>
　　　　　　<LEVEL>3</LEVEL>
　　　　　　<BOLD>0</BOLD>
　　　　　　<前年度決算數>13495981</前年度決算數>
　　　　　　<項目>健康福利捐分配收入</項目>
　　　　　　<本年度預算數>12051550</本年度預算數>
　　　　　　<上年度預算數>11083700</上年度預算數>
　　　　　　<比較增減>967850</比較增減>
　　　　</ROW>
　　　　<ROW>
　　　　　　<SEQNO>6</SEQNO>
　　　　　　<LEVEL>3</LEVEL>
　　　　　　<BOLD>0</BOLD>
　　　　　　<前年度決算數>34770884</前年度決算數>
　　　　　　<項目>其他徵收及依法分配收入</項目>
　　　　　　<本年度預算數>32578957</本年度預算數>
　　　　　　<上年度預算數>33321057</上年度預算數>
　　　　　　<比較增減>-742100</比較增減>
　　　　</ROW>
　　　　<ROW>
　　　　　　<SEQNO>7</SEQNO>
　　　　　　<LEVEL>2</LEVEL>
　　　　　　<BOLD>0</BOLD>
　　　　　　<前年度決算數>385455</前年度決算數>
　　　　　　<項目>勞務收入</項目>
　　　　　　<本年度預算數>442327</本年度預算數>
　　　　　　<上年度預算數>405826</上年度預算數>
　　　　　　<比較增減>36501</比較增減>
　　　　</ROW>
　　　　<ROW>
　　　　　　<SEQNO>8</SEQNO>
　　　　　　<LEVEL>3</LEVEL>
　　　　　　<BOLD>0</BOLD>
　　　　　　<前年度決算數>385455</前年度決算數>
　　　　　　<項目>服務收入</項目>
　　　　　　<本年度預算數>442327</本年度預算數>
　　　　　　<上年度預算數>405826</上年度預算數>
　　　　　　<比較增減>36501</比較增減>
　　　　</ROW>
　　　　<ROW>
　　　　　　<SEQNO>9</SEQNO>
　　　　　　<LEVEL>2</LEVEL>
　　　　　　<BOLD>0</BOLD>
　　　　　　<前年度決算數>73398</前年度決算數>
　　　　　　<項目>財產收入</項目>
　　　　　　<本年度預算數>30517</本年度預算數>
　　　　　　<上年度預算數>32531</上年度預算數>
　　　　　　<比較增減>-2014</比較增減>
　　　　</ROW>
　　　　<ROW>
　　　　　　<SEQNO>10</SEQNO>
　　　　　　<LEVEL>3</LEVEL>
　　　　　　<BOLD>0</BOLD>
　　　　　　<前年度決算數>433</前年度決算數>
　　　　　　<項目>財產處分收入</項目>
　　　　　　<本年度預算數>50</本年度預算數>
　　　　　　<上年度預算數>50</上年度預算數>
　　　　　　<比較增減>0</比較增減>
　　　　</ROW>
　　　　<ROW>
　　　　　　<SEQNO>11</SEQNO>
　　　　　　<LEVEL>3</LEVEL>
　　　　　　<BOLD>0</BOLD>
　　　　　　<前年度決算數>500</前年度決算數>
　　　　　　<項目>租金收入</項目>
　　　　　　<本年度預算數>372</本年度預算數>
　　　　　　<上年度預算數>192</上年度預算數>
　　　　　　<比較增減>180</比較增減>
　　　　</ROW>
　　　　<ROW>
　　　　　　<SEQNO>12</SEQNO>
　　　　　　<LEVEL>3</LEVEL>
　　　　　　<BOLD>0</BOLD>
　　　　　　<前年度決算數>72465</前年度決算數>
　　　　　　<項目>利息收入</項目>
　　　　　　<本年度預算數>30095</本年度預算數>
　　　　　　<上年度預算數>32289</上年度預算數>
　　　　　　<比較增減>-2194</比較增減>
　　　　</ROW>
　　　　<ROW>
　　　　　　<SEQNO>13</SEQNO>
　　　　　　<LEVEL>2</LEVEL>
　　　　　　<BOLD>0</BOLD>
　　　　　　<前年度決算數>2827970</前年度決算數>
　　　　　　<項目>政府撥入收入</項目>
　　　　　　<本年度預算數>3146061</本年度預算數>
　　　　　　<上年度預算數>2820283</上年度預算數>
　　　　　　<比較增減>325778</比較增減>
　　　　</ROW>
　　　　<ROW>
　　　　　　<SEQNO>14</SEQNO>
　　　　　　<LEVEL>3</LEVEL>
　　　　　　<BOLD>0</BOLD>
　　　　　　<前年度決算數>1120681</前年度決算數>
　　　　　　<項目>公庫撥款收入</項目>
　　　　　　<本年度預算數>1450204</本年度預算數>
　　　　　　<上年度預算數>1126961</上年度預算數>
　　　　　　<比較增減>323243</比較增減>
　　　　</ROW>
　　　　<ROW>
　　　　　　<SEQNO>15</SEQNO>
　　　　　　<LEVEL>3</LEVEL>
　　　　　　<BOLD>0</BOLD>
　　　　　　<前年度決算數>1707289</前年度決算數>
　　　　　　<項目>政府其他撥入收入</項目>
　　　　　　<本年度預算數>1695857</本年度預算數>
　　　　　　<上年度預算數>1693322</上年度預算數>
　　　　　　<比較增減>2535</比較增減>
　　　　</ROW>
　　　　<ROW>
　　　　　　<SEQNO>16</SEQNO>
　　　　　　<LEVEL>2</LEVEL>
　　　　　　<BOLD>0</BOLD>
　　　　　　<前年度決算數>989018</前年度決算數>
　　　　　　<項目>其他收入</項目>
　　　　　　<本年度預算數>228103</本年度預算數>
　　　　　　<上年度預算數>123987</上年度預算數>
　　　　　　<比較增減>104116</比較增減>
　　　　</ROW>
　　　　<ROW>
　　　　　　<SEQNO>17</SEQNO>
　　　　　　<LEVEL>3</LEVEL>
　　　　　　<BOLD>0</BOLD>
　　　　　　<前年度決算數>23501</前年度決算數>
　　　　　　<項目>受贈收入</項目>
　　　　　　<本年度預算數>4077</本年度預算數>
　　　　　　<上年度預算數>6380</上年度預算數>
　　　　　　<比較增減>-2303</比較增減>
　　　　</ROW>
　　　　<ROW>
　　　　　　<SEQNO>18</SEQNO>
　　　　　　<LEVEL>3</LEVEL>
　　　　　　<BOLD>0</BOLD>
　　　　　　<前年度決算數>965516</前年度決算數>
　　　　　　<項目>雜項收入</項目>
　　　　　　<本年度預算數>224026</本年度預算數>
　　　　　　<上年度預算數>117607</上年度預算數>
　　　　　　<比較增減>106419</比較增減>
　　　　</ROW>
　　　　<ROW>
　　　　　　<SEQNO>19</SEQNO>
　　　　　　<LEVEL>1</LEVEL>
　　　　　　<BOLD>1</BOLD>
　　　　　　<前年度決算數>36460198</前年度決算數>
　　　　　　<項目>基金用途</項目>
　　　　　　<本年度預算數>57400938</本年度預算數>
　　　　　　<上年度預算數>52254287</上年度預算數>
　　　　　　<比較增減>5146651</比較增減>
　　　　</ROW>
　　　　<ROW>
　　　　　　<SEQNO>20</SEQNO>
　　　　　　<LEVEL>2</LEVEL>
　　　　　　<BOLD>0</BOLD>
　　　　　　<前年度決算數>1779</前年度決算數>
　　　　　　<項目>獎勵新擴建醫療機構貸款利息補貼計畫</項目>
　　　　　　<本年度預算數>1500</本年度預算數>
　　　　　　<上年度預算數>2000</上年度預算數>
　　　　　　<比較增減>-500</比較增減>
　　　　</ROW>
　　　　<ROW>
　　　　　　<SEQNO>21</SEQNO>
　　　　　　<LEVEL>2</LEVEL>
　　　　　　<BOLD>0</BOLD>
　　　　　　<前年度決算數>1248417</前年度決算數>
　　　　　　<項目>提升醫療資源不足地區醫療服務品質計畫</項目>
　　　　　　<本年度預算數>1028893</本年度預算數>
　　　　　　<上年度預算數>1206983</上年度預算數>
　　　　　　<比較增減>-178090</比較增減>
　　　　</ROW>
　　　　<ROW>
　　　　　　<SEQNO>22</SEQNO>
　　　　　　<LEVEL>2</LEVEL>
　　　　　　<BOLD>0</BOLD>
　　　　　　<前年度決算數>1752498</前年度決算數>
　　　　　　<項目>健康照護績效提升計畫</項目>
　　　　　　<本年度預算數>1540979</本年度預算數>
　　　　　　<上年度預算數>1498396</上年度預算數>
　　　　　　<比較增減>42583</比較增減>
　　　　</ROW>
　　　　<ROW>
　　　　　　<SEQNO>23</SEQNO>
　　　　　　<LEVEL>2</LEVEL>
　　　　　　<BOLD>0</BOLD>
　　　　　　<前年度決算數>612</前年度決算數>
　　　　　　<項目>健保紓困計畫</項目>
　　　　　　<本年度預算數>193006</本年度預算數>
　　　　　　<上年度預算數>50000</上年度預算數>
　　　　　　<比較增減>143006</比較增減>
　　　　</ROW>
　　　　<ROW>
　　　　　　<SEQNO>24</SEQNO>
　　　　　　<LEVEL>2</LEVEL>
　　　　　　<BOLD>0</BOLD>
　　　　　　<前年度決算數>247697</前年度決算數>
　　　　　　<項目>協助弱勢族群排除就醫障礙計畫</項目>
　　　　　　<本年度預算數>269487</本年度預算數>
　　　　　　<上年度預算數>267319</上年度預算數>
　　　　　　<比較增減>2168</比較增減>
　　　　</ROW>
　　　　<ROW>
　　　　　　<SEQNO>25</SEQNO>
　　　　　　<LEVEL>2</LEVEL>
　　　　　　<BOLD>0</BOLD>
　　　　　　<前年度決算數>800118</前年度決算數>
　　　　　　<項目>補助經濟困難者健保費計畫</項目>
　　　　　　<本年度預算數>671570</本年度預算數>
　　　　　　<上年度預算數>811490</上年度預算數>
　　　　　　<比較增減>-139920</比較增減>
　　　　</ROW>
　　　　<ROW>
　　　　　　<SEQNO>26</SEQNO>
　　　　　　<LEVEL>2</LEVEL>
　　　　　　<BOLD>0</BOLD>
　　　　　　<前年度決算數>19021</前年度決算數>
　　　　　　<項目>藥害救濟給付計畫</項目>
　　　　　　<本年度預算數>20249</本年度預算數>
　　　　　　<上年度預算數>22730</上年度預算數>
　　　　　　<比較增減>-2481</比較增減>
　　　　</ROW>
　　　　<ROW>
　　　　　　<SEQNO>27</SEQNO>
　　　　　　<LEVEL>2</LEVEL>
　　　　　　<BOLD>0</BOLD>
　　　　　　<前年度決算數>9823471</前年度決算數>
　　　　　　<項目>菸害防制及衛生保健計畫</項目>
　　　　　　<本年度預算數>7434222</本年度預算數>
　　　　　　<上年度預算數>7327418</上年度預算數>
　　　　　　<比較增減>106804</比較增減>
　　　　</ROW>
　　　　<ROW>
　　　　　　<SEQNO>28</SEQNO>
　　　　　　<LEVEL>2</LEVEL>
　　　　　　<BOLD>0</BOLD>
　　　　　　<前年度決算數>9265</前年度決算數>
　　　　　　<項目>預防接種受害救濟給付計畫</項目>
　　　　　　<本年度預算數>15421</本年度預算數>
　　　　　　<上年度預算數>15636</上年度預算數>
　　　　　　<比較增減>-215</比較增減>
　　　　</ROW>
　　　　<ROW>
　　　　　　<SEQNO>29</SEQNO>
　　　　　　<LEVEL>2</LEVEL>
　　　　　　<BOLD>0</BOLD>
　　　　　　<前年度決算數>2996009</前年度決算數>
　　　　　　<項目>疫苗接種計畫</項目>
　　　　　　<本年度預算數>3650769</本年度預算數>
　　　　　　<上年度預算數>3356647</上年度預算數>
　　　　　　<比較增減>294122</比較增減>
　　　　</ROW>
　　　　<ROW>
　　　　　　<SEQNO>30</SEQNO>
　　　　　　<LEVEL>2</LEVEL>
　　　　　　<BOLD>0</BOLD>
　　　　　　<前年度決算數>7282</前年度決算數>
　　　　　　<項目>食品安全保護計畫</項目>
　　　　　　<本年度預算數>10229</本年度預算數>
　　　　　　<上年度預算數>9456</上年度預算數>
　　　　　　<比較增減>773</比較增減>
　　　　</ROW>
　　　　<ROW>
　　　　　　<SEQNO>31</SEQNO>
　　　　　　<LEVEL>2</LEVEL>
　　　　　　<BOLD>0</BOLD>
　　　　　　<前年度決算數>1504030</前年度決算數>
　　　　　　<項目>福利服務計畫</項目>
　　　　　　<本年度預算數>1839977</本年度預算數>
　　　　　　<上年度預算數>1751919</上年度預算數>
　　　　　　<比較增減>88058</比較增減>
　　　　</ROW>
　　　　<ROW>
　　　　　　<SEQNO>32</SEQNO>
　　　　　　<LEVEL>2</LEVEL>
　　　　　　<BOLD>0</BOLD>
　　　　　　<前年度決算數>1218</前年度決算數>
　　　　　　<項目>托兒業務計畫</項目>
　　　　　　<本年度預算數>0</本年度預算數>
　　　　　　<上年度預算數>438</上年度預算數>
　　　　　　<比較增減>-438</比較增減>
　　　　</ROW>
　　　　<ROW>
　　　　　　<SEQNO>33</SEQNO>
　　　　　　<LEVEL>2</LEVEL>
　　　　　　<BOLD>0</BOLD>
　　　　　　<前年度決算數>1235036</前年度決算數>
　　　　　　<項目>公彩回饋推展社福計畫</項目>
　　　　　　<本年度預算數>1425170</本年度預算數>
　　　　　　<上年度預算數>1424953</上年度預算數>
　　　　　　<比較增減>217</比較增減>
　　　　</ROW>
　　　　<ROW>
　　　　　　<SEQNO>34</SEQNO>
　　　　　　<LEVEL>2</LEVEL>
　　　　　　<BOLD>0</BOLD>
　　　　　　<前年度決算數>78782</前年度決算數>
　　　　　　<項目>老人福利機構多機能綜合服務計畫</項目>
　　　　　　<本年度預算數>0</本年度預算數>
　　　　　　<上年度預算數>2922</上年度預算數>
　　　　　　<比較增減>-2922</比較增減>
　　　　</ROW>
　　　　<ROW>
　　　　　　<SEQNO>35</SEQNO>
　　　　　　<LEVEL>2</LEVEL>
　　　　　　<BOLD>0</BOLD>
　　　　　　<前年度決算數>5707</前年度決算數>
　　　　　　<項目>兒童之家院舍遷建計畫</項目>
　　　　　　<本年度預算數>20000</本年度預算數>
　　　　　　<上年度預算數>157192</上年度預算數>
　　　　　　<比較增減>-137192</比較增減>
　　　　</ROW>
　　　　<ROW>
　　　　　　<SEQNO>36</SEQNO>
　　　　　　<LEVEL>2</LEVEL>
　　　　　　<BOLD>0</BOLD>
　　　　　　<前年度決算數>12615</前年度決算數>
　　　　　　<項目>強化機構佈建居家式及社區式長照服務計畫</項目>
　　　　　　<本年度預算數>39368</本年度預算數>
　　　　　　<上年度預算數>61177</上年度預算數>
　　　　　　<比較增減>-21809</比較增減>
　　　　</ROW>
　　　　<ROW>
　　　　　　<SEQNO>37</SEQNO>
　　　　　　<LEVEL>2</LEVEL>
　　　　　　<BOLD>0</BOLD>
　　　　　　<前年度決算數>180298</前年度決算數>
　　　　　　<項目>暴力防治三級預防計畫</項目>
　　　　　　<本年度預算數>197743</本年度預算數>
　　　　　　<上年度預算數>191522</上年度預算數>
　　　　　　<比較增減>6221</比較增減>
　　　　</ROW>
　　　　<ROW>
　　　　　　<SEQNO>38</SEQNO>
　　　　　　<LEVEL>2</LEVEL>
　　　　　　<BOLD>0</BOLD>
　　　　　　<前年度決算數>33662</前年度決算數>
　　　　　　<項目>暴力防治處遇計畫</項目>
　　　　　　<本年度預算數>41000</本年度預算數>
　　　　　　<上年度預算數>41044</上年度預算數>
　　　　　　<比較增減>-44</比較增減>
　　　　</ROW>
　　　　<ROW>
　　　　　　<SEQNO>39</SEQNO>
　　　　　　<LEVEL>2</LEVEL>
　　　　　　<BOLD>0</BOLD>
　　　　　　<前年度決算數>14343835</前年度決算數>
　　　　　　<項目>完善長照服務輸送體系計畫</項目>
　　　　　　<本年度預算數>30776273</本年度預算數>
　　　　　　<上年度預算數>29151033</上年度預算數>
　　　　　　<比較增減>1625240</比較增減>
　　　　</ROW>
　　　　<ROW>
　　　　　　<SEQNO>40</SEQNO>
　　　　　　<LEVEL>2</LEVEL>
　　　　　　<BOLD>0</BOLD>
　　　　　　<前年度決算數>405399</前年度決算數>
　　　　　　<項目>強化長照機構服務及緩和失能計畫</項目>
　　　　　　<本年度預算數>1351766</本年度預算數>
　　　　　　<上年度預算數>1397094</上年度預算數>
　　　　　　<比較增減>-45328</比較增減>
　　　　</ROW>
　　　　<ROW>
　　　　　　<SEQNO>41</SEQNO>
　　　　　　<LEVEL>2</LEVEL>
　　　　　　<BOLD>0</BOLD>
　　　　　　<前年度決算數>1129498</前年度決算數>
　　　　　　<項目>機構及社區預防性照顧服務量能提升計畫</項目>
　　　　　　<本年度預算數>5664375</本年度預算數>
　　　　　　<上年度預算數>2614657</上年度預算數>
　　　　　　<比較增減>3049718</比較增減>
　　　　</ROW>
　　　　<ROW>
　　　　　　<SEQNO>42</SEQNO>
　　　　　　<LEVEL>2</LEVEL>
　　　　　　<BOLD>0</BOLD>
　　　　　　<前年度決算數>398217</前年度決算數>
　　　　　　<項目>推展原住民長期照顧－文化健康站實施計畫</項目>
　　　　　　<本年度預算數>879613</本年度預算數>
　　　　　　<上年度預算數>638179</上年度預算數>
　　　　　　<比較增減>241434</比較增減>
　　　　</ROW>
　　　　<ROW>
　　　　　　<SEQNO>43</SEQNO>
　　　　　　<LEVEL>2</LEVEL>
　　　　　　<BOLD>0</BOLD>
　　　　　　<前年度決算數>162991</前年度決算數>
　　　　　　<項目>生產事故計畫</項目>
　　　　　　<本年度預算數>251100</本年度預算數>
　　　　　　<上年度預算數>179800</上年度預算數>
　　　　　　<比較增減>71300</比較增減>
　　　　</ROW>
　　　　<ROW>
　　　　　　<SEQNO>44</SEQNO>
　　　　　　<LEVEL>2</LEVEL>
　　　　　　<BOLD>0</BOLD>
　　　　　　<前年度決算數>62738</前年度決算數>
　　　　　　<項目>一般行政管理計畫</項目>
　　　　　　<本年度預算數>78228</本年度預算數>
　　　　　　<上年度預算數>74282</上年度預算數>
　　　　　　<比較增減>3946</比較增減>
　　　　</ROW>
　　　　<ROW>
　　　　　　<SEQNO>45</SEQNO>
　　　　　　<LEVEL>1</LEVEL>
　　　　　　<BOLD>1</BOLD>
　　　　　　<前年度決算數>16407911</前年度決算數>
　　　　　　<項目>本期賸餘(短絀)</項目>
　　　　　　<本年度預算數>-8800381</本年度預算數>
　　　　　　<上年度預算數>-4353101</上年度預算數>
　　　　　　<比較增減>-4447280</比較增減>
　　　　</ROW>
　　　　<ROW>
　　　　　　<SEQNO>46</SEQNO>
　　　　　　<LEVEL>1</LEVEL>
　　　　　　<BOLD>1</BOLD>
　　　　　　<前年度決算數>30628810</前年度決算數>
　　　　　　<項目>期初基金餘額</項目>
　　　　　　<本年度預算數>42683620</本年度預算數>
　　　　　　<上年度預算數>22736782</上年度預算數>
　　　　　　<比較增減>19946838</比較增減>
　　　　</ROW>
　　　　<ROW>
　　　　　　<SEQNO>47</SEQNO>
　　　　　　<LEVEL>1</LEVEL>
　　　　　　<BOLD>1</BOLD>
　　　　　　<前年度決算數>0</前年度決算數>
　　　　　　<項目>解繳公庫</項目>
　　　　　　<本年度預算數>0</本年度預算數>
　　　　　　<上年度預算數>0</上年度預算數>
　　　　　　<比較增減>0</比較增減>
　　　　</ROW>
　　　　<ROW>
　　　　　　<SEQNO>48</SEQNO>
　　　　　　<LEVEL>1</LEVEL>
　　　　　　<BOLD>1</BOLD>
　　　　　　<前年度決算數>47036721</前年度決算數>
　　　　　　<項目>期末基金餘額</項目>
　　　　　　<本年度預算數>33883239</本年度預算數>
　　　　　　<上年度預算數>18383681</上年度預算數>
　　　　　　<比較增減>15499558</比較增減>
　　　　</ROW>
　　　　<COMM>1.105年度起依業務性質檢討，將業務計畫重新分類調整，為利比較，前年度決算數係以重分類後數字表達。
2.前年度決算數為審定決算數。
3.前年度決算數細數之和與總數或略有出入，係四捨五入關係。以下各表同。</COMM>
　　</DataSet>
</GenericData>

