﻿name,schema,description
109-B2-4323001-基金來源、基金用途及餘絀預計表-20191206104944.xml,schema-基金來源、基金用途及餘絀預計表.csv,基金來源、基金用途及餘絀預計表
109-B2-4323001-現金流量預計表-20191206104944.xml,schema-現金流量預計表.csv,現金流量預計表
109-B2-432300106-基金來源明細表-20191206104945.xml,schema-基金來源明細表.csv,基金來源明細表
109-B2-432300106-基金用途明細表-20191206104945.xml,schema-基金用途明細表.csv,基金用途明細表
109-B2-432300106-單位(或計畫)成本分析表-20191206104946.xml,schema-單位(或計畫)成本分析表.csv,單位(或計畫)成本分析表
109-B2-432300106-預計平衡表-20191206104947.xml,schema-預計平衡表.csv,預計平衡表
109-B2-432300106-5年來主要業務計畫分析表-20191206104947.xml,schema-5年來主要業務計畫分析表.csv,5年來主要業務計畫分析表
109-B2-432300106-員工人數彙計表-20191206104948.xml,schema-員工人數彙計表.csv,員工人數彙計表
109-B2-432300106-各項費用彙計表-20191206104948.xml,schema-各項費用彙計表.csv,各項費用彙計表
109-B2-432300106-資本資產明細表-20191206104949.xml,schema-資本資產明細表.csv,資本資產明細表
