﻿"name","schema","description"
"110-會計月報_歲入累計表_20221007080633.xml","schema-會計月報_歲入累計表.csv","會計月報_歲入累計表"
"110-會計月報_經費累計表_20221007080634.xml","schema-會計月報_經費累計表.csv","會計月報_經費累計表"
"110-會計月報_以前年度歲出轉入數累計表_20221007080635.xml","schema-會計月報_以前年度歲出轉入數累計表.csv","會計月報_以前年度歲出轉入數累計表"
"110-歲出用途別累計表_20221007080635.xml","schema-歲出用途別累計表.csv","歲出用途別累計表"
"110-繳付公庫數分析表_20221007080639.xml","schema-繳付公庫數分析表.csv","繳付公庫數分析表"
"110-公庫撥入數分析表_20221007080640.xml","schema-公庫撥入數分析表.csv","公庫撥入數分析表"
"110-平衡表_20221007080641.xml","schema-平衡表.csv","平衡表"
"110-收入支出表_20221007080643.xml","schema-收入支出表.csv","收入支出表"
"110-長期投資、固定資產、遞耗資產及無形資產變動表_20221007080645.xml","schema-長期投資、固定資產、遞耗資產及無形資產變動表.csv","長期投資、固定資產、遞耗資產及無形資產變動表"
"110_會計月報_預算執行及會計收支對照表_20221007080646.xml","schema-會計月報_預算執行及會計收支對照表.csv","會計月報_預算執行及會計收支對照表"
