<?xml version="1.0" encoding="UTF-8"?>
<GenericData>
　　<Header>
　　　　<Table Id="fngbcostanlyz" Name="單位成本分析表" Domain="NBA" />
　　　　<Program Id="NBAGBR100_A" />
　　　　<Sender Name="疫苗基金" />
　　　　<報表名稱>單位成本分析表</報表名稱>
　　　　<年度>105</年度>
　　　　<基金>疫苗基金</基金>
　　　　<階段>預算案</階段>
　　　　<版本>1</版本>
　　　　<單位>新臺幣千元</單位>
　　</Header>
　　<DataSet>
　　　　<ROW>
　　　　　　<SEQNO>1</SEQNO>
　　　　　　<LEVEL>1</LEVEL>
　　　　　　<BOLD>1</BOLD>
　　　　　　<計畫別>疫苗接種計畫</計畫別>
　　　　　　<單位 />
　　　　　　<單位成本或平均利率>0</單位成本或平均利率>
　　　　　　<數量>0</數量>
　　　　　　<預算數>1890620.00</預算數>
　　　　　　<說明 />
　　　　</ROW>
　　　　<ROW>
　　　　　　<SEQNO>2</SEQNO>
　　　　　　<LEVEL>2</LEVEL>
　　　　　　<BOLD>0</BOLD>
　　　　　　<計畫別>1.日本腦炎疫苗</計畫別>
　　　　　　<單位>cc</單位>
　　　　　　<單位成本或平均利率>91.00</單位成本或平均利率>
　　　　　　<數量>650000.00</數量>
　　　　　　<預算數>59150.00</預算數>
　　　　　　<說明>日本腦炎疫苗59,150千元。
（130元x650,000cc)x70%</說明>
　　　　</ROW>
　　　　<ROW>
　　　　　　<SEQNO>3</SEQNO>
　　　　　　<LEVEL>2</LEVEL>
　　　　　　<BOLD>0</BOLD>
　　　　　　<計畫別>2.黃熱病疫苗</計畫別>
　　　　　　<單位>劑</單位>
　　　　　　<單位成本或平均利率>1400.00</單位成本或平均利率>
　　　　　　<數量>8000.00</數量>
　　　　　　<預算數>11200.00</預算數>
　　　　　　<說明>黃熱病疫苗11,200千元。(1,400元x8,000劑)</說明>
　　　　</ROW>
　　　　<ROW>
　　　　　　<SEQNO>4</SEQNO>
　　　　　　<LEVEL>2</LEVEL>
　　　　　　<BOLD>0</BOLD>
　　　　　　<計畫別>3.流行性腦脊髓膜炎疫苗</計畫別>
　　　　　　<單位>劑</單位>
　　　　　　<單位成本或平均利率>750.00</單位成本或平均利率>
　　　　　　<數量>4600.00</數量>
　　　　　　<預算數>3450.00</預算數>
　　　　　　<說明>流行性腦脊髓膜炎疫苗3,450千元。(750元x4,600劑)</說明>
　　　　</ROW>
　　　　<ROW>
　　　　　　<SEQNO>5</SEQNO>
　　　　　　<LEVEL>2</LEVEL>
　　　　　　<BOLD>0</BOLD>
　　　　　　<計畫別>4.水痘疫苗</計畫別>
　　　　　　<單位>劑</單位>
　　　　　　<單位成本或平均利率>434.00</單位成本或平均利率>
　　　　　　<數量>200000.00</數量>
　　　　　　<預算數>86800.00</預算數>
　　　　　　<說明>水痘疫苗86,800千元。
（620元x200,000劑x70%）</說明>
　　　　</ROW>
　　　　<ROW>
　　　　　　<SEQNO>6</SEQNO>
　　　　　　<LEVEL>2</LEVEL>
　　　　　　<BOLD>0</BOLD>
　　　　　　<計畫別>5.經濟弱勢幼兒結合型肺炎鏈球菌疫苗</計畫別>
　　　　　　<單位>劑</單位>
　　　　　　<單位成本或平均利率>1270.00</單位成本或平均利率>
　　　　　　<數量>75000.00</數量>
　　　　　　<預算數>95250.00</預算數>
　　　　　　<說明>結合型肺炎鏈球菌疫苗95,250千元。
(1,270元x25,000人x3劑)</說明>
　　　　</ROW>
　　　　<ROW>
　　　　　　<SEQNO>7</SEQNO>
　　　　　　<LEVEL>2</LEVEL>
　　　　　　<BOLD>0</BOLD>
　　　　　　<計畫別>6.減量破傷風白喉非細胞型百日咳及不活化小兒麻痺混合疫苗</計畫別>
　　　　　　<單位>劑</單位>
　　　　　　<單位成本或平均利率>280.00</單位成本或平均利率>
　　　　　　<數量>220000.00</數量>
　　　　　　<預算數>61600.00</預算數>
　　　　　　<說明>減量破傷風白喉非細胞型百日咳及不活化小兒麻痺混合疫苗61,600千元。
（400元x220,000劑x70%）</說明>
　　　　</ROW>
　　　　<ROW>
　　　　　　<SEQNO>8</SEQNO>
　　　　　　<LEVEL>2</LEVEL>
　　　　　　<BOLD>0</BOLD>
　　　　　　<計畫別>7.注射式小兒麻痺疫苗</計畫別>
　　　　　　<單位>劑</單位>
　　　　　　<單位成本或平均利率>450.00</單位成本或平均利率>
　　　　　　<數量>3000.00</數量>
　　　　　　<預算數>1350.00</預算數>
　　　　　　<說明>注射式小兒麻痺疫苗1,350千元。(450元x3,000劑)</說明>
　　　　</ROW>
　　　　<ROW>
　　　　　　<SEQNO>9</SEQNO>
　　　　　　<LEVEL>2</LEVEL>
　　　　　　<BOLD>0</BOLD>
　　　　　　<計畫別>8.麻疹腮腺炎德國麻疹混合疫苗</計畫別>
　　　　　　<單位>劑</單位>
　　　　　　<單位成本或平均利率>140.00</單位成本或平均利率>
　　　　　　<數量>420000.00</數量>
　　　　　　<預算數>58800.00</預算數>
　　　　　　<說明>麻疹腮腺炎德國麻疹混合疫苗58,800千元。
(200元x420,000劑x70%）</說明>
　　　　</ROW>
　　　　<ROW>
　　　　　　<SEQNO>10</SEQNO>
　　　　　　<LEVEL>2</LEVEL>
　　　　　　<BOLD>0</BOLD>
　　　　　　<計畫別>9.B型肝炎疫苗</計畫別>
　　　　　　<單位>劑</單位>
　　　　　　<單位成本或平均利率>59.50</單位成本或平均利率>
　　　　　　<數量>600000.00</數量>
　　　　　　<預算數>35700.00</預算數>
　　　　　　<說明>B型肝炎疫苗35,700千元。
（85元x600,000劑x70%）</說明>
　　　　</ROW>
　　　　<ROW>
　　　　　　<SEQNO>11</SEQNO>
　　　　　　<LEVEL>2</LEVEL>
　　　　　　<BOLD>0</BOLD>
　　　　　　<計畫別>10.B型肝炎免疫球蛋白</計畫別>
　　　　　　<單位>劑</單位>
　　　　　　<單位成本或平均利率>1680.00</單位成本或平均利率>
　　　　　　<數量>4000.00</數量>
　　　　　　<預算數>6720.00</預算數>
　　　　　　<說明>B型肝炎免疫球蛋白6,720千元。
（2,400元x4,000劑x70%）</說明>
　　　　</ROW>
　　　　<ROW>
　　　　　　<SEQNO>12</SEQNO>
　　　　　　<LEVEL>2</LEVEL>
　　　　　　<BOLD>0</BOLD>
　　　　　　<計畫別>11.A型肝炎疫苗</計畫別>
　　　　　　<單位>劑</單位>
　　　　　　<單位成本或平均利率>400.00</單位成本或平均利率>
　　　　　　<數量>10000.00</數量>
　　　　　　<預算數>4000.00</預算數>
　　　　　　<說明>A型肝炎疫苗4,000千元。（400元x10,000劑）</說明>
　　　　</ROW>
　　　　<ROW>
　　　　　　<SEQNO>13</SEQNO>
　　　　　　<LEVEL>2</LEVEL>
　　　　　　<BOLD>0</BOLD>
　　　　　　<計畫別>12.多合一疫苗</計畫別>
　　　　　　<單位>劑</單位>
　　　　　　<單位成本或平均利率>595.00</單位成本或平均利率>
　　　　　　<數量>950000.00</數量>
　　　　　　<預算數>565250.00</預算數>
　　　　　　<說明>多合一疫苗565,250千元。(850元x950,000劑x70%)</說明>
　　　　</ROW>
　　　　<ROW>
　　　　　　<SEQNO>14</SEQNO>
　　　　　　<LEVEL>2</LEVEL>
　　　　　　<BOLD>0</BOLD>
　　　　　　<計畫別>13.流感疫苗</計畫別>
　　　　　　<單位>劑</單位>
　　　　　　<單位成本或平均利率>97.49</單位成本或平均利率>
　　　　　　<數量>3130000.00</數量>
　　　　　　<預算數>305130.00</預算數>
　　　　　　<說明>流感疫苗305,130千元。
1.0.25ml：20,930千元。
（130元x230,000劑x70%)
2.0.5ml：284,200千元。
(140元x2,900,000劑x70%)</說明>
　　　　</ROW>
　　　　<ROW>
　　　　　　<SEQNO>15</SEQNO>
　　　　　　<LEVEL>2</LEVEL>
　　　　　　<BOLD>0</BOLD>
　　　　　　<計畫別>14.人類乳突病毒疫苗(HPV)</計畫別>
　　　　　　<單位>劑</單位>
　　　　　　<單位成本或平均利率>2000.00</單位成本或平均利率>
　　　　　　<數量>17500.00</數量>
　　　　　　<預算數>35000.00</預算數>
　　　　　　<說明>人類乳突病毒疫苗35,000千元。(2,000元x17,500劑)</說明>
　　　　</ROW>
　　　　<ROW>
　　　　　　<SEQNO>16</SEQNO>
　　　　　　<LEVEL>2</LEVEL>
　　　　　　<BOLD>0</BOLD>
　　　　　　<計畫別>15.卡介苗(BCG)</計畫別>
　　　　　　<單位>劑</單位>
　　　　　　<單位成本或平均利率>676.21</單位成本或平均利率>
　　　　　　<數量>24000.00</數量>
　　　　　　<預算數>16229.00</預算數>
　　　　　　<說明>卡介苗16,229千元。
(委託製造)(966元x24,000瓶x70%)</說明>
　　　　</ROW>
　　　　<ROW>
　　　　　　<SEQNO>17</SEQNO>
　　　　　　<LEVEL>2</LEVEL>
　　　　　　<BOLD>0</BOLD>
　　　　　　<計畫別>16.傷寒疫苗</計畫別>
　　　　　　<單位>劑</單位>
　　　　　　<單位成本或平均利率>1600.00</單位成本或平均利率>
　　　　　　<數量>700.00</數量>
　　　　　　<預算數>1120.00</預算數>
　　　　　　<說明>傷寒疫苗1,120千元。(1,600元x700劑)</說明>
　　　　</ROW>
　　　　<ROW>
　　　　　　<SEQNO>18</SEQNO>
　　　　　　<LEVEL>2</LEVEL>
　　　　　　<BOLD>0</BOLD>
　　　　　　<計畫別>17.高危險群長者肺炎鏈球菌疫苗</計畫別>
　　　　　　<單位>劑</單位>
　　　　　　<單位成本或平均利率>889.00</單位成本或平均利率>
　　　　　　<數量>228000.00</數量>
　　　　　　<預算數>202692.00</預算數>
　　　　　　<說明>結合型肺炎鏈球菌疫苗202,692千元。
(1,270元x380,000劑x60%接種率x70%)</說明>
　　　　</ROW>
　　　　<ROW>
　　　　　　<SEQNO>19</SEQNO>
　　　　　　<LEVEL>2</LEVEL>
　　　　　　<BOLD>0</BOLD>
　　　　　　<計畫別>18.溫度及冷凍監視片</計畫別>
　　　　　　<單位>片</單位>
　　　　　　<單位成本或平均利率>83.07</單位成本或平均利率>
　　　　　　<數量>35200.00</數量>
　　　　　　<預算數>2924.00</預算數>
　　　　　　<說明>溫度及冷凍監視片2,924千元。
（溫度監視片:80元x28,000片，凍片:95元x7,200片）</說明>
　　　　</ROW>
　　　　<ROW>
　　　　　　<SEQNO>20</SEQNO>
　　　　　　<LEVEL>2</LEVEL>
　　　　　　<BOLD>0</BOLD>
　　　　　　<計畫別>19.疫苗接種計畫相關費用</計畫別>
　　　　　　<單位 />
　　　　　　<單位成本或平均利率>0</單位成本或平均利率>
　　　　　　<數量>0</數量>
　　　　　　<預算數>338255.00</預算數>
　　　　　　<說明>無適當單位可資衡量</說明>
　　　　</ROW>
　　　　<ROW>
　　　　　　<SEQNO>21</SEQNO>
　　　　　　<LEVEL>1</LEVEL>
　　　　　　<BOLD>1</BOLD>
　　　　　　<計畫別>一般行政管理計畫</計畫別>
　　　　　　<單位 />
　　　　　　<單位成本或平均利率>0</單位成本或平均利率>
　　　　　　<數量>0</數量>
　　　　　　<預算數>1484.00</預算數>
　　　　　　<說明>無適當單位可資衡量</說明>
　　　　</ROW>
　　　　<ROW>
　　　　　　<SEQNO>22</SEQNO>
　　　　　　<LEVEL>1</LEVEL>
　　　　　　<BOLD>1</BOLD>
　　　　　　<計畫別>合計</計畫別>
　　　　　　<單位 />
　　　　　　<單位成本或平均利率>0</單位成本或平均利率>
　　　　　　<數量>0</數量>
　　　　　　<預算數>1892104.00</預算數>
　　　　　　<說明 />
　　　　</ROW>
　　</DataSet>
</GenericData>

