﻿name,schema,description
105-B2-432300106-主要表-20180626112532.xml,schema-主要表.csv,主要表
105-B2-432300106-基金來源、用途及餘絀預計表-20180626112533.xml,schema-基金來源、用途及餘絀預計表.csv,基金來源、用途及餘絀預計表
105-B2-432300106-現金流量預計表-20180626112534.xml,schema-現金流量預計表.csv,現金流量預計表
105-B2-432300106-基金來源明細表-20180626112534.xml,schema-基金來源明細表.csv,基金來源明細表
105-B2-432300106-基金用途明細表-20180626112535.xml,schema-基金用途明細表.csv,基金用途明細表
105-B2-432300106-單位(或計畫)成本分析表-20180626112536.xml,schema-單位(或計畫)成本分析表.csv,單位(或計畫)成本分析表
105-B2-432300106-預計平衡表-20180626112537.xml,schema-預計平衡表.csv,預計平衡表
105-B2-432300106-5年來主要業務計畫分析表-20180626112537.xml,schema-5年來主要業務計畫分析表.csv,5年來主要業務計畫分析表
105-B2-432300106-員工人數彙計表-20180626112538.xml,schema-員工人數彙計表.csv,員工人數彙計表
105-B2-432300106-用人費用彙計表-20180626112539.xml,schema-用人費用彙計表.csv,用人費用彙計表
105-B2-432300106-各項費用彙計表-20180626112540.xml,schema-各項費用彙計表.csv,各項費用彙計表
105-B2-432300106-固定項目明細表-20180626112542.xml,schema-固定項目明細表.csv,固定項目明細表