<?xml version="1.0" encoding="UTF-8"?>
<tables>
    <BCME3410_row>
        <mh_itemserialno1/>
        <mh_itemserialno2/>
        <mh_itemserialno3/>
        <mh_itemserialno4/>
        <budgetno/>
        <mh_budgetname>合         計</mh_budgetname>
        <budgetno_conver/>
        <tyear_amt>131246.000000</tyear_amt>
        <lyear_amt>86188.000000</lyear_amt>
        <byear_amt>95494.000000</byear_amt>
        <b_amt>45058.000000</b_amt>
        <bc_content/>
        <blevel>9</blevel>
        <ordinaryid>1</ordinaryid>
    </BCME3410_row>
    <BCME3410_row>
        <mh_itemserialno1>2</mh_itemserialno1>
        <mh_itemserialno2/>
        <mh_itemserialno3/>
        <mh_itemserialno4/>
        <budgetno>04000000000</budgetno>
        <mh_budgetname>罰款及賠償收入</mh_budgetname>
        <budgetno_conver>0400000000</budgetno_conver>
        <tyear_amt>4500.000000</tyear_amt>
        <lyear_amt>4500.000000</lyear_amt>
        <byear_amt>669.000000</byear_amt>
        <b_amt>0.000000</b_amt>
        <bc_content/>
        <blevel>1</blevel>
        <ordinaryid/>
    </BCME3410_row>
    <BCME3410_row>
        <mh_itemserialno1/>
        <mh_itemserialno2>177</mh_itemserialno2>
        <mh_itemserialno3/>
        <mh_itemserialno4/>
        <budgetno>04570050000</budgetno>
        <mh_budgetname>疾病管制署</mh_budgetname>
        <budgetno_conver>0457050000</budgetno_conver>
        <tyear_amt>4500.000000</tyear_amt>
        <lyear_amt>4500.000000</lyear_amt>
        <byear_amt>669.000000</byear_amt>
        <b_amt>0.000000</b_amt>
        <bc_content/>
        <blevel>2</blevel>
        <ordinaryid/>
    </BCME3410_row>
    <BCME3410_row>
        <mh_itemserialno1/>
        <mh_itemserialno2/>
        <mh_itemserialno3>01</mh_itemserialno3>
        <mh_itemserialno4/>
        <budgetno>04570050200</budgetno>
        <mh_budgetname>沒入及沒收財物</mh_budgetname>
        <budgetno_conver>0457050200</budgetno_conver>
        <tyear_amt>0.000000</tyear_amt>
        <lyear_amt>0.000000</lyear_amt>
        <byear_amt>106.000000</byear_amt>
        <b_amt>0.000000</b_amt>
        <bc_content/>
        <blevel>3</blevel>
        <ordinaryid/>
    </BCME3410_row>
    <BCME3410_row>
        <mh_itemserialno1/>
        <mh_itemserialno2/>
        <mh_itemserialno3/>
        <mh_itemserialno4>01</mh_itemserialno4>
        <budgetno>04570050201</budgetno>
        <mh_budgetname>沒入金</mh_budgetname>
        <budgetno_conver>0457050201</budgetno_conver>
        <tyear_amt>0.000000</tyear_amt>
        <lyear_amt>0.000000</lyear_amt>
        <byear_amt>106.000000</byear_amt>
        <b_amt>0.000000</b_amt>
        <bc_key>04570050201xxxxxxxxxxxxxxxxxxxxxxxx1R1x0</bc_key>
        <bc_content>前年度決算數係廠商違反政府採
購法規定沒入押標金之收入。</bc_content>
        <blevel>4</blevel>
        <ordinaryid/>
    </BCME3410_row>
    <BCME3410_row>
        <mh_itemserialno1/>
        <mh_itemserialno2/>
        <mh_itemserialno3>02</mh_itemserialno3>
        <mh_itemserialno4/>
        <budgetno>04570050300</budgetno>
        <mh_budgetname>賠償收入</mh_budgetname>
        <budgetno_conver>0457050300</budgetno_conver>
        <tyear_amt>4500.000000</tyear_amt>
        <lyear_amt>4500.000000</lyear_amt>
        <byear_amt>563.000000</byear_amt>
        <b_amt>0.000000</b_amt>
        <bc_content/>
        <blevel>3</blevel>
        <ordinaryid/>
    </BCME3410_row>
    <BCME3410_row>
        <mh_itemserialno1/>
        <mh_itemserialno2/>
        <mh_itemserialno3/>
        <mh_itemserialno4>01</mh_itemserialno4>
        <budgetno>04570050301</budgetno>
        <mh_budgetname>一般賠償收入</mh_budgetname>
        <budgetno_conver>0457050301</budgetno_conver>
        <tyear_amt>4500.000000</tyear_amt>
        <lyear_amt>4500.000000</lyear_amt>
        <byear_amt>563.000000</byear_amt>
        <b_amt>0.000000</b_amt>
        <bc_key>04570050301xxxxxxxxxxxxxxxxxxxxxxxx1R1x0</bc_key>
        <bc_content>本年度預算數係廠商違約逾期交
貨之賠償收入。</bc_content>
        <blevel>4</blevel>
        <ordinaryid/>
    </BCME3410_row>
    <BCME3410_row>
        <mh_itemserialno1>3</mh_itemserialno1>
        <mh_itemserialno2/>
        <mh_itemserialno3/>
        <mh_itemserialno4/>
        <budgetno>05000000000</budgetno>
        <mh_budgetname>規費收入</mh_budgetname>
        <budgetno_conver>0500000000</budgetno_conver>
        <tyear_amt>125592.000000</tyear_amt>
        <lyear_amt>80534.000000</lyear_amt>
        <byear_amt>89142.000000</byear_amt>
        <b_amt>45058.000000</b_amt>
        <bc_content/>
        <blevel>1</blevel>
        <ordinaryid/>
    </BCME3410_row>
    <BCME3410_row>
        <mh_itemserialno1/>
        <mh_itemserialno2>146</mh_itemserialno2>
        <mh_itemserialno3/>
        <mh_itemserialno4/>
        <budgetno>05570050000</budgetno>
        <mh_budgetname>疾病管制署</mh_budgetname>
        <budgetno_conver>0557050000</budgetno_conver>
        <tyear_amt>125592.000000</tyear_amt>
        <lyear_amt>80534.000000</lyear_amt>
        <byear_amt>89142.000000</byear_amt>
        <b_amt>45058.000000</b_amt>
        <bc_content/>
        <blevel>2</blevel>
        <ordinaryid/>
    </BCME3410_row>
    <BCME3410_row>
        <mh_itemserialno1/>
        <mh_itemserialno2/>
        <mh_itemserialno3>01</mh_itemserialno3>
        <mh_itemserialno4/>
        <budgetno>05570050100</budgetno>
        <mh_budgetname>行政規費收入</mh_budgetname>
        <budgetno_conver>0557050100</budgetno_conver>
        <tyear_amt>40104.000000</tyear_amt>
        <lyear_amt>39819.000000</lyear_amt>
        <byear_amt>39991.000000</byear_amt>
        <b_amt>285.000000</b_amt>
        <bc_content/>
        <blevel>3</blevel>
        <ordinaryid/>
    </BCME3410_row>
    <BCME3410_row>
        <mh_itemserialno1/>
        <mh_itemserialno2/>
        <mh_itemserialno3/>
        <mh_itemserialno4>01</mh_itemserialno4>
        <budgetno>05570050101</budgetno>
        <mh_budgetname>審查費</mh_budgetname>
        <budgetno_conver>0557050101</budgetno_conver>
        <tyear_amt>34257.000000</tyear_amt>
        <lyear_amt>34257.000000</lyear_amt>
        <byear_amt>33949.000000</byear_amt>
        <b_amt>0.000000</b_amt>
        <bc_key>05570050101xxxxxxxxxxxxxxxxxxxxxxxx1R1x0</bc_key>
        <bc_content>本年度預算數係船舶衛生檢疫收
入。</bc_content>
        <blevel>4</blevel>
        <ordinaryid/>
    </BCME3410_row>
    <BCME3410_row>
        <mh_itemserialno1/>
        <mh_itemserialno2/>
        <mh_itemserialno3/>
        <mh_itemserialno4>02</mh_itemserialno4>
        <budgetno>05570050102</budgetno>
        <mh_budgetname>證照費</mh_budgetname>
        <budgetno_conver>0557050102</budgetno_conver>
        <tyear_amt>5847.000000</tyear_amt>
        <lyear_amt>5562.000000</lyear_amt>
        <byear_amt>6042.000000</byear_amt>
        <b_amt>285.000000</b_amt>
        <bc_key>05570050102xxxxxxxxxxxxxxxxxxxxxxxx1R1x0</bc_key>
        <bc_content>本年度預算數之內容與上年度之
比較如下：
1.辦理國際預防接種證明書初、
　加簽及補發收入1,900千元，
　較上年度增列285千元。
2.辦理船舶衛生管制或免予衛生
　管制證明書收入3,927千元，
　與上年度同。
3.辦理屍體出口准許證收入20千
　元，與上年度同。</bc_content>
        <blevel>4</blevel>
        <ordinaryid/>
    </BCME3410_row>
    <BCME3410_row>
        <mh_itemserialno1/>
        <mh_itemserialno2/>
        <mh_itemserialno3>02</mh_itemserialno3>
        <mh_itemserialno4/>
        <budgetno>05570050300</budgetno>
        <mh_budgetname>使用規費收入</mh_budgetname>
        <budgetno_conver>0557050300</budgetno_conver>
        <tyear_amt>85488.000000</tyear_amt>
        <lyear_amt>40715.000000</lyear_amt>
        <byear_amt>49152.000000</byear_amt>
        <b_amt>44773.000000</b_amt>
        <bc_content/>
        <blevel>3</blevel>
        <ordinaryid/>
    </BCME3410_row>
    <BCME3410_row>
        <mh_itemserialno1/>
        <mh_itemserialno2/>
        <mh_itemserialno3/>
        <mh_itemserialno4>01</mh_itemserialno4>
        <budgetno>05570050305</budgetno>
        <mh_budgetname>資料使用費</mh_budgetname>
        <budgetno_conver>0557050305</budgetno_conver>
        <tyear_amt>0.000000</tyear_amt>
        <lyear_amt>20.000000</lyear_amt>
        <byear_amt>400.000000</byear_amt>
        <b_amt>-20.000000</b_amt>
        <bc_key>05570050305xxxxxxxxxxxxxxxxxxxxxxxx1R1x0</bc_key>
        <bc_content>上年度預算數係提供防疫資料庫
擷取等收入。</bc_content>
        <blevel>4</blevel>
        <ordinaryid/>
    </BCME3410_row>
    <BCME3410_row>
        <mh_itemserialno1/>
        <mh_itemserialno2/>
        <mh_itemserialno3/>
        <mh_itemserialno4>02</mh_itemserialno4>
        <budgetno>05570050311</budgetno>
        <mh_budgetname>供應費</mh_budgetname>
        <budgetno_conver>0557050311</budgetno_conver>
        <tyear_amt>85488.000000</tyear_amt>
        <lyear_amt>40695.000000</lyear_amt>
        <byear_amt>48668.000000</byear_amt>
        <b_amt>44793.000000</b_amt>
        <bc_key>05570050311xxxxxxxxxxxxxxxxxxxxxxxx1R1x0</bc_key>
        <bc_content>本年度預算數係生物製劑、瘧疾
預防藥品、阿米巴性痢疾藥品、
清潔針具及保險套供應費收入。</bc_content>
        <blevel>4</blevel>
        <ordinaryid/>
    </BCME3410_row>
    <BCME3410_row>
        <mh_itemserialno1/>
        <mh_itemserialno2/>
        <mh_itemserialno3/>
        <mh_itemserialno4>03</mh_itemserialno4>
        <budgetno>05570050313</budgetno>
        <mh_budgetname>服務費</mh_budgetname>
        <budgetno_conver>0557050313</budgetno_conver>
        <tyear_amt>0.000000</tyear_amt>
        <lyear_amt>0.000000</lyear_amt>
        <byear_amt>83.000000</byear_amt>
        <b_amt>0.000000</b_amt>
        <bc_key>05570050313xxxxxxxxxxxxxxxxxxxxxxxx1R1x0</bc_key>
        <bc_content>前年度決算數係提供抗蛇毒血清
凍晶注射劑收入。</bc_content>
        <blevel>4</blevel>
        <ordinaryid/>
    </BCME3410_row>
    <BCME3410_row>
        <mh_itemserialno1>4</mh_itemserialno1>
        <mh_itemserialno2/>
        <mh_itemserialno3/>
        <mh_itemserialno4/>
        <budgetno>07000000000</budgetno>
        <mh_budgetname>財產收入</mh_budgetname>
        <budgetno_conver>0700000000</budgetno_conver>
        <tyear_amt>626.000000</tyear_amt>
        <lyear_amt>626.000000</lyear_amt>
        <byear_amt>695.000000</byear_amt>
        <b_amt>0.000000</b_amt>
        <bc_content/>
        <blevel>1</blevel>
        <ordinaryid/>
    </BCME3410_row>
    <BCME3410_row>
        <mh_itemserialno1/>
        <mh_itemserialno2>197</mh_itemserialno2>
        <mh_itemserialno3/>
        <mh_itemserialno4/>
        <budgetno>07570050000</budgetno>
        <mh_budgetname>疾病管制署</mh_budgetname>
        <budgetno_conver>0757050000</budgetno_conver>
        <tyear_amt>626.000000</tyear_amt>
        <lyear_amt>626.000000</lyear_amt>
        <byear_amt>695.000000</byear_amt>
        <b_amt>0.000000</b_amt>
        <bc_content/>
        <blevel>2</blevel>
        <ordinaryid/>
    </BCME3410_row>
    <BCME3410_row>
        <mh_itemserialno1/>
        <mh_itemserialno2/>
        <mh_itemserialno3>01</mh_itemserialno3>
        <mh_itemserialno4/>
        <budgetno>07570050100</budgetno>
        <mh_budgetname>財產孳息</mh_budgetname>
        <budgetno_conver>0757050100</budgetno_conver>
        <tyear_amt>336.000000</tyear_amt>
        <lyear_amt>336.000000</lyear_amt>
        <byear_amt>330.000000</byear_amt>
        <b_amt>0.000000</b_amt>
        <bc_content/>
        <blevel>3</blevel>
        <ordinaryid/>
    </BCME3410_row>
    <BCME3410_row>
        <mh_itemserialno1/>
        <mh_itemserialno2/>
        <mh_itemserialno3/>
        <mh_itemserialno4>01</mh_itemserialno4>
        <budgetno>07570050101</budgetno>
        <mh_budgetname>利息收入</mh_budgetname>
        <budgetno_conver>0757050101</budgetno_conver>
        <tyear_amt>0.000000</tyear_amt>
        <lyear_amt>0.000000</lyear_amt>
        <byear_amt>1.000000</byear_amt>
        <b_amt>0.000000</b_amt>
        <bc_key>07570050101xxxxxxxxxxxxxxxxxxxxxxxx1R1x0</bc_key>
        <bc_content>前年度決算數係零用金專戶存款
等利息收入。</bc_content>
        <blevel>4</blevel>
        <ordinaryid/>
    </BCME3410_row>
    <BCME3410_row>
        <mh_itemserialno1/>
        <mh_itemserialno2/>
        <mh_itemserialno3/>
        <mh_itemserialno4>02</mh_itemserialno4>
        <budgetno>07570050106</budgetno>
        <mh_budgetname>租金收入</mh_budgetname>
        <budgetno_conver>0757050106</budgetno_conver>
        <tyear_amt>336.000000</tyear_amt>
        <lyear_amt>336.000000</lyear_amt>
        <byear_amt>329.000000</byear_amt>
        <b_amt>0.000000</b_amt>
        <bc_key>07570050106xxxxxxxxxxxxxxxxxxxxxxxx1R1x0</bc_key>
        <bc_content>本年度預算數係員工停車位租金
收入。</bc_content>
        <blevel>4</blevel>
        <ordinaryid/>
    </BCME3410_row>
    <BCME3410_row>
        <mh_itemserialno1/>
        <mh_itemserialno2/>
        <mh_itemserialno3>02</mh_itemserialno3>
        <mh_itemserialno4/>
        <budgetno>07570050600</budgetno>
        <mh_budgetname>廢舊物資售價</mh_budgetname>
        <budgetno_conver>0757050600</budgetno_conver>
        <tyear_amt>290.000000</tyear_amt>
        <lyear_amt>290.000000</lyear_amt>
        <byear_amt>365.000000</byear_amt>
        <b_amt>0.000000</b_amt>
        <bc_key>07570050600xxxxxxxxxxxxxxxxxxxxxxxx1R1x0</bc_key>
        <bc_content>本年度預算數係出售廢舊財物等
收入。</bc_content>
        <blevel>3</blevel>
        <ordinaryid/>
    </BCME3410_row>
    <BCME3410_row>
        <mh_itemserialno1>7</mh_itemserialno1>
        <mh_itemserialno2/>
        <mh_itemserialno3/>
        <mh_itemserialno4/>
        <budgetno>11000000000</budgetno>
        <mh_budgetname>其他收入</mh_budgetname>
        <budgetno_conver>1100000000</budgetno_conver>
        <tyear_amt>528.000000</tyear_amt>
        <lyear_amt>528.000000</lyear_amt>
        <byear_amt>4988.000000</byear_amt>
        <b_amt>0.000000</b_amt>
        <bc_content/>
        <blevel>1</blevel>
        <ordinaryid/>
    </BCME3410_row>
    <BCME3410_row>
        <mh_itemserialno1/>
        <mh_itemserialno2>195</mh_itemserialno2>
        <mh_itemserialno3/>
        <mh_itemserialno4/>
        <budgetno>11570050000</budgetno>
        <mh_budgetname>疾病管制署</mh_budgetname>
        <budgetno_conver>1157050000</budgetno_conver>
        <tyear_amt>528.000000</tyear_amt>
        <lyear_amt>528.000000</lyear_amt>
        <byear_amt>4988.000000</byear_amt>
        <b_amt>0.000000</b_amt>
        <bc_content/>
        <blevel>2</blevel>
        <ordinaryid/>
    </BCME3410_row>
    <BCME3410_row>
        <mh_itemserialno1/>
        <mh_itemserialno2/>
        <mh_itemserialno3>01</mh_itemserialno3>
        <mh_itemserialno4/>
        <budgetno>11570050900</budgetno>
        <mh_budgetname>雜項收入</mh_budgetname>
        <budgetno_conver>1157050900</budgetno_conver>
        <tyear_amt>528.000000</tyear_amt>
        <lyear_amt>528.000000</lyear_amt>
        <byear_amt>4988.000000</byear_amt>
        <b_amt>0.000000</b_amt>
        <bc_content/>
        <blevel>3</blevel>
        <ordinaryid/>
    </BCME3410_row>
    <BCME3410_row>
        <mh_itemserialno1/>
        <mh_itemserialno2/>
        <mh_itemserialno3/>
        <mh_itemserialno4>01</mh_itemserialno4>
        <budgetno>11570050901</budgetno>
        <mh_budgetname>收回以前年度歲出</mh_budgetname>
        <budgetno_conver>1157050901</budgetno_conver>
        <tyear_amt>300.000000</tyear_amt>
        <lyear_amt>300.000000</lyear_amt>
        <byear_amt>4609.000000</byear_amt>
        <b_amt>0.000000</b_amt>
        <bc_key>11570050901xxxxxxxxxxxxxxxxxxxxxxxx1R1x0</bc_key>
        <bc_content>本年度預算數係收回以前年度委
辦及補助計畫賸餘款繳庫數。</bc_content>
        <blevel>4</blevel>
        <ordinaryid/>
    </BCME3410_row>
    <BCME3410_row>
        <mh_itemserialno1/>
        <mh_itemserialno2/>
        <mh_itemserialno3/>
        <mh_itemserialno4>02</mh_itemserialno4>
        <budgetno>11570050909</budgetno>
        <mh_budgetname>其他雜項收入</mh_budgetname>
        <budgetno_conver>1157050909</budgetno_conver>
        <tyear_amt>228.000000</tyear_amt>
        <lyear_amt>228.000000</lyear_amt>
        <byear_amt>379.000000</byear_amt>
        <b_amt>0.000000</b_amt>
        <bc_key>11570050909xxxxxxxxxxxxxxxxxxxxxxxx1R1x0</bc_key>
        <bc_content>本年度預算數係出售政府出版品
等收入。</bc_content>
        <blevel>4</blevel>
        <ordinaryid/>
    </BCME3410_row>
</tables>
