<?xml version="1.0" encoding="UTF-8"?>
<Root>
    <Row>
        <款>20</款>
        <項/>
        <目/>
        <節/>
        <科目名稱>衛生福利部主管</科目名稱>
        <預算科目編號>00570000000</預算科目編號>
        <人事費>935477</人事費>
        <業務費_經>1223565</業務費_經>
        <奬補助費_經>2791516</奬補助費_經>
        <債務費>0</債務費>
        <預備金_經>50</預備金_經>
        <經常支出小計>4950608</經常支出小計>
        <業務費_資>0</業務費_資>
        <設備及投資>120980</設備及投資>
        <奬補助費_資>12838</奬補助費_資>
        <預備金_資>0</預備金_資>
        <資本支出小計>133818</資本支出小計>
        <合計>5084426</合計>
    </Row>
    <Row>
        <款/>
        <項>2</項>
        <目/>
        <節/>
        <科目名稱>疾病管制署</科目名稱>
        <預算科目編號>00570050000</預算科目編號>
        <人事費>935477</人事費>
        <業務費_經>1223565</業務費_經>
        <奬補助費_經>2791516</奬補助費_經>
        <債務費>0</債務費>
        <預備金_經>50</預備金_經>
        <經常支出小計>4950608</經常支出小計>
        <業務費_資>0</業務費_資>
        <設備及投資>120980</設備及投資>
        <奬補助費_資>12838</奬補助費_資>
        <預備金_資>0</預備金_資>
        <資本支出小計>133818</資本支出小計>
        <合計>5084426</合計>
    </Row>
    <Row>
        <款/>
        <項/>
        <目/>
        <節/>
        <科目名稱>科學支出</科目名稱>
        <預算科目編號>52570050000</預算科目編號>
        <人事費>0</人事費>
        <業務費_經>321168</業務費_經>
        <奬補助費_經>200</奬補助費_經>
        <債務費>0</債務費>
        <預備金_經>0</預備金_經>
        <經常支出小計>321368</經常支出小計>
        <業務費_資>0</業務費_資>
        <設備及投資>55380</設備及投資>
        <奬補助費_資>5000</奬補助費_資>
        <預備金_資>0</預備金_資>
        <資本支出小計>60380</資本支出小計>
        <合計>381748</合計>
    </Row>
    <Row>
        <款/>
        <項/>
        <目>1</目>
        <節/>
        <科目名稱>科技發展工作</科目名稱>
        <預算科目編號>52570050400</預算科目編號>
        <人事費>0</人事費>
        <業務費_經>321168</業務費_經>
        <奬補助費_經>200</奬補助費_經>
        <債務費>0</債務費>
        <預備金_經>0</預備金_經>
        <經常支出小計>321368</經常支出小計>
        <業務費_資>0</業務費_資>
        <設備及投資>55380</設備及投資>
        <奬補助費_資>5000</奬補助費_資>
        <預備金_資>0</預備金_資>
        <資本支出小計>60380</資本支出小計>
        <合計>381748</合計>
    </Row>
    <Row>
        <款/>
        <項/>
        <目/>
        <節/>
        <科目名稱>醫療保健支出</科目名稱>
        <預算科目編號>71570050000</預算科目編號>
        <人事費>935477</人事費>
        <業務費_經>902397</業務費_經>
        <奬補助費_經>2791316</奬補助費_經>
        <債務費>0</債務費>
        <預備金_經>50</預備金_經>
        <經常支出小計>4629240</經常支出小計>
        <業務費_資>0</業務費_資>
        <設備及投資>65600</設備及投資>
        <奬補助費_資>7838</奬補助費_資>
        <預備金_資>0</預備金_資>
        <資本支出小計>73438</資本支出小計>
        <合計>4702678</合計>
    </Row>
    <Row>
        <款/>
        <項/>
        <目>2</目>
        <節/>
        <科目名稱>一般行政</科目名稱>
        <預算科目編號>71570050100</預算科目編號>
        <人事費>935477</人事費>
        <業務費_經>28410</業務費_經>
        <奬補助費_經>3440</奬補助費_經>
        <債務費>0</債務費>
        <預備金_經>0</預備金_經>
        <經常支出小計>967327</經常支出小計>
        <業務費_資>0</業務費_資>
        <設備及投資>1073</設備及投資>
        <奬補助費_資>0</奬補助費_資>
        <預備金_資>0</預備金_資>
        <資本支出小計>1073</資本支出小計>
        <合計>968400</合計>
    </Row>
    <Row>
        <款/>
        <項/>
        <目>3</目>
        <節/>
        <科目名稱>防疫業務</科目名稱>
        <預算科目編號>71570050200</預算科目編號>
        <人事費>0</人事費>
        <業務費_經>873987</業務費_經>
        <奬補助費_經>2787876</奬補助費_經>
        <債務費>0</債務費>
        <預備金_經>0</預備金_經>
        <經常支出小計>3661863</經常支出小計>
        <業務費_資>0</業務費_資>
        <設備及投資>59527</設備及投資>
        <奬補助費_資>7838</奬補助費_資>
        <預備金_資>0</預備金_資>
        <資本支出小計>67365</資本支出小計>
        <合計>3729228</合計>
    </Row>
    <Row>
        <款/>
        <項/>
        <目>4</目>
        <節/>
        <科目名稱>一般建築及設備</科目名稱>
        <預算科目編號>71570059000</預算科目編號>
        <人事費>0</人事費>
        <業務費_經>0</業務費_經>
        <奬補助費_經>0</奬補助費_經>
        <債務費>0</債務費>
        <預備金_經>0</預備金_經>
        <經常支出小計>0</經常支出小計>
        <業務費_資>0</業務費_資>
        <設備及投資>5000</設備及投資>
        <奬補助費_資>0</奬補助費_資>
        <預備金_資>0</預備金_資>
        <資本支出小計>5000</資本支出小計>
        <合計>5000</合計>
    </Row>
    <Row>
        <款/>
        <項/>
        <目/>
        <節>1</節>
        <科目名稱>交通及運輸設備</科目名稱>
        <預算科目編號>71570059011</預算科目編號>
        <人事費>0</人事費>
        <業務費_經>0</業務費_經>
        <奬補助費_經>0</奬補助費_經>
        <債務費>0</債務費>
        <預備金_經>0</預備金_經>
        <經常支出小計>0</經常支出小計>
        <業務費_資>0</業務費_資>
        <設備及投資>5000</設備及投資>
        <奬補助費_資>0</奬補助費_資>
        <預備金_資>0</預備金_資>
        <資本支出小計>5000</資本支出小計>
        <合計>5000</合計>
    </Row>
    <Row>
        <款/>
        <項/>
        <目>5</目>
        <節/>
        <科目名稱>第一預備金</科目名稱>
        <預算科目編號>71570059800</預算科目編號>
        <人事費>0</人事費>
        <業務費_經>0</業務費_經>
        <奬補助費_經>0</奬補助費_經>
        <債務費>0</債務費>
        <預備金_經>50</預備金_經>
        <經常支出小計>50</經常支出小計>
        <業務費_資>0</業務費_資>
        <設備及投資>0</設備及投資>
        <奬補助費_資>0</奬補助費_資>
        <預備金_資>0</預備金_資>
        <資本支出小計>0</資本支出小計>
        <合計>50</合計>
    </Row>
</Root>
