﻿name,schema,description
106-5705-歲入來源別預算表-20180626154953.xml,schema-歲入來源別預算表.csv,歲入來源別預算表
106-5705-歲出機關別預算表-20180626154953.xml,schema-歲出機關別預算表.csv,歲出機關別預算表
106-5705-歲入項目說明提要表-20180626154953.xml,schema-歲入項目說明提要表.csv,歲入項目說明提要表
106-5705-歲出計畫提要及分支計畫概況表-20180626154953.xml,schema-歲出計畫提要及分支計畫概況表.csv,歲出計畫提要及分支計畫概況表
106-5705-各項費用彙計表-20180626154953.xml,schema-各項費用彙計表.csv,各項費用彙計表
106-5705-歲出用途別科目分析表-20180626154954.xml,schema-歲出用途別科目分析表.csv,歲出用途別科目分析表
106-5705-資本支出分析表-20180626154954.xml,schema-資本支出分析表.csv,資本支出分析表
106-5705-人事費彙計表-20180626154954.xml,schema-人事費彙計表.csv,人事費彙計表
106-5705-預算員額明細表-20180626154954.xml,schema-預算員額明細表.csv,預算員額明細表
106-5705-公務車輛明細表-20180626154954.xml,schema-公務車輛明細表.csv,公務車輛明細表