﻿name,title
bq_fiscalyear,會計年度
bq_fundkind,(此報表無需使用此TAG)
bq_budgetkind,(此報表無需使用此TAG)
bq_specialbudgetno,(此報表無需使用此TAG)
bq_agenno,機關編號
bq_agentype,機關業務別
bq_budgetstate,預算階段
bq_budgetno,預算科目編號
bq_objectno,用途別科目編號(車輛)
bq_carid,車號
bq_persons,人數
bq_buydate,購置年月
bq_ventsize,排氣量
bq_oilamt,油料費．數量
bq_oilprice,油料費．單價
bq_amt_maintain,養護費(元)
bq_amt5,其他(元)
bq_carnum,車輛數
bq_remark,備註
bq_lpgamt,液化石油數量
bq_lpgprice,液化石油單價
bq_versiondate,(此報表無需使用此TAG)