<?xml version="1.0" encoding="UTF-8"?>
<Root>
    <Row>
        <款>19</款>
        <項/>
        <目/>
        <節/>
        <科目名稱>衛生福利部主管</科目名稱>
        <預算科目編號>00570000000</預算科目編號>
    </Row>
    <Row>
        <款/>
        <項>2</項>
        <目/>
        <節/>
        <科目名稱>疾病管制署</科目名稱>
        <預算科目編號>00570050000</預算科目編號>
        <人事費>1002110</人事費>
        <業務費_經>1202934</業務費_經>
        <奬補助費_經>3240374</奬補助費_經>
        <債務費>0</債務費>
        <預備金_經>50</預備金_經>
        <經常支出小計>5445468</經常支出小計>
        <業務費_資>0</業務費_資>
        <設備及投資>137933</設備及投資>
        <奬補助費_資>14878</奬補助費_資>
        <預備金_資>0</預備金_資>
        <資本支出小計>152811</資本支出小計>
        <合計>5598279</合計>
    </Row>
    <Row>
        <款/>
        <項/>
        <目/>
        <節/>
        <科目名稱>科學支出</科目名稱>
        <預算科目編號>52570050000</預算科目編號>
        <人事費>0</人事費>
        <業務費_經>236402</業務費_經>
        <奬補助費_經>200</奬補助費_經>
        <債務費>0</債務費>
        <預備金_經>0</預備金_經>
        <經常支出小計>236602</經常支出小計>
        <業務費_資>0</業務費_資>
        <設備及投資>72010</設備及投資>
        <奬補助費_資>5818</奬補助費_資>
        <預備金_資>0</預備金_資>
        <資本支出小計>77828</資本支出小計>
        <合計>314430</合計>
    </Row>
    <Row>
        <款/>
        <項/>
        <目>1</目>
        <節/>
        <科目名稱>科技業務</科目名稱>
        <預算科目編號>52570050400</預算科目編號>
        <人事費>0</人事費>
        <業務費_經>236402</業務費_經>
        <奬補助費_經>200</奬補助費_經>
        <債務費>0</債務費>
        <預備金_經>0</預備金_經>
        <經常支出小計>236602</經常支出小計>
        <業務費_資>0</業務費_資>
        <設備及投資>72010</設備及投資>
        <奬補助費_資>5818</奬補助費_資>
        <預備金_資>0</預備金_資>
        <資本支出小計>77828</資本支出小計>
        <合計>314430</合計>
    </Row>
    <Row>
        <款/>
        <項/>
        <目/>
        <節/>
        <科目名稱>醫療保健支出</科目名稱>
        <預算科目編號>71570050000</預算科目編號>
        <人事費>1002110</人事費>
        <業務費_經>966532</業務費_經>
        <奬補助費_經>3240174</奬補助費_經>
        <債務費>0</債務費>
        <預備金_經>50</預備金_經>
        <經常支出小計>5208866</經常支出小計>
        <業務費_資>0</業務費_資>
        <設備及投資>65923</設備及投資>
        <奬補助費_資>9060</奬補助費_資>
        <預備金_資>0</預備金_資>
        <資本支出小計>74983</資本支出小計>
        <合計>5283849</合計>
    </Row>
    <Row>
        <款/>
        <項/>
        <目>2</目>
        <節/>
        <科目名稱>一般行政</科目名稱>
        <預算科目編號>71570050100</預算科目編號>
        <人事費>1002110</人事費>
        <業務費_經>25287</業務費_經>
        <奬補助費_經>1430</奬補助費_經>
        <債務費>0</債務費>
        <預備金_經>0</預備金_經>
        <經常支出小計>1028827</經常支出小計>
        <業務費_資>0</業務費_資>
        <設備及投資>2191</設備及投資>
        <奬補助費_資>0</奬補助費_資>
        <預備金_資>0</預備金_資>
        <資本支出小計>2191</資本支出小計>
        <合計>1031018</合計>
    </Row>
    <Row>
        <款/>
        <項/>
        <目>3</目>
        <節/>
        <科目名稱>防疫業務</科目名稱>
        <預算科目編號>71570050200</預算科目編號>
        <人事費>0</人事費>
        <業務費_經>941245</業務費_經>
        <奬補助費_經>3238744</奬補助費_經>
        <債務費>0</債務費>
        <預備金_經>0</預備金_經>
        <經常支出小計>4179989</經常支出小計>
        <業務費_資>0</業務費_資>
        <設備及投資>63732</設備及投資>
        <奬補助費_資>9060</奬補助費_資>
        <預備金_資>0</預備金_資>
        <資本支出小計>72792</資本支出小計>
        <合計>4252781</合計>
    </Row>
    <Row>
        <款/>
        <項/>
        <目>6</目>
        <節/>
        <科目名稱>第一預備金</科目名稱>
        <預算科目編號>71570059800</預算科目編號>
        <人事費>0</人事費>
        <業務費_經>0</業務費_經>
        <奬補助費_經>0</奬補助費_經>
        <債務費>0</債務費>
        <預備金_經>50</預備金_經>
        <經常支出小計>50</經常支出小計>
        <業務費_資>0</業務費_資>
        <設備及投資>0</設備及投資>
        <奬補助費_資>0</奬補助費_資>
        <預備金_資>0</預備金_資>
        <資本支出小計>0</資本支出小計>
        <合計>50</合計>
    </Row>
</Root>
