<?xml version="1.0" encoding="UTF-8"?>
<tables>
    <BCTDOUTGO>
        <BCTDOUTGO_row>
            <bm_fiscalyear>108</bm_fiscalyear>
            <bm_fundkind>1</bm_fundkind>
            <bm_budgetkind>1</bm_budgetkind>
            <bm_specialbudgetno/>
            <bm_agenno>57005</bm_agenno>
            <bm_agentype>C</bm_agentype>
            <bm_budgetstate>2</bm_budgetstate>
            <bm_abroadplan>1</bm_abroadplan>
            <bm_projtype>8 </bm_projtype>
            <bm_projno>01</bm_projno>
            <bm_abroadplanname>緊急或新興傳染病疫情調查研習</bm_abroadplanname>
            <bm_visitsts>0</bm_visitsts>
            <bm_visitexplain/>
            <bm_dispatchstaffs>16</bm_dispatchstaffs>
            <bm_abroadsite1/>
            <bm_abroadsite2/>
            <bm_abroadsite3/>
            <bm_abroadperiod1/>
            <bm_abroadperiodto1/>
            <bm_abroadperiod2/>
            <bm_abroadperiodto2/>
            <bm_abroadperiod3/>
            <bm_abroadperiodto3/>
            <bm_abroadstaffs1>0</bm_abroadstaffs1>
            <bm_abroadstaffs2>0</bm_abroadstaffs2>
            <bm_abroadstaffs3>0</bm_abroadstaffs3>
            <bm_abroadallowance1>0.00</bm_abroadallowance1>
            <bm_abroadallowance2>0.00</bm_abroadallowance2>
            <bm_abroadallowance3>0.00</bm_abroadallowance3>
            <bm_budgetno>71570050200</bm_budgetno>
            <bm_regionno>43</bm_regionno>
            <bm_country>歐美亞非</bm_country>
            <bm_agency/>
            <bm_cont_text>&amp;lt;#H1&amp;gt;派員赴發生緊急或新興傳染病之地區，學習國內罕見傳染病之疫情調查及防治技能，將疫病阻絕於境外，保護國人健康。&#xd;
&amp;lt;#H1&amp;gt;學習國際疫情調查模式，提升參與國際衛生防疫事務之經驗。</bm_cont_text>
            <bm_durationfrom>10801</bm_durationfrom>
            <bm_durationto>10812</bm_durationto>
            <bm_days>10</bm_days>
            <bm_persons>4</bm_persons>
            <bm_amt_trans>0.00</bm_amt_trans>
            <bm_amt_life>230000.00</bm_amt_life>
            <bm_amt_public>0.00</bm_amt_public>
            <bm_amt_books>32000.00</bm_amt_books>
            <bm_amt_flight>245000.00</bm_amt_flight>
            <bm_versiondate/>
        </BCTDOUTGO_row>
        <BCTDOUTGO_row>
            <bm_fiscalyear>108</bm_fiscalyear>
            <bm_fundkind>1</bm_fundkind>
            <bm_budgetkind>1</bm_budgetkind>
            <bm_specialbudgetno/>
            <bm_agenno>57005</bm_agenno>
            <bm_agentype>C</bm_agentype>
            <bm_budgetstate>2</bm_budgetstate>
            <bm_abroadplan>1</bm_abroadplan>
            <bm_projtype>8 </bm_projtype>
            <bm_projno>02</bm_projno>
            <bm_abroadplanname>歐盟CDC或國際衛生組織舉辦之傳染病防治研習或技術訓練計畫</bm_abroadplanname>
            <bm_visitsts>0</bm_visitsts>
            <bm_visitexplain/>
            <bm_dispatchstaffs>7</bm_dispatchstaffs>
            <bm_abroadsite1/>
            <bm_abroadsite2/>
            <bm_abroadsite3/>
            <bm_abroadperiod1/>
            <bm_abroadperiodto1/>
            <bm_abroadperiod2/>
            <bm_abroadperiodto2/>
            <bm_abroadperiod3/>
            <bm_abroadperiodto3/>
            <bm_abroadstaffs1>0</bm_abroadstaffs1>
            <bm_abroadstaffs2>0</bm_abroadstaffs2>
            <bm_abroadstaffs3>0</bm_abroadstaffs3>
            <bm_abroadallowance1>0.00</bm_abroadallowance1>
            <bm_abroadallowance2>0.00</bm_abroadallowance2>
            <bm_abroadallowance3>0.00</bm_abroadallowance3>
            <bm_budgetno>71570050200</bm_budgetno>
            <bm_regionno>43</bm_regionno>
            <bm_country>歐美</bm_country>
            <bm_agency/>
            <bm_cont_text>參加歐盟CDC或國際組織開辦之課程，研習傳染病防治等新知及技術，提升我國防疫量能，並建立國際人脈，建立雙（多）邊合作技術交流，藉以提升我國之國際能見度。</bm_cont_text>
            <bm_durationfrom>10801</bm_durationfrom>
            <bm_durationto>10812</bm_durationto>
            <bm_days>60</bm_days>
            <bm_persons>2</bm_persons>
            <bm_amt_trans>0.00</bm_amt_trans>
            <bm_amt_life>311000.00</bm_amt_life>
            <bm_amt_public>0.00</bm_amt_public>
            <bm_amt_books>49000.00</bm_amt_books>
            <bm_amt_flight>120000.00</bm_amt_flight>
            <bm_versiondate/>
        </BCTDOUTGO_row>
        <BCTDOUTGO_row>
            <bm_fiscalyear>108</bm_fiscalyear>
            <bm_fundkind>1</bm_fundkind>
            <bm_budgetkind>1</bm_budgetkind>
            <bm_specialbudgetno/>
            <bm_agenno>57005</bm_agenno>
            <bm_agentype>C</bm_agentype>
            <bm_budgetstate>2</bm_budgetstate>
            <bm_abroadplan>1</bm_abroadplan>
            <bm_projtype>8 </bm_projtype>
            <bm_projno>03</bm_projno>
            <bm_abroadplanname>赴日本國立感染症研究所（NIID）研習傳染病防治相關研究成果與經驗交流</bm_abroadplanname>
            <bm_visitsts>0</bm_visitsts>
            <bm_visitexplain/>
            <bm_dispatchstaffs>11</bm_dispatchstaffs>
            <bm_abroadsite1/>
            <bm_abroadsite2/>
            <bm_abroadsite3/>
            <bm_abroadperiod1/>
            <bm_abroadperiodto1/>
            <bm_abroadperiod2/>
            <bm_abroadperiodto2/>
            <bm_abroadperiod3/>
            <bm_abroadperiodto3/>
            <bm_abroadstaffs1>0</bm_abroadstaffs1>
            <bm_abroadstaffs2>0</bm_abroadstaffs2>
            <bm_abroadstaffs3>0</bm_abroadstaffs3>
            <bm_abroadallowance1>0.00</bm_abroadallowance1>
            <bm_abroadallowance2>0.00</bm_abroadallowance2>
            <bm_abroadallowance3>0.00</bm_abroadallowance3>
            <bm_budgetno>71570050200</bm_budgetno>
            <bm_regionno>43</bm_regionno>
            <bm_country>日本</bm_country>
            <bm_agency/>
            <bm_cont_text>我國亞東關係協會與日本財團法人交流協會於92年簽署「關於嚴重急性呼吸道症候群（SARS）共同研究瞭解備忘錄」，自93年起每年由兩國輪流主辦防疫研習活動，近年來已就愛滋病、結核病、援外經驗、腸道病毒、新型流感及旅遊醫學等議題進行交流，108年輪由日本主辦，本署組團參加。</bm_cont_text>
            <bm_durationfrom>10801</bm_durationfrom>
            <bm_durationto>10812</bm_durationto>
            <bm_days>4</bm_days>
            <bm_persons>6</bm_persons>
            <bm_amt_trans>0.00</bm_amt_trans>
            <bm_amt_life>171000.00</bm_amt_life>
            <bm_amt_public>0.00</bm_amt_public>
            <bm_amt_books>8000.00</bm_amt_books>
            <bm_amt_flight>121000.00</bm_amt_flight>
            <bm_versiondate/>
        </BCTDOUTGO_row>
        <BCTDOUTGO_row>
            <bm_fiscalyear>108</bm_fiscalyear>
            <bm_fundkind>1</bm_fundkind>
            <bm_budgetkind>1</bm_budgetkind>
            <bm_specialbudgetno/>
            <bm_agenno>57005</bm_agenno>
            <bm_agentype>C</bm_agentype>
            <bm_budgetstate>2</bm_budgetstate>
            <bm_abroadplan>1</bm_abroadplan>
            <bm_projtype>8 </bm_projtype>
            <bm_projno>04</bm_projno>
            <bm_abroadplanname>年輕族群愛滋及性傳染病防治研習</bm_abroadplanname>
            <bm_visitsts>0</bm_visitsts>
            <bm_visitexplain/>
            <bm_dispatchstaffs>0</bm_dispatchstaffs>
            <bm_abroadsite1/>
            <bm_abroadsite2/>
            <bm_abroadsite3/>
            <bm_abroadperiod1/>
            <bm_abroadperiodto1/>
            <bm_abroadperiod2/>
            <bm_abroadperiodto2/>
            <bm_abroadperiod3/>
            <bm_abroadperiodto3/>
            <bm_abroadstaffs1>0</bm_abroadstaffs1>
            <bm_abroadstaffs2>0</bm_abroadstaffs2>
            <bm_abroadstaffs3>0</bm_abroadstaffs3>
            <bm_abroadallowance1>0.00</bm_abroadallowance1>
            <bm_abroadallowance2>0.00</bm_abroadallowance2>
            <bm_abroadallowance3>0.00</bm_abroadallowance3>
            <bm_budgetno>71570050200</bm_budgetno>
            <bm_regionno>43</bm_regionno>
            <bm_country>歐美亞太</bm_country>
            <bm_agency/>
            <bm_cont_text>國內年輕族群感染愛滋病毒之人數不斷攀升，其主要傳染途徑為不安全性行為，又以男男間不安全性行為最多。感染者之通報年齡主要集中在青壯年，15-29歲占47％，30-39歲占32％。本計畫擬派員透過與當地專家深入訪談、參與研習課程及工作坊等方式，學習有效之年輕族群及同志族群愛滋及性傳染病（梅毒、淋病等）防治模式。</bm_cont_text>
            <bm_durationfrom>10801</bm_durationfrom>
            <bm_durationto>10812</bm_durationto>
            <bm_days>9</bm_days>
            <bm_persons>1</bm_persons>
            <bm_amt_trans>0.00</bm_amt_trans>
            <bm_amt_life>60000.00</bm_amt_life>
            <bm_amt_public>0.00</bm_amt_public>
            <bm_amt_books>18000.00</bm_amt_books>
            <bm_amt_flight>52000.00</bm_amt_flight>
            <bm_versiondate/>
        </BCTDOUTGO_row>
        <BCTDOUTGO_row>
            <bm_fiscalyear>108</bm_fiscalyear>
            <bm_fundkind>1</bm_fundkind>
            <bm_budgetkind>1</bm_budgetkind>
            <bm_specialbudgetno/>
            <bm_agenno>57005</bm_agenno>
            <bm_agentype>C</bm_agentype>
            <bm_budgetstate>2</bm_budgetstate>
            <bm_abroadplan>1</bm_abroadplan>
            <bm_projtype>8 </bm_projtype>
            <bm_projno>05</bm_projno>
            <bm_abroadplanname>生物病原災害緊急應變與整備研習</bm_abroadplanname>
            <bm_visitsts>0</bm_visitsts>
            <bm_visitexplain/>
            <bm_dispatchstaffs>0</bm_dispatchstaffs>
            <bm_abroadsite1/>
            <bm_abroadsite2/>
            <bm_abroadsite3/>
            <bm_abroadperiod1/>
            <bm_abroadperiodto1/>
            <bm_abroadperiod2/>
            <bm_abroadperiodto2/>
            <bm_abroadperiod3/>
            <bm_abroadperiodto3/>
            <bm_abroadstaffs1>0</bm_abroadstaffs1>
            <bm_abroadstaffs2>0</bm_abroadstaffs2>
            <bm_abroadstaffs3>0</bm_abroadstaffs3>
            <bm_abroadallowance1>0.00</bm_abroadallowance1>
            <bm_abroadallowance2>0.00</bm_abroadallowance2>
            <bm_abroadallowance3>0.00</bm_abroadallowance3>
            <bm_budgetno>71570050200</bm_budgetno>
            <bm_regionno>43</bm_regionno>
            <bm_country>歐美亞太</bm_country>
            <bm_agency/>
            <bm_cont_text>參加研討會研習生物病原災害應變理論與實務及了解相關領域整備之最新國際趨勢。</bm_cont_text>
            <bm_durationfrom>10801</bm_durationfrom>
            <bm_durationto>10812</bm_durationto>
            <bm_days>7</bm_days>
            <bm_persons>1</bm_persons>
            <bm_amt_trans>0.00</bm_amt_trans>
            <bm_amt_life>46000.00</bm_amt_life>
            <bm_amt_public>0.00</bm_amt_public>
            <bm_amt_books>29000.00</bm_amt_books>
            <bm_amt_flight>56000.00</bm_amt_flight>
            <bm_versiondate/>
        </BCTDOUTGO_row>
        <BCTDOUTGO_row>
            <bm_fiscalyear>108</bm_fiscalyear>
            <bm_fundkind>1</bm_fundkind>
            <bm_budgetkind>1</bm_budgetkind>
            <bm_specialbudgetno/>
            <bm_agenno>57005</bm_agenno>
            <bm_agentype>C</bm_agentype>
            <bm_budgetstate>2</bm_budgetstate>
            <bm_abroadplan>1</bm_abroadplan>
            <bm_projtype>8 </bm_projtype>
            <bm_projno>06</bm_projno>
            <bm_abroadplanname>國際抗藥性微生物監測與防制策略研習</bm_abroadplanname>
            <bm_visitsts>0</bm_visitsts>
            <bm_visitexplain/>
            <bm_dispatchstaffs>1</bm_dispatchstaffs>
            <bm_abroadsite1/>
            <bm_abroadsite2/>
            <bm_abroadsite3/>
            <bm_abroadperiod1/>
            <bm_abroadperiodto1/>
            <bm_abroadperiod2/>
            <bm_abroadperiodto2/>
            <bm_abroadperiod3/>
            <bm_abroadperiodto3/>
            <bm_abroadstaffs1>0</bm_abroadstaffs1>
            <bm_abroadstaffs2>0</bm_abroadstaffs2>
            <bm_abroadstaffs3>0</bm_abroadstaffs3>
            <bm_abroadallowance1>0.00</bm_abroadallowance1>
            <bm_abroadallowance2>0.00</bm_abroadallowance2>
            <bm_abroadallowance3>0.00</bm_abroadallowance3>
            <bm_budgetno>71570050200</bm_budgetno>
            <bm_regionno>43</bm_regionno>
            <bm_country>歐美亞非</bm_country>
            <bm_agency/>
            <bm_cont_text>抗生素抗藥性為現今國際重要衛生議題，需派員參加相關研習課程，以了解國際微生物抗藥性監測與防治之研究發展趨勢及實務經驗，提升我國抗生素抗藥性管理之專業能力。</bm_cont_text>
            <bm_durationfrom>10801</bm_durationfrom>
            <bm_durationto>10812</bm_durationto>
            <bm_days>8</bm_days>
            <bm_persons>1</bm_persons>
            <bm_amt_trans>0.00</bm_amt_trans>
            <bm_amt_life>50000.00</bm_amt_life>
            <bm_amt_public>0.00</bm_amt_public>
            <bm_amt_books>27000.00</bm_amt_books>
            <bm_amt_flight>53000.00</bm_amt_flight>
            <bm_versiondate/>
        </BCTDOUTGO_row>
        <BCTDOUTGO_row>
            <bm_fiscalyear>108</bm_fiscalyear>
            <bm_fundkind>1</bm_fundkind>
            <bm_budgetkind>1</bm_budgetkind>
            <bm_specialbudgetno/>
            <bm_agenno>57005</bm_agenno>
            <bm_agentype>C</bm_agentype>
            <bm_budgetstate>2</bm_budgetstate>
            <bm_abroadplan>1</bm_abroadplan>
            <bm_projtype>8 </bm_projtype>
            <bm_projno>07</bm_projno>
            <bm_abroadplanname>參加傳染病監測相關研習</bm_abroadplanname>
            <bm_visitsts>0</bm_visitsts>
            <bm_visitexplain/>
            <bm_dispatchstaffs>0</bm_dispatchstaffs>
            <bm_abroadsite1/>
            <bm_abroadsite2/>
            <bm_abroadsite3/>
            <bm_abroadperiod1/>
            <bm_abroadperiodto1/>
            <bm_abroadperiod2/>
            <bm_abroadperiodto2/>
            <bm_abroadperiod3/>
            <bm_abroadperiodto3/>
            <bm_abroadstaffs1>0</bm_abroadstaffs1>
            <bm_abroadstaffs2>0</bm_abroadstaffs2>
            <bm_abroadstaffs3>0</bm_abroadstaffs3>
            <bm_abroadallowance1>0.00</bm_abroadallowance1>
            <bm_abroadallowance2>0.00</bm_abroadallowance2>
            <bm_abroadallowance3>0.00</bm_abroadallowance3>
            <bm_budgetno>71570050200</bm_budgetno>
            <bm_regionno>43</bm_regionno>
            <bm_country>歐美</bm_country>
            <bm_agency/>
            <bm_cont_text>出席國際傳染病監測之相關研習課程，學習全球傳染病疫情趨勢和最新監測策略，並與國際分享我國最新傳染病監測成果，建立合作交流管道，提升我國監測技能。</bm_cont_text>
            <bm_durationfrom>10801</bm_durationfrom>
            <bm_durationto>10812</bm_durationto>
            <bm_days>7</bm_days>
            <bm_persons>1</bm_persons>
            <bm_amt_trans>0.00</bm_amt_trans>
            <bm_amt_life>53000.00</bm_amt_life>
            <bm_amt_public>0.00</bm_amt_public>
            <bm_amt_books>18000.00</bm_amt_books>
            <bm_amt_flight>54000.00</bm_amt_flight>
            <bm_versiondate/>
        </BCTDOUTGO_row>
        <BCTDOUTGO_row>
            <bm_fiscalyear>108</bm_fiscalyear>
            <bm_fundkind>1</bm_fundkind>
            <bm_budgetkind>1</bm_budgetkind>
            <bm_specialbudgetno/>
            <bm_agenno>57005</bm_agenno>
            <bm_agentype>C</bm_agentype>
            <bm_budgetstate>2</bm_budgetstate>
            <bm_abroadplan>1</bm_abroadplan>
            <bm_projtype>8 </bm_projtype>
            <bm_projno>08</bm_projno>
            <bm_abroadplanname>人畜共通傳染病流行病學調查與防治研習</bm_abroadplanname>
            <bm_visitsts/>
            <bm_visitexplain/>
            <bm_dispatchstaffs>0</bm_dispatchstaffs>
            <bm_abroadsite1/>
            <bm_abroadsite2/>
            <bm_abroadsite3/>
            <bm_abroadperiod1/>
            <bm_abroadperiodto1/>
            <bm_abroadperiod2/>
            <bm_abroadperiodto2/>
            <bm_abroadperiod3/>
            <bm_abroadperiodto3/>
            <bm_abroadstaffs1>0</bm_abroadstaffs1>
            <bm_abroadstaffs2>0</bm_abroadstaffs2>
            <bm_abroadstaffs3>0</bm_abroadstaffs3>
            <bm_abroadallowance1>0.00</bm_abroadallowance1>
            <bm_abroadallowance2>0.00</bm_abroadallowance2>
            <bm_abroadallowance3>0.00</bm_abroadallowance3>
            <bm_budgetno>52570050400</bm_budgetno>
            <bm_regionno>43</bm_regionno>
            <bm_country>歐美</bm_country>
            <bm_agency/>
            <bm_cont_text>為因應禽流感、狂犬病等人畜共通傳染病，派員赴歐盟或美國等國家參與相關疫情監測或防治技術之訓練，並建立合作交流管道，提升我國防疫量能。</bm_cont_text>
            <bm_durationfrom>10801</bm_durationfrom>
            <bm_durationto>10812</bm_durationto>
            <bm_days>7</bm_days>
            <bm_persons>1</bm_persons>
            <bm_amt_trans>0.00</bm_amt_trans>
            <bm_amt_life>43000.00</bm_amt_life>
            <bm_amt_public>0.00</bm_amt_public>
            <bm_amt_books>18000.00</bm_amt_books>
            <bm_amt_flight>66000.00</bm_amt_flight>
            <bm_versiondate/>
        </BCTDOUTGO_row>
        <BCTDOUTGO_row>
            <bm_fiscalyear>108</bm_fiscalyear>
            <bm_fundkind>1</bm_fundkind>
            <bm_budgetkind>1</bm_budgetkind>
            <bm_specialbudgetno/>
            <bm_agenno>57005</bm_agenno>
            <bm_agentype>C</bm_agentype>
            <bm_budgetstate>2</bm_budgetstate>
            <bm_abroadplan>1</bm_abroadplan>
            <bm_projtype>8 </bm_projtype>
            <bm_projno>09</bm_projno>
            <bm_abroadplanname>研習新興人畜共通傳染病原體Anaplasma spp建置培養種株技術</bm_abroadplanname>
            <bm_visitsts/>
            <bm_visitexplain/>
            <bm_dispatchstaffs>0</bm_dispatchstaffs>
            <bm_abroadsite1/>
            <bm_abroadsite2/>
            <bm_abroadsite3/>
            <bm_abroadperiod1/>
            <bm_abroadperiodto1/>
            <bm_abroadperiod2/>
            <bm_abroadperiodto2/>
            <bm_abroadperiod3/>
            <bm_abroadperiodto3/>
            <bm_abroadstaffs1>0</bm_abroadstaffs1>
            <bm_abroadstaffs2>0</bm_abroadstaffs2>
            <bm_abroadstaffs3>0</bm_abroadstaffs3>
            <bm_abroadallowance1>0.00</bm_abroadallowance1>
            <bm_abroadallowance2>0.00</bm_abroadallowance2>
            <bm_abroadallowance3>0.00</bm_abroadallowance3>
            <bm_budgetno>52570050400</bm_budgetno>
            <bm_regionno>43</bm_regionno>
            <bm_country>日本</bm_country>
            <bm_agency/>
            <bm_cont_text>新興人畜共通傳染病原體Anaplasma   spp極不易培養，在國內尚未建立培養分離診斷技術，將研習此新興病原體，並建置培養種株技術。</bm_cont_text>
            <bm_durationfrom>10801</bm_durationfrom>
            <bm_durationto>10812</bm_durationto>
            <bm_days>14</bm_days>
            <bm_persons>1</bm_persons>
            <bm_amt_trans>0.00</bm_amt_trans>
            <bm_amt_life>115000.00</bm_amt_life>
            <bm_amt_public>0.00</bm_amt_public>
            <bm_amt_books>10000.00</bm_amt_books>
            <bm_amt_flight>15000.00</bm_amt_flight>
            <bm_versiondate/>
        </BCTDOUTGO_row>
        <BCTDOUTGO_row>
            <bm_fiscalyear>108</bm_fiscalyear>
            <bm_fundkind>1</bm_fundkind>
            <bm_budgetkind>1</bm_budgetkind>
            <bm_specialbudgetno/>
            <bm_agenno>57005</bm_agenno>
            <bm_agentype>C</bm_agentype>
            <bm_budgetstate>2</bm_budgetstate>
            <bm_abroadplan>1</bm_abroadplan>
            <bm_projtype>8 </bm_projtype>
            <bm_projno>10</bm_projno>
            <bm_abroadplanname>研習麻疹基因序列及血清學分析</bm_abroadplanname>
            <bm_visitsts/>
            <bm_visitexplain/>
            <bm_dispatchstaffs>0</bm_dispatchstaffs>
            <bm_abroadsite1/>
            <bm_abroadsite2/>
            <bm_abroadsite3/>
            <bm_abroadperiod1/>
            <bm_abroadperiodto1/>
            <bm_abroadperiod2/>
            <bm_abroadperiodto2/>
            <bm_abroadperiod3/>
            <bm_abroadperiodto3/>
            <bm_abroadstaffs1>0</bm_abroadstaffs1>
            <bm_abroadstaffs2>0</bm_abroadstaffs2>
            <bm_abroadstaffs3>0</bm_abroadstaffs3>
            <bm_abroadallowance1>0.00</bm_abroadallowance1>
            <bm_abroadallowance2>0.00</bm_abroadallowance2>
            <bm_abroadallowance3>0.00</bm_abroadallowance3>
            <bm_budgetno>52570050400</bm_budgetno>
            <bm_regionno>43</bm_regionno>
            <bm_country>歐美亞太</bm_country>
            <bm_agency/>
            <bm_cont_text>與麻疹Global Specialized          Laboratory（全球3間含CDC,USA and  NIID,Japan）專家學習麻疹消除議題所需具備的實驗技能及實驗結果分析能力，促進消除證明工作進行。</bm_cont_text>
            <bm_durationfrom>10801</bm_durationfrom>
            <bm_durationto>10812</bm_durationto>
            <bm_days>8</bm_days>
            <bm_persons>1</bm_persons>
            <bm_amt_trans>0.00</bm_amt_trans>
            <bm_amt_life>47000.00</bm_amt_life>
            <bm_amt_public>0.00</bm_amt_public>
            <bm_amt_books>11000.00</bm_amt_books>
            <bm_amt_flight>60000.00</bm_amt_flight>
            <bm_versiondate/>
        </BCTDOUTGO_row>
        <BCTDOUTGO_row>
            <bm_fiscalyear>108</bm_fiscalyear>
            <bm_fundkind>1</bm_fundkind>
            <bm_budgetkind>1</bm_budgetkind>
            <bm_specialbudgetno/>
            <bm_agenno>57005</bm_agenno>
            <bm_agentype>C</bm_agentype>
            <bm_budgetstate>2</bm_budgetstate>
            <bm_abroadplan>1</bm_abroadplan>
            <bm_projtype>8 </bm_projtype>
            <bm_projno>11</bm_projno>
            <bm_abroadplanname>蟲媒傳染病之防治研習</bm_abroadplanname>
            <bm_visitsts/>
            <bm_visitexplain/>
            <bm_dispatchstaffs>0</bm_dispatchstaffs>
            <bm_abroadsite1/>
            <bm_abroadsite2/>
            <bm_abroadsite3/>
            <bm_abroadperiod1/>
            <bm_abroadperiodto1/>
            <bm_abroadperiod2/>
            <bm_abroadperiodto2/>
            <bm_abroadperiod3/>
            <bm_abroadperiodto3/>
            <bm_abroadstaffs1>0</bm_abroadstaffs1>
            <bm_abroadstaffs2>0</bm_abroadstaffs2>
            <bm_abroadstaffs3>0</bm_abroadstaffs3>
            <bm_abroadallowance1>0.00</bm_abroadallowance1>
            <bm_abroadallowance2>0.00</bm_abroadallowance2>
            <bm_abroadallowance3>0.00</bm_abroadallowance3>
            <bm_budgetno>71570050200</bm_budgetno>
            <bm_regionno>43</bm_regionno>
            <bm_country>美洲</bm_country>
            <bm_agency/>
            <bm_cont_text>熱帶傳染病中有許多疾病係透過蟲媒傳播，藉由參與國際間熱帶傳染病研討會，了解蟲媒傳染病之最新流行現況及防治新知，可做為擬訂防疫政策之參考。</bm_cont_text>
            <bm_durationfrom>10801</bm_durationfrom>
            <bm_durationto>10812</bm_durationto>
            <bm_days>7</bm_days>
            <bm_persons>1</bm_persons>
            <bm_amt_trans>0.00</bm_amt_trans>
            <bm_amt_life>30000.00</bm_amt_life>
            <bm_amt_public>0.00</bm_amt_public>
            <bm_amt_books>10000.00</bm_amt_books>
            <bm_amt_flight>30000.00</bm_amt_flight>
            <bm_versiondate/>
        </BCTDOUTGO_row>
        <BCTDOUTGO_row>
            <bm_fiscalyear>108</bm_fiscalyear>
            <bm_fundkind>1</bm_fundkind>
            <bm_budgetkind>1</bm_budgetkind>
            <bm_specialbudgetno/>
            <bm_agenno>57005</bm_agenno>
            <bm_agentype>C</bm_agentype>
            <bm_budgetstate>2</bm_budgetstate>
            <bm_abroadplan>1</bm_abroadplan>
            <bm_projtype>8 </bm_projtype>
            <bm_projno>12</bm_projno>
            <bm_abroadplanname>腸道傳染病之防治研習</bm_abroadplanname>
            <bm_visitsts/>
            <bm_visitexplain/>
            <bm_dispatchstaffs>0</bm_dispatchstaffs>
            <bm_abroadsite1/>
            <bm_abroadsite2/>
            <bm_abroadsite3/>
            <bm_abroadperiod1/>
            <bm_abroadperiodto1/>
            <bm_abroadperiod2/>
            <bm_abroadperiodto2/>
            <bm_abroadperiod3/>
            <bm_abroadperiodto3/>
            <bm_abroadstaffs1>0</bm_abroadstaffs1>
            <bm_abroadstaffs2>0</bm_abroadstaffs2>
            <bm_abroadstaffs3>0</bm_abroadstaffs3>
            <bm_abroadallowance1>0.00</bm_abroadallowance1>
            <bm_abroadallowance2>0.00</bm_abroadallowance2>
            <bm_abroadallowance3>0.00</bm_abroadallowance3>
            <bm_budgetno>71570050200</bm_budgetno>
            <bm_regionno>43</bm_regionno>
            <bm_country>亞洲</bm_country>
            <bm_agency/>
            <bm_cont_text>近年來國內腹瀉群聚事件主要發生於幼兒園及國小校園，年幼族群成為主要防治對象，藉由參與國際間兒科傳染病研討會，了解兒童腸道相關傳染病之最新流行現況及防治新知，可做為擬訂防疫政策之參考。</bm_cont_text>
            <bm_durationfrom>10801</bm_durationfrom>
            <bm_durationto>10812</bm_durationto>
            <bm_days>4</bm_days>
            <bm_persons>1</bm_persons>
            <bm_amt_trans>0.00</bm_amt_trans>
            <bm_amt_life>22000.00</bm_amt_life>
            <bm_amt_public>0.00</bm_amt_public>
            <bm_amt_books>19000.00</bm_amt_books>
            <bm_amt_flight>24000.00</bm_amt_flight>
            <bm_versiondate/>
        </BCTDOUTGO_row>
        <BCTDOUTGO_row>
            <bm_fiscalyear>108</bm_fiscalyear>
            <bm_fundkind>1</bm_fundkind>
            <bm_budgetkind>1</bm_budgetkind>
            <bm_specialbudgetno/>
            <bm_agenno>57005</bm_agenno>
            <bm_agentype>C</bm_agentype>
            <bm_budgetstate>2</bm_budgetstate>
            <bm_abroadplan>1</bm_abroadplan>
            <bm_projtype>8 </bm_projtype>
            <bm_projno>13</bm_projno>
            <bm_abroadplanname>參加歐美相關學會主辦之國際臨床微生物及新興或再浮現傳染病議題之會議或活動</bm_abroadplanname>
            <bm_visitsts/>
            <bm_visitexplain/>
            <bm_dispatchstaffs>0</bm_dispatchstaffs>
            <bm_abroadsite1/>
            <bm_abroadsite2/>
            <bm_abroadsite3/>
            <bm_abroadperiod1/>
            <bm_abroadperiodto1/>
            <bm_abroadperiod2/>
            <bm_abroadperiodto2/>
            <bm_abroadperiod3/>
            <bm_abroadperiodto3/>
            <bm_abroadstaffs1>0</bm_abroadstaffs1>
            <bm_abroadstaffs2>0</bm_abroadstaffs2>
            <bm_abroadstaffs3>0</bm_abroadstaffs3>
            <bm_abroadallowance1>0.00</bm_abroadallowance1>
            <bm_abroadallowance2>0.00</bm_abroadallowance2>
            <bm_abroadallowance3>0.00</bm_abroadallowance3>
            <bm_budgetno>71570050200</bm_budgetno>
            <bm_regionno>43</bm_regionno>
            <bm_country>歐美亞非</bm_country>
            <bm_agency/>
            <bm_cont_text>由歐美相關學會主辦之大型研討會，邀集專家學者及會員，針對全球新興傳染病及主要人畜共通傳染病之防治策略及疫苗研發等交流資訊及意見，了解國際疫情新知及防治政策，做為我國防治政策之參考。</bm_cont_text>
            <bm_durationfrom>10801</bm_durationfrom>
            <bm_durationto>10812</bm_durationto>
            <bm_days>7</bm_days>
            <bm_persons>1</bm_persons>
            <bm_amt_trans>0.00</bm_amt_trans>
            <bm_amt_life>50000.00</bm_amt_life>
            <bm_amt_public>0.00</bm_amt_public>
            <bm_amt_books>28000.00</bm_amt_books>
            <bm_amt_flight>54000.00</bm_amt_flight>
            <bm_versiondate/>
        </BCTDOUTGO_row>
        <BCTDOUTGO_row>
            <bm_fiscalyear>108</bm_fiscalyear>
            <bm_fundkind>1</bm_fundkind>
            <bm_budgetkind>1</bm_budgetkind>
            <bm_specialbudgetno/>
            <bm_agenno>57005</bm_agenno>
            <bm_agentype>C</bm_agentype>
            <bm_budgetstate>2</bm_budgetstate>
            <bm_abroadplan>1</bm_abroadplan>
            <bm_projtype>8 </bm_projtype>
            <bm_projno>14</bm_projno>
            <bm_abroadplanname>醫療機構疫情因應作為研習</bm_abroadplanname>
            <bm_visitsts/>
            <bm_visitexplain/>
            <bm_dispatchstaffs>2</bm_dispatchstaffs>
            <bm_abroadsite1/>
            <bm_abroadsite2/>
            <bm_abroadsite3/>
            <bm_abroadperiod1/>
            <bm_abroadperiodto1/>
            <bm_abroadperiod2/>
            <bm_abroadperiodto2/>
            <bm_abroadperiod3/>
            <bm_abroadperiodto3/>
            <bm_abroadstaffs1>0</bm_abroadstaffs1>
            <bm_abroadstaffs2>0</bm_abroadstaffs2>
            <bm_abroadstaffs3>0</bm_abroadstaffs3>
            <bm_abroadallowance1>0.00</bm_abroadallowance1>
            <bm_abroadallowance2>0.00</bm_abroadallowance2>
            <bm_abroadallowance3>0.00</bm_abroadallowance3>
            <bm_budgetno>71570050200</bm_budgetno>
            <bm_regionno>43</bm_regionno>
            <bm_country>歐美</bm_country>
            <bm_agency/>
            <bm_cont_text>參加國際間醫療機構因應各類新興傳染病疫情及機構內重大群突發等公共衛生緊急事件之處置作為。</bm_cont_text>
            <bm_durationfrom>10801</bm_durationfrom>
            <bm_durationto>10812</bm_durationto>
            <bm_days>8</bm_days>
            <bm_persons>1</bm_persons>
            <bm_amt_trans>0.00</bm_amt_trans>
            <bm_amt_life>62000.00</bm_amt_life>
            <bm_amt_public>0.00</bm_amt_public>
            <bm_amt_books>23000.00</bm_amt_books>
            <bm_amt_flight>50000.00</bm_amt_flight>
            <bm_versiondate/>
        </BCTDOUTGO_row>
        <BCTDOUTGO_row>
            <bm_fiscalyear>108</bm_fiscalyear>
            <bm_fundkind>1</bm_fundkind>
            <bm_budgetkind>1</bm_budgetkind>
            <bm_specialbudgetno/>
            <bm_agenno>57005</bm_agenno>
            <bm_agentype>C</bm_agentype>
            <bm_budgetstate>2</bm_budgetstate>
            <bm_abroadplan>1</bm_abroadplan>
            <bm_projtype>8 </bm_projtype>
            <bm_projno>15</bm_projno>
            <bm_abroadplanname>歐盟或美國CDC VSP船舶衛生檢查訓練課程或會議活動</bm_abroadplanname>
            <bm_visitsts/>
            <bm_visitexplain/>
            <bm_dispatchstaffs>2</bm_dispatchstaffs>
            <bm_abroadsite1/>
            <bm_abroadsite2/>
            <bm_abroadsite3/>
            <bm_abroadperiod1/>
            <bm_abroadperiodto1/>
            <bm_abroadperiod2/>
            <bm_abroadperiodto2/>
            <bm_abroadperiod3/>
            <bm_abroadperiodto3/>
            <bm_abroadstaffs1>0</bm_abroadstaffs1>
            <bm_abroadstaffs2>0</bm_abroadstaffs2>
            <bm_abroadstaffs3>0</bm_abroadstaffs3>
            <bm_abroadallowance1>0.00</bm_abroadallowance1>
            <bm_abroadallowance2>0.00</bm_abroadallowance2>
            <bm_abroadallowance3>0.00</bm_abroadallowance3>
            <bm_budgetno>71570050200</bm_budgetno>
            <bm_regionno>43</bm_regionno>
            <bm_country>歐盟或美國</bm_country>
            <bm_agency/>
            <bm_cont_text>藉由參與歐盟或美國疾病管制署（CDC）開辦之VSP船舶衛生檢查訓練課程或會議活動，研習海港檢疫相關新知及技術，做為擬訂檢疫政策之參考，以及增強執行檢疫的能力。</bm_cont_text>
            <bm_durationfrom>10801</bm_durationfrom>
            <bm_durationto>10812</bm_durationto>
            <bm_days>6</bm_days>
            <bm_persons>1</bm_persons>
            <bm_amt_trans>0.00</bm_amt_trans>
            <bm_amt_life>38000.00</bm_amt_life>
            <bm_amt_public>0.00</bm_amt_public>
            <bm_amt_books>29000.00</bm_amt_books>
            <bm_amt_flight>53000.00</bm_amt_flight>
            <bm_versiondate/>
        </BCTDOUTGO_row>
        <BCTDOUTGO_row>
            <bm_fiscalyear>108</bm_fiscalyear>
            <bm_fundkind>1</bm_fundkind>
            <bm_budgetkind>1</bm_budgetkind>
            <bm_specialbudgetno/>
            <bm_agenno>57005</bm_agenno>
            <bm_agentype>C</bm_agentype>
            <bm_budgetstate>2</bm_budgetstate>
            <bm_abroadplan>1</bm_abroadplan>
            <bm_projtype>8 </bm_projtype>
            <bm_projno>16</bm_projno>
            <bm_abroadplanname>提升「新南向人員健康服務中心」服務品質相關研習</bm_abroadplanname>
            <bm_visitsts/>
            <bm_visitexplain/>
            <bm_dispatchstaffs>0</bm_dispatchstaffs>
            <bm_abroadsite1/>
            <bm_abroadsite2/>
            <bm_abroadsite3/>
            <bm_abroadperiod1/>
            <bm_abroadperiodto1/>
            <bm_abroadperiod2/>
            <bm_abroadperiodto2/>
            <bm_abroadperiod3/>
            <bm_abroadperiodto3/>
            <bm_abroadstaffs1>0</bm_abroadstaffs1>
            <bm_abroadstaffs2>0</bm_abroadstaffs2>
            <bm_abroadstaffs3>0</bm_abroadstaffs3>
            <bm_abroadallowance1>0.00</bm_abroadallowance1>
            <bm_abroadallowance2>0.00</bm_abroadallowance2>
            <bm_abroadallowance3>0.00</bm_abroadallowance3>
            <bm_budgetno>71570050200</bm_budgetno>
            <bm_regionno>43</bm_regionno>
            <bm_country>歐美亞太</bm_country>
            <bm_agency/>
            <bm_cont_text>參加國際組織活動、前往歐美政府機關或醫療機構等，研習各國外派高疫病風險地區人員行前諮詢、檢查與返國後健康醫療協助，或提供外國人友善醫療經驗等，提升「新南向人員健康服務中心」服務品質。</bm_cont_text>
            <bm_durationfrom>10801</bm_durationfrom>
            <bm_durationto>10812</bm_durationto>
            <bm_days>7</bm_days>
            <bm_persons>2</bm_persons>
            <bm_amt_trans>0.00</bm_amt_trans>
            <bm_amt_life>80000.00</bm_amt_life>
            <bm_amt_public>0.00</bm_amt_public>
            <bm_amt_books>14000.00</bm_amt_books>
            <bm_amt_flight>106000.00</bm_amt_flight>
            <bm_versiondate/>
        </BCTDOUTGO_row>
    </BCTDOUTGO>
</tables>
