<?xml version="1.0" encoding="UTF-8"?>
<tables>
    <BCTDYEARPLAN>
        <BCTDYEARPLAN_row>
            <b06_fiscalyear>108</b06_fiscalyear>
            <b06_fundkind>1</b06_fundkind>
            <b06_budgetkind>1         </b06_budgetkind>
            <b06_specialbudgetno/>
            <b06_agenno>57005     </b06_agenno>
            <b06_agentype>C         </b06_agentype>
            <b06_budgetstate>2</b06_budgetstate>
            <b06_planno>01</b06_planno>
            <b06_planname>我國加入WHO2035消除結核第一期計畫  </b06_planname>
            <b06_startyear>105</b06_startyear>
            <b06_endyear>109</b06_endyear>
            <b06_budgetamt>18390319000.00</b06_budgetamt>
            <b06_amt1>2121854000.00</b06_amt1>
            <b06_amt2>989276000.00</b06_amt2>
            <b06_amt3>1009258000.00</b06_amt3>
            <b06_amt4>14269931000.00</b06_amt4>
            <b06_memo>&amp;lt;#H1&amp;gt;行政院104年5月25日院臺衛字第1040027289號函核定。&#xd;
&amp;lt;#H1&amp;gt;本計畫108年度預算編列於「防疫業務」科目10.09億元。&#xd;
</b06_memo>
            <b06_upduserno/>
            <b06_upddatetime/>
            <b06_versiondate/>
            <b06_amt1_display>21.218540000000</b06_amt1_display>
            <b06_amt2_display>9.892760000000</b06_amt2_display>
            <b06_amt3_display>10.092580000000</b06_amt3_display>
            <b06_amt4_display>142.699310000000</b06_amt4_display>
            <b06_budgetamt_display>183.903190000000</b06_budgetamt_display>
        </BCTDYEARPLAN_row>
        <BCTDYEARPLAN_row>
            <b06_fiscalyear>108</b06_fiscalyear>
            <b06_fundkind>1</b06_fundkind>
            <b06_budgetkind>1         </b06_budgetkind>
            <b06_specialbudgetno/>
            <b06_agenno>57005     </b06_agenno>
            <b06_agentype>C         </b06_agentype>
            <b06_budgetstate>2</b06_budgetstate>
            <b06_planno>02</b06_planno>
            <b06_planname>我國因應流感大流行準備第三期計畫</b06_planname>
            <b06_startyear>105</b06_startyear>
            <b06_endyear>110</b06_endyear>
            <b06_budgetamt>2234265000.00</b06_budgetamt>
            <b06_amt1>800885000.00</b06_amt1>
            <b06_amt2>280290000.00</b06_amt2>
            <b06_amt3>371596000.00</b06_amt3>
            <b06_amt4>781494000.00</b06_amt4>
            <b06_memo>&amp;lt;#H1&amp;gt;行政院104年5月26日院臺衛字第104027662號函及106年10月6日院臺衛字第1060032472號函核定。&#xd;
&amp;lt;#H1&amp;gt;本計畫108年度預算編列於「防疫業務」科目3.72億元。</b06_memo>
            <b06_upduserno/>
            <b06_upddatetime/>
            <b06_versiondate/>
            <b06_amt1_display>8.008850000000</b06_amt1_display>
            <b06_amt2_display>2.802900000000</b06_amt2_display>
            <b06_amt3_display>3.715960000000</b06_amt3_display>
            <b06_amt4_display>7.814940000000</b06_amt4_display>
            <b06_budgetamt_display>22.342650000000</b06_budgetamt_display>
        </BCTDYEARPLAN_row>
        <BCTDYEARPLAN_row>
            <b06_fiscalyear>108</b06_fiscalyear>
            <b06_fundkind>1</b06_fundkind>
            <b06_budgetkind>1         </b06_budgetkind>
            <b06_specialbudgetno/>
            <b06_agenno>57005     </b06_agenno>
            <b06_agentype>C         </b06_agentype>
            <b06_budgetstate>2</b06_budgetstate>
            <b06_planno>03</b06_planno>
            <b06_planname>新興傳染病風險監測與應變整備計畫</b06_planname>
            <b06_startyear>105</b06_startyear>
            <b06_endyear>110</b06_endyear>
            <b06_budgetamt>661240000.00</b06_budgetamt>
            <b06_amt1>12202000.00</b06_amt1>
            <b06_amt2>4028000.00</b06_amt2>
            <b06_amt3>14428000.00</b06_amt3>
            <b06_amt4>630582000.00</b06_amt4>
            <b06_memo>&amp;lt;#H1&amp;gt;行政院104年6月9日院臺衛字第1040029876號函核定。&#xd;
&amp;lt;#H1&amp;gt;本計畫108年度預算編列於「防疫業務」科目0.14億元。</b06_memo>
            <b06_upduserno/>
            <b06_upddatetime/>
            <b06_versiondate/>
            <b06_amt1_display>0.122020000000</b06_amt1_display>
            <b06_amt2_display>0.040280000000</b06_amt2_display>
            <b06_amt3_display>0.144280000000</b06_amt3_display>
            <b06_amt4_display>6.305820000000</b06_amt4_display>
            <b06_budgetamt_display>6.612400000000</b06_budgetamt_display>
        </BCTDYEARPLAN_row>
        <BCTDYEARPLAN_row>
            <b06_fiscalyear>108</b06_fiscalyear>
            <b06_fundkind>1</b06_fundkind>
            <b06_budgetkind>1         </b06_budgetkind>
            <b06_specialbudgetno/>
            <b06_agenno>57005     </b06_agenno>
            <b06_agentype>C         </b06_agentype>
            <b06_budgetstate>2</b06_budgetstate>
            <b06_planno>04</b06_planno>
            <b06_planname>急性傳染病流行風險監控與管理第二期計畫</b06_planname>
            <b06_startyear>105</b06_startyear>
            <b06_endyear>109</b06_endyear>
            <b06_budgetamt>299992000.00</b06_budgetamt>
            <b06_amt1>166268000.00</b06_amt1>
            <b06_amt2>77714000.00</b06_amt2>
            <b06_amt3>46939000.00</b06_amt3>
            <b06_amt4>9071000.00</b06_amt4>
            <b06_memo>&amp;lt;#H1&amp;gt;行政院104年7月8日院臺衛字第1040035699號函核定。&#xd;
&amp;lt;#H1&amp;gt;本計畫總經費39.12億元，其中編列於疾病管制署3億元、疫苗基金36.12億元。&#xd;
&amp;lt;#H1&amp;gt;本計畫108年度預算編列於「防疫業務」科目0.47億元。&#xd;
&#xd;
</b06_memo>
            <b06_upduserno/>
            <b06_upddatetime/>
            <b06_versiondate/>
            <b06_amt1_display>1.662680000000</b06_amt1_display>
            <b06_amt2_display>0.777140000000</b06_amt2_display>
            <b06_amt3_display>0.469390000000</b06_amt3_display>
            <b06_amt4_display>0.090710000000</b06_amt4_display>
            <b06_budgetamt_display>2.999920000000</b06_budgetamt_display>
        </BCTDYEARPLAN_row>
        <BCTDYEARPLAN_row>
            <b06_fiscalyear>108</b06_fiscalyear>
            <b06_fundkind>1</b06_fundkind>
            <b06_budgetkind>1         </b06_budgetkind>
            <b06_specialbudgetno/>
            <b06_agenno>57005     </b06_agenno>
            <b06_agentype>C         </b06_agentype>
            <b06_budgetstate>2</b06_budgetstate>
            <b06_planno>05</b06_planno>
            <b06_planname>愛滋防治第六期五年計畫</b06_planname>
            <b06_startyear>106</b06_startyear>
            <b06_endyear>110</b06_endyear>
            <b06_budgetamt>12504544000.00</b06_budgetamt>
            <b06_amt1>1261826000.00</b06_amt1>
            <b06_amt2>1749820000.00</b06_amt2>
            <b06_amt3>1734274000.00</b06_amt3>
            <b06_amt4>7758624000.00</b06_amt4>
            <b06_memo>&amp;lt;#H1&amp;gt;行政院105年7月14日院臺衛字第1050028653號函核定。&#xd;
&amp;lt;#H1&amp;gt;本計畫108年度預算分別編列於「一般行政」科目0.01億元、「防疫業務」科目17.33億元。&#xd;
</b06_memo>
            <b06_upduserno/>
            <b06_upddatetime/>
            <b06_versiondate/>
            <b06_amt1_display>12.618260000000</b06_amt1_display>
            <b06_amt2_display>17.498200000000</b06_amt2_display>
            <b06_amt3_display>17.342740000000</b06_amt3_display>
            <b06_amt4_display>77.586240000000</b06_amt4_display>
            <b06_budgetamt_display>125.045440000000</b06_budgetamt_display>
        </BCTDYEARPLAN_row>
        <BCTDYEARPLAN_row>
            <b06_fiscalyear>108</b06_fiscalyear>
            <b06_fundkind>1</b06_fundkind>
            <b06_budgetkind>1         </b06_budgetkind>
            <b06_specialbudgetno/>
            <b06_agenno>57005     </b06_agenno>
            <b06_agentype>C         </b06_agentype>
            <b06_budgetstate>2</b06_budgetstate>
            <b06_planno>06</b06_planno>
            <b06_planname>強化邊境檢疫及境外防疫第一期計畫</b06_planname>
            <b06_startyear>107</b06_startyear>
            <b06_endyear>111</b06_endyear>
            <b06_budgetamt>620000000.00</b06_budgetamt>
            <b06_amt1>0.00</b06_amt1>
            <b06_amt2>51270000.00</b06_amt2>
            <b06_amt3>47221000.00</b06_amt3>
            <b06_amt4>521509000.00</b06_amt4>
            <b06_memo>&amp;lt;#H1&amp;gt;行政院106年6月19日院臺衛字第1060017738號函核定。&#xd;
&amp;lt;#H1&amp;gt;本計畫108年度預算分別編列於「一般行政」科目0.01億元、「防疫業務」科目0.46億元。&#xd;
</b06_memo>
            <b06_upduserno/>
            <b06_upddatetime/>
            <b06_versiondate/>
            <b06_amt1_display>0E-12</b06_amt1_display>
            <b06_amt2_display>0.512700000000</b06_amt2_display>
            <b06_amt3_display>0.472210000000</b06_amt3_display>
            <b06_amt4_display>5.215090000000</b06_amt4_display>
            <b06_budgetamt_display>6.200000000000</b06_budgetamt_display>
        </BCTDYEARPLAN_row>
        <BCTDYEARPLAN_row>
            <b06_fiscalyear>108</b06_fiscalyear>
            <b06_fundkind>1</b06_fundkind>
            <b06_budgetkind>1         </b06_budgetkind>
            <b06_specialbudgetno/>
            <b06_agenno>57005     </b06_agenno>
            <b06_agentype>C         </b06_agentype>
            <b06_budgetstate>2</b06_budgetstate>
            <b06_planno>07</b06_planno>
            <b06_planname>新南向醫衛合作與產業鏈發展中長程計畫</b06_planname>
            <b06_startyear>107</b06_startyear>
            <b06_endyear>110</b06_endyear>
            <b06_budgetamt>202300000.00</b06_budgetamt>
            <b06_amt1>0.00</b06_amt1>
            <b06_amt2>29422000.00</b06_amt2>
            <b06_amt3>29352000.00</b06_amt3>
            <b06_amt4>143526000.00</b06_amt4>
            <b06_memo>&amp;lt;#H1&amp;gt;行政院106年7月17日院臺衛字第1060021980號函核定。&#xd;
&amp;lt;#H1&amp;gt;本計畫總經費16.71億元，其中編列於衛生福利部13.12億元、疾病管制署2.02億元、食品藥物管理署1.57億元。&#xd;
&amp;lt;#H1&amp;gt;本計畫108年度預算編列於「防疫業務」科目0.29億元。</b06_memo>
            <b06_upduserno/>
            <b06_upddatetime/>
            <b06_versiondate/>
            <b06_amt1_display>0E-12</b06_amt1_display>
            <b06_amt2_display>0.294220000000</b06_amt2_display>
            <b06_amt3_display>0.293520000000</b06_amt3_display>
            <b06_amt4_display>1.435260000000</b06_amt4_display>
            <b06_budgetamt_display>2.023000000000</b06_budgetamt_display>
        </BCTDYEARPLAN_row>
    </BCTDYEARPLAN>
</tables>
