<?xml version="1.0" encoding="UTF-8"?>
<tables>
    <BCME3420>
        <BCME3420_row>
            <budgetno/>
            <agenno/>
            <agentype/>
            <mh_budgetname>合    計</mh_budgetname>
            <displayname>合    計</displayname>
            <budgetno_conver/>
            <tyear_amt>5598279000</tyear_amt>
            <lyear_amt>5506953000</lyear_amt>
            <byear_amt>5247726485</byear_amt>
            <b_amt>91326000</b_amt>
            <bc_content/>
            <memo/>
        </BCME3420_row>
        <BCME3420_row>
            <budgetno>00570000000</budgetno>
            <agenno>57005</agenno>
            <agentype>C</agentype>
            <mh_budgetname>衛生福利部主管</mh_budgetname>
            <displayname>衛生福利部主管</displayname>
            <budgetno_conver>0057000000</budgetno_conver>
            <tyear_amt>5598279000</tyear_amt>
            <lyear_amt>5506953000</lyear_amt>
            <byear_amt>5247726485</byear_amt>
            <b_amt>91326000</b_amt>
            <bc_content/>
        </BCME3420_row>
        <BCME3420_row>
            <budgetno>00570050000</budgetno>
            <agenno>57005</agenno>
            <agentype>C</agentype>
            <mh_budgetname>疾病管制署</mh_budgetname>
            <displayname>疾病管制署</displayname>
            <budgetno_conver>0057050000</budgetno_conver>
            <tyear_amt>5598279000</tyear_amt>
            <lyear_amt>5506953000</lyear_amt>
            <byear_amt>5247726485</byear_amt>
            <b_amt>91326000</b_amt>
            <bc_content/>
        </BCME3420_row>
        <BCME3420_row>
            <budgetno>52570050000</budgetno>
            <agenno>57005</agenno>
            <agentype>C</agentype>
            <mh_budgetname>科學支出</mh_budgetname>
            <displayname>科學支出</displayname>
            <budgetno_conver>5257050000</budgetno_conver>
            <tyear_amt>314430000</tyear_amt>
            <lyear_amt>333291000</lyear_amt>
            <byear_amt>366278338</byear_amt>
            <b_amt>-18861000</b_amt>
            <bc_content/>
        </BCME3420_row>
        <BCME3420_row>
            <budgetno>52570050400</budgetno>
            <agenno>57005</agenno>
            <agentype>C</agentype>
            <mh_budgetname>科技業務</mh_budgetname>
            <displayname>科技業務</displayname>
            <budgetno_conver>5257050400</budgetno_conver>
            <tyear_amt>314430000</tyear_amt>
            <lyear_amt>333291000</lyear_amt>
            <byear_amt>366278338</byear_amt>
            <b_amt>-18861000</b_amt>
            <bc_content>&lt;#H1&gt;本年度預算數314,430千元，包括業務費236,402千元，設備及投資72,010千元，獎補助費6,018千元。&#xd;
&lt;#H1&gt;本年度預算數之內容與上年度之比較如下：&#xd;
&lt;#H2&gt;防疫科技發展研究及科技管理經費122,173千元，較上年度減列辦理國際腸病毒防疫策略研析等經費110千元。&#xd;
&lt;#H2&gt;防疫雲2.0計畫經費13,882千元，較上年度減列辦理法定傳染病管理系統功能增修等經費900千元。&#xd;
&lt;#H2&gt;傳染病快速檢驗試劑之研發及生物風險管理系統經費9,126千元，較上年度減列購置呼吸道病原體多重快速檢驗套組設備等經費1,265千元。&#xd;
&lt;#H2&gt;氣候變遷相關傳染病對國人健康及防疫影響之評估經費2,857千元，較上年度減列辦理臺灣病媒病毒傳染病之監測與特性分析等經費2,020千元。&#xd;
&lt;#H2&gt;防疫一體傳染病整合防治計畫經費67,699千元，較上年度減列辦理沙門氏菌跨物種感染流行病學研究等經費1,569千元。&#xd;
&lt;#H2&gt;巨量資料於感染相關監測及防治策略之應用計畫經費5,528千元，較上年度減列補捐助醫療機構建立抗藥性相關監測資料自動交換機制等經費1,982千元。&#xd;
&lt;#H2&gt;新世代智慧防疫行動計畫經費75,165千元，較上年度減列辦理物聯網應用影像辨識系統分析人流口罩配戴率等經費9,299千元。&#xd;
&lt;#H2&gt;禽傳人之流感防控技術經費18,000千元，較上年度減列辦理人類禽流感病毒抗體血清流行病學調查等經費1,716千元。</bc_content>
        </BCME3420_row>
        <BCME3420_row>
            <budgetno>71570050000</budgetno>
            <agenno>57005</agenno>
            <agentype>C</agentype>
            <mh_budgetname>醫療保健支出</mh_budgetname>
            <displayname>醫療保健支出</displayname>
            <budgetno_conver>7157050000</budgetno_conver>
            <tyear_amt>5283849000</tyear_amt>
            <lyear_amt>5173662000</lyear_amt>
            <byear_amt>4881448147</byear_amt>
            <b_amt>110187000</b_amt>
            <bc_content/>
        </BCME3420_row>
        <BCME3420_row>
            <budgetno>71570050100</budgetno>
            <agenno>57005</agenno>
            <agentype>C</agentype>
            <mh_budgetname>一般行政</mh_budgetname>
            <displayname>一般行政</displayname>
            <budgetno_conver>7157050100</budgetno_conver>
            <tyear_amt>1031018000</tyear_amt>
            <lyear_amt>985017000</lyear_amt>
            <byear_amt>952710294</byear_amt>
            <b_amt>46001000</b_amt>
            <bc_content>&lt;#H1&gt;本年度預算數1,031,018千元，包括人事費1,002,110千元，業務費25,287千元，設備及投資2,191千元，獎補助費1,430千元。 &#xd;
&lt;#H1&gt;本年度預算數之內容與上年度之比較如下：&#xd;
&lt;#H2&gt;人員維持費976,207千元，較上年度伸算增列調整待遇等經費47,936千元。&#xd;
&lt;#H2&gt;基本行政工作維持費28,908千元，較上年度減列購置溫濕度控制設備等經費403千元。&#xd;
&lt;#H2&gt;研發替代役經費25,903千元，較上年度減列1,532千元，其中：&#xd;
&lt;#H3&gt;強化邊境檢疫及境外防疫第一期計畫總經費620,000千元，分5年辦理，107年度已編列51,270千元，本年度續編第2年經費47,221千元，分配本科目編列1,500千元，較上年度減列194千元。&#xd;
&lt;#H3&gt;我國加入WHO2035消除結核第一期計畫總經費18,390,319千元，分5年辦理，105至107年度已編列3,111,130千元，本年度續編第4年經費1,009,258千元，分配本科目編列600千元，與上年度同。&#xd;
&lt;#H3&gt;愛滋防治第六期五年計畫總經費12,504,544千元，分5年辦理，106至107年度已編列3,011,646千元，本年度續編第3年經費1,734,274千元，新增本科目編列1,300千元。</bc_content>
        </BCME3420_row>
        <BCME3420_row>
            <budgetno>71570050200</budgetno>
            <agenno>57005</agenno>
            <agentype>C</agentype>
            <mh_budgetname>防疫業務</mh_budgetname>
            <displayname>防疫業務</displayname>
            <budgetno_conver>7157050200</budgetno_conver>
            <tyear_amt>4252781000</tyear_amt>
            <lyear_amt>4147853000</lyear_amt>
            <byear_amt>3920899853</byear_amt>
            <b_amt>104928000</b_amt>
            <bc_content>&lt;#H1&gt;本年度預算數4,252,781千元，包括業務費941,245千元，設備及投資63,732千元，獎補助費3,247,804千元。&#xd;
&lt;#H1&gt;本年度預算數之內容與上年度之比較如下：&#xd;
&lt;#H2&gt;傳染病防治及應變規劃經費272,953千元，較上年度減列購置伺服器及網路設備等經費2,652千元。&#xd;
&lt;#H2&gt;急性傳染病流行風險監控與管理第二期計畫總經費3,911,999千元，公務預算負擔299,992千元，分5年辦理，105至107年度已編列243,982千元，本年度續編第4年經費46,939千元，較上年度減列775千元。&#xd;
&lt;#H2&gt;強化邊境檢疫及境外防疫第一期計畫總經費620,000千元，分5年辦理，107年度已編列51,270千元，本年度續編第2年經費47,221千元，分配本科目編列45,721千元，較上年度減列3,855千元。&#xd;
&lt;#H2&gt;愛滋防治第六期五年計畫總經費12,504,544千元，分5年辦理，106至107年度已編列3,011,646千元，本年度續編第3年經費1,734,274千元，分配本科目編列1,732,974千元，較上年度減列16,846千元。&#xd;
&lt;#H2&gt;我國加入WHO2035消除結核第一期計畫總經費18,390,319千元，分5年辦理，105至107年度已編列3,111,130千元，本年度續編第4年經費1,009,258千元，分配本科目編列1,008,658千元，較上年度增列19,982千元。&#xd;
&lt;#H2&gt;我國因應流感大流行準備第三期計畫總經費2,234,475千元，分6年辦理，105至107年度已編列1,081,175千元，本年度續編第4年經費371,596千元，較上年度增列91,306千元。&#xd;
&lt;#H2&gt;新興傳染病風險監測與應變整備計畫總經費661,340千元，分6年辦理，105至107年度已編列16,630千元，本年度續編第4年經費14,428千元，較上年度增列10,000千元。&#xd;
&lt;#H2&gt;新南向醫衛合作與產業鏈發展中長程計畫總經費1,670,845千元，分4年辦理，107年度已編列260,825千元，本年度續編第2年經費274,540千元，分配本科目編列29,352千元，較上年度減列70千元。&#xd;
&lt;#H2&gt;新增補助疫苗基金購置疫苗及辦理預防接種工作經費730,160千元。&#xd;
&lt;#H2&gt;上年度充實國家疫苗基金及促進國民免疫力第二期計畫預算業已編竣，所列722,322千元如數減列。</bc_content>
        </BCME3420_row>
        <BCME3420_row>
            <budgetno>71570058100</budgetno>
            <agenno>57005</agenno>
            <agentype>C</agentype>
            <mh_budgetname>非營業特種基金</mh_budgetname>
            <displayname>非營業特種基金</displayname>
            <budgetno_conver>7157058100</budgetno_conver>
            <tyear_amt>0</tyear_amt>
            <lyear_amt>7838000</lyear_amt>
            <byear_amt>7838000</byear_amt>
            <b_amt>-7838000</b_amt>
            <bc_content/>
        </BCME3420_row>
        <BCME3420_row>
            <budgetno>71570058110</budgetno>
            <agenno>57005</agenno>
            <agentype>C</agentype>
            <mh_budgetname>衛生福利特別收入基金</mh_budgetname>
            <displayname>衛生福利特別收入基金</displayname>
            <budgetno_conver>7157058110</budgetno_conver>
            <tyear_amt>0</tyear_amt>
            <lyear_amt>7838000</lyear_amt>
            <byear_amt>7838000</byear_amt>
            <b_amt>-7838000</b_amt>
            <bc_content>上年度充實國家疫苗基金及促進國民免疫力第二期計畫預算業已編竣，所列7,838千元如數減列。</bc_content>
        </BCME3420_row>
        <BCME3420_row>
            <budgetno>71570059000</budgetno>
            <agenno>57005</agenno>
            <agentype>C</agentype>
            <mh_budgetname>一般建築及設備</mh_budgetname>
            <displayname>一般建築及設備</displayname>
            <budgetno_conver>7157059000</budgetno_conver>
            <tyear_amt>0</tyear_amt>
            <lyear_amt>32904000</lyear_amt>
            <byear_amt>0</byear_amt>
            <b_amt>-32904000</b_amt>
            <bc_content/>
        </BCME3420_row>
        <BCME3420_row>
            <budgetno>71570059002</budgetno>
            <agenno>57005</agenno>
            <agentype>C</agentype>
            <mh_budgetname>營建工程</mh_budgetname>
            <displayname>營建工程</displayname>
            <budgetno_conver>7157059002</budgetno_conver>
            <tyear_amt>0</tyear_amt>
            <lyear_amt>32904000</lyear_amt>
            <byear_amt>0</byear_amt>
            <b_amt>-32904000</b_amt>
            <bc_content>上年度建物耐震能力評估及補強工程預算業已編竣，所列32,904千元如數減列。</bc_content>
        </BCME3420_row>
        <BCME3420_row>
            <budgetno>71570059800</budgetno>
            <agenno>57005</agenno>
            <agentype>C</agentype>
            <mh_budgetname>第一預備金</mh_budgetname>
            <displayname>第一預備金</displayname>
            <budgetno_conver>7157059800</budgetno_conver>
            <tyear_amt>50000</tyear_amt>
            <lyear_amt>50000</lyear_amt>
            <byear_amt>0</byear_amt>
            <b_amt>0</b_amt>
            <bc_content>仍照上年度預算數編列。</bc_content>
        </BCME3420_row>
    </BCME3420>
</tables>
