﻿"name","title"
"會計年度","會計年度"
"月份","月份"
"會計分類","會計分類"
"科目名稱","科目名稱"
"取得成本","取得成本"
"以前年度累計折舊_長期投資評價","以前年度累計折舊_長期投資評價"
"本年度資本資產成本變動_增加數","本年度資本資產成本變動_增加數"
"本年度資本資產成本變動_減少數","本年度資本資產成本變動_減少數"
"本年度累計折舊_長期投資評價變動數","本年度累計折舊_長期投資評價變動數"
"期末帳面金額","期末帳面金額"
"備註","備註"
