<?xml version="1.0" encoding="UTF-8"?>
<tables>
    <BCTMCAR>
        <BCTMCAR_row>
            <bq_fiscalyear>113</bq_fiscalyear>
            <bq_fundkind>1</bq_fundkind>
            <bq_budgetkind>1</bq_budgetkind>
            <bq_specialbudgetno/>
            <bq_agenno>57005</bq_agenno>
            <bq_agentype>C</bq_agentype>
            <bq_budgetstate>1</bq_budgetstate>
            <bq_budgetno>65570050200</bq_budgetno>
            <bq_objectno>11351000</bq_objectno>
            <bq_carid>050</bq_carid>
            <bq_persons>1</bq_persons>
            <bq_buydate>10103</bq_buydate>
            <bq_ventsize>125</bq_ventsize>
            <bq_oilamt>156</bq_oilamt>
            <bq_oilprice>30.60</bq_oilprice>
            <bq_amt_maintain>1000.00</bq_amt_maintain>
            <bq_amt5>1000.00</bq_amt5>
            <bq_carnum>1</bq_carnum>
            <bq_remark>050-JXV。  &#xd;
防疫業務。</bq_remark>
            <bq_lpgamt>0</bq_lpgamt>
            <bq_lpgprice>0.00</bq_lpgprice>
            <bq_versiondate/>
        </BCTMCAR_row>
        <BCTMCAR_row>
            <bq_fiscalyear>113</bq_fiscalyear>
            <bq_fundkind>1</bq_fundkind>
            <bq_budgetkind>1</bq_budgetkind>
            <bq_specialbudgetno/>
            <bq_agenno>57005</bq_agenno>
            <bq_agentype>C</bq_agentype>
            <bq_budgetstate>1</bq_budgetstate>
            <bq_budgetno>65570050200</bq_budgetno>
            <bq_objectno>11351000</bq_objectno>
            <bq_carid>0672</bq_carid>
            <bq_persons>1</bq_persons>
            <bq_buydate>10502</bq_buydate>
            <bq_ventsize>100</bq_ventsize>
            <bq_oilamt>312</bq_oilamt>
            <bq_oilprice>30.60</bq_oilprice>
            <bq_amt_maintain>2000.00</bq_amt_maintain>
            <bq_amt5>2000.00</bq_amt5>
            <bq_carnum>1</bq_carnum>
            <bq_remark>MCC-0672。  &#xd;
防疫業務。</bq_remark>
            <bq_lpgamt>0</bq_lpgamt>
            <bq_lpgprice>0.00</bq_lpgprice>
            <bq_versiondate/>
        </BCTMCAR_row>
        <BCTMCAR_row>
            <bq_fiscalyear>113</bq_fiscalyear>
            <bq_fundkind>1</bq_fundkind>
            <bq_budgetkind>1</bq_budgetkind>
            <bq_specialbudgetno/>
            <bq_agenno>57005</bq_agenno>
            <bq_agentype>C</bq_agentype>
            <bq_budgetstate>1</bq_budgetstate>
            <bq_budgetno>65570050200</bq_budgetno>
            <bq_objectno>11351000</bq_objectno>
            <bq_carid>0973</bq_carid>
            <bq_persons>1</bq_persons>
            <bq_buydate>10602</bq_buydate>
            <bq_ventsize>125</bq_ventsize>
            <bq_oilamt>312</bq_oilamt>
            <bq_oilprice>30.60</bq_oilprice>
            <bq_amt_maintain>2000.00</bq_amt_maintain>
            <bq_amt5>2000.00</bq_amt5>
            <bq_carnum>1</bq_carnum>
            <bq_remark>MLM-0973。  &#xd;
防疫業務。</bq_remark>
            <bq_lpgamt>0</bq_lpgamt>
            <bq_lpgprice>0.00</bq_lpgprice>
            <bq_versiondate/>
        </BCTMCAR_row>
        <BCTMCAR_row>
            <bq_fiscalyear>113</bq_fiscalyear>
            <bq_fundkind>1</bq_fundkind>
            <bq_budgetkind>1</bq_budgetkind>
            <bq_specialbudgetno/>
            <bq_agenno>57005</bq_agenno>
            <bq_agentype>C</bq_agentype>
            <bq_budgetstate>1</bq_budgetstate>
            <bq_budgetno>65570050200</bq_budgetno>
            <bq_objectno>11351000</bq_objectno>
            <bq_carid>107</bq_carid>
            <bq_persons>1</bq_persons>
            <bq_buydate>10402</bq_buydate>
            <bq_ventsize>100</bq_ventsize>
            <bq_oilamt>312</bq_oilamt>
            <bq_oilprice>30.60</bq_oilprice>
            <bq_amt_maintain>2000.00</bq_amt_maintain>
            <bq_amt5>2000.00</bq_amt5>
            <bq_carnum>1</bq_carnum>
            <bq_remark>107-PVB。  &#xd;
防疫業務。</bq_remark>
            <bq_lpgamt>0</bq_lpgamt>
            <bq_lpgprice>0.00</bq_lpgprice>
            <bq_versiondate/>
        </BCTMCAR_row>
        <BCTMCAR_row>
            <bq_fiscalyear>113</bq_fiscalyear>
            <bq_fundkind>1</bq_fundkind>
            <bq_budgetkind>1</bq_budgetkind>
            <bq_specialbudgetno/>
            <bq_agenno>57005</bq_agenno>
            <bq_agentype>C</bq_agentype>
            <bq_budgetstate>1</bq_budgetstate>
            <bq_budgetno>65570050200</bq_budgetno>
            <bq_objectno>11351000</bq_objectno>
            <bq_carid>173</bq_carid>
            <bq_persons>1</bq_persons>
            <bq_buydate>10404</bq_buydate>
            <bq_ventsize>125</bq_ventsize>
            <bq_oilamt>312</bq_oilamt>
            <bq_oilprice>30.60</bq_oilprice>
            <bq_amt_maintain>2000.00</bq_amt_maintain>
            <bq_amt5>2000.00</bq_amt5>
            <bq_carnum>1</bq_carnum>
            <bq_remark>173-TEB。  &#xd;
防疫業務。</bq_remark>
            <bq_lpgamt>0</bq_lpgamt>
            <bq_lpgprice>0.00</bq_lpgprice>
            <bq_versiondate/>
        </BCTMCAR_row>
        <BCTMCAR_row>
            <bq_fiscalyear>113</bq_fiscalyear>
            <bq_fundkind>1</bq_fundkind>
            <bq_budgetkind>1</bq_budgetkind>
            <bq_specialbudgetno/>
            <bq_agenno>57005</bq_agenno>
            <bq_agentype>C</bq_agentype>
            <bq_budgetstate>1</bq_budgetstate>
            <bq_budgetno>65570050200</bq_budgetno>
            <bq_objectno>11351000</bq_objectno>
            <bq_carid>1869</bq_carid>
            <bq_persons>1</bq_persons>
            <bq_buydate>10503</bq_buydate>
            <bq_ventsize>100</bq_ventsize>
            <bq_oilamt>312</bq_oilamt>
            <bq_oilprice>30.60</bq_oilprice>
            <bq_amt_maintain>2000.00</bq_amt_maintain>
            <bq_amt5>2000.00</bq_amt5>
            <bq_carnum>1</bq_carnum>
            <bq_remark>MCC-1869。  &#xd;
防疫業務。</bq_remark>
            <bq_lpgamt>0</bq_lpgamt>
            <bq_lpgprice>0.00</bq_lpgprice>
            <bq_versiondate/>
        </BCTMCAR_row>
        <BCTMCAR_row>
            <bq_fiscalyear>113</bq_fiscalyear>
            <bq_fundkind>1</bq_fundkind>
            <bq_budgetkind>1</bq_budgetkind>
            <bq_specialbudgetno/>
            <bq_agenno>57005</bq_agenno>
            <bq_agentype>C</bq_agentype>
            <bq_budgetstate>1</bq_budgetstate>
            <bq_budgetno>65570050200</bq_budgetno>
            <bq_objectno>11351000</bq_objectno>
            <bq_carid>2161</bq_carid>
            <bq_persons>1</bq_persons>
            <bq_buydate>10503</bq_buydate>
            <bq_ventsize>125</bq_ventsize>
            <bq_oilamt>312</bq_oilamt>
            <bq_oilprice>30.60</bq_oilprice>
            <bq_amt_maintain>2000.00</bq_amt_maintain>
            <bq_amt5>2000.00</bq_amt5>
            <bq_carnum>1</bq_carnum>
            <bq_remark>MEW-2161。  &#xd;
防疫業務。</bq_remark>
            <bq_lpgamt>0</bq_lpgamt>
            <bq_lpgprice>0.00</bq_lpgprice>
            <bq_versiondate/>
        </BCTMCAR_row>
        <BCTMCAR_row>
            <bq_fiscalyear>113</bq_fiscalyear>
            <bq_fundkind>1</bq_fundkind>
            <bq_budgetkind>1</bq_budgetkind>
            <bq_specialbudgetno/>
            <bq_agenno>57005</bq_agenno>
            <bq_agentype>C</bq_agentype>
            <bq_budgetstate>1</bq_budgetstate>
            <bq_budgetno>65570050200</bq_budgetno>
            <bq_objectno>11351000</bq_objectno>
            <bq_carid>220</bq_carid>
            <bq_persons>1</bq_persons>
            <bq_buydate>10204</bq_buydate>
            <bq_ventsize>125</bq_ventsize>
            <bq_oilamt>120</bq_oilamt>
            <bq_oilprice>30.60</bq_oilprice>
            <bq_amt_maintain>2000.00</bq_amt_maintain>
            <bq_amt5>2000.00</bq_amt5>
            <bq_carnum>1</bq_carnum>
            <bq_remark>220-MDK。  &#xd;
防疫業務。</bq_remark>
            <bq_lpgamt>0</bq_lpgamt>
            <bq_lpgprice>0.00</bq_lpgprice>
            <bq_versiondate/>
        </BCTMCAR_row>
        <BCTMCAR_row>
            <bq_fiscalyear>113</bq_fiscalyear>
            <bq_fundkind>1</bq_fundkind>
            <bq_budgetkind>1</bq_budgetkind>
            <bq_specialbudgetno/>
            <bq_agenno>57005</bq_agenno>
            <bq_agentype>C</bq_agentype>
            <bq_budgetstate>1</bq_budgetstate>
            <bq_budgetno>65570050200</bq_budgetno>
            <bq_objectno>11351000</bq_objectno>
            <bq_carid>378</bq_carid>
            <bq_persons>1</bq_persons>
            <bq_buydate>10006</bq_buydate>
            <bq_ventsize>125</bq_ventsize>
            <bq_oilamt>312</bq_oilamt>
            <bq_oilprice>30.60</bq_oilprice>
            <bq_amt_maintain>2000.00</bq_amt_maintain>
            <bq_amt5>2000.00</bq_amt5>
            <bq_carnum>1</bq_carnum>
            <bq_remark>378-KDV。  &#xd;
防疫業務。</bq_remark>
            <bq_lpgamt>0</bq_lpgamt>
            <bq_lpgprice>0.00</bq_lpgprice>
            <bq_versiondate/>
        </BCTMCAR_row>
        <BCTMCAR_row>
            <bq_fiscalyear>113</bq_fiscalyear>
            <bq_fundkind>1</bq_fundkind>
            <bq_budgetkind>1</bq_budgetkind>
            <bq_specialbudgetno/>
            <bq_agenno>57005</bq_agenno>
            <bq_agentype>C</bq_agentype>
            <bq_budgetstate>1</bq_budgetstate>
            <bq_budgetno>65570050200</bq_budgetno>
            <bq_objectno>11352700</bq_objectno>
            <bq_carid>4003-QD</bq_carid>
            <bq_persons>8</bq_persons>
            <bq_buydate>09509</bq_buydate>
            <bq_ventsize>2461</bq_ventsize>
            <bq_oilamt>1668</bq_oilamt>
            <bq_oilprice>27.30</bq_oilprice>
            <bq_amt_maintain>51000.00</bq_amt_maintain>
            <bq_amt5>25000.00</bq_amt5>
            <bq_carnum>1</bq_carnum>
            <bq_remark>防疫業務。</bq_remark>
            <bq_lpgamt>0</bq_lpgamt>
            <bq_lpgprice>0.00</bq_lpgprice>
            <bq_versiondate/>
        </BCTMCAR_row>
        <BCTMCAR_row>
            <bq_fiscalyear>113</bq_fiscalyear>
            <bq_fundkind>1</bq_fundkind>
            <bq_budgetkind>1</bq_budgetkind>
            <bq_specialbudgetno/>
            <bq_agenno>57005</bq_agenno>
            <bq_agentype>C</bq_agentype>
            <bq_budgetstate>1</bq_budgetstate>
            <bq_budgetno>65570050100</bq_budgetno>
            <bq_objectno>11352700</bq_objectno>
            <bq_carid>4006-QD</bq_carid>
            <bq_persons>8</bq_persons>
            <bq_buydate>09509</bq_buydate>
            <bq_ventsize>2461</bq_ventsize>
            <bq_oilamt>1668</bq_oilamt>
            <bq_oilprice>27.30</bq_oilprice>
            <bq_amt_maintain>51000.00</bq_amt_maintain>
            <bq_amt5>25000.00</bq_amt5>
            <bq_carnum>1</bq_carnum>
            <bq_remark>一般行政。</bq_remark>
            <bq_lpgamt>0</bq_lpgamt>
            <bq_lpgprice>0.00</bq_lpgprice>
            <bq_versiondate/>
        </BCTMCAR_row>
        <BCTMCAR_row>
            <bq_fiscalyear>113</bq_fiscalyear>
            <bq_fundkind>1</bq_fundkind>
            <bq_budgetkind>1</bq_budgetkind>
            <bq_specialbudgetno/>
            <bq_agenno>57005</bq_agenno>
            <bq_agentype>C</bq_agentype>
            <bq_budgetstate>1</bq_budgetstate>
            <bq_budgetno>65570050100</bq_budgetno>
            <bq_objectno>11352700</bq_objectno>
            <bq_carid>4008-QD</bq_carid>
            <bq_persons>8</bq_persons>
            <bq_buydate>09509</bq_buydate>
            <bq_ventsize>2461</bq_ventsize>
            <bq_oilamt>1668</bq_oilamt>
            <bq_oilprice>27.30</bq_oilprice>
            <bq_amt_maintain>51000.00</bq_amt_maintain>
            <bq_amt5>25000.00</bq_amt5>
            <bq_carnum>1</bq_carnum>
            <bq_remark>一般行政。</bq_remark>
            <bq_lpgamt>0</bq_lpgamt>
            <bq_lpgprice>0.00</bq_lpgprice>
            <bq_versiondate/>
        </BCTMCAR_row>
        <BCTMCAR_row>
            <bq_fiscalyear>113</bq_fiscalyear>
            <bq_fundkind>1</bq_fundkind>
            <bq_budgetkind>1</bq_budgetkind>
            <bq_specialbudgetno/>
            <bq_agenno>57005</bq_agenno>
            <bq_agentype>C</bq_agentype>
            <bq_budgetstate>1</bq_budgetstate>
            <bq_budgetno>65570050200</bq_budgetno>
            <bq_objectno>11351000</bq_objectno>
            <bq_carid>5512</bq_carid>
            <bq_persons>1</bq_persons>
            <bq_buydate>10804</bq_buydate>
            <bq_ventsize>0</bq_ventsize>
            <bq_oilamt>0</bq_oilamt>
            <bq_oilprice>0.00</bq_oilprice>
            <bq_amt_maintain>2000.00</bq_amt_maintain>
            <bq_amt5>2000.00</bq_amt5>
            <bq_carnum>1</bq_carnum>
            <bq_remark>EMH-5512。  防疫業務。</bq_remark>
            <bq_lpgamt>0</bq_lpgamt>
            <bq_lpgprice>0.00</bq_lpgprice>
            <bq_versiondate/>
        </BCTMCAR_row>
        <BCTMCAR_row>
            <bq_fiscalyear>113</bq_fiscalyear>
            <bq_fundkind>1</bq_fundkind>
            <bq_budgetkind>1</bq_budgetkind>
            <bq_specialbudgetno/>
            <bq_agenno>57005</bq_agenno>
            <bq_agentype>C</bq_agentype>
            <bq_budgetstate>1</bq_budgetstate>
            <bq_budgetno>65570050200</bq_budgetno>
            <bq_objectno>11351000</bq_objectno>
            <bq_carid>782</bq_carid>
            <bq_persons>1</bq_persons>
            <bq_buydate>10404</bq_buydate>
            <bq_ventsize>100</bq_ventsize>
            <bq_oilamt>312</bq_oilamt>
            <bq_oilprice>30.60</bq_oilprice>
            <bq_amt_maintain>2000.00</bq_amt_maintain>
            <bq_amt5>2000.00</bq_amt5>
            <bq_carnum>1</bq_carnum>
            <bq_remark>782-TJP。  &#xd;
防疫業務。</bq_remark>
            <bq_lpgamt>0</bq_lpgamt>
            <bq_lpgprice>0.00</bq_lpgprice>
            <bq_versiondate/>
        </BCTMCAR_row>
        <BCTMCAR_row>
            <bq_fiscalyear>113</bq_fiscalyear>
            <bq_fundkind>1</bq_fundkind>
            <bq_budgetkind>1</bq_budgetkind>
            <bq_specialbudgetno/>
            <bq_agenno>57005</bq_agenno>
            <bq_agentype>C</bq_agentype>
            <bq_budgetstate>1</bq_budgetstate>
            <bq_budgetno>65570050200</bq_budgetno>
            <bq_objectno>11351000</bq_objectno>
            <bq_carid>8519</bq_carid>
            <bq_persons>1</bq_persons>
            <bq_buydate>11009</bq_buydate>
            <bq_ventsize>0</bq_ventsize>
            <bq_oilamt>0</bq_oilamt>
            <bq_oilprice>0.00</bq_oilprice>
            <bq_amt_maintain>0.00</bq_amt_maintain>
            <bq_amt5>2000.00</bq_amt5>
            <bq_carnum>1</bq_carnum>
            <bq_remark>EWF-8519。 &#xd;
防疫業務。</bq_remark>
            <bq_lpgamt>0</bq_lpgamt>
            <bq_lpgprice>0.00</bq_lpgprice>
            <bq_versiondate/>
        </BCTMCAR_row>
        <BCTMCAR_row>
            <bq_fiscalyear>113</bq_fiscalyear>
            <bq_fundkind>1</bq_fundkind>
            <bq_budgetkind>1</bq_budgetkind>
            <bq_specialbudgetno/>
            <bq_agenno>57005</bq_agenno>
            <bq_agentype>C</bq_agentype>
            <bq_budgetstate>1</bq_budgetstate>
            <bq_budgetno>65570050200</bq_budgetno>
            <bq_objectno>11351000</bq_objectno>
            <bq_carid>8520</bq_carid>
            <bq_persons>1</bq_persons>
            <bq_buydate>11306</bq_buydate>
            <bq_ventsize>125</bq_ventsize>
            <bq_oilamt>156</bq_oilamt>
            <bq_oilprice>30.60</bq_oilprice>
            <bq_amt_maintain>1000.00</bq_amt_maintain>
            <bq_amt5>1000.00</bq_amt5>
            <bq_carnum>1</bq_carnum>
            <bq_remark>新購001。   防疫業務，預計113年6月購置。</bq_remark>
            <bq_lpgamt>0</bq_lpgamt>
            <bq_lpgprice>0.00</bq_lpgprice>
            <bq_versiondate/>
        </BCTMCAR_row>
        <BCTMCAR_row>
            <bq_fiscalyear>113</bq_fiscalyear>
            <bq_fundkind>1</bq_fundkind>
            <bq_budgetkind>1</bq_budgetkind>
            <bq_specialbudgetno/>
            <bq_agenno>57005</bq_agenno>
            <bq_agentype>C</bq_agentype>
            <bq_budgetstate>1</bq_budgetstate>
            <bq_budgetno>65570050200</bq_budgetno>
            <bq_objectno>11351000</bq_objectno>
            <bq_carid>937</bq_carid>
            <bq_persons>1</bq_persons>
            <bq_buydate>09702</bq_buydate>
            <bq_ventsize>125</bq_ventsize>
            <bq_oilamt>312</bq_oilamt>
            <bq_oilprice>30.60</bq_oilprice>
            <bq_amt_maintain>2000.00</bq_amt_maintain>
            <bq_amt5>2000.00</bq_amt5>
            <bq_carnum>1</bq_carnum>
            <bq_remark>937-BFN。  &#xd;
防疫業務。</bq_remark>
            <bq_lpgamt>0</bq_lpgamt>
            <bq_lpgprice>0.00</bq_lpgprice>
            <bq_versiondate/>
        </BCTMCAR_row>
        <BCTMCAR_row>
            <bq_fiscalyear>113</bq_fiscalyear>
            <bq_fundkind>1</bq_fundkind>
            <bq_budgetkind>1</bq_budgetkind>
            <bq_specialbudgetno/>
            <bq_agenno>57005</bq_agenno>
            <bq_agentype>C</bq_agentype>
            <bq_budgetstate>1</bq_budgetstate>
            <bq_budgetno>65570050200</bq_budgetno>
            <bq_objectno>11352700</bq_objectno>
            <bq_carid>AML-0360</bq_carid>
            <bq_persons>6</bq_persons>
            <bq_buydate>10312</bq_buydate>
            <bq_ventsize>2362</bq_ventsize>
            <bq_oilamt>1668</bq_oilamt>
            <bq_oilprice>30.60</bq_oilprice>
            <bq_amt_maintain>27000.00</bq_amt_maintain>
            <bq_amt5>25000.00</bq_amt5>
            <bq_carnum>1</bq_carnum>
            <bq_remark>防疫業務。</bq_remark>
            <bq_lpgamt>0</bq_lpgamt>
            <bq_lpgprice>0.00</bq_lpgprice>
            <bq_versiondate/>
        </BCTMCAR_row>
        <BCTMCAR_row>
            <bq_fiscalyear>113</bq_fiscalyear>
            <bq_fundkind>1</bq_fundkind>
            <bq_budgetkind>1</bq_budgetkind>
            <bq_specialbudgetno/>
            <bq_agenno>57005</bq_agenno>
            <bq_agentype>C</bq_agentype>
            <bq_budgetstate>1</bq_budgetstate>
            <bq_budgetno>65570050200</bq_budgetno>
            <bq_objectno>11352700</bq_objectno>
            <bq_carid>AML-0361</bq_carid>
            <bq_persons>6</bq_persons>
            <bq_buydate>10312</bq_buydate>
            <bq_ventsize>2362</bq_ventsize>
            <bq_oilamt>1668</bq_oilamt>
            <bq_oilprice>30.60</bq_oilprice>
            <bq_amt_maintain>51000.00</bq_amt_maintain>
            <bq_amt5>25000.00</bq_amt5>
            <bq_carnum>1</bq_carnum>
            <bq_remark>防疫業務。</bq_remark>
            <bq_lpgamt>0</bq_lpgamt>
            <bq_lpgprice>0.00</bq_lpgprice>
            <bq_versiondate/>
        </BCTMCAR_row>
        <BCTMCAR_row>
            <bq_fiscalyear>113</bq_fiscalyear>
            <bq_fundkind>1</bq_fundkind>
            <bq_budgetkind>1</bq_budgetkind>
            <bq_specialbudgetno/>
            <bq_agenno>57005</bq_agenno>
            <bq_agentype>C</bq_agentype>
            <bq_budgetstate>1</bq_budgetstate>
            <bq_budgetno>65570050200</bq_budgetno>
            <bq_objectno>11352700</bq_objectno>
            <bq_carid>ANR-5365</bq_carid>
            <bq_persons>6</bq_persons>
            <bq_buydate>10411</bq_buydate>
            <bq_ventsize>2362</bq_ventsize>
            <bq_oilamt>1668</bq_oilamt>
            <bq_oilprice>30.60</bq_oilprice>
            <bq_amt_maintain>51000.00</bq_amt_maintain>
            <bq_amt5>25000.00</bq_amt5>
            <bq_carnum>1</bq_carnum>
            <bq_remark>防疫業務。</bq_remark>
            <bq_lpgamt>0</bq_lpgamt>
            <bq_lpgprice>0.00</bq_lpgprice>
            <bq_versiondate/>
        </BCTMCAR_row>
        <BCTMCAR_row>
            <bq_fiscalyear>113</bq_fiscalyear>
            <bq_fundkind>1</bq_fundkind>
            <bq_budgetkind>1</bq_budgetkind>
            <bq_specialbudgetno/>
            <bq_agenno>57005</bq_agenno>
            <bq_agentype>C</bq_agentype>
            <bq_budgetstate>1</bq_budgetstate>
            <bq_budgetno>65570050200</bq_budgetno>
            <bq_objectno>11352700</bq_objectno>
            <bq_carid>ANR-5367</bq_carid>
            <bq_persons>6</bq_persons>
            <bq_buydate>10411</bq_buydate>
            <bq_ventsize>2362</bq_ventsize>
            <bq_oilamt>1668</bq_oilamt>
            <bq_oilprice>30.60</bq_oilprice>
            <bq_amt_maintain>51000.00</bq_amt_maintain>
            <bq_amt5>25000.00</bq_amt5>
            <bq_carnum>1</bq_carnum>
            <bq_remark>防疫業務。</bq_remark>
            <bq_lpgamt>0</bq_lpgamt>
            <bq_lpgprice>0.00</bq_lpgprice>
            <bq_versiondate/>
        </BCTMCAR_row>
        <BCTMCAR_row>
            <bq_fiscalyear>113</bq_fiscalyear>
            <bq_fundkind>1</bq_fundkind>
            <bq_budgetkind>1</bq_budgetkind>
            <bq_specialbudgetno/>
            <bq_agenno>57005</bq_agenno>
            <bq_agentype>C</bq_agentype>
            <bq_budgetstate>1</bq_budgetstate>
            <bq_budgetno>65570050100</bq_budgetno>
            <bq_objectno>11352700</bq_objectno>
            <bq_carid>AQV-7323</bq_carid>
            <bq_persons>6</bq_persons>
            <bq_buydate>10510</bq_buydate>
            <bq_ventsize>2362</bq_ventsize>
            <bq_oilamt>1668</bq_oilamt>
            <bq_oilprice>30.60</bq_oilprice>
            <bq_amt_maintain>51000.00</bq_amt_maintain>
            <bq_amt5>25000.00</bq_amt5>
            <bq_carnum>1</bq_carnum>
            <bq_remark>一般行政。</bq_remark>
            <bq_lpgamt>0</bq_lpgamt>
            <bq_lpgprice>0.00</bq_lpgprice>
            <bq_versiondate/>
        </BCTMCAR_row>
        <BCTMCAR_row>
            <bq_fiscalyear>113</bq_fiscalyear>
            <bq_fundkind>1</bq_fundkind>
            <bq_budgetkind>1</bq_budgetkind>
            <bq_specialbudgetno/>
            <bq_agenno>57005</bq_agenno>
            <bq_agentype>C</bq_agentype>
            <bq_budgetstate>1</bq_budgetstate>
            <bq_budgetno>65570050200</bq_budgetno>
            <bq_objectno>11352700</bq_objectno>
            <bq_carid>AQV-7325</bq_carid>
            <bq_persons>6</bq_persons>
            <bq_buydate>10510</bq_buydate>
            <bq_ventsize>2362</bq_ventsize>
            <bq_oilamt>840</bq_oilamt>
            <bq_oilprice>30.60</bq_oilprice>
            <bq_amt_maintain>30000.00</bq_amt_maintain>
            <bq_amt5>25000.00</bq_amt5>
            <bq_carnum>1</bq_carnum>
            <bq_remark>防疫業務。</bq_remark>
            <bq_lpgamt>0</bq_lpgamt>
            <bq_lpgprice>0.00</bq_lpgprice>
            <bq_versiondate/>
        </BCTMCAR_row>
        <BCTMCAR_row>
            <bq_fiscalyear>113</bq_fiscalyear>
            <bq_fundkind>1</bq_fundkind>
            <bq_budgetkind>1</bq_budgetkind>
            <bq_specialbudgetno/>
            <bq_agenno>57005</bq_agenno>
            <bq_agentype>C</bq_agentype>
            <bq_budgetstate>1</bq_budgetstate>
            <bq_budgetno>65570050100</bq_budgetno>
            <bq_objectno>11350100</bq_objectno>
            <bq_carid>AXF-1922</bq_carid>
            <bq_persons>4</bq_persons>
            <bq_buydate>10708</bq_buydate>
            <bq_ventsize>1798</bq_ventsize>
            <bq_oilamt>1668</bq_oilamt>
            <bq_oilprice>30.60</bq_oilprice>
            <bq_amt_maintain>37000.00</bq_amt_maintain>
            <bq_amt5>25000.00</bq_amt5>
            <bq_carnum>1</bq_carnum>
            <bq_remark>一般行政。</bq_remark>
            <bq_lpgamt>0</bq_lpgamt>
            <bq_lpgprice>0.00</bq_lpgprice>
            <bq_versiondate/>
        </BCTMCAR_row>
        <BCTMCAR_row>
            <bq_fiscalyear>113</bq_fiscalyear>
            <bq_fundkind>1</bq_fundkind>
            <bq_budgetkind>1</bq_budgetkind>
            <bq_specialbudgetno/>
            <bq_agenno>57005</bq_agenno>
            <bq_agentype>C</bq_agentype>
            <bq_budgetstate>1</bq_budgetstate>
            <bq_budgetno>65570050100</bq_budgetno>
            <bq_objectno>11352700</bq_objectno>
            <bq_carid>AZZ-2522</bq_carid>
            <bq_persons>4</bq_persons>
            <bq_buydate>10711</bq_buydate>
            <bq_ventsize>1498</bq_ventsize>
            <bq_oilamt>1668</bq_oilamt>
            <bq_oilprice>30.60</bq_oilprice>
            <bq_amt_maintain>51000.00</bq_amt_maintain>
            <bq_amt5>25000.00</bq_amt5>
            <bq_carnum>1</bq_carnum>
            <bq_remark>一般行政。&#xd;
</bq_remark>
            <bq_lpgamt>0</bq_lpgamt>
            <bq_lpgprice>0.00</bq_lpgprice>
            <bq_versiondate/>
        </BCTMCAR_row>
        <BCTMCAR_row>
            <bq_fiscalyear>113</bq_fiscalyear>
            <bq_fundkind>1</bq_fundkind>
            <bq_budgetkind>1</bq_budgetkind>
            <bq_specialbudgetno/>
            <bq_agenno>57005</bq_agenno>
            <bq_agentype>C</bq_agentype>
            <bq_budgetstate>1</bq_budgetstate>
            <bq_budgetno>65570050200</bq_budgetno>
            <bq_objectno>11352700</bq_objectno>
            <bq_carid>AZZ-2523</bq_carid>
            <bq_persons>4</bq_persons>
            <bq_buydate>10711</bq_buydate>
            <bq_ventsize>1498</bq_ventsize>
            <bq_oilamt>1668</bq_oilamt>
            <bq_oilprice>30.60</bq_oilprice>
            <bq_amt_maintain>25000.00</bq_amt_maintain>
            <bq_amt5>25000.00</bq_amt5>
            <bq_carnum>1</bq_carnum>
            <bq_remark>防疫業務。</bq_remark>
            <bq_lpgamt>0</bq_lpgamt>
            <bq_lpgprice>0.00</bq_lpgprice>
            <bq_versiondate/>
        </BCTMCAR_row>
        <BCTMCAR_row>
            <bq_fiscalyear>113</bq_fiscalyear>
            <bq_fundkind>1</bq_fundkind>
            <bq_budgetkind>1</bq_budgetkind>
            <bq_specialbudgetno/>
            <bq_agenno>57005</bq_agenno>
            <bq_agentype>C</bq_agentype>
            <bq_budgetstate>1</bq_budgetstate>
            <bq_budgetno>65570050200</bq_budgetno>
            <bq_objectno>11352700</bq_objectno>
            <bq_carid>AZZ-2531</bq_carid>
            <bq_persons>4</bq_persons>
            <bq_buydate>10711</bq_buydate>
            <bq_ventsize>1498</bq_ventsize>
            <bq_oilamt>1668</bq_oilamt>
            <bq_oilprice>30.60</bq_oilprice>
            <bq_amt_maintain>34000.00</bq_amt_maintain>
            <bq_amt5>25000.00</bq_amt5>
            <bq_carnum>1</bq_carnum>
            <bq_remark>防疫業務。</bq_remark>
            <bq_lpgamt>0</bq_lpgamt>
            <bq_lpgprice>0.00</bq_lpgprice>
            <bq_versiondate/>
        </BCTMCAR_row>
        <BCTMCAR_row>
            <bq_fiscalyear>113</bq_fiscalyear>
            <bq_fundkind>1</bq_fundkind>
            <bq_budgetkind>1</bq_budgetkind>
            <bq_specialbudgetno/>
            <bq_agenno>57005</bq_agenno>
            <bq_agentype>C</bq_agentype>
            <bq_budgetstate>1</bq_budgetstate>
            <bq_budgetno>65570050200</bq_budgetno>
            <bq_objectno>11352700</bq_objectno>
            <bq_carid>AZZ-2532</bq_carid>
            <bq_persons>4</bq_persons>
            <bq_buydate>10711</bq_buydate>
            <bq_ventsize>1498</bq_ventsize>
            <bq_oilamt>1668</bq_oilamt>
            <bq_oilprice>30.60</bq_oilprice>
            <bq_amt_maintain>34000.00</bq_amt_maintain>
            <bq_amt5>25000.00</bq_amt5>
            <bq_carnum>1</bq_carnum>
            <bq_remark>防疫業務。</bq_remark>
            <bq_lpgamt>0</bq_lpgamt>
            <bq_lpgprice>0.00</bq_lpgprice>
            <bq_versiondate/>
        </BCTMCAR_row>
        <BCTMCAR_row>
            <bq_fiscalyear>113</bq_fiscalyear>
            <bq_fundkind>1</bq_fundkind>
            <bq_budgetkind>1</bq_budgetkind>
            <bq_specialbudgetno/>
            <bq_agenno>57005</bq_agenno>
            <bq_agentype>C</bq_agentype>
            <bq_budgetstate>1</bq_budgetstate>
            <bq_budgetno>65570050200</bq_budgetno>
            <bq_objectno>11352700</bq_objectno>
            <bq_carid>AZZ-2533</bq_carid>
            <bq_persons>4</bq_persons>
            <bq_buydate>10711</bq_buydate>
            <bq_ventsize>1498</bq_ventsize>
            <bq_oilamt>612</bq_oilamt>
            <bq_oilprice>30.60</bq_oilprice>
            <bq_amt_maintain>30000.00</bq_amt_maintain>
            <bq_amt5>25000.00</bq_amt5>
            <bq_carnum>1</bq_carnum>
            <bq_remark>防疫業務。</bq_remark>
            <bq_lpgamt>0</bq_lpgamt>
            <bq_lpgprice>0.00</bq_lpgprice>
            <bq_versiondate/>
        </BCTMCAR_row>
        <BCTMCAR_row>
            <bq_fiscalyear>113</bq_fiscalyear>
            <bq_fundkind>1</bq_fundkind>
            <bq_budgetkind>1</bq_budgetkind>
            <bq_specialbudgetno/>
            <bq_agenno>57005</bq_agenno>
            <bq_agentype>C</bq_agentype>
            <bq_budgetstate>1</bq_budgetstate>
            <bq_budgetno>65570050200</bq_budgetno>
            <bq_objectno>11352700</bq_objectno>
            <bq_carid>AZZ-2536</bq_carid>
            <bq_persons>4</bq_persons>
            <bq_buydate>10711</bq_buydate>
            <bq_ventsize>1498</bq_ventsize>
            <bq_oilamt>1668</bq_oilamt>
            <bq_oilprice>30.60</bq_oilprice>
            <bq_amt_maintain>34000.00</bq_amt_maintain>
            <bq_amt5>25000.00</bq_amt5>
            <bq_carnum>1</bq_carnum>
            <bq_remark>防疫業務。</bq_remark>
            <bq_lpgamt>0</bq_lpgamt>
            <bq_lpgprice>0.00</bq_lpgprice>
            <bq_versiondate/>
        </BCTMCAR_row>
        <BCTMCAR_row>
            <bq_fiscalyear>113</bq_fiscalyear>
            <bq_fundkind>1</bq_fundkind>
            <bq_budgetkind>1</bq_budgetkind>
            <bq_specialbudgetno/>
            <bq_agenno>57005</bq_agenno>
            <bq_agentype>C</bq_agentype>
            <bq_budgetstate>1</bq_budgetstate>
            <bq_budgetno>65570050200</bq_budgetno>
            <bq_objectno>11352700</bq_objectno>
            <bq_carid>BTP-0237</bq_carid>
            <bq_persons>4</bq_persons>
            <bq_buydate>11206</bq_buydate>
            <bq_ventsize>1798</bq_ventsize>
            <bq_oilamt>1140</bq_oilamt>
            <bq_oilprice>30.60</bq_oilprice>
            <bq_amt_maintain>9000.00</bq_amt_maintain>
            <bq_amt5>25000.00</bq_amt5>
            <bq_carnum>1</bq_carnum>
            <bq_remark>防疫業務。</bq_remark>
            <bq_lpgamt>0</bq_lpgamt>
            <bq_lpgprice>0.00</bq_lpgprice>
            <bq_versiondate/>
        </BCTMCAR_row>
        <BCTMCAR_row>
            <bq_fiscalyear>113</bq_fiscalyear>
            <bq_fundkind>1</bq_fundkind>
            <bq_budgetkind>1</bq_budgetkind>
            <bq_specialbudgetno/>
            <bq_agenno>57005</bq_agenno>
            <bq_agentype>C</bq_agentype>
            <bq_budgetstate>1</bq_budgetstate>
            <bq_budgetno>65570050200</bq_budgetno>
            <bq_objectno>11352700</bq_objectno>
            <bq_carid>BTP-0250</bq_carid>
            <bq_persons>4</bq_persons>
            <bq_buydate>11206</bq_buydate>
            <bq_ventsize>1798</bq_ventsize>
            <bq_oilamt>1668</bq_oilamt>
            <bq_oilprice>32.60</bq_oilprice>
            <bq_amt_maintain>8000.00</bq_amt_maintain>
            <bq_amt5>15000.00</bq_amt5>
            <bq_carnum>1</bq_carnum>
            <bq_remark>防疫業務。</bq_remark>
            <bq_lpgamt>0</bq_lpgamt>
            <bq_lpgprice>0.00</bq_lpgprice>
            <bq_versiondate/>
        </BCTMCAR_row>
        <BCTMCAR_row>
            <bq_fiscalyear>113</bq_fiscalyear>
            <bq_fundkind>1</bq_fundkind>
            <bq_budgetkind>1</bq_budgetkind>
            <bq_specialbudgetno/>
            <bq_agenno>57005</bq_agenno>
            <bq_agentype>C</bq_agentype>
            <bq_budgetstate>1</bq_budgetstate>
            <bq_budgetno>65570050200</bq_budgetno>
            <bq_objectno>11352700</bq_objectno>
            <bq_carid>BTP-0251</bq_carid>
            <bq_persons>4</bq_persons>
            <bq_buydate>11206</bq_buydate>
            <bq_ventsize>1798</bq_ventsize>
            <bq_oilamt>1668</bq_oilamt>
            <bq_oilprice>32.60</bq_oilprice>
            <bq_amt_maintain>8000.00</bq_amt_maintain>
            <bq_amt5>15000.00</bq_amt5>
            <bq_carnum>1</bq_carnum>
            <bq_remark>防疫業務。</bq_remark>
            <bq_lpgamt>0</bq_lpgamt>
            <bq_lpgprice>0.00</bq_lpgprice>
            <bq_versiondate/>
        </BCTMCAR_row>
        <BCTMCAR_row>
            <bq_fiscalyear>113</bq_fiscalyear>
            <bq_fundkind>1</bq_fundkind>
            <bq_budgetkind>1</bq_budgetkind>
            <bq_specialbudgetno/>
            <bq_agenno>57005</bq_agenno>
            <bq_agentype>C</bq_agentype>
            <bq_budgetstate>1</bq_budgetstate>
            <bq_budgetno>65570050200</bq_budgetno>
            <bq_objectno>11352700</bq_objectno>
            <bq_carid>BTP-0252</bq_carid>
            <bq_persons>4</bq_persons>
            <bq_buydate>11206</bq_buydate>
            <bq_ventsize>1798</bq_ventsize>
            <bq_oilamt>1668</bq_oilamt>
            <bq_oilprice>32.60</bq_oilprice>
            <bq_amt_maintain>8000.00</bq_amt_maintain>
            <bq_amt5>15000.00</bq_amt5>
            <bq_carnum>1</bq_carnum>
            <bq_remark>防疫業務。</bq_remark>
            <bq_lpgamt>0</bq_lpgamt>
            <bq_lpgprice>0.00</bq_lpgprice>
            <bq_versiondate/>
        </BCTMCAR_row>
        <BCTMCAR_row>
            <bq_fiscalyear>113</bq_fiscalyear>
            <bq_fundkind>1</bq_fundkind>
            <bq_budgetkind>1</bq_budgetkind>
            <bq_specialbudgetno/>
            <bq_agenno>57005</bq_agenno>
            <bq_agentype>C</bq_agentype>
            <bq_budgetstate>1</bq_budgetstate>
            <bq_budgetno>65570050200</bq_budgetno>
            <bq_objectno>11352700</bq_objectno>
            <bq_carid>BTP-0261</bq_carid>
            <bq_persons>4</bq_persons>
            <bq_buydate>11206</bq_buydate>
            <bq_ventsize>1798</bq_ventsize>
            <bq_oilamt>1668</bq_oilamt>
            <bq_oilprice>32.60</bq_oilprice>
            <bq_amt_maintain>9000.00</bq_amt_maintain>
            <bq_amt5>25000.00</bq_amt5>
            <bq_carnum>1</bq_carnum>
            <bq_remark>防疫業務。</bq_remark>
            <bq_lpgamt>0</bq_lpgamt>
            <bq_lpgprice>0.00</bq_lpgprice>
            <bq_versiondate/>
        </BCTMCAR_row>
        <BCTMCAR_row>
            <bq_fiscalyear>113</bq_fiscalyear>
            <bq_fundkind>1</bq_fundkind>
            <bq_budgetkind>1</bq_budgetkind>
            <bq_specialbudgetno/>
            <bq_agenno>57005</bq_agenno>
            <bq_agentype>C</bq_agentype>
            <bq_budgetstate>1</bq_budgetstate>
            <bq_budgetno>65570050200</bq_budgetno>
            <bq_objectno>11352700</bq_objectno>
            <bq_carid>BTP-0263</bq_carid>
            <bq_persons>4</bq_persons>
            <bq_buydate>11206</bq_buydate>
            <bq_ventsize>1798</bq_ventsize>
            <bq_oilamt>1668</bq_oilamt>
            <bq_oilprice>32.60</bq_oilprice>
            <bq_amt_maintain>9000.00</bq_amt_maintain>
            <bq_amt5>25000.00</bq_amt5>
            <bq_carnum>1</bq_carnum>
            <bq_remark>防疫業務。</bq_remark>
            <bq_lpgamt>0</bq_lpgamt>
            <bq_lpgprice>0.00</bq_lpgprice>
            <bq_versiondate/>
        </BCTMCAR_row>
        <BCTMCAR_row>
            <bq_fiscalyear>113</bq_fiscalyear>
            <bq_fundkind>1</bq_fundkind>
            <bq_budgetkind>1</bq_budgetkind>
            <bq_specialbudgetno/>
            <bq_agenno>57005</bq_agenno>
            <bq_agentype>C</bq_agentype>
            <bq_budgetstate>1</bq_budgetstate>
            <bq_budgetno>65570050200</bq_budgetno>
            <bq_objectno>11352700</bq_objectno>
            <bq_carid>BTP-0265</bq_carid>
            <bq_persons>4</bq_persons>
            <bq_buydate>11206</bq_buydate>
            <bq_ventsize>1798</bq_ventsize>
            <bq_oilamt>1140</bq_oilamt>
            <bq_oilprice>32.60</bq_oilprice>
            <bq_amt_maintain>9000.00</bq_amt_maintain>
            <bq_amt5>25000.00</bq_amt5>
            <bq_carnum>1</bq_carnum>
            <bq_remark>防疫業務。</bq_remark>
            <bq_lpgamt>0</bq_lpgamt>
            <bq_lpgprice>0.00</bq_lpgprice>
            <bq_versiondate/>
        </BCTMCAR_row>
        <BCTMCAR_row>
            <bq_fiscalyear>113</bq_fiscalyear>
            <bq_fundkind>1</bq_fundkind>
            <bq_budgetkind>1</bq_budgetkind>
            <bq_specialbudgetno/>
            <bq_agenno>57005</bq_agenno>
            <bq_agentype>C</bq_agentype>
            <bq_budgetstate>1</bq_budgetstate>
            <bq_budgetno>65570050200</bq_budgetno>
            <bq_objectno>11352700</bq_objectno>
            <bq_carid>BTS-7813</bq_carid>
            <bq_persons>8</bq_persons>
            <bq_buydate>11208</bq_buydate>
            <bq_ventsize>1995</bq_ventsize>
            <bq_oilamt>1668</bq_oilamt>
            <bq_oilprice>32.60</bq_oilprice>
            <bq_amt_maintain>9000.00</bq_amt_maintain>
            <bq_amt5>25000.00</bq_amt5>
            <bq_carnum>1</bq_carnum>
            <bq_remark>防疫業務。</bq_remark>
            <bq_lpgamt>0</bq_lpgamt>
            <bq_lpgprice>0.00</bq_lpgprice>
            <bq_versiondate/>
        </BCTMCAR_row>
        <BCTMCAR_row>
            <bq_fiscalyear>113</bq_fiscalyear>
            <bq_fundkind>1</bq_fundkind>
            <bq_budgetkind>1</bq_budgetkind>
            <bq_specialbudgetno/>
            <bq_agenno>57005</bq_agenno>
            <bq_agentype>C</bq_agentype>
            <bq_budgetstate>1</bq_budgetstate>
            <bq_budgetno>65570050200</bq_budgetno>
            <bq_objectno>11352700</bq_objectno>
            <bq_carid>BTS-7815</bq_carid>
            <bq_persons>8</bq_persons>
            <bq_buydate>11208</bq_buydate>
            <bq_ventsize>1995</bq_ventsize>
            <bq_oilamt>1668</bq_oilamt>
            <bq_oilprice>32.60</bq_oilprice>
            <bq_amt_maintain>3000.00</bq_amt_maintain>
            <bq_amt5>25000.00</bq_amt5>
            <bq_carnum>1</bq_carnum>
            <bq_remark>防疫業務。</bq_remark>
            <bq_lpgamt>0</bq_lpgamt>
            <bq_lpgprice>0.00</bq_lpgprice>
            <bq_versiondate/>
        </BCTMCAR_row>
        <BCTMCAR_row>
            <bq_fiscalyear>113</bq_fiscalyear>
            <bq_fundkind>1</bq_fundkind>
            <bq_budgetkind>1</bq_budgetkind>
            <bq_specialbudgetno/>
            <bq_agenno>57005</bq_agenno>
            <bq_agentype>C</bq_agentype>
            <bq_budgetstate>1</bq_budgetstate>
            <bq_budgetno>65570050200</bq_budgetno>
            <bq_objectno>11352700</bq_objectno>
            <bq_carid>BTS-7819</bq_carid>
            <bq_persons>8</bq_persons>
            <bq_buydate>11208</bq_buydate>
            <bq_ventsize>1995</bq_ventsize>
            <bq_oilamt>732</bq_oilamt>
            <bq_oilprice>32.60</bq_oilprice>
            <bq_amt_maintain>0.00</bq_amt_maintain>
            <bq_amt5>25000.00</bq_amt5>
            <bq_carnum>1</bq_carnum>
            <bq_remark>防疫業務。</bq_remark>
            <bq_lpgamt>0</bq_lpgamt>
            <bq_lpgprice>0.00</bq_lpgprice>
            <bq_versiondate/>
        </BCTMCAR_row>
        <BCTMCAR_row>
            <bq_fiscalyear>113</bq_fiscalyear>
            <bq_fundkind>1</bq_fundkind>
            <bq_budgetkind>1</bq_budgetkind>
            <bq_specialbudgetno/>
            <bq_agenno>57005</bq_agenno>
            <bq_agentype>C</bq_agentype>
            <bq_budgetstate>1</bq_budgetstate>
            <bq_budgetno>65570050200</bq_budgetno>
            <bq_objectno>11352700</bq_objectno>
            <bq_carid>BTS-7821</bq_carid>
            <bq_persons>8</bq_persons>
            <bq_buydate>11208</bq_buydate>
            <bq_ventsize>1995</bq_ventsize>
            <bq_oilamt>1668</bq_oilamt>
            <bq_oilprice>32.60</bq_oilprice>
            <bq_amt_maintain>9000.00</bq_amt_maintain>
            <bq_amt5>15000.00</bq_amt5>
            <bq_carnum>1</bq_carnum>
            <bq_remark>防疫業務。</bq_remark>
            <bq_lpgamt>0</bq_lpgamt>
            <bq_lpgprice>0.00</bq_lpgprice>
            <bq_versiondate/>
        </BCTMCAR_row>
        <BCTMCAR_row>
            <bq_fiscalyear>113</bq_fiscalyear>
            <bq_fundkind>1</bq_fundkind>
            <bq_budgetkind>1</bq_budgetkind>
            <bq_specialbudgetno/>
            <bq_agenno>57005</bq_agenno>
            <bq_agentype>C</bq_agentype>
            <bq_budgetstate>1</bq_budgetstate>
            <bq_budgetno>65570050200</bq_budgetno>
            <bq_objectno>11352700</bq_objectno>
            <bq_carid>新購002</bq_carid>
            <bq_persons>4</bq_persons>
            <bq_buydate>11306</bq_buydate>
            <bq_ventsize>1798</bq_ventsize>
            <bq_oilamt>210</bq_oilamt>
            <bq_oilprice>32.60</bq_oilprice>
            <bq_amt_maintain>0.00</bq_amt_maintain>
            <bq_amt5>2000.00</bq_amt5>
            <bq_carnum>1</bq_carnum>
            <bq_remark>防疫業務，預計113年6月購置。</bq_remark>
            <bq_lpgamt>0</bq_lpgamt>
            <bq_lpgprice>0.00</bq_lpgprice>
            <bq_versiondate/>
        </BCTMCAR_row>
    </BCTMCAR>
</tables>
