<?xml version="1.0" encoding="UTF-8"?>
<tables>
    <BCTDYEARPLAN>
        <BCTDYEARPLAN_row>
            <b06_fiscalyear>113</b06_fiscalyear>
            <b06_fundkind>1</b06_fundkind>
            <b06_budgetkind>1         </b06_budgetkind>
            <b06_specialbudgetno/>
            <b06_agenno>57005     </b06_agenno>
            <b06_agentype>C         </b06_agentype>
            <b06_budgetstate>1</b06_budgetstate>
            <b06_planno>01</b06_planno>
            <b06_planname>邁向全球衛生安全－抗生素抗藥性管理行動策略計畫</b06_planname>
            <b06_startyear>109</b06_startyear>
            <b06_endyear>113</b06_endyear>
            <b06_budgetamt>84610000.00</b06_budgetamt>
            <b06_amt1>54802000.00</b06_amt1>
            <b06_amt2>14904000.00</b06_amt2>
            <b06_amt3>14904000.00</b06_amt3>
            <b06_amt4>0.00</b06_amt4>
            <b06_memo>&amp;lt;#H1&amp;gt;行政院108年7月11日院臺衛字第1080021810號函核定。   
&amp;lt;#H1&amp;gt;本計畫113年度預算編列於「一般行政」科目0.01億元、「防疫業務」科目0.14億元。</b06_memo>
            <b06_upduserno/>
            <b06_upddatetime/>
            <b06_versiondate/>
            <b06_amt1_display>0.548020000000</b06_amt1_display>
            <b06_amt2_display>0.149040000000</b06_amt2_display>
            <b06_amt3_display>0.149040000000</b06_amt3_display>
            <b06_amt4_display>0E-12</b06_amt4_display>
            <b06_budgetamt_display>0.846100000000</b06_budgetamt_display>
        </BCTDYEARPLAN_row>
        <BCTDYEARPLAN_row>
            <b06_fiscalyear>113</b06_fiscalyear>
            <b06_fundkind>1</b06_fundkind>
            <b06_budgetkind>1         </b06_budgetkind>
            <b06_specialbudgetno/>
            <b06_agenno>57005     </b06_agenno>
            <b06_agentype>C         </b06_agentype>
            <b06_budgetstate>1</b06_budgetstate>
            <b06_planno>02</b06_planno>
            <b06_planname>建構新世代國家傳染病檢驗網絡強化防疫檢驗量能計畫</b06_planname>
            <b06_startyear>109</b06_startyear>
            <b06_endyear>114</b06_endyear>
            <b06_budgetamt>1432446000.00</b06_budgetamt>
            <b06_amt1>137212000.00</b06_amt1>
            <b06_amt2>39600000.00</b06_amt2>
            <b06_amt3>39600000.00</b06_amt3>
            <b06_amt4>1215434000.00</b06_amt4>
            <b06_memo>&amp;lt;#H1&amp;gt;行政院108年7月19日院臺衛字第1080022409號函核定。
&amp;lt;#H1&amp;gt;本計畫113年度預算編列於「防疫業務」科目0.40億元。</b06_memo>
            <b06_upduserno/>
            <b06_upddatetime/>
            <b06_versiondate/>
            <b06_amt1_display>1.372120000000</b06_amt1_display>
            <b06_amt2_display>0.396000000000</b06_amt2_display>
            <b06_amt3_display>0.396000000000</b06_amt3_display>
            <b06_amt4_display>12.154340000000</b06_amt4_display>
            <b06_budgetamt_display>14.324460000000</b06_budgetamt_display>
        </BCTDYEARPLAN_row>
        <BCTDYEARPLAN_row>
            <b06_fiscalyear>113</b06_fiscalyear>
            <b06_fundkind>1</b06_fundkind>
            <b06_budgetkind>1         </b06_budgetkind>
            <b06_specialbudgetno/>
            <b06_agenno>57005     </b06_agenno>
            <b06_agentype>C         </b06_agentype>
            <b06_budgetstate>1</b06_budgetstate>
            <b06_planno>03</b06_planno>
            <b06_planname>急性傳染病流行風險監控與管理第三期計畫</b06_planname>
            <b06_startyear>110</b06_startyear>
            <b06_endyear>113</b06_endyear>
            <b06_budgetamt>314977000.00</b06_budgetamt>
            <b06_amt1>161085000.00</b06_amt1>
            <b06_amt2>76946000.00</b06_amt2>
            <b06_amt3>76946000.00</b06_amt3>
            <b06_amt4>0.00</b06_amt4>
            <b06_memo>&amp;lt;#H1&amp;gt;行政院109年8月14日院臺衛字第1090023750號函核定。
&amp;lt;#H1&amp;gt;本計畫113年度預算編列於「防疫業務」科目0.77億元。</b06_memo>
            <b06_upduserno/>
            <b06_upddatetime/>
            <b06_versiondate/>
            <b06_amt1_display>1.610850000000</b06_amt1_display>
            <b06_amt2_display>0.769460000000</b06_amt2_display>
            <b06_amt3_display>0.769460000000</b06_amt3_display>
            <b06_amt4_display>0E-12</b06_amt4_display>
            <b06_budgetamt_display>3.149770000000</b06_budgetamt_display>
        </BCTDYEARPLAN_row>
        <BCTDYEARPLAN_row>
            <b06_fiscalyear>113</b06_fiscalyear>
            <b06_fundkind>1</b06_fundkind>
            <b06_budgetkind>1         </b06_budgetkind>
            <b06_specialbudgetno/>
            <b06_agenno>57005     </b06_agenno>
            <b06_agentype>C         </b06_agentype>
            <b06_budgetstate>1</b06_budgetstate>
            <b06_planno>04</b06_planno>
            <b06_planname>我國加入WHO2035消除結核第二期計畫  </b06_planname>
            <b06_startyear>110</b06_startyear>
            <b06_endyear>114</b06_endyear>
            <b06_budgetamt>6398790000.00</b06_budgetamt>
            <b06_amt1>2016891000.00</b06_amt1>
            <b06_amt2>997770000.00</b06_amt2>
            <b06_amt3>997770000.00</b06_amt3>
            <b06_amt4>2386359000.00</b06_amt4>
            <b06_memo>&amp;lt;#H1&amp;gt;行政院109年4月15日院臺衛字第1090009112號函核定。
&amp;lt;#H1&amp;gt;本計畫113年度預算編列於「一般行政」科目0.01億元、「防疫業務」科目9.97億元。</b06_memo>
            <b06_upduserno/>
            <b06_upddatetime/>
            <b06_versiondate/>
            <b06_amt1_display>20.168910000000</b06_amt1_display>
            <b06_amt2_display>9.977700000000</b06_amt2_display>
            <b06_amt3_display>9.977700000000</b06_amt3_display>
            <b06_amt4_display>23.863590000000</b06_amt4_display>
            <b06_budgetamt_display>63.987900000000</b06_budgetamt_display>
        </BCTDYEARPLAN_row>
        <BCTDYEARPLAN_row>
            <b06_fiscalyear>113</b06_fiscalyear>
            <b06_fundkind>1</b06_fundkind>
            <b06_budgetkind>1         </b06_budgetkind>
            <b06_specialbudgetno/>
            <b06_agenno>57005     </b06_agenno>
            <b06_agentype>C         </b06_agentype>
            <b06_budgetstate>1</b06_budgetstate>
            <b06_planno>05</b06_planno>
            <b06_planname>衛福業務數位轉型服務躍升計畫</b06_planname>
            <b06_startyear>110</b06_startyear>
            <b06_endyear>114</b06_endyear>
            <b06_budgetamt>61350000.00</b06_budgetamt>
            <b06_amt1>14400000.00</b06_amt1>
            <b06_amt2>4184000.00</b06_amt2>
            <b06_amt3>3180000.00</b06_amt3>
            <b06_amt4>39586000.00</b06_amt4>
            <b06_memo>&amp;lt;#H1&amp;gt;行政院109年8月3日院臺科會字第1090022013號函核定。
&amp;lt;#H1&amp;gt;本計畫總經費6.77億元，其中編列於衛生福利部3.93億元、本署0.61億元、食品藥物管理署2.09億元、社會及家庭署0.14億元。
&amp;lt;#H1&amp;gt;本計畫113年度預算編列於「科技業務」科目0.03億元。</b06_memo>
            <b06_upduserno/>
            <b06_upddatetime/>
            <b06_versiondate/>
            <b06_amt1_display>0.144000000000</b06_amt1_display>
            <b06_amt2_display>0.041840000000</b06_amt2_display>
            <b06_amt3_display>0.031800000000</b06_amt3_display>
            <b06_amt4_display>0.395860000000</b06_amt4_display>
            <b06_budgetamt_display>0.613500000000</b06_budgetamt_display>
        </BCTDYEARPLAN_row>
        <BCTDYEARPLAN_row>
            <b06_fiscalyear>113</b06_fiscalyear>
            <b06_fundkind>1</b06_fundkind>
            <b06_budgetkind>1         </b06_budgetkind>
            <b06_specialbudgetno/>
            <b06_agenno>57005     </b06_agenno>
            <b06_agentype>C         </b06_agentype>
            <b06_budgetstate>1</b06_budgetstate>
            <b06_planno>06</b06_planno>
            <b06_planname>衛生福利部防疫中心興建工程計畫</b06_planname>
            <b06_startyear>110</b06_startyear>
            <b06_endyear>116</b06_endyear>
            <b06_budgetamt>6735459000.00</b06_budgetamt>
            <b06_amt1>176418000.00</b06_amt1>
            <b06_amt2>302962000.00</b06_amt2>
            <b06_amt3>201361000.00</b06_amt3>
            <b06_amt4>6054718000.00</b06_amt4>
            <b06_memo>&amp;lt;#H1&amp;gt;行政院109年4月10日院臺衛字第1090008746號函、行政院111年8月8日院臺衛字第1110091445號函核定。
&amp;lt;#H1&amp;gt;本計畫113年度預算編列於「營建工程」科目2.01億元。</b06_memo>
            <b06_upduserno/>
            <b06_upddatetime/>
            <b06_versiondate/>
            <b06_amt1_display>1.764180000000</b06_amt1_display>
            <b06_amt2_display>3.029620000000</b06_amt2_display>
            <b06_amt3_display>2.013610000000</b06_amt3_display>
            <b06_amt4_display>60.547180000000</b06_amt4_display>
            <b06_budgetamt_display>67.354590000000</b06_budgetamt_display>
        </BCTDYEARPLAN_row>
        <BCTDYEARPLAN_row>
            <b06_fiscalyear>113</b06_fiscalyear>
            <b06_fundkind>1</b06_fundkind>
            <b06_budgetkind>1         </b06_budgetkind>
            <b06_specialbudgetno/>
            <b06_agenno>57005     </b06_agenno>
            <b06_agentype>C         </b06_agentype>
            <b06_budgetstate>1</b06_budgetstate>
            <b06_planno>07</b06_planno>
            <b06_planname>新興傳染病暨流感大流行應變整備及邊境檢疫計畫</b06_planname>
            <b06_startyear>111</b06_startyear>
            <b06_endyear>116</b06_endyear>
            <b06_budgetamt>6867702000.00</b06_budgetamt>
            <b06_amt1>248061000.00</b06_amt1>
            <b06_amt2>264887000.00</b06_amt2>
            <b06_amt3>265146000.00</b06_amt3>
            <b06_amt4>6089608000.00</b06_amt4>
            <b06_memo>&amp;lt;#H1&amp;gt;行政院110年7月26日院臺衛字第1100019915號函核定。
&amp;lt;#H1&amp;gt;本計畫113年度預算編列於「一般行政」科目0.02億元、「防疫業務」科目2.63億元。
</b06_memo>
            <b06_upduserno/>
            <b06_upddatetime/>
            <b06_versiondate/>
            <b06_amt1_display>2.480610000000</b06_amt1_display>
            <b06_amt2_display>2.648870000000</b06_amt2_display>
            <b06_amt3_display>2.651460000000</b06_amt3_display>
            <b06_amt4_display>60.896080000000</b06_amt4_display>
            <b06_budgetamt_display>68.677020000000</b06_budgetamt_display>
        </BCTDYEARPLAN_row>
        <BCTDYEARPLAN_row>
            <b06_fiscalyear>113</b06_fiscalyear>
            <b06_fundkind>1</b06_fundkind>
            <b06_budgetkind>1         </b06_budgetkind>
            <b06_specialbudgetno/>
            <b06_agenno>57005     </b06_agenno>
            <b06_agentype>C         </b06_agentype>
            <b06_budgetstate>1</b06_budgetstate>
            <b06_planno>08</b06_planno>
            <b06_planname>2030年消除愛滋第一期計畫</b06_planname>
            <b06_startyear>111</b06_startyear>
            <b06_endyear>115</b06_endyear>
            <b06_budgetamt>9697056000.00</b06_budgetamt>
            <b06_amt1>1400437000.00</b06_amt1>
            <b06_amt2>1359570000.00</b06_amt2>
            <b06_amt3>1266050000.00</b06_amt3>
            <b06_amt4>5670999000.00</b06_amt4>
            <b06_memo>&amp;lt;#H1&amp;gt;行政院110年5月14日院臺衛字第1100012299號函核定。
&amp;lt;#H1&amp;gt;本計畫113年度預算編列於「一般行政」科目0.01億元、「防疫業務」科目12.65億元。</b06_memo>
            <b06_upduserno/>
            <b06_upddatetime/>
            <b06_versiondate/>
            <b06_amt1_display>14.004370000000</b06_amt1_display>
            <b06_amt2_display>13.595700000000</b06_amt2_display>
            <b06_amt3_display>12.660500000000</b06_amt3_display>
            <b06_amt4_display>56.709990000000</b06_amt4_display>
            <b06_budgetamt_display>96.970560000000</b06_budgetamt_display>
        </BCTDYEARPLAN_row>
        <BCTDYEARPLAN_row>
            <b06_fiscalyear>113</b06_fiscalyear>
            <b06_fundkind>1</b06_fundkind>
            <b06_budgetkind>1         </b06_budgetkind>
            <b06_specialbudgetno/>
            <b06_agenno>57005     </b06_agenno>
            <b06_agentype>C         </b06_agentype>
            <b06_budgetstate>1</b06_budgetstate>
            <b06_planno>09</b06_planno>
            <b06_planname>新南向醫衛合作與產業鏈發展中長程計畫第二期</b06_planname>
            <b06_startyear>111</b06_startyear>
            <b06_endyear>114</b06_endyear>
            <b06_budgetamt>35576000.00</b06_budgetamt>
            <b06_amt1>4730000.00</b06_amt1>
            <b06_amt2>4696000.00</b06_amt2>
            <b06_amt3>4696000.00</b06_amt3>
            <b06_amt4>21454000.00</b06_amt4>
            <b06_memo>&amp;lt;#H1&amp;gt;行政院110年6月15日院臺衛字第1100015871號函核定。
&amp;lt;#H1&amp;gt;本計畫總經費16.92億元，其中編列於衛生福利部15.22億元、本署0.36億元、食品藥物管理署0.22億元、中央健康保險署0.32億元、國民健康署0.07億元、國家中醫藥研究所0.73億元。
&amp;lt;#H1&amp;gt;本計畫113年度預算編列於「防疫業務」科目0.05億元。</b06_memo>
            <b06_upduserno/>
            <b06_upddatetime/>
            <b06_versiondate/>
            <b06_amt1_display>0.047300000000</b06_amt1_display>
            <b06_amt2_display>0.046960000000</b06_amt2_display>
            <b06_amt3_display>0.046960000000</b06_amt3_display>
            <b06_amt4_display>0.214540000000</b06_amt4_display>
            <b06_budgetamt_display>0.355760000000</b06_budgetamt_display>
        </BCTDYEARPLAN_row>
    </BCTDYEARPLAN>
</tables>
