<?xml version="1.0" encoding="UTF-8"?>
<tables>
    <BCTDHELPPLAN>
        <BCTDHELPPLAN_row>
            <bh_fiscalyear>113</bh_fiscalyear>
            <bh_fundkind>1</bh_fundkind>
            <bh_budgetkind>1</bh_budgetkind>
            <bh_specialbudgetno/>
            <bh_agenno>57005</bh_agenno>
            <bh_agentype>C</bh_agentype>
            <bh_budgetstate>1</bh_budgetstate>
            <bh_versiondate/>
            <bh_objectno>4005</bh_objectno>
            <bh_endowplanno>01</bh_endowplanno>
            <bh_endowplanname>傳染病防治計畫</bh_endowplanname>
            <bh_donname/>
            <bh_endowsts>0</bh_endowsts>
            <bh_budgetno>65570050200</bh_budgetno>
            <bh_subprojectno>01</bh_subprojectno>
            <bh_budgetsource>1</bh_budgetsource>
            <bh_applyid>0</bh_applyid>
            <bh_startyear>113</bh_startyear>
            <bh_endyear>113</bh_endyear>
            <bh_donrem>補助地方政府辦理疫病防治業務推動等相關工作（新北市5,468千元、桃園市5,234千元、臺中市5,340千元、臺南市10,356千元、高雄市13,583千元、未分配19,701千元）。</bh_donrem>
            <bh_bgtyear>113</bh_bgtyear>
            <bh_amt_man>0.00</bh_amt_man>
            <bh_amt_business>59682000.00</bh_amt_business>
            <bh_amt_other>0.00</bh_amt_other>
            <bh_amt_land>0.00</bh_amt_land>
            <bh_amt_house>0.00</bh_amt_house>
            <bh_amt6>0.00</bh_amt6>
            <bh_amt7>0.00</bh_amt7>
            <bh_flowflag/>
            <bh_signflag/>
            <bh_signno/>
            <mj_subprojectno_na>01 - 傳染病防治及應變規劃</mj_subprojectno_na>
        </BCTDHELPPLAN_row>
        <BCTDHELPPLAN_row>
            <bh_fiscalyear>113</bh_fiscalyear>
            <bh_fundkind>1</bh_fundkind>
            <bh_budgetkind>1</bh_budgetkind>
            <bh_specialbudgetno/>
            <bh_agenno>57005</bh_agenno>
            <bh_agentype>C</bh_agentype>
            <bh_budgetstate>1</bh_budgetstate>
            <bh_versiondate/>
            <bh_objectno>4010</bh_objectno>
            <bh_endowplanno>01</bh_endowplanno>
            <bh_endowplanname>傳染病防治計畫</bh_endowplanname>
            <bh_donname/>
            <bh_endowsts>0</bh_endowsts>
            <bh_budgetno>65570050200</bh_budgetno>
            <bh_subprojectno>01</bh_subprojectno>
            <bh_budgetsource>1</bh_budgetsource>
            <bh_applyid>0</bh_applyid>
            <bh_startyear>113</bh_startyear>
            <bh_endyear>113</bh_endyear>
            <bh_donrem>補助地方政府辦理疫病防治業務推動等相關工作（宜蘭縣4,273千元、新竹縣4,045千元、苗栗縣3,750千元、彰化縣3,184千元、南投縣7,338千元、雲林縣2,844千元、嘉義縣5,383千元、屏東縣13,370千元、臺東縣4,925千元、花蓮縣6,336千元、澎湖縣1,356千元、基隆市1,988千元、新竹市1,923千元、嘉義市1,792千元、金門縣715千元、連江縣304千元、未分配10,942千元）。</bh_donrem>
            <bh_bgtyear>113</bh_bgtyear>
            <bh_amt_man>0.00</bh_amt_man>
            <bh_amt_business>74468000.00</bh_amt_business>
            <bh_amt_other>0.00</bh_amt_other>
            <bh_amt_land>0.00</bh_amt_land>
            <bh_amt_house>0.00</bh_amt_house>
            <bh_amt6>0.00</bh_amt6>
            <bh_amt7>0.00</bh_amt7>
            <bh_flowflag/>
            <bh_signflag/>
            <bh_signno/>
            <mj_subprojectno_na>01 - 傳染病防治及應變規劃</mj_subprojectno_na>
        </BCTDHELPPLAN_row>
        <BCTDHELPPLAN_row>
            <bh_fiscalyear>113</bh_fiscalyear>
            <bh_fundkind>1</bh_fundkind>
            <bh_budgetkind>1</bh_budgetkind>
            <bh_specialbudgetno/>
            <bh_agenno>57005</bh_agenno>
            <bh_agentype>C</bh_agentype>
            <bh_budgetstate>1</bh_budgetstate>
            <bh_versiondate/>
            <bh_objectno>4025</bh_objectno>
            <bh_endowplanno>02</bh_endowplanno>
            <bh_endowplanname>傳染病研究檢驗</bh_endowplanname>
            <bh_donname/>
            <bh_endowsts>0</bh_endowsts>
            <bh_budgetno>65570050200</bh_budgetno>
            <bh_subprojectno>01</bh_subprojectno>
            <bh_budgetsource>1</bh_budgetsource>
            <bh_applyid>0</bh_applyid>
            <bh_startyear>113</bh_startyear>
            <bh_endyear>113</bh_endyear>
            <bh_donrem>補助國防醫學院協助高危險病原體及列管毒素之檢驗。</bh_donrem>
            <bh_bgtyear>0</bh_bgtyear>
            <bh_amt_man>705000.00</bh_amt_man>
            <bh_amt_business>0.00</bh_amt_business>
            <bh_amt_other>0.00</bh_amt_other>
            <bh_amt_land>0.00</bh_amt_land>
            <bh_amt_house>0.00</bh_amt_house>
            <bh_amt6>0.00</bh_amt6>
            <bh_amt7>0.00</bh_amt7>
            <bh_flowflag/>
            <bh_signflag/>
            <bh_signno/>
            <mj_subprojectno_na>01 - 傳染病防治及應變規劃</mj_subprojectno_na>
        </BCTDHELPPLAN_row>
        <BCTDHELPPLAN_row>
            <bh_fiscalyear>113</bh_fiscalyear>
            <bh_fundkind>1</bh_fundkind>
            <bh_budgetkind>1</bh_budgetkind>
            <bh_specialbudgetno/>
            <bh_agenno>57005</bh_agenno>
            <bh_agentype>C</bh_agentype>
            <bh_budgetstate>1</bh_budgetstate>
            <bh_versiondate/>
            <bh_objectno>4078</bh_objectno>
            <bh_endowplanno>03</bh_endowplanno>
            <bh_endowplanname>新興傳染病暨流感大流行應變整備及邊境檢疫計畫</bh_endowplanname>
            <bh_donname/>
            <bh_endowsts>0</bh_endowsts>
            <bh_budgetno>65570050200</bh_budgetno>
            <bh_subprojectno>03</bh_subprojectno>
            <bh_budgetsource>1</bh_budgetsource>
            <bh_applyid>0</bh_applyid>
            <bh_startyear>113</bh_startyear>
            <bh_endyear>113</bh_endyear>
            <bh_donrem>&amp;lt;#H1&amp;gt;補助傳染病防治醫療網隔離醫院因應疫情啟動致影響營運費用。 
&amp;lt;#H1&amp;gt;補助傳染病防治醫療網應變醫院病房維護費。
&amp;lt;#H1&amp;gt;補助傳染病防治醫療網汰舊換新應變醫院負壓隔離病房相關設備。 &amp;lt;#H1&amp;gt;補助傳染病防治醫療網支援合作醫院相關行政費。</bh_donrem>
            <bh_bgtyear>113</bh_bgtyear>
            <bh_amt_man>0.00</bh_amt_man>
            <bh_amt_business>44567000.00</bh_amt_business>
            <bh_amt_other>0.00</bh_amt_other>
            <bh_amt_land>0.00</bh_amt_land>
            <bh_amt_house>0.00</bh_amt_house>
            <bh_amt6>0.00</bh_amt6>
            <bh_amt7>35000000.00</bh_amt7>
            <bh_flowflag/>
            <bh_signflag/>
            <bh_signno/>
            <mj_subprojectno_na>03 - 新興傳染病暨流感大流行應變整備及邊境檢疫計畫</mj_subprojectno_na>
        </BCTDHELPPLAN_row>
        <BCTDHELPPLAN_row>
            <bh_fiscalyear>113</bh_fiscalyear>
            <bh_fundkind>1</bh_fundkind>
            <bh_budgetkind>1</bh_budgetkind>
            <bh_specialbudgetno/>
            <bh_agenno>57005</bh_agenno>
            <bh_agentype>C</bh_agentype>
            <bh_budgetstate>1</bh_budgetstate>
            <bh_versiondate/>
            <bh_objectno>4078</bh_objectno>
            <bh_endowplanno>04</bh_endowplanno>
            <bh_endowplanname>2030年消除愛滋第一期計畫</bh_endowplanname>
            <bh_donname/>
            <bh_endowsts>0</bh_endowsts>
            <bh_budgetno>65570050200</bh_budgetno>
            <bh_subprojectno>04</bh_subprojectno>
            <bh_budgetsource>1</bh_budgetsource>
            <bh_applyid>0</bh_applyid>
            <bh_startyear>113</bh_startyear>
            <bh_endyear>113</bh_endyear>
            <bh_donrem>補助公立醫事機構辦理愛滋病指定醫事機構服務品質提升、暴露愛滋病毒前預防性投藥及藥癮愛滋防治等相關業務及補助公立學校辦理愛滋防治衛教宣導等相關業務。</bh_donrem>
            <bh_bgtyear>113</bh_bgtyear>
            <bh_amt_man>0.00</bh_amt_man>
            <bh_amt_business>100000.00</bh_amt_business>
            <bh_amt_other>0.00</bh_amt_other>
            <bh_amt_land>0.00</bh_amt_land>
            <bh_amt_house>0.00</bh_amt_house>
            <bh_amt6>0.00</bh_amt6>
            <bh_amt7>0.00</bh_amt7>
            <bh_flowflag/>
            <bh_signflag/>
            <bh_signno/>
            <mj_subprojectno_na>04 - 愛滋防治計畫</mj_subprojectno_na>
        </BCTDHELPPLAN_row>
        <BCTDHELPPLAN_row>
            <bh_fiscalyear>113</bh_fiscalyear>
            <bh_fundkind>1</bh_fundkind>
            <bh_budgetkind>1</bh_budgetkind>
            <bh_specialbudgetno/>
            <bh_agenno>57005</bh_agenno>
            <bh_agentype>C</bh_agentype>
            <bh_budgetstate>1</bh_budgetstate>
            <bh_versiondate/>
            <bh_objectno>4078</bh_objectno>
            <bh_endowplanno>05</bh_endowplanno>
            <bh_endowplanname>我國加入WHO2035消除結核第二期計畫</bh_endowplanname>
            <bh_donname/>
            <bh_endowsts>0</bh_endowsts>
            <bh_budgetno>65570050200</bh_budgetno>
            <bh_subprojectno>05</bh_subprojectno>
            <bh_budgetsource>1</bh_budgetsource>
            <bh_applyid>0</bh_applyid>
            <bh_startyear>113</bh_startyear>
            <bh_endyear>113</bh_endyear>
            <bh_donrem>補助公立醫事機構加強辦理結核病及漢生病診療、檢驗、管理、防治，特殊個案防治措施、探討與發展、漢生病個案確診及治療執行計畫、潛伏結核感染治療等相關業務。</bh_donrem>
            <bh_bgtyear>113</bh_bgtyear>
            <bh_amt_man>0.00</bh_amt_man>
            <bh_amt_business>400000.00</bh_amt_business>
            <bh_amt_other>0.00</bh_amt_other>
            <bh_amt_land>0.00</bh_amt_land>
            <bh_amt_house>0.00</bh_amt_house>
            <bh_amt6>0.00</bh_amt6>
            <bh_amt7>0.00</bh_amt7>
            <bh_flowflag/>
            <bh_signflag/>
            <bh_signno/>
            <mj_subprojectno_na>05 - 我國加入WHO2035消除結核第二期計畫</mj_subprojectno_na>
        </BCTDHELPPLAN_row>
        <BCTDHELPPLAN_row>
            <bh_fiscalyear>113</bh_fiscalyear>
            <bh_fundkind>1</bh_fundkind>
            <bh_budgetkind>1</bh_budgetkind>
            <bh_specialbudgetno/>
            <bh_agenno>57005</bh_agenno>
            <bh_agentype>C</bh_agentype>
            <bh_budgetstate>1</bh_budgetstate>
            <bh_versiondate/>
            <bh_objectno>4078</bh_objectno>
            <bh_endowplanno>06</bh_endowplanno>
            <bh_endowplanname>充實國家疫苗基金</bh_endowplanname>
            <bh_donname/>
            <bh_endowsts>0</bh_endowsts>
            <bh_budgetno>65570050200</bh_budgetno>
            <bh_subprojectno>06</bh_subprojectno>
            <bh_budgetsource>1</bh_budgetsource>
            <bh_applyid>0</bh_applyid>
            <bh_startyear>113</bh_startyear>
            <bh_endyear>113</bh_endyear>
            <bh_donrem>補助購買疫苗及辦理預防接種相關工作。</bh_donrem>
            <bh_bgtyear>113</bh_bgtyear>
            <bh_amt_man>0.00</bh_amt_man>
            <bh_amt_business>4023164000.00</bh_amt_business>
            <bh_amt_other>0.00</bh_amt_other>
            <bh_amt_land>0.00</bh_amt_land>
            <bh_amt_house>0.00</bh_amt_house>
            <bh_amt6>0.00</bh_amt6>
            <bh_amt7>0.00</bh_amt7>
            <bh_flowflag/>
            <bh_signflag/>
            <bh_signno/>
            <mj_subprojectno_na>06 - 充實國家疫苗基金</mj_subprojectno_na>
        </BCTDHELPPLAN_row>
        <BCTDHELPPLAN_row>
            <bh_fiscalyear>113</bh_fiscalyear>
            <bh_fundkind>1</bh_fundkind>
            <bh_budgetkind>1</bh_budgetkind>
            <bh_specialbudgetno/>
            <bh_agenno>57005</bh_agenno>
            <bh_agentype>C</bh_agentype>
            <bh_budgetstate>1</bh_budgetstate>
            <bh_versiondate/>
            <bh_objectno>4078</bh_objectno>
            <bh_endowplanno>07</bh_endowplanno>
            <bh_endowplanname>邁向全球衛生安全－抗生素抗藥性管理行動策略計畫</bh_endowplanname>
            <bh_donname/>
            <bh_endowsts>0</bh_endowsts>
            <bh_budgetno>65570050200</bh_budgetno>
            <bh_subprojectno>08</bh_subprojectno>
            <bh_budgetsource>1</bh_budgetsource>
            <bh_applyid>0</bh_applyid>
            <bh_startyear>113</bh_startyear>
            <bh_endyear>113</bh_endyear>
            <bh_donrem>補助公立醫療機構提升感染管制與抗生素管理品質並發展資訊化擴增監測與稽核回饋機制。</bh_donrem>
            <bh_bgtyear>113</bh_bgtyear>
            <bh_amt_man>0.00</bh_amt_man>
            <bh_amt_business>428000.00</bh_amt_business>
            <bh_amt_other>0.00</bh_amt_other>
            <bh_amt_land>0.00</bh_amt_land>
            <bh_amt_house>0.00</bh_amt_house>
            <bh_amt6>0.00</bh_amt6>
            <bh_amt7>673000.00</bh_amt7>
            <bh_flowflag/>
            <bh_signflag/>
            <bh_signno/>
            <mj_subprojectno_na>08 - 邁向全球衛生安全－抗生素抗藥性管理行動策略計畫</mj_subprojectno_na>
        </BCTDHELPPLAN_row>
        <BCTDHELPPLAN_row>
            <bh_fiscalyear>113</bh_fiscalyear>
            <bh_fundkind>1</bh_fundkind>
            <bh_budgetkind>1</bh_budgetkind>
            <bh_specialbudgetno/>
            <bh_agenno>57005</bh_agenno>
            <bh_agentype>C</bh_agentype>
            <bh_budgetstate>1</bh_budgetstate>
            <bh_versiondate/>
            <bh_objectno>4025</bh_objectno>
            <bh_endowplanno>08</bh_endowplanno>
            <bh_endowplanname>建構新世代國家傳染病檢驗網絡強化防疫檢驗量能計畫</bh_endowplanname>
            <bh_donname/>
            <bh_endowsts>0</bh_endowsts>
            <bh_budgetno>65570050200</bh_budgetno>
            <bh_subprojectno>09</bh_subprojectno>
            <bh_budgetsource>1</bh_budgetsource>
            <bh_applyid>0</bh_applyid>
            <bh_startyear>113</bh_startyear>
            <bh_endyear>113</bh_endyear>
            <bh_donrem>補助傳染病或疑似傳染病屍體檢驗及行政解剖、監測未知病原體及高病原性傳染病檢驗及行政辦理等費用。</bh_donrem>
            <bh_bgtyear>0</bh_bgtyear>
            <bh_amt_man>327000.00</bh_amt_man>
            <bh_amt_business>200000.00</bh_amt_business>
            <bh_amt_other>6000.00</bh_amt_other>
            <bh_amt_land>0.00</bh_amt_land>
            <bh_amt_house>0.00</bh_amt_house>
            <bh_amt6>0.00</bh_amt6>
            <bh_amt7>0.00</bh_amt7>
            <bh_flowflag/>
            <bh_signflag/>
            <bh_signno/>
            <mj_subprojectno_na>09 - 建構新世代國家傳染病檢驗網絡強化防疫檢驗量能計畫</mj_subprojectno_na>
        </BCTDHELPPLAN_row>
        <BCTDHELPPLAN_row>
            <bh_fiscalyear>113</bh_fiscalyear>
            <bh_fundkind>1</bh_fundkind>
            <bh_budgetkind>1</bh_budgetkind>
            <bh_specialbudgetno/>
            <bh_agenno>57005</bh_agenno>
            <bh_agentype>C</bh_agentype>
            <bh_budgetstate>1</bh_budgetstate>
            <bh_versiondate/>
            <bh_objectno>4078</bh_objectno>
            <bh_endowplanno>09</bh_endowplanno>
            <bh_endowplanname>肺炎防治經費</bh_endowplanname>
            <bh_donname/>
            <bh_endowsts>0</bh_endowsts>
            <bh_budgetno>65570050200</bh_budgetno>
            <bh_subprojectno>10</bh_subprojectno>
            <bh_budgetsource>1</bh_budgetsource>
            <bh_applyid>0</bh_applyid>
            <bh_startyear>113</bh_startyear>
            <bh_endyear>113</bh_endyear>
            <bh_donrem>因應COVID-19國際疫情持續嚴峻，撥補疫苗基金辦理COVID-19疫苗採購及接種相關作業等，保障國人健康。
</bh_donrem>
            <bh_bgtyear>113</bh_bgtyear>
            <bh_amt_man>0.00</bh_amt_man>
            <bh_amt_business>25035000000.00</bh_amt_business>
            <bh_amt_other>0.00</bh_amt_other>
            <bh_amt_land>0.00</bh_amt_land>
            <bh_amt_house>0.00</bh_amt_house>
            <bh_amt6>0.00</bh_amt6>
            <bh_amt7>0.00</bh_amt7>
            <bh_flowflag/>
            <bh_signflag/>
            <bh_signno/>
            <mj_subprojectno_na>10 - 肺炎防治經費</mj_subprojectno_na>
        </BCTDHELPPLAN_row>
    </BCTDHELPPLAN>
</tables>
