<?xml version="1.0" encoding="UTF-8"?>
<Root xmlns:xsi="http://www.w3.org/2001/XMLSchema-instance">
<Row>
<機關名稱>衛生福利部疾病管制署</機關名稱>
<書表名稱>媒體政策及業務宣導費彙計表</書表名稱>
<年度>113</年度>
<單位>新臺幣千元</單位>
<款>17</款>
<項></項>
<目></目>
<節></節>
<科目名稱及編號>0057000000</科目名稱及編號>
<預算數></預算數>
<預計執行內容></預計執行內容>
</Row>
<Row>
<機關名稱>衛生福利部疾病管制署</機關名稱>
<書表名稱>媒體政策及業務宣導費彙計表</書表名稱>
<年度>113</年度>
<單位>新臺幣千元</單位>
<款></款>
<項></項>
<目></目>
<節></節>
<科目名稱及編號>衛生福利部主管</科目名稱及編號>
<預算數></預算數>
<預計執行內容></預計執行內容>
</Row>
<Row>
<機關名稱>衛生福利部疾病管制署</機關名稱>
<書表名稱>媒體政策及業務宣導費彙計表</書表名稱>
<年度>113</年度>
<單位>新臺幣千元</單位>
<款></款>
<項>2</項>
<目></目>
<節></節>
<科目名稱及編號>0057050000</科目名稱及編號>
<預算數>5563</預算數>
<預計執行內容></預計執行內容>
</Row>
<Row>
<機關名稱>衛生福利部疾病管制署</機關名稱>
<書表名稱>媒體政策及業務宣導費彙計表</書表名稱>
<年度>113</年度>
<單位>新臺幣千元</單位>
<款></款>
<項></項>
<目></目>
<節></節>
<科目名稱及編號>疾病管制署</科目名稱及編號>
<預算數></預算數>
<預計執行內容></預計執行內容>
</Row>
<Row>
<機關名稱>衛生福利部疾病管制署</機關名稱>
<書表名稱>媒體政策及業務宣導費彙計表</書表名稱>
<年度>113</年度>
<單位>新臺幣千元</單位>
<款></款>
<項></項>
<目></目>
<節></節>
<科目名稱及編號>6557050000</科目名稱及編號>
<預算數>5563</預算數>
<預計執行內容></預計執行內容>
</Row>
<Row>
<機關名稱>衛生福利部疾病管制署</機關名稱>
<書表名稱>媒體政策及業務宣導費彙計表</書表名稱>
<年度>113</年度>
<單位>新臺幣千元</單位>
<款></款>
<項></項>
<目></目>
<節></節>
<科目名稱及編號>醫療保健支出</科目名稱及編號>
<預算數></預算數>
<預計執行內容></預計執行內容>
</Row>
<Row>
<機關名稱>衛生福利部疾病管制署</機關名稱>
<書表名稱>媒體政策及業務宣導費彙計表</書表名稱>
<年度>113</年度>
<單位>新臺幣千元</單位>
<款></款>
<項></項>
<目>3</目>
<節></節>
<科目名稱及編號>6557050200</科目名稱及編號>
<預算數>5563</預算數>
<預計執行內容></預計執行內容>
</Row>
<Row>
<機關名稱>衛生福利部疾病管制署</機關名稱>
<書表名稱>媒體政策及業務宣導費彙計表</書表名稱>
<年度>113</年度>
<單位>新臺幣千元</單位>
<款></款>
<項></項>
<目></目>
<節></節>
<科目名稱及編號>防疫業務</科目名稱及編號>
<預算數></預算數>
<預計執行內容></預計執行內容>
</Row>
</Root>
