<?xml version="1.0" encoding="UTF-8"?>
<tables>
    <BCME3420>
        <BCME3420_row>
            <budgetno/>
            <agenno/>
            <agentype/>
            <mh_budgetname>合    計</mh_budgetname>
            <displayname>合    計</displayname>
            <budgetno_conver/>
            <tyear_amt>50546844000</tyear_amt>
            <lyear_amt>89731922000</lyear_amt>
            <byear_amt>41953767974</byear_amt>
            <b_amt>-39185078000</b_amt>
            <bc_content/>
            <memo/>
        </BCME3420_row>
        <BCME3420_row>
            <budgetno>00570000000</budgetno>
            <agenno>57005</agenno>
            <agentype>C</agentype>
            <mh_budgetname>衛生福利部主管</mh_budgetname>
            <displayname>衛生福利部主管</displayname>
            <budgetno_conver>0057000000</budgetno_conver>
            <tyear_amt>50546844000</tyear_amt>
            <lyear_amt>89731922000</lyear_amt>
            <byear_amt>41953767974</byear_amt>
            <b_amt>-39185078000</b_amt>
            <bc_content/>
        </BCME3420_row>
        <BCME3420_row>
            <budgetno>00570050000</budgetno>
            <agenno>57005</agenno>
            <agentype>C</agentype>
            <mh_budgetname>疾病管制署</mh_budgetname>
            <displayname>疾病管制署</displayname>
            <budgetno_conver>0057050000</budgetno_conver>
            <tyear_amt>50546844000</tyear_amt>
            <lyear_amt>89731922000</lyear_amt>
            <byear_amt>41953767974</byear_amt>
            <b_amt>-39185078000</b_amt>
            <bc_content/>
        </BCME3420_row>
        <BCME3420_row>
            <budgetno>52570050000</budgetno>
            <agenno>57005</agenno>
            <agentype>C</agentype>
            <mh_budgetname>科學支出</mh_budgetname>
            <displayname>科學支出</displayname>
            <budgetno_conver>5257050000</budgetno_conver>
            <tyear_amt>242271000</tyear_amt>
            <lyear_amt>269263000</lyear_amt>
            <byear_amt>212021207</byear_amt>
            <b_amt>-26992000</b_amt>
            <bc_content/>
        </BCME3420_row>
        <BCME3420_row>
            <budgetno>52570050400</budgetno>
            <agenno>57005</agenno>
            <agentype>C</agentype>
            <mh_budgetname>科技業務</mh_budgetname>
            <displayname>科技業務</displayname>
            <budgetno_conver>5257050400</budgetno_conver>
            <tyear_amt>242271000</tyear_amt>
            <lyear_amt>269263000</lyear_amt>
            <byear_amt>212021207</byear_amt>
            <b_amt>-26992000</b_amt>
            <bc_content>&lt;#H1&gt;本年度預算數242,271千元，包括業務費202,982千元，設備及投資37,489千元，獎補助費1,800千元。
&lt;#H1&gt;本年度預算數之內容與上年度之比較如下：
&lt;#H2&gt;防疫科技發展研究及科技管理經費113,251千元，較上年度減列辦理登革疫苗臨床試驗資料分析等經費11,276千元。
&lt;#H2&gt;新常態創新臨床試驗環境提升計畫經費6,068千元，較上年度減列購置新興病原核酸與抗體檢驗耗材等經費1,684千元。
&lt;#H2&gt;建構動植物健康安全防護網絡經費60,772千元，較上年度減列購置人畜共通傳染病原培養與檢測試劑耗材等經費4,378千元。
&lt;#H2&gt;建構智慧防疫新生活行動計畫經費59,000千元，較上年度減列辦理醫療院所人工智慧即時疫情警示與智能諮詢服務等經費8,650千元。     
&lt;#H2&gt;衛福業務數位轉型服務躍升計畫總經費676,690千元，分5年辦理，110至112年度已編列251,954千元，本年度續編第4年經費60,721千元，本科目編列3,180千元，較上年度減列1,004千元。</bc_content>
        </BCME3420_row>
        <BCME3420_row>
            <budgetno>65570050000</budgetno>
            <agenno>57005</agenno>
            <agentype>C</agentype>
            <mh_budgetname>醫療保健支出</mh_budgetname>
            <displayname>醫療保健支出</displayname>
            <budgetno_conver>6557050000</budgetno_conver>
            <tyear_amt>50304573000</tyear_amt>
            <lyear_amt>89462659000</lyear_amt>
            <byear_amt>41741746767</byear_amt>
            <b_amt>-39158086000</b_amt>
            <bc_content/>
        </BCME3420_row>
        <BCME3420_row>
            <budgetno>65570050100</budgetno>
            <agenno>57005</agenno>
            <agentype>C</agentype>
            <mh_budgetname>一般行政</mh_budgetname>
            <displayname>一般行政</displayname>
            <budgetno_conver>6557050100</budgetno_conver>
            <tyear_amt>1076837000</tyear_amt>
            <lyear_amt>1109114000</lyear_amt>
            <byear_amt>1064834856</byear_amt>
            <b_amt>-32277000</b_amt>
            <bc_content>&lt;#H1&gt;本年度預算數1,076,837千元，包括人事費1,039,673千元，業務費34,082千元，設備及投資1,109千元，獎補助費1,973千元。 
&lt;#H1&gt;本年度預算數之內容與上年度之比較如下：
&lt;#H2&gt;人員維持費1,023,734千元，較上年度核實減列38名聘用人員等經費32,467千元。
&lt;#H2&gt;基本行政工作維持費37,164千元，與上年度同。
&lt;#H2&gt;研發替代役經費15,939千元，較上年度增列190千元，其中：
&lt;#H3&gt;新興傳染病暨流感大流行應變整備及邊境檢疫計畫總經費6,867,702千元，分6年辦理，111至112年度已編列512,948千元，本年度續編第3年經費265,146千元，本科目編列1,800千元，較上年度減列102千元。
&lt;#H3&gt;2030年消除愛滋第一期計畫總經費9,697,156千元，分5年辦理，111至112年度已編列2,760,107千元，本年度續編第3年經費1,266,050千元，本科目編列1,431千元，較上年度增列561千元。  
&lt;#H3&gt;我國加入WHO2035消除結核第二期計畫總經費6,398,790千元，分5年辦理，110至112年度已編列3,014,661千元，本年度續編第4年經費997,770千元，本科目編列1,100千元，較上年度增列230千元。 
&lt;#H3&gt;邁向全球衛生安全－抗生素抗藥性管理行動策略計畫總經費84,610千元，分5年辦理，109至112年度已編列69,706千元，本年度續編最後1年經費14,904千元，新增本科目編列619千元。</bc_content>
        </BCME3420_row>
        <BCME3420_row>
            <budgetno>65570050200</budgetno>
            <agenno>57005</agenno>
            <agentype>C</agentype>
            <mh_budgetname>防疫業務</mh_budgetname>
            <displayname>防疫業務</displayname>
            <budgetno_conver>6557050200</budgetno_conver>
            <tyear_amt>49026325000</tyear_amt>
            <lyear_amt>88050533000</lyear_amt>
            <byear_amt>40503293911</byear_amt>
            <b_amt>-39024208000</b_amt>
            <bc_content>&lt;#H1&gt;本年度預算數49,026,325千元，包括業務費15,722,803千元，設備及投資79,406千元，獎補助費33,224,116千元。
&lt;#H1&gt;本年度預算數之內容與上年度之比較如下：
&lt;#H2&gt;傳染病防治及應變規劃經費269,037千元，較上年度減列辦理分枝桿菌實驗室軟硬體改善優化等經費4,830千元。
&lt;#H2&gt;急性傳染病流行風險監控與管理第三期計畫總經費314,977千元，分4年辦理，110至112年度已編列238,031千元，本年度續編最後1年經費76,946千元，與上年度同。
&lt;#H2&gt;新興傳染病暨流感大流行應變整備及邊境檢疫計畫總經費6,867,702千元，分6年辦理，111至112年度已編列512,948千元，本年度續編第3年經費265,146千元，本科目編列263,346千元，較上年度增列361千元。
&lt;#H2&gt;愛滋防治計畫經費1,303,829千元，較上年度減列54,871千元，包括：
&lt;#H3&gt;2030年消除愛滋第一期計畫總經費9,697,156千元，分5年辦理，111至112年度已編列2,760,107千元，本年度續編第3年經費1,266,050千元，本科目編列1,264,619千元，較上年度減列94,081千元。 
&lt;#H3&gt;新增辦理注射藥癮者清潔針具服務經費39,210千元。&lt;#H2&gt;我國加入WHO2035消除結核第二期計畫總經費6,398,790千元，分5年辦理，110至112年度已編列3,014,661千元，本年度續編第4年經費997,770千元，本科目編列996,670千元，較上年度減列230千元。
&lt;#H2&gt;新南向醫衛合作與產業鏈發展中長程計畫第二期總經費1,692,256千元，分4年辦理，111至112年度已編列412,084千元，本年度續編第3年經費192,404千元，本科目編列4,696千元，與上年度同。
&lt;#H2&gt;邁向全球衛生安全－抗生素抗藥性管理行動策略計畫總經費84,610千元，分5年辦理，109至112年度已編列69,706千元，本年度續編最後1年經費14,904千元，本科目編列14,285千元，較上年度減列619千元。 
&lt;#H2&gt;建構新世代國家傳染病檢驗網絡強化防疫檢驗量能計畫總經費1,432,446千元，分6年辦理，109至112年度已編列176,712千元，本年度續編第5年經費39,500千元，與上年度同。 
&lt;#H2&gt;肺炎防治經費42,034,852千元，較上年度減列採購抗病毒藥物及隔離治療等經費41,938,677千元。 
&lt;#H2&gt;新增充實國家疫苗基金經費4,023,164千元。 
&lt;#H2&gt;上年度充實國家疫苗基金及促進國民免疫力第三期計畫預算業已編竣，所列1,048,506千元如數減列。</bc_content>
        </BCME3420_row>
        <BCME3420_row>
            <budgetno>65570059000</budgetno>
            <agenno>57005</agenno>
            <agentype>C</agentype>
            <mh_budgetname>一般建築及設備</mh_budgetname>
            <displayname>一般建築及設備</displayname>
            <budgetno_conver>6557059000</budgetno_conver>
            <tyear_amt>201361000</tyear_amt>
            <lyear_amt>302962000</lyear_amt>
            <byear_amt>173618000</byear_amt>
            <b_amt>-101601000</b_amt>
            <bc_content/>
        </BCME3420_row>
        <BCME3420_row>
            <budgetno>65570059002</budgetno>
            <agenno>57005</agenno>
            <agentype>C</agentype>
            <mh_budgetname>營建工程</mh_budgetname>
            <displayname>營建工程</displayname>
            <budgetno_conver>6557059002</budgetno_conver>
            <tyear_amt>201361000</tyear_amt>
            <lyear_amt>302962000</lyear_amt>
            <byear_amt>173618000</byear_amt>
            <b_amt>-101601000</b_amt>
            <bc_content>&lt;#H1&gt;本年度預算數201,361千元，包括業務費52,625千元，設備及投資148,736千元。
&lt;#H1&gt;衛生福利部防疫中心興建工程計畫總經費6,735,459千元，分7年辦理，110至112年度已編列479,380千元，本年度續編第4年經費201,361千元，較上年度減列101,601千元。</bc_content>
        </BCME3420_row>
        <BCME3420_row>
            <budgetno>65570059800</budgetno>
            <agenno>57005</agenno>
            <agentype>C</agentype>
            <mh_budgetname>第一預備金</mh_budgetname>
            <displayname>第一預備金</displayname>
            <budgetno_conver>6557059800</budgetno_conver>
            <tyear_amt>50000</tyear_amt>
            <lyear_amt>50000</lyear_amt>
            <byear_amt>0</byear_amt>
            <b_amt>0</b_amt>
            <bc_content>仍照上年度預算數編列。</bc_content>
        </BCME3420_row>
    </BCME3420>
</tables>
