<?xml version="1.0" encoding="UTF-8"?>
<tables>
    <BCME3450>
        <BCME3450_row>
            <objectNo>合計</objectNo>
            <budget>
                <budgetno_6557050100>1076837.00</budgetno_6557050100>
                <budgetno_5257050400>242271.00</budgetno_5257050400>
                <budgetno_6557050200>49026325.00</budgetno_6557050200>
                <budgetno_6557059002>201361.00</budgetno_6557059002>
                <budgetno_6557059800>50.00</budgetno_6557059800>
            </budget>
            <total>50546844.00</total>
        </BCME3450_row>
        <BCME3450_row>
            <objectNo>1000 人事費</objectNo>
            <budget>
                <budgetno_6557050100>1039673.00</budgetno_6557050100>
                <budgetno_5257050400/>
                <budgetno_6557050200/>
                <budgetno_6557059002/>
                <budgetno_6557059800/>
            </budget>
            <total>1039673.00</total>
        </BCME3450_row>
        <BCME3450_row>
            <objectNo>  1015 法定編制人員待遇</objectNo>
            <budget>
                <budgetno_6557050100>644377.00</budgetno_6557050100>
                <budgetno_5257050400/>
                <budgetno_6557050200/>
                <budgetno_6557059002/>
                <budgetno_6557059800/>
            </budget>
            <total>644377.00</total>
        </BCME3450_row>
        <BCME3450_row>
            <objectNo>  1020 約聘僱人員待遇</objectNo>
            <budget>
                <budgetno_6557050100>2525.00</budgetno_6557050100>
                <budgetno_5257050400/>
                <budgetno_6557050200/>
                <budgetno_6557059002/>
                <budgetno_6557059800/>
            </budget>
            <total>2525.00</total>
        </BCME3450_row>
        <BCME3450_row>
            <objectNo>  1025 技工及工友待遇</objectNo>
            <budget>
                <budgetno_6557050100>23369.00</budgetno_6557050100>
                <budgetno_5257050400/>
                <budgetno_6557050200/>
                <budgetno_6557059002/>
                <budgetno_6557059800/>
            </budget>
            <total>23369.00</total>
        </BCME3450_row>
        <BCME3450_row>
            <objectNo>  1030 獎金</objectNo>
            <budget>
                <budgetno_6557050100>191269.00</budgetno_6557050100>
                <budgetno_5257050400/>
                <budgetno_6557050200/>
                <budgetno_6557059002/>
                <budgetno_6557059800/>
            </budget>
            <total>191269.00</total>
        </BCME3450_row>
        <BCME3450_row>
            <objectNo>  1035 其他給與</objectNo>
            <budget>
                <budgetno_6557050100>14336.00</budgetno_6557050100>
                <budgetno_5257050400/>
                <budgetno_6557050200/>
                <budgetno_6557059002/>
                <budgetno_6557059800/>
            </budget>
            <total>14336.00</total>
        </BCME3450_row>
        <BCME3450_row>
            <objectNo>  1040 加班費</objectNo>
            <budget>
                <budgetno_6557050100>33029.00</budgetno_6557050100>
                <budgetno_5257050400/>
                <budgetno_6557050200/>
                <budgetno_6557059002/>
                <budgetno_6557059800/>
            </budget>
            <total>33029.00</total>
        </BCME3450_row>
        <BCME3450_row>
            <objectNo>  1045 退休退職給付</objectNo>
            <budget>
                <budgetno_6557050100>3598.00</budgetno_6557050100>
                <budgetno_5257050400/>
                <budgetno_6557050200/>
                <budgetno_6557059002/>
                <budgetno_6557059800/>
            </budget>
            <total>3598.00</total>
        </BCME3450_row>
        <BCME3450_row>
            <objectNo>  1050 退休離職儲金</objectNo>
            <budget>
                <budgetno_6557050100>68601.00</budgetno_6557050100>
                <budgetno_5257050400/>
                <budgetno_6557050200/>
                <budgetno_6557059002/>
                <budgetno_6557059800/>
            </budget>
            <total>68601.00</total>
        </BCME3450_row>
        <BCME3450_row>
            <objectNo>  1055 保險</objectNo>
            <budget>
                <budgetno_6557050100>58569.00</budgetno_6557050100>
                <budgetno_5257050400/>
                <budgetno_6557050200/>
                <budgetno_6557059002/>
                <budgetno_6557059800/>
            </budget>
            <total>58569.00</total>
        </BCME3450_row>
        <BCME3450_row>
            <objectNo>2000 業務費</objectNo>
            <budget>
                <budgetno_6557050100>34082.00</budgetno_6557050100>
                <budgetno_5257050400>202982.00</budgetno_5257050400>
                <budgetno_6557050200>15722803.00</budgetno_6557050200>
                <budgetno_6557059002>52625.00</budgetno_6557059002>
                <budgetno_6557059800/>
            </budget>
            <total>16012492.00</total>
        </BCME3450_row>
        <BCME3450_row>
            <objectNo>  2003 教育訓練費</objectNo>
            <budget>
                <budgetno_6557050100>215.00</budgetno_6557050100>
                <budgetno_5257050400>228.00</budgetno_5257050400>
                <budgetno_6557050200>4879.00</budgetno_6557050200>
                <budgetno_6557059002/>
                <budgetno_6557059800/>
            </budget>
            <total>5322.00</total>
        </BCME3450_row>
        <BCME3450_row>
            <objectNo>  2006 水電費</objectNo>
            <budget>
                <budgetno_6557050100>4635.00</budgetno_6557050100>
                <budgetno_5257050400>4607.00</budgetno_5257050400>
                <budgetno_6557050200>23242.00</budgetno_6557050200>
                <budgetno_6557059002/>
                <budgetno_6557059800/>
            </budget>
            <total>32484.00</total>
        </BCME3450_row>
        <BCME3450_row>
            <objectNo>  2009 通訊費</objectNo>
            <budget>
                <budgetno_6557050100>1000.00</budgetno_6557050100>
                <budgetno_5257050400>2503.00</budgetno_5257050400>
                <budgetno_6557050200>9206.00</budgetno_6557050200>
                <budgetno_6557059002/>
                <budgetno_6557059800/>
            </budget>
            <total>12709.00</total>
        </BCME3450_row>
        <BCME3450_row>
            <objectNo>  2012 土地租金</objectNo>
            <budget>
                <budgetno_6557050100/>
                <budgetno_5257050400/>
                <budgetno_6557050200>3335.00</budgetno_6557050200>
                <budgetno_6557059002/>
                <budgetno_6557059800/>
            </budget>
            <total>3335.00</total>
        </BCME3450_row>
        <BCME3450_row>
            <objectNo>  2015 權利使用費</objectNo>
            <budget>
                <budgetno_6557050100/>
                <budgetno_5257050400>50.00</budgetno_5257050400>
                <budgetno_6557050200>103.00</budgetno_6557050200>
                <budgetno_6557059002/>
                <budgetno_6557059800/>
            </budget>
            <total>153.00</total>
        </BCME3450_row>
        <BCME3450_row>
            <objectNo>  2018 資訊服務費</objectNo>
            <budget>
                <budgetno_6557050100/>
                <budgetno_5257050400>34030.00</budgetno_5257050400>
                <budgetno_6557050200>56395.00</budgetno_6557050200>
                <budgetno_6557059002/>
                <budgetno_6557059800/>
            </budget>
            <total>90425.00</total>
        </BCME3450_row>
        <BCME3450_row>
            <objectNo>  2021 其他業務租金</objectNo>
            <budget>
                <budgetno_6557050100>543.00</budgetno_6557050100>
                <budgetno_5257050400>350.00</budgetno_5257050400>
                <budgetno_6557050200>8934.00</budgetno_6557050200>
                <budgetno_6557059002>12000.00</budgetno_6557059002>
                <budgetno_6557059800/>
            </budget>
            <total>21827.00</total>
        </BCME3450_row>
        <BCME3450_row>
            <objectNo>  2024 稅捐及規費</objectNo>
            <budget>
                <budgetno_6557050100>962.00</budgetno_6557050100>
                <budgetno_5257050400/>
                <budgetno_6557050200>128.00</budgetno_6557050200>
                <budgetno_6557059002/>
                <budgetno_6557059800/>
            </budget>
            <total>1090.00</total>
        </BCME3450_row>
        <BCME3450_row>
            <objectNo>  2027 保險費</objectNo>
            <budget>
                <budgetno_6557050100>124.00</budgetno_6557050100>
                <budgetno_5257050400>100.00</budgetno_5257050400>
                <budgetno_6557050200>260.00</budgetno_6557050200>
                <budgetno_6557059002/>
                <budgetno_6557059800/>
            </budget>
            <total>484.00</total>
        </BCME3450_row>
        <BCME3450_row>
            <objectNo>  2030 兼職費</objectNo>
            <budget>
                <budgetno_6557050100/>
                <budgetno_5257050400/>
                <budgetno_6557050200>5760.00</budgetno_6557050200>
                <budgetno_6557059002/>
                <budgetno_6557059800/>
            </budget>
            <total>5760.00</total>
        </BCME3450_row>
        <BCME3450_row>
            <objectNo>  2033 臨時人員酬金</objectNo>
            <budget>
                <budgetno_6557050100>3159.00</budgetno_6557050100>
                <budgetno_5257050400>32655.00</budgetno_5257050400>
                <budgetno_6557050200>52812.00</budgetno_6557050200>
                <budgetno_6557059002/>
                <budgetno_6557059800/>
            </budget>
            <total>88626.00</total>
        </BCME3450_row>
        <BCME3450_row>
            <objectNo>  2036 按日按件計資酬金</objectNo>
            <budget>
                <budgetno_6557050100>507.00</budgetno_6557050100>
                <budgetno_5257050400>2101.00</budgetno_5257050400>
                <budgetno_6557050200>5799.00</budgetno_6557050200>
                <budgetno_6557059002/>
                <budgetno_6557059800/>
            </budget>
            <total>8407.00</total>
        </BCME3450_row>
        <BCME3450_row>
            <objectNo>  2039 委辦費</objectNo>
            <budget>
                <budgetno_6557050100/>
                <budgetno_5257050400>59849.00</budgetno_5257050400>
                <budgetno_6557050200>640460.00</budgetno_6557050200>
                <budgetno_6557059002/>
                <budgetno_6557059800/>
            </budget>
            <total>700309.00</total>
        </BCME3450_row>
        <BCME3450_row>
            <objectNo>  2042 國際組織會費</objectNo>
            <budget>
                <budgetno_6557050100/>
                <budgetno_5257050400/>
                <budgetno_6557050200>65.00</budgetno_6557050200>
                <budgetno_6557059002/>
                <budgetno_6557059800/>
            </budget>
            <total>65.00</total>
        </BCME3450_row>
        <BCME3450_row>
            <objectNo>  2045 國內組織會費</objectNo>
            <budget>
                <budgetno_6557050100/>
                <budgetno_5257050400>25.00</budgetno_5257050400>
                <budgetno_6557050200>695.00</budgetno_6557050200>
                <budgetno_6557059002/>
                <budgetno_6557059800/>
            </budget>
            <total>720.00</total>
        </BCME3450_row>
        <BCME3450_row>
            <objectNo>  2051 物品</objectNo>
            <budget>
                <budgetno_6557050100>2856.00</budgetno_6557050100>
                <budgetno_5257050400>52415.00</budgetno_5257050400>
                <budgetno_6557050200>14599591.00</budgetno_6557050200>
                <budgetno_6557059002/>
                <budgetno_6557059800/>
            </budget>
            <total>14654862.00</total>
        </BCME3450_row>
        <BCME3450_row>
            <objectNo>  2054 一般事務費</objectNo>
            <budget>
                <budgetno_6557050100>16329.00</budgetno_6557050100>
                <budgetno_5257050400>10789.00</budgetno_5257050400>
                <budgetno_6557050200>96747.00</budgetno_6557050200>
                <budgetno_6557059002>39825.00</budgetno_6557059002>
                <budgetno_6557059800/>
            </budget>
            <total>163690.00</total>
        </BCME3450_row>
        <BCME3450_row>
            <objectNo>  2063 房屋建築養護費</objectNo>
            <budget>
                <budgetno_6557050100>1100.00</budgetno_6557050100>
                <budgetno_5257050400/>
                <budgetno_6557050200>4956.00</budgetno_6557050200>
                <budgetno_6557059002/>
                <budgetno_6557059800/>
            </budget>
            <total>6056.00</total>
        </BCME3450_row>
        <BCME3450_row>
            <objectNo>  2066 車輛及辦公器具養護費</objectNo>
            <budget>
                <budgetno_6557050100>241.00</budgetno_6557050100>
                <budgetno_5257050400/>
                <budgetno_6557050200>918.00</budgetno_6557050200>
                <budgetno_6557059002/>
                <budgetno_6557059800/>
            </budget>
            <total>1159.00</total>
        </BCME3450_row>
        <BCME3450_row>
            <objectNo>  2069 設施及機械設備養護費</objectNo>
            <budget>
                <budgetno_6557050100>1819.00</budgetno_6557050100>
                <budgetno_5257050400>2065.00</budgetno_5257050400>
                <budgetno_6557050200>24036.00</budgetno_6557050200>
                <budgetno_6557059002/>
                <budgetno_6557059800/>
            </budget>
            <total>27920.00</total>
        </BCME3450_row>
        <BCME3450_row>
            <objectNo>  2072 國內旅費</objectNo>
            <budget>
                <budgetno_6557050100>340.00</budgetno_6557050100>
                <budgetno_5257050400>950.00</budgetno_5257050400>
                <budgetno_6557050200>5420.00</budgetno_6557050200>
                <budgetno_6557059002>800.00</budgetno_6557059002>
                <budgetno_6557059800/>
            </budget>
            <total>7510.00</total>
        </BCME3450_row>
        <BCME3450_row>
            <objectNo>  2075 大陸地區旅費</objectNo>
            <budget>
                <budgetno_6557050100/>
                <budgetno_5257050400/>
                <budgetno_6557050200>34.00</budgetno_6557050200>
                <budgetno_6557059002/>
                <budgetno_6557059800/>
            </budget>
            <total>34.00</total>
        </BCME3450_row>
        <BCME3450_row>
            <objectNo>  2078 國外旅費</objectNo>
            <budget>
                <budgetno_6557050100/>
                <budgetno_5257050400/>
                <budgetno_6557050200>1579.00</budgetno_6557050200>
                <budgetno_6557059002/>
                <budgetno_6557059800/>
            </budget>
            <total>1579.00</total>
        </BCME3450_row>
        <BCME3450_row>
            <objectNo>  2081 運費</objectNo>
            <budget>
                <budgetno_6557050100>24.00</budgetno_6557050100>
                <budgetno_5257050400>245.00</budgetno_5257050400>
                <budgetno_6557050200>177271.00</budgetno_6557050200>
                <budgetno_6557059002/>
                <budgetno_6557059800/>
            </budget>
            <total>177540.00</total>
        </BCME3450_row>
        <BCME3450_row>
            <objectNo>  2084 短程車資</objectNo>
            <budget>
                <budgetno_6557050100>10.00</budgetno_6557050100>
                <budgetno_5257050400>20.00</budgetno_5257050400>
                <budgetno_6557050200>178.00</budgetno_6557050200>
                <budgetno_6557059002/>
                <budgetno_6557059800/>
            </budget>
            <total>208.00</total>
        </BCME3450_row>
        <BCME3450_row>
            <objectNo>  2093 特別費</objectNo>
            <budget>
                <budgetno_6557050100>218.00</budgetno_6557050100>
                <budgetno_5257050400/>
                <budgetno_6557050200/>
                <budgetno_6557059002/>
                <budgetno_6557059800/>
            </budget>
            <total>218.00</total>
        </BCME3450_row>
        <BCME3450_row>
            <objectNo>3000 設備及投資</objectNo>
            <budget>
                <budgetno_6557050100>1109.00</budgetno_6557050100>
                <budgetno_5257050400>37489.00</budgetno_5257050400>
                <budgetno_6557050200>79406.00</budgetno_6557050200>
                <budgetno_6557059002>148736.00</budgetno_6557059002>
                <budgetno_6557059800/>
            </budget>
            <total>266740.00</total>
        </BCME3450_row>
        <BCME3450_row>
            <objectNo>  3010 房屋建築及設備費</objectNo>
            <budget>
                <budgetno_6557050100/>
                <budgetno_5257050400/>
                <budgetno_6557050200>2680.00</budgetno_6557050200>
                <budgetno_6557059002>148736.00</budgetno_6557059002>
                <budgetno_6557059800/>
            </budget>
            <total>151416.00</total>
        </BCME3450_row>
        <BCME3450_row>
            <objectNo>  3020 機械設備費</objectNo>
            <budget>
                <budgetno_6557050100/>
                <budgetno_5257050400>5650.00</budgetno_5257050400>
                <budgetno_6557050200>16433.00</budgetno_6557050200>
                <budgetno_6557059002/>
                <budgetno_6557059800/>
            </budget>
            <total>22083.00</total>
        </BCME3450_row>
        <BCME3450_row>
            <objectNo>  3025 運輸設備費</objectNo>
            <budget>
                <budgetno_6557050100/>
                <budgetno_5257050400/>
                <budgetno_6557050200>1071.00</budgetno_6557050200>
                <budgetno_6557059002/>
                <budgetno_6557059800/>
            </budget>
            <total>1071.00</total>
        </BCME3450_row>
        <BCME3450_row>
            <objectNo>  3030 資訊軟硬體設備費</objectNo>
            <budget>
                <budgetno_6557050100/>
                <budgetno_5257050400>31647.00</budgetno_5257050400>
                <budgetno_6557050200>40555.00</budgetno_6557050200>
                <budgetno_6557059002/>
                <budgetno_6557059800/>
            </budget>
            <total>72202.00</total>
        </BCME3450_row>
        <BCME3450_row>
            <objectNo>  3035 雜項設備費</objectNo>
            <budget>
                <budgetno_6557050100>1109.00</budgetno_6557050100>
                <budgetno_5257050400>192.00</budgetno_5257050400>
                <budgetno_6557050200>18667.00</budgetno_6557050200>
                <budgetno_6557059002/>
                <budgetno_6557059800/>
            </budget>
            <total>19968.00</total>
        </BCME3450_row>
        <BCME3450_row>
            <objectNo>4000 獎補助費</objectNo>
            <budget>
                <budgetno_6557050100>1973.00</budgetno_6557050100>
                <budgetno_5257050400>1800.00</budgetno_5257050400>
                <budgetno_6557050200>33224116.00</budgetno_6557050200>
                <budgetno_6557059002/>
                <budgetno_6557059800/>
            </budget>
            <total>33227889.00</total>
        </BCME3450_row>
        <BCME3450_row>
            <objectNo>  4005 對直轄市政府之補助</objectNo>
            <budget>
                <budgetno_6557050100/>
                <budgetno_5257050400/>
                <budgetno_6557050200>59682.00</budgetno_6557050200>
                <budgetno_6557059002/>
                <budgetno_6557059800/>
            </budget>
            <total>59682.00</total>
        </BCME3450_row>
        <BCME3450_row>
            <objectNo>  4010 對各縣市政府之補助</objectNo>
            <budget>
                <budgetno_6557050100/>
                <budgetno_5257050400/>
                <budgetno_6557050200>74468.00</budgetno_6557050200>
                <budgetno_6557059002/>
                <budgetno_6557059800/>
            </budget>
            <total>74468.00</total>
        </BCME3450_row>
        <BCME3450_row>
            <objectNo>  4025 政府機關間之補助</objectNo>
            <budget>
                <budgetno_6557050100/>
                <budgetno_5257050400/>
                <budgetno_6557050200>1238.00</budgetno_6557050200>
                <budgetno_6557059002/>
                <budgetno_6557059800/>
            </budget>
            <total>1238.00</total>
        </BCME3450_row>
        <BCME3450_row>
            <objectNo>  4030 對特種基金之補助</objectNo>
            <budget>
                <budgetno_6557050100/>
                <budgetno_5257050400/>
                <budgetno_6557050200>29139332.00</budgetno_6557050200>
                <budgetno_6557059002/>
                <budgetno_6557059800/>
            </budget>
            <total>29139332.00</total>
        </BCME3450_row>
        <BCME3450_row>
            <objectNo>  4040 對國內團體之捐助</objectNo>
            <budget>
                <budgetno_6557050100/>
                <budgetno_5257050400/>
                <budgetno_6557050200>22360.00</budgetno_6557050200>
                <budgetno_6557059002/>
                <budgetno_6557059800/>
            </budget>
            <total>22360.00</total>
        </BCME3450_row>
        <BCME3450_row>
            <objectNo>  4045 對私校之獎助</objectNo>
            <budget>
                <budgetno_6557050100/>
                <budgetno_5257050400/>
                <budgetno_6557050200>280.00</budgetno_6557050200>
                <budgetno_6557059002/>
                <budgetno_6557059800/>
            </budget>
            <total>280.00</total>
        </BCME3450_row>
        <BCME3450_row>
            <objectNo>  4060 對公保軍保退撫基金之補助及挹注</objectNo>
            <budget>
                <budgetno_6557050100>498.00</budgetno_6557050100>
                <budgetno_5257050400/>
                <budgetno_6557050200/>
                <budgetno_6557059002/>
                <budgetno_6557059800/>
            </budget>
            <total>498.00</total>
        </BCME3450_row>
        <BCME3450_row>
            <objectNo>  4065 社會福利津貼及濟助</objectNo>
            <budget>
                <budgetno_6557050100/>
                <budgetno_5257050400/>
                <budgetno_6557050200>3924133.00</budgetno_6557050200>
                <budgetno_6557059002/>
                <budgetno_6557059800/>
            </budget>
            <total>3924133.00</total>
        </BCME3450_row>
        <BCME3450_row>
            <objectNo>  4075 差額補貼</objectNo>
            <budget>
                <budgetno_6557050100>203.00</budgetno_6557050100>
                <budgetno_5257050400/>
                <budgetno_6557050200/>
                <budgetno_6557059002/>
                <budgetno_6557059800/>
            </budget>
            <total>203.00</total>
        </BCME3450_row>
        <BCME3450_row>
            <objectNo>  4085 獎勵及慰問</objectNo>
            <budget>
                <budgetno_6557050100>1272.00</budgetno_6557050100>
                <budgetno_5257050400>1800.00</budgetno_5257050400>
                <budgetno_6557050200>2413.00</budgetno_6557050200>
                <budgetno_6557059002/>
                <budgetno_6557059800/>
            </budget>
            <total>5485.00</total>
        </BCME3450_row>
        <BCME3450_row>
            <objectNo>  4090 其他補助及捐助</objectNo>
            <budget>
                <budgetno_6557050100/>
                <budgetno_5257050400/>
                <budgetno_6557050200>210.00</budgetno_6557050200>
                <budgetno_6557059002/>
                <budgetno_6557059800/>
            </budget>
            <total>210.00</total>
        </BCME3450_row>
        <BCME3450_row>
            <objectNo>6000 預備金</objectNo>
            <budget>
                <budgetno_6557050100/>
                <budgetno_5257050400/>
                <budgetno_6557050200/>
                <budgetno_6557059002/>
                <budgetno_6557059800>50.00</budgetno_6557059800>
            </budget>
            <total>50.00</total>
        </BCME3450_row>
        <BCME3450_row>
            <objectNo>  6005 第一預備金</objectNo>
            <budget>
                <budgetno_6557050100/>
                <budgetno_5257050400/>
                <budgetno_6557050200/>
                <budgetno_6557059002/>
                <budgetno_6557059800>50.00</budgetno_6557059800>
            </budget>
            <total>50.00</total>
        </BCME3450_row>
    </BCME3450>
</tables>
