<?xml version="1.0" encoding="UTF-8"?>
<tables>
    <BCTDOUTGO>
        <BCTDOUTGO_row>
            <bm_fiscalyear>113</bm_fiscalyear>
            <bm_fundkind>1</bm_fundkind>
            <bm_budgetkind>1</bm_budgetkind>
            <bm_specialbudgetno/>
            <bm_agenno>57005</bm_agenno>
            <bm_agentype>C</bm_agentype>
            <bm_budgetstate>1</bm_budgetstate>
            <bm_abroadplan>1</bm_abroadplan>
            <bm_projtype>8 </bm_projtype>
            <bm_projno>01</bm_projno>
            <bm_abroadplanname>緊急或新興傳染病疫情調查研習</bm_abroadplanname>
            <bm_visitsts>0</bm_visitsts>
            <bm_visitexplain/>
            <bm_dispatchstaffs>0</bm_dispatchstaffs>
            <bm_abroadsite1/>
            <bm_abroadsite2/>
            <bm_abroadsite3/>
            <bm_abroadperiod1/>
            <bm_abroadperiodto1/>
            <bm_abroadperiod2/>
            <bm_abroadperiodto2/>
            <bm_abroadperiod3/>
            <bm_abroadperiodto3/>
            <bm_abroadstaffs1>0</bm_abroadstaffs1>
            <bm_abroadstaffs2>0</bm_abroadstaffs2>
            <bm_abroadstaffs3>0</bm_abroadstaffs3>
            <bm_abroadallowance1>0.00</bm_abroadallowance1>
            <bm_abroadallowance2>0.00</bm_abroadallowance2>
            <bm_abroadallowance3>0.00</bm_abroadallowance3>
            <bm_budgetno>65570050200</bm_budgetno>
            <bm_regionno>43</bm_regionno>
            <bm_country>歐美亞太非洲</bm_country>
            <bm_agency/>
            <bm_cont_text>&amp;lt;#H1&amp;gt;派員赴發生緊急或新興傳染病之地區，學習國內罕見傳染病之疫情調查及防治技能，將疫病阻絕於境外，保護國人健康。&#xd;
&amp;lt;#H1&amp;gt;學習國際疫情調查模式，提升參與國際衛生防疫事務之經驗。</bm_cont_text>
            <bm_durationfrom>11301</bm_durationfrom>
            <bm_durationto>11312</bm_durationto>
            <bm_days>7</bm_days>
            <bm_persons>2</bm_persons>
            <bm_amt_trans>0.00</bm_amt_trans>
            <bm_amt_life>127000.00</bm_amt_life>
            <bm_amt_public>0.00</bm_amt_public>
            <bm_amt_books>30000.00</bm_amt_books>
            <bm_amt_flight>93000.00</bm_amt_flight>
            <bm_versiondate/>
        </BCTDOUTGO_row>
        <BCTDOUTGO_row>
            <bm_fiscalyear>113</bm_fiscalyear>
            <bm_fundkind>1</bm_fundkind>
            <bm_budgetkind>1</bm_budgetkind>
            <bm_specialbudgetno/>
            <bm_agenno>57005</bm_agenno>
            <bm_agentype>C</bm_agentype>
            <bm_budgetstate>1</bm_budgetstate>
            <bm_abroadplan>1</bm_abroadplan>
            <bm_projtype>8 </bm_projtype>
            <bm_projno>02</bm_projno>
            <bm_abroadplanname>國際衛生組織舉辦之傳染病防治研習或技術訓練計畫</bm_abroadplanname>
            <bm_visitsts>0</bm_visitsts>
            <bm_visitexplain/>
            <bm_dispatchstaffs>0</bm_dispatchstaffs>
            <bm_abroadsite1/>
            <bm_abroadsite2/>
            <bm_abroadsite3/>
            <bm_abroadperiod1/>
            <bm_abroadperiodto1/>
            <bm_abroadperiod2/>
            <bm_abroadperiodto2/>
            <bm_abroadperiod3/>
            <bm_abroadperiodto3/>
            <bm_abroadstaffs1>0</bm_abroadstaffs1>
            <bm_abroadstaffs2>0</bm_abroadstaffs2>
            <bm_abroadstaffs3>0</bm_abroadstaffs3>
            <bm_abroadallowance1>0.00</bm_abroadallowance1>
            <bm_abroadallowance2>0.00</bm_abroadallowance2>
            <bm_abroadallowance3>0.00</bm_abroadallowance3>
            <bm_budgetno>65570050200</bm_budgetno>
            <bm_regionno>43</bm_regionno>
            <bm_country>歐美亞太非洲</bm_country>
            <bm_agency/>
            <bm_cont_text>參加重要國際組織舉辦之疫情防治課程，研習傳染病防治等新知及技術，提升我國防疫量能，並建立國際人脈，加強雙（多）邊合作技術交流，藉以提升我國之國際能見度。</bm_cont_text>
            <bm_durationfrom>11301</bm_durationfrom>
            <bm_durationto>11312</bm_durationto>
            <bm_days>8</bm_days>
            <bm_persons>1</bm_persons>
            <bm_amt_trans>0.00</bm_amt_trans>
            <bm_amt_life>64000.00</bm_amt_life>
            <bm_amt_public>0.00</bm_amt_public>
            <bm_amt_books>20000.00</bm_amt_books>
            <bm_amt_flight>76000.00</bm_amt_flight>
            <bm_versiondate/>
        </BCTDOUTGO_row>
        <BCTDOUTGO_row>
            <bm_fiscalyear>113</bm_fiscalyear>
            <bm_fundkind>1</bm_fundkind>
            <bm_budgetkind>1</bm_budgetkind>
            <bm_specialbudgetno/>
            <bm_agenno>57005</bm_agenno>
            <bm_agentype>C</bm_agentype>
            <bm_budgetstate>1</bm_budgetstate>
            <bm_abroadplan>1</bm_abroadplan>
            <bm_projtype>8 </bm_projtype>
            <bm_projno>03</bm_projno>
            <bm_abroadplanname>赴日本國立感染症研究所（NIID）研習傳染病防治相關研究成果與經驗交流</bm_abroadplanname>
            <bm_visitsts>0</bm_visitsts>
            <bm_visitexplain/>
            <bm_dispatchstaffs>0</bm_dispatchstaffs>
            <bm_abroadsite1/>
            <bm_abroadsite2/>
            <bm_abroadsite3/>
            <bm_abroadperiod1/>
            <bm_abroadperiodto1/>
            <bm_abroadperiod2/>
            <bm_abroadperiodto2/>
            <bm_abroadperiod3/>
            <bm_abroadperiodto3/>
            <bm_abroadstaffs1>0</bm_abroadstaffs1>
            <bm_abroadstaffs2>0</bm_abroadstaffs2>
            <bm_abroadstaffs3>0</bm_abroadstaffs3>
            <bm_abroadallowance1>0.00</bm_abroadallowance1>
            <bm_abroadallowance2>0.00</bm_abroadallowance2>
            <bm_abroadallowance3>0.00</bm_abroadallowance3>
            <bm_budgetno>65570050200</bm_budgetno>
            <bm_regionno>43</bm_regionno>
            <bm_country>日本</bm_country>
            <bm_agency/>
            <bm_cont_text>我國與日本於92年簽署「關於嚴重急性呼吸道症候群（SARS）共同研究了解備忘錄」，自93年起每年由兩國輪流主辦防疫研習活動，針對重要傳染病防治等相關議題進行交流。</bm_cont_text>
            <bm_durationfrom>11301</bm_durationfrom>
            <bm_durationto>11312</bm_durationto>
            <bm_days>4</bm_days>
            <bm_persons>4</bm_persons>
            <bm_amt_trans>0.00</bm_amt_trans>
            <bm_amt_life>137000.00</bm_amt_life>
            <bm_amt_public>0.00</bm_amt_public>
            <bm_amt_books>16000.00</bm_amt_books>
            <bm_amt_flight>67000.00</bm_amt_flight>
            <bm_versiondate/>
        </BCTDOUTGO_row>
        <BCTDOUTGO_row>
            <bm_fiscalyear>113</bm_fiscalyear>
            <bm_fundkind>1</bm_fundkind>
            <bm_budgetkind>1</bm_budgetkind>
            <bm_specialbudgetno/>
            <bm_agenno>57005</bm_agenno>
            <bm_agentype>C</bm_agentype>
            <bm_budgetstate>1</bm_budgetstate>
            <bm_abroadplan>1</bm_abroadplan>
            <bm_projtype>8 </bm_projtype>
            <bm_projno>04</bm_projno>
            <bm_abroadplanname>執行臺美4號合作協定參加美國疾病管制與預防中心（CDC）之傳染病防治與流病疫情調查研習</bm_abroadplanname>
            <bm_visitsts/>
            <bm_visitexplain/>
            <bm_dispatchstaffs>0</bm_dispatchstaffs>
            <bm_abroadsite1/>
            <bm_abroadsite2/>
            <bm_abroadsite3/>
            <bm_abroadperiod1/>
            <bm_abroadperiodto1/>
            <bm_abroadperiod2/>
            <bm_abroadperiodto2/>
            <bm_abroadperiod3/>
            <bm_abroadperiodto3/>
            <bm_abroadstaffs1>0</bm_abroadstaffs1>
            <bm_abroadstaffs2>0</bm_abroadstaffs2>
            <bm_abroadstaffs3>0</bm_abroadstaffs3>
            <bm_abroadallowance1>0.00</bm_abroadallowance1>
            <bm_abroadallowance2>0.00</bm_abroadallowance2>
            <bm_abroadallowance3>0.00</bm_abroadallowance3>
            <bm_budgetno>65570050200</bm_budgetno>
            <bm_regionno>43</bm_regionno>
            <bm_country>美國</bm_country>
            <bm_agency/>
            <bm_cont_text>為執行我國與美國簽署之臺美4號合作協定，由本署派員參與美國CDC舉辦為期二年之傳染病防治與流病疫情調查專業人才訓練計畫案（EIS）。</bm_cont_text>
            <bm_durationfrom>11301</bm_durationfrom>
            <bm_durationto>11312</bm_durationto>
            <bm_days>222</bm_days>
            <bm_persons>2</bm_persons>
            <bm_amt_trans>0.00</bm_amt_trans>
            <bm_amt_life>533000.00</bm_amt_life>
            <bm_amt_public>0.00</bm_amt_public>
            <bm_amt_books>65000.00</bm_amt_books>
            <bm_amt_flight>90000.00</bm_amt_flight>
            <bm_versiondate/>
        </BCTDOUTGO_row>
        <BCTDOUTGO_row>
            <bm_fiscalyear>113</bm_fiscalyear>
            <bm_fundkind>1</bm_fundkind>
            <bm_budgetkind>1</bm_budgetkind>
            <bm_specialbudgetno/>
            <bm_agenno>57005</bm_agenno>
            <bm_agentype>C</bm_agentype>
            <bm_budgetstate>1</bm_budgetstate>
            <bm_abroadplan>1</bm_abroadplan>
            <bm_projtype>8 </bm_projtype>
            <bm_projno>05</bm_projno>
            <bm_abroadplanname>應用傳染病流行病學科學研習</bm_abroadplanname>
            <bm_visitsts>0</bm_visitsts>
            <bm_visitexplain/>
            <bm_dispatchstaffs>0</bm_dispatchstaffs>
            <bm_abroadsite1/>
            <bm_abroadsite2/>
            <bm_abroadsite3/>
            <bm_abroadperiod1/>
            <bm_abroadperiodto1/>
            <bm_abroadperiod2/>
            <bm_abroadperiodto2/>
            <bm_abroadperiod3/>
            <bm_abroadperiodto3/>
            <bm_abroadstaffs1>0</bm_abroadstaffs1>
            <bm_abroadstaffs2>0</bm_abroadstaffs2>
            <bm_abroadstaffs3>0</bm_abroadstaffs3>
            <bm_abroadallowance1>0.00</bm_abroadallowance1>
            <bm_abroadallowance2>0.00</bm_abroadallowance2>
            <bm_abroadallowance3>0.00</bm_abroadallowance3>
            <bm_budgetno>65570050200</bm_budgetno>
            <bm_regionno>43</bm_regionno>
            <bm_country>歐美亞太</bm_country>
            <bm_agency/>
            <bm_cont_text>藉由參加本研習，蒐集歐盟及其他先進國家之流感、呼吸道傳染病及新興傳染病等防疫最新資訊，以及推動疫苗相關研究與政策等，有助本署參與國際衛生事務、推展國際防疫合作。</bm_cont_text>
            <bm_durationfrom>11301</bm_durationfrom>
            <bm_durationto>11312</bm_durationto>
            <bm_days>7</bm_days>
            <bm_persons>1</bm_persons>
            <bm_amt_trans>0.00</bm_amt_trans>
            <bm_amt_life>51000.00</bm_amt_life>
            <bm_amt_public>0.00</bm_amt_public>
            <bm_amt_books>23000.00</bm_amt_books>
            <bm_amt_flight>70000.00</bm_amt_flight>
            <bm_versiondate/>
        </BCTDOUTGO_row>
        <BCTDOUTGO_row>
            <bm_fiscalyear>113</bm_fiscalyear>
            <bm_fundkind>1</bm_fundkind>
            <bm_budgetkind>1</bm_budgetkind>
            <bm_specialbudgetno/>
            <bm_agenno>57005</bm_agenno>
            <bm_agentype>C</bm_agentype>
            <bm_budgetstate>1</bm_budgetstate>
            <bm_abroadplan>1</bm_abroadplan>
            <bm_projtype>8 </bm_projtype>
            <bm_projno>06</bm_projno>
            <bm_abroadplanname>參加公共衛生整備研習</bm_abroadplanname>
            <bm_visitsts>0</bm_visitsts>
            <bm_visitexplain/>
            <bm_dispatchstaffs>0</bm_dispatchstaffs>
            <bm_abroadsite1/>
            <bm_abroadsite2/>
            <bm_abroadsite3/>
            <bm_abroadperiod1/>
            <bm_abroadperiodto1/>
            <bm_abroadperiod2/>
            <bm_abroadperiodto2/>
            <bm_abroadperiod3/>
            <bm_abroadperiodto3/>
            <bm_abroadstaffs1>0</bm_abroadstaffs1>
            <bm_abroadstaffs2>0</bm_abroadstaffs2>
            <bm_abroadstaffs3>0</bm_abroadstaffs3>
            <bm_abroadallowance1>0.00</bm_abroadallowance1>
            <bm_abroadallowance2>0.00</bm_abroadallowance2>
            <bm_abroadallowance3>0.00</bm_abroadallowance3>
            <bm_budgetno>65570050200</bm_budgetno>
            <bm_regionno>43</bm_regionno>
            <bm_country>歐美亞太非洲</bm_country>
            <bm_agency/>
            <bm_cont_text>藉由參與研習及工作坊，與當地公共衛生整備專家交流，獲取新知及實務經驗，以增強本署針對個人防護裝備等防疫物資之整備及應變能力。</bm_cont_text>
            <bm_durationfrom>11301</bm_durationfrom>
            <bm_durationto>11312</bm_durationto>
            <bm_days>7</bm_days>
            <bm_persons>1</bm_persons>
            <bm_amt_trans>0.00</bm_amt_trans>
            <bm_amt_life>55000.00</bm_amt_life>
            <bm_amt_public>0.00</bm_amt_public>
            <bm_amt_books>36000.00</bm_amt_books>
            <bm_amt_flight>54000.00</bm_amt_flight>
            <bm_versiondate/>
        </BCTDOUTGO_row>
        <BCTDOUTGO_row>
            <bm_fiscalyear>113</bm_fiscalyear>
            <bm_fundkind>1</bm_fundkind>
            <bm_budgetkind>1</bm_budgetkind>
            <bm_specialbudgetno/>
            <bm_agenno>57005</bm_agenno>
            <bm_agentype>C</bm_agentype>
            <bm_budgetstate>1</bm_budgetstate>
            <bm_abroadplan>1</bm_abroadplan>
            <bm_projtype>8 </bm_projtype>
            <bm_projno>07</bm_projno>
            <bm_abroadplanname>國際醫療照護感染預防研習與交流</bm_abroadplanname>
            <bm_visitsts/>
            <bm_visitexplain/>
            <bm_dispatchstaffs>0</bm_dispatchstaffs>
            <bm_abroadsite1/>
            <bm_abroadsite2/>
            <bm_abroadsite3/>
            <bm_abroadperiod1/>
            <bm_abroadperiodto1/>
            <bm_abroadperiod2/>
            <bm_abroadperiodto2/>
            <bm_abroadperiod3/>
            <bm_abroadperiodto3/>
            <bm_abroadstaffs1>0</bm_abroadstaffs1>
            <bm_abroadstaffs2>0</bm_abroadstaffs2>
            <bm_abroadstaffs3>0</bm_abroadstaffs3>
            <bm_abroadallowance1>0.00</bm_abroadallowance1>
            <bm_abroadallowance2>0.00</bm_abroadallowance2>
            <bm_abroadallowance3>0.00</bm_abroadallowance3>
            <bm_budgetno>65570050200</bm_budgetno>
            <bm_regionno>43</bm_regionno>
            <bm_country>歐美亞太非洲</bm_country>
            <bm_agency/>
            <bm_cont_text>醫療機構感染管制措施及預防醫療照護相關感染為現今國際重要之公共衛生議題，參加國際重要學會團體舉辦之相關研習課程或參訪機關／機構，以強化國內感染管制措施，提升專業能力。</bm_cont_text>
            <bm_durationfrom>11301</bm_durationfrom>
            <bm_durationto>11312</bm_durationto>
            <bm_days>8</bm_days>
            <bm_persons>1</bm_persons>
            <bm_amt_trans>0.00</bm_amt_trans>
            <bm_amt_life>64000.00</bm_amt_life>
            <bm_amt_public>0.00</bm_amt_public>
            <bm_amt_books>23000.00</bm_amt_books>
            <bm_amt_flight>58000.00</bm_amt_flight>
            <bm_versiondate/>
        </BCTDOUTGO_row>
        <BCTDOUTGO_row>
            <bm_fiscalyear>113</bm_fiscalyear>
            <bm_fundkind>1</bm_fundkind>
            <bm_budgetkind>1</bm_budgetkind>
            <bm_specialbudgetno/>
            <bm_agenno>57005</bm_agenno>
            <bm_agentype>C</bm_agentype>
            <bm_budgetstate>1</bm_budgetstate>
            <bm_abroadplan>1</bm_abroadplan>
            <bm_projtype>8 </bm_projtype>
            <bm_projno>08</bm_projno>
            <bm_abroadplanname>國際抗藥性微生物監測與防制策略研習</bm_abroadplanname>
            <bm_visitsts/>
            <bm_visitexplain/>
            <bm_dispatchstaffs>0</bm_dispatchstaffs>
            <bm_abroadsite1/>
            <bm_abroadsite2/>
            <bm_abroadsite3/>
            <bm_abroadperiod1/>
            <bm_abroadperiodto1/>
            <bm_abroadperiod2/>
            <bm_abroadperiodto2/>
            <bm_abroadperiod3/>
            <bm_abroadperiodto3/>
            <bm_abroadstaffs1>0</bm_abroadstaffs1>
            <bm_abroadstaffs2>0</bm_abroadstaffs2>
            <bm_abroadstaffs3>0</bm_abroadstaffs3>
            <bm_abroadallowance1>0.00</bm_abroadallowance1>
            <bm_abroadallowance2>0.00</bm_abroadallowance2>
            <bm_abroadallowance3>0.00</bm_abroadallowance3>
            <bm_budgetno>65570050200</bm_budgetno>
            <bm_regionno>43</bm_regionno>
            <bm_country>歐美亞太非洲</bm_country>
            <bm_agency/>
            <bm_cont_text>抗生素抗藥性為現今國際重要衛生課題，參加APSIC, ECCMID, ESCAIDE, ICEID等相關研討會議與研習課程，或拜會相關領域卓越機構實務交流，以了解國際微生物抗藥性監測與防治之研究發展趨勢及實務經驗，提升我國抗生素抗藥性管理之專業能力。</bm_cont_text>
            <bm_durationfrom>11301</bm_durationfrom>
            <bm_durationto>11312</bm_durationto>
            <bm_days>7</bm_days>
            <bm_persons>1</bm_persons>
            <bm_amt_trans>0.00</bm_amt_trans>
            <bm_amt_life>44000.00</bm_amt_life>
            <bm_amt_public>0.00</bm_amt_public>
            <bm_amt_books>28000.00</bm_amt_books>
            <bm_amt_flight>70000.00</bm_amt_flight>
            <bm_versiondate/>
        </BCTDOUTGO_row>
        <BCTDOUTGO_row>
            <bm_fiscalyear>113</bm_fiscalyear>
            <bm_fundkind>1</bm_fundkind>
            <bm_budgetkind>1</bm_budgetkind>
            <bm_specialbudgetno/>
            <bm_agenno>57005</bm_agenno>
            <bm_agentype>C</bm_agentype>
            <bm_budgetstate>1</bm_budgetstate>
            <bm_abroadplan>1</bm_abroadplan>
            <bm_projtype>8 </bm_projtype>
            <bm_projno>09</bm_projno>
            <bm_abroadplanname>國際傳染病動力學應用分析研習</bm_abroadplanname>
            <bm_visitsts/>
            <bm_visitexplain/>
            <bm_dispatchstaffs>0</bm_dispatchstaffs>
            <bm_abroadsite1/>
            <bm_abroadsite2/>
            <bm_abroadsite3/>
            <bm_abroadperiod1/>
            <bm_abroadperiodto1/>
            <bm_abroadperiod2/>
            <bm_abroadperiodto2/>
            <bm_abroadperiod3/>
            <bm_abroadperiodto3/>
            <bm_abroadstaffs1>0</bm_abroadstaffs1>
            <bm_abroadstaffs2>0</bm_abroadstaffs2>
            <bm_abroadstaffs3>0</bm_abroadstaffs3>
            <bm_abroadallowance1>0.00</bm_abroadallowance1>
            <bm_abroadallowance2>0.00</bm_abroadallowance2>
            <bm_abroadallowance3>0.00</bm_abroadallowance3>
            <bm_budgetno>65570050200</bm_budgetno>
            <bm_regionno>43</bm_regionno>
            <bm_country>歐美亞太非洲</bm_country>
            <bm_agency/>
            <bm_cont_text>參加國際傳染病動力學相關研習課程，與各國傳染病流病專家討論傳染病動力學、數理模型等議題，學習如何將監測資料應用在傳染病數理模型上，做為防疫措施及疫情推估之參考。</bm_cont_text>
            <bm_durationfrom>11301</bm_durationfrom>
            <bm_durationto>11312</bm_durationto>
            <bm_days>7</bm_days>
            <bm_persons>1</bm_persons>
            <bm_amt_trans>0.00</bm_amt_trans>
            <bm_amt_life>47000.00</bm_amt_life>
            <bm_amt_public>0.00</bm_amt_public>
            <bm_amt_books>23000.00</bm_amt_books>
            <bm_amt_flight>72000.00</bm_amt_flight>
            <bm_versiondate/>
        </BCTDOUTGO_row>
        <BCTDOUTGO_row>
            <bm_fiscalyear>113</bm_fiscalyear>
            <bm_fundkind>1</bm_fundkind>
            <bm_budgetkind>1</bm_budgetkind>
            <bm_specialbudgetno/>
            <bm_agenno>57005</bm_agenno>
            <bm_agentype>C</bm_agentype>
            <bm_budgetstate>1</bm_budgetstate>
            <bm_abroadplan>1</bm_abroadplan>
            <bm_projtype>8 </bm_projtype>
            <bm_projno>10</bm_projno>
            <bm_abroadplanname>人畜共通傳染病流行病學調查與防治研習</bm_abroadplanname>
            <bm_visitsts/>
            <bm_visitexplain/>
            <bm_dispatchstaffs>0</bm_dispatchstaffs>
            <bm_abroadsite1/>
            <bm_abroadsite2/>
            <bm_abroadsite3/>
            <bm_abroadperiod1/>
            <bm_abroadperiodto1/>
            <bm_abroadperiod2/>
            <bm_abroadperiodto2/>
            <bm_abroadperiod3/>
            <bm_abroadperiodto3/>
            <bm_abroadstaffs1>0</bm_abroadstaffs1>
            <bm_abroadstaffs2>0</bm_abroadstaffs2>
            <bm_abroadstaffs3>0</bm_abroadstaffs3>
            <bm_abroadallowance1>0.00</bm_abroadallowance1>
            <bm_abroadallowance2>0.00</bm_abroadallowance2>
            <bm_abroadallowance3>0.00</bm_abroadallowance3>
            <bm_budgetno>52570050400</bm_budgetno>
            <bm_regionno>43</bm_regionno>
            <bm_country>歐美亞太非洲</bm_country>
            <bm_agency/>
            <bm_cont_text>為因應禽流感、狂犬病等人畜共通傳染病，派員赴歐盟或美國等國家參與相關疫情監測或防治技術之訓練，並建立合作交流管道，提升我國防疫量能。</bm_cont_text>
            <bm_durationfrom>11301</bm_durationfrom>
            <bm_durationto>11312</bm_durationto>
            <bm_days>7</bm_days>
            <bm_persons>1</bm_persons>
            <bm_amt_trans>0.00</bm_amt_trans>
            <bm_amt_life>55000.00</bm_amt_life>
            <bm_amt_public>0.00</bm_amt_public>
            <bm_amt_books>27000.00</bm_amt_books>
            <bm_amt_flight>62000.00</bm_amt_flight>
            <bm_versiondate/>
        </BCTDOUTGO_row>
        <BCTDOUTGO_row>
            <bm_fiscalyear>113</bm_fiscalyear>
            <bm_fundkind>1</bm_fundkind>
            <bm_budgetkind>1</bm_budgetkind>
            <bm_specialbudgetno/>
            <bm_agenno>57005</bm_agenno>
            <bm_agentype>C</bm_agentype>
            <bm_budgetstate>1</bm_budgetstate>
            <bm_abroadplan>1</bm_abroadplan>
            <bm_projtype>8 </bm_projtype>
            <bm_projno>11</bm_projno>
            <bm_abroadplanname>提升新南向人員健康服務品質計畫</bm_abroadplanname>
            <bm_visitsts/>
            <bm_visitexplain/>
            <bm_dispatchstaffs>2</bm_dispatchstaffs>
            <bm_abroadsite1/>
            <bm_abroadsite2/>
            <bm_abroadsite3/>
            <bm_abroadperiod1/>
            <bm_abroadperiodto1/>
            <bm_abroadperiod2/>
            <bm_abroadperiodto2/>
            <bm_abroadperiod3/>
            <bm_abroadperiodto3/>
            <bm_abroadstaffs1>0</bm_abroadstaffs1>
            <bm_abroadstaffs2>0</bm_abroadstaffs2>
            <bm_abroadstaffs3>0</bm_abroadstaffs3>
            <bm_abroadallowance1>0.00</bm_abroadallowance1>
            <bm_abroadallowance2>0.00</bm_abroadallowance2>
            <bm_abroadallowance3>0.00</bm_abroadallowance3>
            <bm_budgetno>65570050200</bm_budgetno>
            <bm_regionno>43</bm_regionno>
            <bm_country>歐美亞太</bm_country>
            <bm_agency/>
            <bm_cont_text>參加國際組織活動、前往外國政府機關（構）或醫療組織等，研習各國外派高疫病風險地區人員行前諮詢、檢查與返國後健康醫療協助，或提供外國人友善醫療服務經驗等，以提升新南向人員健康服務品質。</bm_cont_text>
            <bm_durationfrom>11301</bm_durationfrom>
            <bm_durationto>11312</bm_durationto>
            <bm_days>5</bm_days>
            <bm_persons>3</bm_persons>
            <bm_amt_trans>0.00</bm_amt_trans>
            <bm_amt_life>77000.00</bm_amt_life>
            <bm_amt_public>0.00</bm_amt_public>
            <bm_amt_books>23000.00</bm_amt_books>
            <bm_amt_flight>90000.00</bm_amt_flight>
            <bm_versiondate/>
        </BCTDOUTGO_row>
    </BCTDOUTGO>
</tables>
