<?xml version="1.0" encoding="UTF-8"?>
<Root>
    <Row>
        <款>17</款>
        <項/>
        <目/>
        <節/>
        <科目名稱>衛生福利部主管</科目名稱>
        <預算科目編號>00570000000</預算科目編號>
    </Row>
    <Row>
        <款/>
        <項>2</項>
        <目/>
        <節/>
        <科目名稱>疾病管制署</科目名稱>
        <預算科目編號>00570050000</預算科目編號>
        <人事費>1039673</人事費>
        <業務費_經>16011773</業務費_經>
        <奬補助費_經>33191543</奬補助費_經>
        <債務費>0</債務費>
        <預備金_經>50</預備金_經>
        <經常支出小計>50243039</經常支出小計>
        <業務費_資>719</業務費_資>
        <設備及投資>266740</設備及投資>
        <奬補助費_資>36346</奬補助費_資>
        <預備金_資>0</預備金_資>
        <資本支出小計>303805</資本支出小計>
        <合計>50546844</合計>
    </Row>
    <Row>
        <款/>
        <項/>
        <目/>
        <節/>
        <科目名稱>科學支出</科目名稱>
        <預算科目編號>52570050000</預算科目編號>
        <人事費>0</人事費>
        <業務費_經>202982</業務費_經>
        <奬補助費_經>1800</奬補助費_經>
        <債務費>0</債務費>
        <預備金_經>0</預備金_經>
        <經常支出小計>204782</經常支出小計>
        <業務費_資>0</業務費_資>
        <設備及投資>37489</設備及投資>
        <奬補助費_資>0</奬補助費_資>
        <預備金_資>0</預備金_資>
        <資本支出小計>37489</資本支出小計>
        <合計>242271</合計>
    </Row>
    <Row>
        <款/>
        <項/>
        <目>1</目>
        <節/>
        <科目名稱>科技業務</科目名稱>
        <預算科目編號>52570050400</預算科目編號>
        <人事費>0</人事費>
        <業務費_經>202982</業務費_經>
        <奬補助費_經>1800</奬補助費_經>
        <債務費>0</債務費>
        <預備金_經>0</預備金_經>
        <經常支出小計>204782</經常支出小計>
        <業務費_資>0</業務費_資>
        <設備及投資>37489</設備及投資>
        <奬補助費_資>0</奬補助費_資>
        <預備金_資>0</預備金_資>
        <資本支出小計>37489</資本支出小計>
        <合計>242271</合計>
    </Row>
    <Row>
        <款/>
        <項/>
        <目/>
        <節/>
        <科目名稱>醫療保健支出</科目名稱>
        <預算科目編號>65570050000</預算科目編號>
        <人事費>1039673</人事費>
        <業務費_經>15808791</業務費_經>
        <奬補助費_經>33189743</奬補助費_經>
        <債務費>0</債務費>
        <預備金_經>50</預備金_經>
        <經常支出小計>50038257</經常支出小計>
        <業務費_資>719</業務費_資>
        <設備及投資>229251</設備及投資>
        <奬補助費_資>36346</奬補助費_資>
        <預備金_資>0</預備金_資>
        <資本支出小計>266316</資本支出小計>
        <合計>50304573</合計>
    </Row>
    <Row>
        <款/>
        <項/>
        <目>2</目>
        <節/>
        <科目名稱>一般行政</科目名稱>
        <預算科目編號>65570050100</預算科目編號>
        <人事費>1039673</人事費>
        <業務費_經>34082</業務費_經>
        <奬補助費_經>1973</奬補助費_經>
        <債務費>0</債務費>
        <預備金_經>0</預備金_經>
        <經常支出小計>1075728</經常支出小計>
        <業務費_資>0</業務費_資>
        <設備及投資>1109</設備及投資>
        <奬補助費_資>0</奬補助費_資>
        <預備金_資>0</預備金_資>
        <資本支出小計>1109</資本支出小計>
        <合計>1076837</合計>
    </Row>
    <Row>
        <款/>
        <項/>
        <目>3</目>
        <節/>
        <科目名稱>防疫業務</科目名稱>
        <預算科目編號>65570050200</預算科目編號>
        <人事費>0</人事費>
        <業務費_經>15722084</業務費_經>
        <奬補助費_經>33187770</奬補助費_經>
        <債務費>0</債務費>
        <預備金_經>0</預備金_經>
        <經常支出小計>48909854</經常支出小計>
        <業務費_資>719</業務費_資>
        <設備及投資>79406</設備及投資>
        <奬補助費_資>36346</奬補助費_資>
        <預備金_資>0</預備金_資>
        <資本支出小計>116471</資本支出小計>
        <合計>49026325</合計>
    </Row>
    <Row>
        <款/>
        <項/>
        <目>4</目>
        <節/>
        <科目名稱>一般建築及設備</科目名稱>
        <預算科目編號>65570059000</預算科目編號>
        <人事費>0</人事費>
        <業務費_經>52625</業務費_經>
        <奬補助費_經>0</奬補助費_經>
        <債務費>0</債務費>
        <預備金_經>0</預備金_經>
        <經常支出小計>52625</經常支出小計>
        <業務費_資>0</業務費_資>
        <設備及投資>148736</設備及投資>
        <奬補助費_資>0</奬補助費_資>
        <預備金_資>0</預備金_資>
        <資本支出小計>148736</資本支出小計>
        <合計>201361</合計>
    </Row>
    <Row>
        <款/>
        <項/>
        <目/>
        <節>1</節>
        <科目名稱>營建工程</科目名稱>
        <預算科目編號>65570059002</預算科目編號>
        <人事費>0</人事費>
        <業務費_經>52625</業務費_經>
        <奬補助費_經>0</奬補助費_經>
        <債務費>0</債務費>
        <預備金_經>0</預備金_經>
        <經常支出小計>52625</經常支出小計>
        <業務費_資>0</業務費_資>
        <設備及投資>148736</設備及投資>
        <奬補助費_資>0</奬補助費_資>
        <預備金_資>0</預備金_資>
        <資本支出小計>148736</資本支出小計>
        <合計>201361</合計>
    </Row>
    <Row>
        <款/>
        <項/>
        <目>5</目>
        <節/>
        <科目名稱>第一預備金</科目名稱>
        <預算科目編號>65570059800</預算科目編號>
        <人事費>0</人事費>
        <業務費_經>0</業務費_經>
        <奬補助費_經>0</奬補助費_經>
        <債務費>0</債務費>
        <預備金_經>50</預備金_經>
        <經常支出小計>50</經常支出小計>
        <業務費_資>0</業務費_資>
        <設備及投資>0</設備及投資>
        <奬補助費_資>0</奬補助費_資>
        <預備金_資>0</預備金_資>
        <資本支出小計>0</資本支出小計>
        <合計>50</合計>
    </Row>
</Root>
