name,schema,description
112-5705-衛生福利部疾病管制署-歲入來源別預算表_20230925091626.xml,schema-歲入來源別預算表.csv,歲入來源別預算表
112-5705-衛生福利部疾病管制署-歲出機關別預算表_20230925091626.xml,schema-歲出機關別預算表.csv,歲出機關別預算表
112-5705-衛生福利部疾病管制署-歲入項目說明提要表_20230925091626.xml,schema-歲入項目說明提要表.csv,歲入項目說明提要表
112-5705-衛生福利部疾病管制署-歲出計畫提要及分支計畫概況表_20230925091627.xml,schema-歲出計畫提要及分支計畫概況表.csv,歲出計畫提要及分支計畫概況表
112-5705-衛生福利部疾病管制署-各項費用彙計表_20230925091626.xml,schema-各項費用彙計表.csv,各項費用彙計表
112-5705-衛生福利部疾病管制署-歲出一級用途別科目分析表_20230925091639.xml,schema-歲出一級用途別科目分析表.csv,歲出一級用途別科目分析表
112-5705-衛生福利部疾病管制署-資本支出分析表_20230925091627.xml,schema-資本支出分析表.csv,資本支出分析表
112-5705-衛生福利部疾病管制署-人事費彙計表_20230925091627.xml,schema-人事費彙計表.csv,人事費彙計表
112-5705-衛生福利部疾病管制署-預算員額明細表_20230925091626.xml,schema-預算員額明細表.csv,預算員額明細表
112-5705-衛生福利部疾病管制署-公務車輛明細表_20230925091626.xml,schema-公務車輛明細表.csv,公務車輛明細表
112-5705-衛生福利部疾病管制署-現有辦公房舍明細表_20230925091625.xml,schema-現有辦公房舍明細表.csv,現有辦公房舍明細表
112-5705-衛生福利部疾病管制署-收支併列案款對照表_20230925091625.xml,schema-收支併列案款對照表.csv,收支併列案款對照表
112-5705-衛生福利部疾病管制署-補助經費分析表_20230925091626.xml,schema-補助經費分析表.csv,補助經費分析表
112-5705-衛生福利部疾病管制署-捐助經費分析表_20230925091626.xml,schema-捐助經費分析表.csv,捐助經費分析表
112-5705-衛生福利部疾病管制署-派員出國計畫預算總表_20230925091626.xml,schema-派員出國計畫預算總表.csv,派員出國計畫預算總表
112-5705-衛生福利部疾病管制署-派員出國計畫預算類別表-考察、視察、訪問_20230925091626.xml,schema-派員出國計畫預算類別表-考察、視察、訪問.csv,派員出國計畫預算類別表-考察、視察、訪問
112-5705-衛生福利部疾病管制署-派員出國計畫預算類別表-開會、談判_20230925091626.xml,schema-派員出國計畫預算類別表-開會、談判.csv,派員出國計畫預算類別表-開會、談判
112-5705-衛生福利部疾病管制署-派員出國計畫預算類別表-進修、研究、實習_20230925091626.xml,schema-派員出國計畫預算類別表-進修、研究、實習.csv,派員出國計畫預算類別表-進修、研究、實習
112-5705-衛生福利部疾病管制署-派員赴大陸計畫預算類別表_20230925091626.xml,schema-派員赴大陸計畫預算類別表.csv,派員赴大陸計畫預算類別表
112-5705-衛生福利部疾病管制署-歲出按職能及經濟性綜合分類表_20230925091627.xml,schema-歲出按職能及經濟性綜合分類表.csv,歲出按職能及經濟性綜合分類表
112-5705-衛生福利部疾病管制署-跨年期計畫概況表_20230925091626.xml,schema-跨年期計畫概況表.csv,跨年期計畫概況表
112-5705-衛生福利部疾病管制署-委辦經費分析表_20230925091626.xml,schema-委辦經費分析表.csv,委辦經費分析表
112-5705-衛生福利部疾病管制署-媒體政策及業務宣導費彙計表_20230925091626.xml,schema-媒體政策及業務宣導費彙計表.csv,媒體政策及業務宣導費彙計表