name,title
報表資料列組,報表資料集合
報表名稱,報表名稱
機關代碼,機關代碼
機關名稱,機關名稱
預算年度,預算年度
單位,單位
報表資料列,報表資料內容
款,款
項,項
目,目
節,節
名稱,名稱
員額_職員_本年度,員額_職員_本年度
員額_職員_上年度,員額_職員_上年度
員額_警察_本年度,員額_警察_本年度
員額_警察_上年度,員額_警察_上年度
員額_法警_本年度,員額_法警_本年度
員額_法警_上年度,員額_法警_上年度
員額_駐警_本年度,員額_駐警_本年度
員額_駐警_上年度,員額_駐警_上年度
員額_工友_本年度,員額_工友_本年度
員額_工友_上年度,員額_工友_上年度
員額_技工_本年度,員額_技工_本年度
員額_技工_上年度,員額_技工_上年度
員額_駕駛_本年度,員額_駕駛_本年度
員額_駕駛_上年度,員額_駕駛_上年度
員額_聘用_本年度,員額_聘用_本年度
員額_聘用_上年度,員額_聘用_上年度
員額_約僱_本年度,員額_約僱_本年度
員額_約僱_上年度,員額_約僱_上年度
員額_駐外雇員_本年度,員額_駐外雇員_本年度
員額_駐外雇員_上年度,員額_駐外雇員_上年度
員額_合計_本年度,員額_合計_本年度
員額_合計_上年度,員額_合計_上年度
年需經費_本年度,年需經費_本年度
年需經費_上年度,年需經費_上年度
年需經費_比較,年需經費_比較
說明,說明