name,title
報表名稱,報表名稱
機關代碼,機關代碼
機關名稱,機關名稱
預算年度,預算年度
單位,單位
經資門別,經資門別
報表資料列組,報表資料集合
報表資料列,報表資料內容
款,款
項,項
目,目
節,節
名稱及編號,名稱及編號
設備及投資_土地,設備及投資_土地
設備及投資_房屋建築及設備,設備及投資_房屋建築及設備
設備及投資_公共建設及設施,設備及投資_公共建設及設施
設備及投資_機械設備,設備及投資_機械設備
設備及投資_運輸設備,設備及投資_運輸設備
設備及投資_資訊軟硬體設備,設備及投資_資訊軟硬體設備
設備及投資_雜項設備,設備及投資_雜項設備
設備及投資_權利,設備及投資_權利
設備及投資_投資,設備及投資_投資
其他資本支出,其他資本支出
合計,合計