name,title
報表資料列組,報表資料集合
報表名稱,報表名稱
機關代碼,機關代碼
機關名稱,機關名稱
預算年度,預算年度
單位,單位
報表資料列,報表資料內容
車輛數,車輛數
車輛種類,車輛種類
乘客人數不含司機,乘客人數不含司機
購置年月,購置年月
汽缸總排氣量_立方公分,汽缸總排氣量_立方公分
油料費_數量_公升,油料費_數量_公升
油料費_單價_元,油料費_單價_元
油料費_金額,油料費_金額
油料費2_數量_公升,油料費2_數量_公升
油料費2_單價_元,油料費2_單價_元
油料費2_金額,油料費2_金額
養護費,養護費
其他,其他
備註,備註