name,title
報表資料列組,報表資料集合
報表名稱,報表名稱
機關代碼,機關代碼
機關名稱,機關名稱
預算年度,預算年度
單位,單位
報表資料列,報表資料內容
計畫名稱,計畫名稱
執行期間,執行期間
中央公務預算經費需求總額,中央公務預算經費需求總額
分年經費需求_前年度及以前年度預算數,分年經費需求_前年度及以前年度預算數
分年經費需求_上年度預算數,分年經費需求_上年度預算數
分年經費需求_本年度預算數,分年經費需求_本年度預算數
分年經費需求_下年度及以後年度預估需求數,分年經費需求_下年度及以後年度預估需求數
備註,備註