name,title
報表名稱,報表名稱
機關代碼,機關代碼
機關名稱,機關名稱
預算年度,預算年度
單位,單位
報表資料列組,報表資料集合
報表資料列,報表資料內容
計畫名稱及領域代碼,計畫名稱及領域代碼
擬前往地區,擬前往地區
擬拜會單位,擬拜會單位
工作內容,工作內容
預計前往期間,預計前往期間
預計天數,預計天數
擬派人數,擬派人數
旅費預算_交通費,旅費預算_交通費
旅費預算_生活費,旅費預算_生活費
旅費預算_辦公費,旅費預算_辦公費
旅費預算_合計,旅費預算_合計
歸屬預算科目,歸屬預算科目
前三年內有無赴同一單位拜會,前三年內有無赴同一單位拜會
前三年赴同一單位拜會之內容,前三年赴同一單位拜會之內容