name,title
報表名稱,報表名稱
機關代碼,機關代碼
機關名稱,機關名稱
預算年度,預算年度
單位,單位
報表資料列組,報表資料集合
報表資料列,報表資料內容
補助計畫,補助計畫
計畫起訖年度,計畫起訖年度
補助內容,補助內容
接受補助機關列入預算年度,接受補助機關列入預算年度
補助經費之用途分析_經常門_人事費,補助經費之用途分析_經常門_人事費
補助經費之用途分析_經常門_業務費,補助經費之用途分析_經常門_業務費
補助經費之用途分析_經常門_其他,補助經費之用途分析_經常門_其他
補助經費之用途分析_資本門_土地,補助經費之用途分析_資本門_土地
補助經費之用途分析_資本門_營建工程,補助經費之用途分析_資本門_營建工程
補助經費之用途分析_資本門_其他,補助經費之用途分析_資本門_其他
補助經費之用途分析_合計,補助經費之用途分析_合計