name,title
報表資料列組,報表資料集合
報表名稱,報表名稱
機關代碼,機關代碼
機關名稱,機關名稱
預算年度,預算年度
單位,單位
報表資料列,報表資料內容
工作計畫名稱及編號_第一二級用途別科目名稱及編號,工作計畫名稱及編號_第一二級用途別科目名稱及編號
一般行政_6557050100,一般行政_6557050100
防疫業務_6557050200,防疫業務_6557050200
科技業務_5257050400,科技業務_5257050400
營建工程_6557059002,營建工程_6557059002
第一預備金_6557059800,第一預備金_6557059800
合計,合計