name,title
報表資料列組,報表資料集合
報表名稱,報表名稱
機關代碼,機關代碼
機關名稱,機關名稱
預算年度,預算年度
單位,單位
預算員額_職員,預算員額_職員
預算員額_警察,預算員額_警察
預算員額_法警,預算員額_法警
預算員額_駐警,預算員額_駐警
預算員額_工友,預算員額_工友
預算員額_技工,預算員額_技工
預算員額_駕駛,預算員額_駕駛
預算員額_聘用,預算員額_聘用
預算員額_約僱,預算員額_約僱
預算員額_駐外雇員,預算員額_駐外雇員
預算員額_合計,預算員額_合計
備註,備註
報表資料列,報表資料內容
區分,區分
自有_單位數,自有_單位數
自有_面積,自有_面積
自有_取得成本,自有_取得成本
自有_年需養護費,自有_年需養護費
無償借用_單位數,無償借用_單位數
無償借用_面積,無償借用_面積
無償借用_年需養護費,無償借用_年需養護費
有償租用或借用_單位數,有償租用或借用_單位數
有償租用或借用_面積,有償租用或借用_面積
有償租用或借用_押金,有償租用或借用_押金
有償租用或借用_租金,有償租用或借用_租金
有償租用或借用_年需養護費,有償租用或借用_年需養護費
合計_面積,合計_面積
合計_押金,合計_押金
合計_租金,合計_租金
合計_年需養護費,合計_年需養護費