name,title
報表名稱,報表名稱
機關代碼,機關代碼
機關名稱,機關名稱
預算年度,預算年度
單位,單位
報表資料列組,報表資料集合
報表資料列,報表資料內容
歲出_款,歲出_款
歲出_項,歲出_項
歲出_目,歲出_目
歲出_節,歲出_節
歲出_名稱及編號,歲出_名稱及編號
歲出_預算數,歲出_預算數
歲入_款,歲入_款
歲入_項,歲入_項
歲入_目,歲入_目
歲入_節,歲入_節
歲入_名稱及編號,歲入_名稱及編號
歲入_預算數,歲入_預算數