name,title
報表名稱,報表名稱
機關代碼,機關代碼
機關名稱,機關名稱
預算年度,預算年度
單位,單位
報表資料列組,報表資料集合
報表資料列,報表資料內容
計畫名稱及領域代碼,計畫名稱及領域代碼
擬前往國家,擬前往國家
主要研習課程,主要研習課程
預計前往期間,預計前往期間
預計天數,預計天數
擬派人數,擬派人數
旅費預算_生活費,旅費預算_生活費
旅費預算_機票與出國手續費,旅費預算_機票與出國手續費
旅費預算_書籍學雜等費,旅費預算_書籍學雜等費
旅費預算_合計,旅費預算_合計
歸屬預算科目,歸屬預算科目
前三年度已派人員人數,前三年度已派人員人數