name,title
報表資料列組,報表資料集合
報表名稱,報表名稱
機關代碼,機關代碼
機關名稱,機關名稱
預算年度,預算年度
單位,單位
報表資料列,報表資料內容
款,款
項,項
目,目
節,節
名稱,名稱
經常支出_人事費,經常支出_人事費
經常支出_業務費,經常支出_業務費
經常支出_獎補助費,經常支出_獎補助費
經常支出_債務費,經常支出_債務費
經常支出_預備金,經常支出_預備金
經常支出_小計,經常支出_小計
資本支出_業務費,資本支出_業務費
資本支出_設備及投資,資本支出_設備及投資
資本支出_獎補助費,資本支出_獎補助費
資本支出_預備金,資本支出_預備金
資本支出_小計,資本支出_小計
合計,合計