name,title
報表資料列組,報表資料集合
報表名稱,報表名稱
機關代碼,機關代碼
機關名稱,機關名稱
預算年度,預算年度
單位,單位
報表資料列,報表資料內容
捐助計畫,捐助計畫
計畫起訖年度,計畫起訖年度
捐助對象,捐助對象
捐助內容,捐助內容
捐助經費之用途分析_經常門_人事費,捐助經費之用途分析_經常門_人事費
捐助經費之用途分析_經常門_業務費,捐助經費之用途分析_經常門_業務費
捐助經費之用途分析_經常門_其他,捐助經費之用途分析_經常門_其他
捐助經費之用途分析_資本門_營建工程,捐助經費之用途分析_資本門_營建工程
捐助經費之用途分析_資本門_其他,捐助經費之用途分析_資本門_其他
捐助經費之用途分析_合計,捐助經費之用途分析_合計