name,title
報表名稱,報表名稱
機關代碼,機關代碼
機關名稱,機關名稱
預算年度,預算年度
單位,單位
報表資料列組,報表資料集合
報表資料列,報表資料內容
職能別分類,職能別分類
經常支出_受僱人員報酬,經常支出_受僱人員報酬
經常支出_商品及勞務購買支出,經常支出_商品及勞務購買支出
經常支出_債務利息,經常支出_債務利息
經常支出_土地租金支出,經常支出_土地租金支出
經常支出_經常移轉_對企業,經常支出_經常移轉_對企業
經常支出_經常移轉_對家庭及民間非營利機構,經常支出_經常移轉_對家庭及民間非營利機構
經常支出_經常移轉_對政府,經常支出_經常移轉_對政府
經常支出_經常移轉_對國外,經常支出_經常移轉_對國外
經常支出_經常支出合計,經常支出_經常支出合計
資本支出_投資及增資_對營業基金,資本支出_投資及增資_對營業基金
資本支出_投資及增資_對非營業特種基金,資本支出_投資及增資_對非營業特種基金
資本支出_投資及增資_對民間企業,資本支出_投資及增資_對民間企業
資本支出_資本移轉_對企業,資本支出_資本移轉_對企業
資本支出_資本移轉_對家庭及民間非營利機構,資本支出_資本移轉_對家庭及民間非營利機構
資本支出_資本移轉_對政府,資本支出_資本移轉_對政府
資本支出_資本移轉_對國外,資本支出_資本移轉_對國外
資本支出_土地購入,資本支出_土地購入
資本支出_無形資產購入,資本支出_無形資產購入
資本支出_固定資本形成_住宅,資本支出_固定資本形成_住宅
資本支出_固定資本形成_非住宅房屋,資本支出_固定資本形成_非住宅房屋
資本支出_固定資本形成_營建工程,資本支出_固定資本形成_營建工程
資本支出_固定資本形成_運輸工具,資本支出_固定資本形成_運輸工具
資本支出_固定資本形成_資訊軟體,資本支出_固定資本形成_資訊軟體
資本支出_固定資本形成_機器及其他設備,資本支出_固定資本形成_機器及其他設備
資本支出_固定資本形成_土地改良,資本支出_固定資本形成_土地改良
資本支出_資本支出合計,資本支出_資本支出合計
總計,總計