name,title
報表資料列組,報表資料集合
報表名稱,報表名稱
機關代碼,機關代碼
機關名稱,機關名稱
預算年度,預算年度
單位,單位
報表資料列,報表資料內容
委辦計畫,委辦計畫
計畫起訖年度,計畫起訖年度
委辦內容,委辦內容
委辦經費之用途分析_經常門_用人費用,委辦經費之用途分析_經常門_用人費用
委辦經費之用途分析_經常門_業務費用,委辦經費之用途分析_經常門_業務費用
委辦經費之用途分析_經常門_其他,委辦經費之用途分析_經常門_其他
委辦經費之用途分析_資本門_設備購置,委辦經費之用途分析_資本門_設備購置
委辦經費之用途分析_資本門_其他,委辦經費之用途分析_資本門_其他
委辦經費之用途分析_合計,委辦經費之用途分析_合計