name,title
報表名稱,報表名稱
機關代碼,機關代碼
機關名稱,機關名稱
預算年度,預算年度
單位,單位
報表資料列組,報表資料集合
報表資料列,報表資料內容
計畫名稱及領域代碼,計畫名稱及領域代碼
擬前往國家或地區,擬前往國家或地區
主要會議議題談判重點等,主要會議議題談判重點等
預計天數,預計天數
擬派人數,擬派人數
旅費預算_交通費,旅費預算_交通費
旅費預算_生活費,旅費預算_生活費
旅費預算_辦公費,旅費預算_辦公費
旅費預算_合計,旅費預算_合計
歸屬預算科目,歸屬預算科目
最近三次有關同一出國計畫之實際執行情形_出國地點1,最近三次有關同一出國計畫之實際執行情形_出國地點1
最近三次有關同一出國計畫之實際執行情形_出國期間1,最近三次有關同一出國計畫之實際執行情形_出國期間1
最近三次有關同一出國計畫之實際執行情形_出國人數1,最近三次有關同一出國計畫之實際執行情形_出國人數1
最近三次有關同一出國計畫之實際執行情形_國外旅費1,最近三次有關同一出國計畫之實際執行情形_國外旅費1
最近三次有關同一出國計畫之實際執行情形_出國地點2,最近三次有關同一出國計畫之實際執行情形_出國地點2
最近三次有關同一出國計畫之實際執行情形_出國期間2,最近三次有關同一出國計畫之實際執行情形_出國期間2
最近三次有關同一出國計畫之實際執行情形_出國人數2,最近三次有關同一出國計畫之實際執行情形_出國人數2
最近三次有關同一出國計畫之實際執行情形_國外旅費2,最近三次有關同一出國計畫之實際執行情形_國外旅費2
最近三次有關同一出國計畫之實際執行情形_出國地點3,最近三次有關同一出國計畫之實際執行情形_出國地點3
最近三次有關同一出國計畫之實際執行情形_出國期間3,最近三次有關同一出國計畫之實際執行情形_出國期間3
最近三次有關同一出國計畫之實際執行情形_出國人數3,最近三次有關同一出國計畫之實際執行情形_出國人數3
最近三次有關同一出國計畫之實際執行情形_國外旅費3,最近三次有關同一出國計畫之實際執行情形_國外旅費3