<?xml version="1.0" encoding="UTF-8"?>
<GenericData>
　　<Header>
　　　　<Table Id="FNGBWORKR" Name="基金來源、用途及餘絀預計表" Domain="SFUND" />
　　　　<Program Id="FNGBRB0010_A" />
　　　　<Sender Name="疫苗基金" />
　　　　<報表名稱>基金來源、用途及餘絀預計表</報表名稱>
　　　　<年度>110</年度>
　　　　<基金>疫苗基金</基金>
　　　　<階段>預算案</階段>
　　　　<版本>1</版本>
　　　　<單位>新臺幣千元</單位>
　　</Header>
　　<DataSet>
　　　　<COMM>
　　　　　　1.前年度決算數為審定決算數；上年度預算數為法定預算數。
2.前年度決算數細數之和與總數略有出入，係四捨五入關係。以下各表同。
　　　　　　<ROW>
　　　　　　　　<SEQNO>1</SEQNO>
　　　　　　　　<LEVEL>01</LEVEL>
　　　　　　　　<BOLD>0</BOLD>
　　　　　　　　<前年度決算數>3053390</前年度決算數>
　　　　　　　　<項目>基金來源</項目>
　　　　　　　　<本年度預算數>3237249</本年度預算數>
　　　　　　　　<上年度預算數>3097396</上年度預算數>
　　　　　　　　<比較增減>139853</比較增減>
　　　　　　</ROW>
　　　　　　<ROW>
　　　　　　　　<SEQNO>2</SEQNO>
　　　　　　　　<LEVEL>02</LEVEL>
　　　　　　　　<BOLD>0</BOLD>
　　　　　　　　<前年度決算數>2258400</前年度決算數>
　　　　　　　　<項目>徵收及依法分配收入</項目>
　　　　　　　　<本年度預算數>2183703</本年度預算數>
　　　　　　　　<上年度預算數>2065457</上年度預算數>
　　　　　　　　<比較增減>118246</比較增減>
　　　　　　</ROW>
　　　　　　<ROW>
　　　　　　　　<SEQNO>3</SEQNO>
　　　　　　　　<LEVEL>03</LEVEL>
　　　　　　　　<BOLD>0</BOLD>
　　　　　　　　<前年度決算數>2231201</前年度決算數>
　　　　　　　　<項目>健康福利捐分配收入</項目>
　　　　　　　　<本年度預算數>2158000</本年度預算數>
　　　　　　　　<上年度預算數>2033500</上年度預算數>
　　　　　　　　<比較增減>124500</比較增減>
　　　　　　</ROW>
　　　　　　<ROW>
　　　　　　　　<SEQNO>4</SEQNO>
　　　　　　　　<LEVEL>03</LEVEL>
　　　　　　　　<BOLD>0</BOLD>
　　　　　　　　<前年度決算數>27199</前年度決算數>
　　　　　　　　<項目>其他徵收及依法分配收入</項目>
　　　　　　　　<本年度預算數>25703</本年度預算數>
　　　　　　　　<上年度預算數>31957</上年度預算數>
　　　　　　　　<比較增減>-6254</比較增減>
　　　　　　</ROW>
　　　　　　<ROW>
　　　　　　　　<SEQNO>5</SEQNO>
　　　　　　　　<LEVEL>02</LEVEL>
　　　　　　　　<BOLD>0</BOLD>
　　　　　　　　<前年度決算數>8452</前年度決算數>
　　　　　　　　<項目>財產收入</項目>
　　　　　　　　<本年度預算數>790</本年度預算數>
　　　　　　　　<上年度預算數>389</上年度預算數>
　　　　　　　　<比較增減>401</比較增減>
　　　　　　</ROW>
　　　　　　<ROW>
　　　　　　　　<SEQNO>6</SEQNO>
　　　　　　　　<LEVEL>03</LEVEL>
　　　　　　　　<BOLD>0</BOLD>
　　　　　　　　<前年度決算數>8452</前年度決算數>
　　　　　　　　<項目>利息收入</項目>
　　　　　　　　<本年度預算數>790</本年度預算數>
　　　　　　　　<上年度預算數>389</上年度預算數>
　　　　　　　　<比較增減>401</比較增減>
　　　　　　</ROW>
　　　　　　<ROW>
　　　　　　　　<SEQNO>7</SEQNO>
　　　　　　　　<LEVEL>02</LEVEL>
　　　　　　　　<BOLD>0</BOLD>
　　　　　　　　<前年度決算數>730160</前年度決算數>
　　　　　　　　<項目>政府撥入收入</項目>
　　　　　　　　<本年度預算數>1048506</本年度預算數>
　　　　　　　　<上年度預算數>1027300</上年度預算數>
　　　　　　　　<比較增減>21206</比較增減>
　　　　　　</ROW>
　　　　　　<ROW>
　　　　　　　　<SEQNO>8</SEQNO>
　　　　　　　　<LEVEL>03</LEVEL>
　　　　　　　　<BOLD>0</BOLD>
　　　　　　　　<前年度決算數>730160</前年度決算數>
　　　　　　　　<項目>公庫撥款收入</項目>
　　　　　　　　<本年度預算數>1048506</本年度預算數>
　　　　　　　　<上年度預算數>1027300</上年度預算數>
　　　　　　　　<比較增減>21206</比較增減>
　　　　　　</ROW>
　　　　　　<ROW>
　　　　　　　　<SEQNO>9</SEQNO>
　　　　　　　　<LEVEL>02</LEVEL>
　　　　　　　　<BOLD>0</BOLD>
　　　　　　　　<前年度決算數>56379</前年度決算數>
　　　　　　　　<項目>其他收入</項目>
　　　　　　　　<本年度預算數>4250</本年度預算數>
　　　　　　　　<上年度預算數>4250</上年度預算數>
　　　　　　　　<比較增減 />
　　　　　　</ROW>
　　　　　　<ROW>
　　　　　　　　<SEQNO>10</SEQNO>
　　　　　　　　<LEVEL>03</LEVEL>
　　　　　　　　<BOLD>0</BOLD>
　　　　　　　　<前年度決算數>24</前年度決算數>
　　　　　　　　<項目>受贈收入</項目>
　　　　　　　　<本年度預算數 />
　　　　　　　　<上年度預算數 />
　　　　　　　　<比較增減 />
　　　　　　</ROW>
　　　　　　<ROW>
　　　　　　　　<SEQNO>11</SEQNO>
　　　　　　　　<LEVEL>03</LEVEL>
　　　　　　　　<BOLD>0</BOLD>
　　　　　　　　<前年度決算數>56355</前年度決算數>
　　　　　　　　<項目>雜項收入</項目>
　　　　　　　　<本年度預算數>4250</本年度預算數>
　　　　　　　　<上年度預算數>4250</上年度預算數>
　　　　　　　　<比較增減 />
　　　　　　</ROW>
　　　　　　<ROW>
　　　　　　　　<SEQNO>12</SEQNO>
　　　　　　　　<LEVEL>01</LEVEL>
　　　　　　　　<BOLD>0</BOLD>
　　　　　　　　<前年度決算數>3512190</前年度決算數>
　　　　　　　　<項目>基金用途</項目>
　　　　　　　　<本年度預算數>3444399</本年度預算數>
　　　　　　　　<上年度預算數>3652012</上年度預算數>
　　　　　　　　<比較增減>-207613</比較增減>
　　　　　　</ROW>
　　　　　　<ROW>
　　　　　　　　<SEQNO>13</SEQNO>
　　　　　　　　<LEVEL>02</LEVEL>
　　　　　　　　<BOLD>0</BOLD>
　　　　　　　　<前年度決算數>3511037</前年度決算數>
　　　　　　　　<項目>疫苗接種計畫</項目>
　　　　　　　　<本年度預算數>3442898</本年度預算數>
　　　　　　　　<上年度預算數>3650505</上年度預算數>
　　　　　　　　<比較增減>-207607</比較增減>
　　　　　　</ROW>
　　　　　　<ROW>
　　　　　　　　<SEQNO>14</SEQNO>
　　　　　　　　<LEVEL>02</LEVEL>
　　　　　　　　<BOLD>0</BOLD>
　　　　　　　　<前年度決算數>1153</前年度決算數>
　　　　　　　　<項目>一般行政管理計畫</項目>
　　　　　　　　<本年度預算數>1501</本年度預算數>
　　　　　　　　<上年度預算數>1507</上年度預算數>
　　　　　　　　<比較增減>-6</比較增減>
　　　　　　</ROW>
　　　　　　<ROW>
　　　　　　　　<SEQNO>15</SEQNO>
　　　　　　　　<LEVEL>01</LEVEL>
　　　　　　　　<BOLD>0</BOLD>
　　　　　　　　<前年度決算數>-458800</前年度決算數>
　　　　　　　　<項目>本期賸餘(短絀)</項目>
　　　　　　　　<本年度預算數>-207150</本年度預算數>
　　　　　　　　<上年度預算數>-554616</上年度預算數>
　　　　　　　　<比較增減>347466</比較增減>
　　　　　　</ROW>
　　　　　　<ROW>
　　　　　　　　<SEQNO>16</SEQNO>
　　　　　　　　<LEVEL>01</LEVEL>
　　　　　　　　<BOLD>0</BOLD>
　　　　　　　　<前年度決算數>1559138</前年度決算數>
　　　　　　　　<項目>期初基金餘額</項目>
　　　　　　　　<本年度預算數>545722</本年度預算數>
　　　　　　　　<上年度預算數>649045</上年度預算數>
　　　　　　　　<比較增減>-103323</比較增減>
　　　　　　</ROW>
　　　　　　<ROW>
　　　　　　　　<SEQNO>17</SEQNO>
　　　　　　　　<LEVEL>01</LEVEL>
　　　　　　　　<BOLD>0</BOLD>
　　　　　　　　<前年度決算數 />
　　　　　　　　<項目>解繳公庫</項目>
　　　　　　　　<本年度預算數 />
　　　　　　　　<上年度預算數 />
　　　　　　　　<比較增減 />
　　　　　　</ROW>
　　　　　　<ROW>
　　　　　　　　<SEQNO>18</SEQNO>
　　　　　　　　<LEVEL>01</LEVEL>
　　　　　　　　<BOLD>1</BOLD>
　　　　　　　　<前年度決算數>1100338</前年度決算數>
　　　　　　　　<項目>期末基金餘額</項目>
　　　　　　　　<本年度預算數>338572</本年度預算數>
　　　　　　　　<上年度預算數>94429</上年度預算數>
　　　　　　　　<比較增減>244143</比較增減>
　　　　　　</ROW>
　　　　</COMM>
　　</DataSet>
</GenericData>

