<?xml version="1.0" encoding="UTF-8"?>
<GenericData>
　　<Header>
　　　　<Table Id="fngbcostanlyz" Name="單位成本分析表" Domain="SFUND" />
　　　　<Program Id="FNGBRB0050_A" />
　　　　<Sender Name="疫苗基金" />
　　　　<報表名稱>單位成本分析表</報表名稱>
　　　　<年度>110</年度>
　　　　<基金>疫苗基金</基金>
　　　　<階段>預算案</階段>
　　　　<版本>1</版本>
　　　　<單位>新臺幣千元</單位>
　　</Header>
　　<DataSet>
　　　　<ROW>
　　　　　　<SEQNO>1</SEQNO>
　　　　　　<LEVEL>1</LEVEL>
　　　　　　<BOLD>1</BOLD>
　　　　　　<計畫別>疫苗接種計畫</計畫別>
　　　　　　<單位 />
　　　　　　<單位成本或平均利率>0</單位成本或平均利率>
　　　　　　<數量>0</數量>
　　　　　　<預算數>3442898</預算數>
　　　　　　<說明 />
　　　　</ROW>
　　　　<ROW>
　　　　　　<SEQNO>2</SEQNO>
　　　　　　<LEVEL>2</LEVEL>
　　　　　　<BOLD>0</BOLD>
　　　　　　<計畫別>一、日本腦炎疫苗</計畫別>
　　　　　　<單位>劑</單位>
　　　　　　<單位成本或平均利率>472</單位成本或平均利率>
　　　　　　<數量>370140</數量>
　　　　　　<預算數>174671</預算數>
　　　　　　<說明>日本腦炎疫苗174,671千元。
1.幼兒常規:670元×370,000劑×70%=173,530千元
2.免疫不全:8,148元×140劑=1,141千元</說明>
　　　　</ROW>
　　　　<ROW>
　　　　　　<SEQNO>3</SEQNO>
　　　　　　<LEVEL>2</LEVEL>
　　　　　　<BOLD>0</BOLD>
　　　　　　<計畫別>二、黃熱病疫苗</計畫別>
　　　　　　<單位>劑</單位>
　　　　　　<單位成本或平均利率>2000</單位成本或平均利率>
　　　　　　<數量>10000</數量>
　　　　　　<預算數>20000</預算數>
　　　　　　<說明>黃熱病疫苗20,000千元。
(2,000元×10,000劑)</說明>
　　　　</ROW>
　　　　<ROW>
　　　　　　<SEQNO>4</SEQNO>
　　　　　　<LEVEL>2</LEVEL>
　　　　　　<BOLD>0</BOLD>
　　　　　　<計畫別>三、流行性腦脊髓膜炎疫苗</計畫別>
　　　　　　<單位>劑</單位>
　　　　　　<單位成本或平均利率>1200</單位成本或平均利率>
　　　　　　<數量>10000</數量>
　　　　　　<預算數>12000</預算數>
　　　　　　<說明>流行性腦脊髓膜炎疫苗12,000千元。
(1,200元×10,000劑)</說明>
　　　　</ROW>
　　　　<ROW>
　　　　　　<SEQNO>5</SEQNO>
　　　　　　<LEVEL>2</LEVEL>
　　　　　　<BOLD>0</BOLD>
　　　　　　<計畫別>四、水痘疫苗</計畫別>
　　　　　　<單位>劑</單位>
　　　　　　<單位成本或平均利率>378</單位成本或平均利率>
　　　　　　<數量>180000</數量>
　　　　　　<預算數>68040</預算數>
　　　　　　<說明>水痘疫苗68,040千元。
(540元×180,000劑×70%）</說明>
　　　　</ROW>
　　　　<ROW>
　　　　　　<SEQNO>6</SEQNO>
　　　　　　<LEVEL>2</LEVEL>
　　　　　　<BOLD>0</BOLD>
　　　　　　<計畫別>五、幼兒結合型肺炎鏈球菌疫苗</計畫別>
　　　　　　<單位>劑</單位>
　　　　　　<單位成本或平均利率>926</單位成本或平均利率>
　　　　　　<數量>540000</數量>
　　　　　　<預算數>500094</預算數>
　　　　　　<說明>幼兒結合型肺炎鏈球菌疫苗500,094千元。
(1,323元×540,000劑×70%)</說明>
　　　　</ROW>
　　　　<ROW>
　　　　　　<SEQNO>7</SEQNO>
　　　　　　<LEVEL>2</LEVEL>
　　　　　　<BOLD>0</BOLD>
　　　　　　<計畫別>六、破傷風白喉非細胞型百日咳及不活化小兒麻痺混合疫苗</計畫別>
　　　　　　<單位>劑</單位>
　　　　　　<單位成本或平均利率>358</單位成本或平均利率>
　　　　　　<數量>240000</數量>
　　　　　　<預算數>85848</預算數>
　　　　　　<說明>破傷風白喉非細胞型百日咳及不活化小兒麻痺混合疫苗85,848千元。
(511元×240,000劑×70%）</說明>
　　　　</ROW>
　　　　<ROW>
　　　　　　<SEQNO>8</SEQNO>
　　　　　　<LEVEL>2</LEVEL>
　　　　　　<BOLD>0</BOLD>
　　　　　　<計畫別>七、注射式小兒麻痺疫苗</計畫別>
　　　　　　<單位>劑</單位>
　　　　　　<單位成本或平均利率>650</單位成本或平均利率>
　　　　　　<數量>3000</數量>
　　　　　　<預算數>1950</預算數>
　　　　　　<說明>注射式小兒麻痺疫苗1,950千元。
(650元×3,000劑)</說明>
　　　　</ROW>
　　　　<ROW>
　　　　　　<SEQNO>9</SEQNO>
　　　　　　<LEVEL>2</LEVEL>
　　　　　　<BOLD>0</BOLD>
　　　　　　<計畫別>八、麻疹腮腺炎德國麻疹混合疫苗</計畫別>
　　　　　　<單位>劑</單位>
　　　　　　<單位成本或平均利率>123</單位成本或平均利率>
　　　　　　<數量>380000</數量>
　　　　　　<預算數>46550</預算數>
　　　　　　<說明>麻疹腮腺炎德國麻疹混合疫苗46,550千元。
(175元×380,000劑×70%）</說明>
　　　　</ROW>
　　　　<ROW>
　　　　　　<SEQNO>10</SEQNO>
　　　　　　<LEVEL>2</LEVEL>
　　　　　　<BOLD>0</BOLD>
　　　　　　<計畫別>九、B型肝炎疫苗</計畫別>
　　　　　　<單位>劑</單位>
　　　　　　<單位成本或平均利率>95</單位成本或平均利率>
　　　　　　<數量>540000</數量>
　　　　　　<預算數>51408</預算數>
　　　　　　<說明>B型肝炎疫苗51,408千元。
(136元×540,000劑×70%)</說明>
　　　　</ROW>
　　　　<ROW>
　　　　　　<SEQNO>11</SEQNO>
　　　　　　<LEVEL>2</LEVEL>
　　　　　　<BOLD>0</BOLD>
　　　　　　<計畫別>十、B型肝炎免疫球蛋白</計畫別>
　　　　　　<單位>劑</單位>
　　　　　　<單位成本或平均利率>1883</單位成本或平均利率>
　　　　　　<數量>8000</數量>
　　　　　　<預算數>15064</預算數>
　　　　　　<說明>B型肝炎免疫球蛋白15,064千元。
(2,690元×8,000劑×70%)</說明>
　　　　</ROW>
　　　　<ROW>
　　　　　　<SEQNO>12</SEQNO>
　　　　　　<LEVEL>2</LEVEL>
　　　　　　<BOLD>0</BOLD>
　　　　　　<計畫別>十一、A型肝炎疫苗</計畫別>
　　　　　　<單位>劑</單位>
　　　　　　<單位成本或平均利率>800</單位成本或平均利率>
　　　　　　<數量>625</數量>
　　　　　　<預算數>500</預算數>
　　　　　　<說明>A型肝炎疫苗500千元。
(800元×625劑)</說明>
　　　　</ROW>
　　　　<ROW>
　　　　　　<SEQNO>13</SEQNO>
　　　　　　<LEVEL>2</LEVEL>
　　　　　　<BOLD>0</BOLD>
　　　　　　<計畫別>十二、多合一疫苗</計畫別>
　　　　　　<單位>劑</單位>
　　　　　　<單位成本或平均利率>578</單位成本或平均利率>
　　　　　　<數量>760000</數量>
　　　　　　<預算數>438900</預算數>
　　　　　　<說明>多合一疫苗438,900千元。
(825元×760,000劑×70%)</說明>
　　　　</ROW>
　　　　<ROW>
　　　　　　<SEQNO>14</SEQNO>
　　　　　　<LEVEL>2</LEVEL>
　　　　　　<BOLD>0</BOLD>
　　　　　　<計畫別>十三、季節性流感疫苗</計畫別>
　　　　　　<單位>劑</單位>
　　　　　　<單位成本或平均利率>162</單位成本或平均利率>
　　　　　　<數量>6000000</數量>
　　　　　　<預算數>974000</預算數>
　　　　　　<說明>季節性流感疫苗974,000千元。
0.5mL劑型四價流感疫苗(231.91元×6,000,000劑×70%)</說明>
　　　　</ROW>
　　　　<ROW>
　　　　　　<SEQNO>15</SEQNO>
　　　　　　<LEVEL>2</LEVEL>
　　　　　　<BOLD>0</BOLD>
　　　　　　<計畫別>十四、卡介苗</計畫別>
　　　　　　<單位>瓶</單位>
　　　　　　<單位成本或平均利率>887</單位成本或平均利率>
　　　　　　<數量>20000</數量>
　　　　　　<預算數>17738</預算數>
　　　　　　<說明>卡介苗17,738千元。
(1,267元x20,000瓶x70%)</說明>
　　　　</ROW>
　　　　<ROW>
　　　　　　<SEQNO>16</SEQNO>
　　　　　　<LEVEL>2</LEVEL>
　　　　　　<BOLD>0</BOLD>
　　　　　　<計畫別>十五、傷寒疫苗</計畫別>
　　　　　　<單位>劑</單位>
　　　　　　<單位成本或平均利率>1680</單位成本或平均利率>
　　　　　　<數量>1350</數量>
　　　　　　<預算數>2268</預算數>
　　　　　　<說明>傷寒疫苗2,268千元。
(1,680元x1,350劑)</說明>
　　　　</ROW>
　　　　<ROW>
　　　　　　<SEQNO>17</SEQNO>
　　　　　　<LEVEL>2</LEVEL>
　　　　　　<BOLD>0</BOLD>
　　　　　　<計畫別>十六、長者肺炎鏈球菌疫苗</計畫別>
　　　　　　<單位>劑</單位>
　　　　　　<單位成本或平均利率>413</單位成本或平均利率>
　　　　　　<數量>80000</數量>
　　　　　　<預算數>33040</預算數>
　　　　　　<說明>長者肺炎鏈球菌疫苗33,040千元。
(590元x80,000劑×70%)</說明>
　　　　</ROW>
　　　　<ROW>
　　　　　　<SEQNO>18</SEQNO>
　　　　　　<LEVEL>2</LEVEL>
　　　　　　<BOLD>0</BOLD>
　　　　　　<計畫別>十七、破傷風白喉混合疫苗</計畫別>
　　　　　　<單位>劑</單位>
　　　　　　<單位成本或平均利率>500</單位成本或平均利率>
　　　　　　<數量>2500</數量>
　　　　　　<預算數>1250</預算數>
　　　　　　<說明>破傷風白喉混合疫苗1,250千元。
(500元x2,500劑)</說明>
　　　　</ROW>
　　　　<ROW>
　　　　　　<SEQNO>19</SEQNO>
　　　　　　<LEVEL>2</LEVEL>
　　　　　　<BOLD>0</BOLD>
　　　　　　<計畫別>十八、生物製劑</計畫別>
　　　　　　<單位>劑</單位>
　　　　　　<單位成本或平均利率>4300</單位成本或平均利率>
　　　　　　<數量>210</數量>
　　　　　　<預算數>903</預算數>
　　　　　　<說明>人用狂犬病免疫球蛋白903千元。
(4,300元x210劑)</說明>
　　　　</ROW>
　　　　<ROW>
　　　　　　<SEQNO>20</SEQNO>
　　　　　　<LEVEL>2</LEVEL>
　　　　　　<BOLD>0</BOLD>
　　　　　　<計畫別>十九、溫度及冷凍監視片</計畫別>
　　　　　　<單位>片</單位>
　　　　　　<單位成本或平均利率>82</單位成本或平均利率>
　　　　　　<數量>70000</數量>
　　　　　　<預算數>5750</預算數>
　　　　　　<說明>溫度及冷凍監視片5,750千元。
(溫度監視片:80元×60,000片，凍片:95元×10,000片)</說明>
　　　　</ROW>
　　　　<ROW>
　　　　　　<SEQNO>21</SEQNO>
　　　　　　<LEVEL>2</LEVEL>
　　　　　　<BOLD>0</BOLD>
　　　　　　<計畫別>二十、辦公用品及事務機器需要耗用之設備零件等費用</計畫別>
　　　　　　<單位 />
　　　　　　<單位成本或平均利率>0</單位成本或平均利率>
　　　　　　<數量>0</數量>
　　　　　　<預算數>200</預算數>
　　　　　　<說明>無適當單位可資衡量。</說明>
　　　　</ROW>
　　　　<ROW>
　　　　　　<SEQNO>22</SEQNO>
　　　　　　<LEVEL>2</LEVEL>
　　　　　　<BOLD>0</BOLD>
　　　　　　<計畫別>二十一、運用於疫苗等可預防疾病之血清檢驗所需相關用品耗材等費用</計畫別>
　　　　　　<單位 />
　　　　　　<單位成本或平均利率>0</單位成本或平均利率>
　　　　　　<數量>0</數量>
　　　　　　<預算數>3000</預算數>
　　　　　　<說明>無適當單位可資衡量。</說明>
　　　　</ROW>
　　　　<ROW>
　　　　　　<SEQNO>23</SEQNO>
　　　　　　<LEVEL>2</LEVEL>
　　　　　　<BOLD>0</BOLD>
　　　　　　<計畫別>二十二、疫苗接種計畫相關費用</計畫別>
　　　　　　<單位 />
　　　　　　<單位成本或平均利率>0</單位成本或平均利率>
　　　　　　<數量>0</數量>
　　　　　　<預算數>989724</預算數>
　　　　　　<說明>無適當單位可資衡量。</說明>
　　　　</ROW>
　　　　<ROW>
　　　　　　<SEQNO>24</SEQNO>
　　　　　　<LEVEL>1</LEVEL>
　　　　　　<BOLD>1</BOLD>
　　　　　　<計畫別>一般行政管理計畫</計畫別>
　　　　　　<單位 />
　　　　　　<單位成本或平均利率>0</單位成本或平均利率>
　　　　　　<數量>0</數量>
　　　　　　<預算數>1501</預算數>
　　　　　　<說明 />
　　　　</ROW>
　　　　<ROW>
　　　　　　<SEQNO>25</SEQNO>
　　　　　　<LEVEL>1</LEVEL>
　　　　　　<BOLD>1</BOLD>
　　　　　　<計畫別>合計</計畫別>
　　　　　　<單位 />
　　　　　　<單位成本或平均利率>0</單位成本或平均利率>
　　　　　　<數量>0</數量>
　　　　　　<預算數>3444399</預算數>
　　　　　　<說明 />
　　　　</ROW>
　　</DataSet>
</GenericData>

