<?xml version="1.0" encoding="UTF-8"?>
<GenericData>
　　<Header>
　　　　<Table Id="fngbbalancer" Name="預計平衡表" Domain="SFUND" />
　　　　<Program Id="FNGBRB0060_A" />
　　　　<Sender Name="疫苗基金" />
　　　　<報表名稱>預計平衡表</報表名稱>
　　　　<年度>110</年度>
　　　　<基金>疫苗基金</基金>
　　　　<階段>預算案</階段>
　　　　<版本>1</版本>
　　　　<單位>新臺幣千元</單位>
　　</Header>
　　<DataSet>
　　　　<COMM>
　　　　　　信託代理與保證資產(負債)性質科目，110年12月31日預計數為668,000千元，為保證品。
　　　　　　<ROW>
　　　　　　　　<SEQNO>1</SEQNO>
　　　　　　　　<LEVEL>01</LEVEL>
　　　　　　　　<BOLD>1</BOLD>
　　　　　　　　<民國108年12月31日實際數>5003316</民國108年12月31日實際數>
　　　　　　　　<科目>資產</科目>
　　　　　　　　<民國110年12月31日預計數>3118572</民國110年12月31日預計數>
　　　　　　　　<民國109年12月31日預計數>2351722</民國109年12月31日預計數>
　　　　　　　　<比較增減>766850</比較增減>
　　　　　　</ROW>
　　　　　　<ROW>
　　　　　　　　<SEQNO>2</SEQNO>
　　　　　　　　<LEVEL>02</LEVEL>
　　　　　　　　<BOLD>0</BOLD>
　　　　　　　　<民國108年12月31日實際數>5003316</民國108年12月31日實際數>
　　　　　　　　<科目>流動資產</科目>
　　　　　　　　<民國110年12月31日預計數>3118572</民國110年12月31日預計數>
　　　　　　　　<民國109年12月31日預計數>2351722</民國109年12月31日預計數>
　　　　　　　　<比較增減>766850</比較增減>
　　　　　　</ROW>
　　　　　　<ROW>
　　　　　　　　<SEQNO>3</SEQNO>
　　　　　　　　<LEVEL>03</LEVEL>
　　　　　　　　<BOLD>0</BOLD>
　　　　　　　　<民國108年12月31日實際數>3017212</民國108年12月31日實際數>
　　　　　　　　<科目>現金</科目>
　　　　　　　　<民國110年12月31日預計數>868272</民國110年12月31日預計數>
　　　　　　　　<民國109年12月31日預計數>995522</民國109年12月31日預計數>
　　　　　　　　<比較增減>-127250</比較增減>
　　　　　　</ROW>
　　　　　　<ROW>
　　　　　　　　<SEQNO>4</SEQNO>
　　　　　　　　<LEVEL>03</LEVEL>
　　　　　　　　<BOLD>0</BOLD>
　　　　　　　　<民國108年12月31日實際數>253596</民國108年12月31日實際數>
　　　　　　　　<科目>應收款項</科目>
　　　　　　　　<民國110年12月31日預計數>250300</民國110年12月31日預計數>
　　　　　　　　<民國109年12月31日預計數>156200</民國109年12月31日預計數>
　　　　　　　　<比較增減>94100</比較增減>
　　　　　　</ROW>
　　　　　　<ROW>
　　　　　　　　<SEQNO>5</SEQNO>
　　　　　　　　<LEVEL>03</LEVEL>
　　　　　　　　<BOLD>0</BOLD>
　　　　　　　　<民國108年12月31日實際數>1732508</民國108年12月31日實際數>
　　　　　　　　<科目>預付款項</科目>
　　　　　　　　<民國110年12月31日預計數>2000000</民國110年12月31日預計數>
　　　　　　　　<民國109年12月31日預計數>1200000</民國109年12月31日預計數>
　　　　　　　　<比較增減>800000</比較增減>
　　　　　　</ROW>
　　　　　　<ROW>
　　　　　　　　<SEQNO>6</SEQNO>
　　　　　　　　<LEVEL>01</LEVEL>
　　　　　　　　<BOLD>1</BOLD>
　　　　　　　　<民國108年12月31日實際數>5003316</民國108年12月31日實際數>
　　　　　　　　<科目>資產總額</科目>
　　　　　　　　<民國110年12月31日預計數>3118572</民國110年12月31日預計數>
　　　　　　　　<民國109年12月31日預計數>2351722</民國109年12月31日預計數>
　　　　　　　　<比較增減>766850</比較增減>
　　　　　　</ROW>
　　　　　　<ROW>
　　　　　　　　<SEQNO>7</SEQNO>
　　　　　　　　<LEVEL>01</LEVEL>
　　　　　　　　<BOLD>1</BOLD>
　　　　　　　　<民國108年12月31日實際數>3902977</民國108年12月31日實際數>
　　　　　　　　<科目>負債</科目>
　　　　　　　　<民國110年12月31日預計數>2780000</民國110年12月31日預計數>
　　　　　　　　<民國109年12月31日預計數>1806000</民國109年12月31日預計數>
　　　　　　　　<比較增減>974000</比較增減>
　　　　　　</ROW>
　　　　　　<ROW>
　　　　　　　　<SEQNO>8</SEQNO>
　　　　　　　　<LEVEL>02</LEVEL>
　　　　　　　　<BOLD>0</BOLD>
　　　　　　　　<民國108年12月31日實際數>3772999</民國108年12月31日實際數>
　　　　　　　　<科目>流動負債</科目>
　　　　　　　　<民國110年12月31日預計數>2660000</民國110年12月31日預計數>
　　　　　　　　<民國109年12月31日預計數>1750000</民國109年12月31日預計數>
　　　　　　　　<比較增減>910000</比較增減>
　　　　　　</ROW>
　　　　　　<ROW>
　　　　　　　　<SEQNO>9</SEQNO>
　　　　　　　　<LEVEL>03</LEVEL>
　　　　　　　　<BOLD>0</BOLD>
　　　　　　　　<民國108年12月31日實際數>3772999</民國108年12月31日實際數>
　　　　　　　　<科目>應付款項</科目>
　　　　　　　　<民國110年12月31日預計數>2660000</民國110年12月31日預計數>
　　　　　　　　<民國109年12月31日預計數>1750000</民國109年12月31日預計數>
　　　　　　　　<比較增減>910000</比較增減>
　　　　　　</ROW>
　　　　　　<ROW>
　　　　　　　　<SEQNO>10</SEQNO>
　　　　　　　　<LEVEL>02</LEVEL>
　　　　　　　　<BOLD>0</BOLD>
　　　　　　　　<民國108年12月31日實際數>129978</民國108年12月31日實際數>
　　　　　　　　<科目>其他負債</科目>
　　　　　　　　<民國110年12月31日預計數>120000</民國110年12月31日預計數>
　　　　　　　　<民國109年12月31日預計數>56000</民國109年12月31日預計數>
　　　　　　　　<比較增減>64000</比較增減>
　　　　　　</ROW>
　　　　　　<ROW>
　　　　　　　　<SEQNO>11</SEQNO>
　　　　　　　　<LEVEL>03</LEVEL>
　　　　　　　　<BOLD>0</BOLD>
　　　　　　　　<民國108年12月31日實際數>129978</民國108年12月31日實際數>
　　　　　　　　<科目>什項負債</科目>
　　　　　　　　<民國110年12月31日預計數>120000</民國110年12月31日預計數>
　　　　　　　　<民國109年12月31日預計數>56000</民國109年12月31日預計數>
　　　　　　　　<比較增減>64000</比較增減>
　　　　　　</ROW>
　　　　　　<ROW>
　　　　　　　　<SEQNO>12</SEQNO>
　　　　　　　　<LEVEL>01</LEVEL>
　　　　　　　　<BOLD>1</BOLD>
　　　　　　　　<民國108年12月31日實際數>1100338</民國108年12月31日實際數>
　　　　　　　　<科目>基金餘額</科目>
　　　　　　　　<民國110年12月31日預計數>338572</民國110年12月31日預計數>
　　　　　　　　<民國109年12月31日預計數>545722</民國109年12月31日預計數>
　　　　　　　　<比較增減>-207150</比較增減>
　　　　　　</ROW>
　　　　　　<ROW>
　　　　　　　　<SEQNO>13</SEQNO>
　　　　　　　　<LEVEL>02</LEVEL>
　　　　　　　　<BOLD>0</BOLD>
　　　　　　　　<民國108年12月31日實際數>1100338</民國108年12月31日實際數>
　　　　　　　　<科目>基金餘額</科目>
　　　　　　　　<民國110年12月31日預計數>338572</民國110年12月31日預計數>
　　　　　　　　<民國109年12月31日預計數>545722</民國109年12月31日預計數>
　　　　　　　　<比較增減>-207150</比較增減>
　　　　　　</ROW>
　　　　　　<ROW>
　　　　　　　　<SEQNO>14</SEQNO>
　　　　　　　　<LEVEL>03</LEVEL>
　　　　　　　　<BOLD>0</BOLD>
　　　　　　　　<民國108年12月31日實際數>1100338</民國108年12月31日實際數>
　　　　　　　　<科目>基金餘額</科目>
　　　　　　　　<民國110年12月31日預計數>338572</民國110年12月31日預計數>
　　　　　　　　<民國109年12月31日預計數>545722</民國109年12月31日預計數>
　　　　　　　　<比較增減>-207150</比較增減>
　　　　　　</ROW>
　　　　　　<ROW>
　　　　　　　　<SEQNO>15</SEQNO>
　　　　　　　　<LEVEL>01</LEVEL>
　　　　　　　　<BOLD>1</BOLD>
　　　　　　　　<民國108年12月31日實際數>5003316</民國108年12月31日實際數>
　　　　　　　　<科目>負債及基金餘額合計</科目>
　　　　　　　　<民國110年12月31日預計數>3118572</民國110年12月31日預計數>
　　　　　　　　<民國109年12月31日預計數>2351722</民國109年12月31日預計數>
　　　　　　　　<比較增減>766850</比較增減>
　　　　　　</ROW>
　　　　</COMM>
　　</DataSet>
</GenericData>

