<?xml version="1.0" encoding="UTF-8"?>
<GenericData>
　　<Header>
　　　　<Table Id="FNGAUSE" Name="各項費用彙計表" Domain="SFUND" />
　　　　<Program Id="FNGBRB0100_A" />
　　　　<Sender Name="疫苗基金" />
　　　　<報表名稱>各項費用彙計表</報表名稱>
　　　　<年度>110</年度>
　　　　<基金>疫苗基金</基金>
　　　　<階段>預算案</階段>
　　　　<版本>1</版本>
　　　　<單位>新臺幣千元</單位>
　　</Header>
　　<DataSet>
　　　　<ROW>
　　　　　　<SEQNO>1</SEQNO>
　　　　　　<LEVEL>1</LEVEL>
　　　　　　<BOLD>1</BOLD>
　　　　　　<前年度決算數>72</前年度決算數>
　　　　　　<上年度預算數>80</上年度預算數>
　　　　　　<科目名稱>用人費用</科目名稱>
　　　　　　<合計>80</合計>
　　　　　　<疫苗接種計畫 />
　　　　　　<一般行政管理計畫>80</一般行政管理計畫>
　　　　</ROW>
　　　　<ROW>
　　　　　　<SEQNO>2</SEQNO>
　　　　　　<LEVEL>2</LEVEL>
　　　　　　<BOLD>0</BOLD>
　　　　　　<前年度決算數>72</前年度決算數>
　　　　　　<上年度預算數>80</上年度預算數>
　　　　　　<科目名稱>超時工作報酬</科目名稱>
　　　　　　<合計>80</合計>
　　　　　　<疫苗接種計畫 />
　　　　　　<一般行政管理計畫>80</一般行政管理計畫>
　　　　</ROW>
　　　　<ROW>
　　　　　　<SEQNO>3</SEQNO>
　　　　　　<LEVEL>3</LEVEL>
　　　　　　<BOLD>0</BOLD>
　　　　　　<前年度決算數>72</前年度決算數>
　　　　　　<上年度預算數>80</上年度預算數>
　　　　　　<科目名稱>加班費</科目名稱>
　　　　　　<合計>80</合計>
　　　　　　<疫苗接種計畫 />
　　　　　　<一般行政管理計畫>80</一般行政管理計畫>
　　　　</ROW>
　　　　<ROW>
　　　　　　<SEQNO>4</SEQNO>
　　　　　　<LEVEL>4</LEVEL>
　　　　　　<BOLD>0</BOLD>
　　　　　　<前年度決算數 />
　　　　　　<上年度預算數 />
　　　　　　<科目名稱>延長工時及假日出勤加班費</科目名稱>
　　　　　　<合計 />
　　　　　　<疫苗接種計畫 />
　　　　　　<一般行政管理計畫 />
　　　　</ROW>
　　　　<ROW>
　　　　　　<SEQNO>5</SEQNO>
　　　　　　<LEVEL>1</LEVEL>
　　　　　　<BOLD>1</BOLD>
　　　　　　<前年度決算數>26140</前年度決算數>
　　　　　　<上年度預算數>42127</上年度預算數>
　　　　　　<科目名稱>服務費用</科目名稱>
　　　　　　<合計>40361</合計>
　　　　　　<疫苗接種計畫>39066</疫苗接種計畫>
　　　　　　<一般行政管理計畫>1295</一般行政管理計畫>
　　　　</ROW>
　　　　<ROW>
　　　　　　<SEQNO>6</SEQNO>
　　　　　　<LEVEL>2</LEVEL>
　　　　　　<BOLD>0</BOLD>
　　　　　　<前年度決算數>342</前年度決算數>
　　　　　　<上年度預算數>342</上年度預算數>
　　　　　　<科目名稱>水電費</科目名稱>
　　　　　　<合計>342</合計>
　　　　　　<疫苗接種計畫 />
　　　　　　<一般行政管理計畫>342</一般行政管理計畫>
　　　　</ROW>
　　　　<ROW>
　　　　　　<SEQNO>7</SEQNO>
　　　　　　<LEVEL>3</LEVEL>
　　　　　　<BOLD>0</BOLD>
　　　　　　<前年度決算數>342</前年度決算數>
　　　　　　<上年度預算數>342</上年度預算數>
　　　　　　<科目名稱>工作場所電費</科目名稱>
　　　　　　<合計>342</合計>
　　　　　　<疫苗接種計畫 />
　　　　　　<一般行政管理計畫>342</一般行政管理計畫>
　　　　</ROW>
　　　　<ROW>
　　　　　　<SEQNO>8</SEQNO>
　　　　　　<LEVEL>2</LEVEL>
　　　　　　<BOLD>0</BOLD>
　　　　　　<前年度決算數>900</前年度決算數>
　　　　　　<上年度預算數>1600</上年度預算數>
　　　　　　<科目名稱>郵電費</科目名稱>
　　　　　　<合計>1600</合計>
　　　　　　<疫苗接種計畫>1600</疫苗接種計畫>
　　　　　　<一般行政管理計畫 />
　　　　</ROW>
　　　　<ROW>
　　　　　　<SEQNO>9</SEQNO>
　　　　　　<LEVEL>3</LEVEL>
　　　　　　<BOLD>0</BOLD>
　　　　　　<前年度決算數 />
　　　　　　<上年度預算數>100</上年度預算數>
　　　　　　<科目名稱>郵費</科目名稱>
　　　　　　<合計>100</合計>
　　　　　　<疫苗接種計畫>100</疫苗接種計畫>
　　　　　　<一般行政管理計畫 />
　　　　</ROW>
　　　　<ROW>
　　　　　　<SEQNO>10</SEQNO>
　　　　　　<LEVEL>3</LEVEL>
　　　　　　<BOLD>0</BOLD>
　　　　　　<前年度決算數>900</前年度決算數>
　　　　　　<上年度預算數>1500</上年度預算數>
　　　　　　<科目名稱>電話費</科目名稱>
　　　　　　<合計>1500</合計>
　　　　　　<疫苗接種計畫>1500</疫苗接種計畫>
　　　　　　<一般行政管理計畫 />
　　　　</ROW>
　　　　<ROW>
　　　　　　<SEQNO>11</SEQNO>
　　　　　　<LEVEL>2</LEVEL>
　　　　　　<BOLD>0</BOLD>
　　　　　　<前年度決算數>1003</前年度決算數>
　　　　　　<上年度預算數>1319</上年度預算數>
　　　　　　<科目名稱>旅運費</科目名稱>
　　　　　　<合計>1583</合計>
　　　　　　<疫苗接種計畫>1583</疫苗接種計畫>
　　　　　　<一般行政管理計畫 />
　　　　</ROW>
　　　　<ROW>
　　　　　　<SEQNO>12</SEQNO>
　　　　　　<LEVEL>3</LEVEL>
　　　　　　<BOLD>0</BOLD>
　　　　　　<前年度決算數>277</前年度決算數>
　　　　　　<上年度預算數>402</上年度預算數>
　　　　　　<科目名稱>國內旅費</科目名稱>
　　　　　　<合計>402</合計>
　　　　　　<疫苗接種計畫>402</疫苗接種計畫>
　　　　　　<一般行政管理計畫 />
　　　　</ROW>
　　　　<ROW>
　　　　　　<SEQNO>13</SEQNO>
　　　　　　<LEVEL>3</LEVEL>
　　　　　　<BOLD>0</BOLD>
　　　　　　<前年度決算數>656</前年度決算數>
　　　　　　<上年度預算數>617</上年度預算數>
　　　　　　<科目名稱>國外旅費</科目名稱>
　　　　　　<合計>881</合計>
　　　　　　<疫苗接種計畫>881</疫苗接種計畫>
　　　　　　<一般行政管理計畫 />
　　　　</ROW>
　　　　<ROW>
　　　　　　<SEQNO>14</SEQNO>
　　　　　　<LEVEL>3</LEVEL>
　　　　　　<BOLD>0</BOLD>
　　　　　　<前年度決算數>67</前年度決算數>
　　　　　　<上年度預算數>300</上年度預算數>
　　　　　　<科目名稱>貨物運費</科目名稱>
　　　　　　<合計>300</合計>
　　　　　　<疫苗接種計畫>300</疫苗接種計畫>
　　　　　　<一般行政管理計畫 />
　　　　</ROW>
　　　　<ROW>
　　　　　　<SEQNO>15</SEQNO>
　　　　　　<LEVEL>3</LEVEL>
　　　　　　<BOLD>0</BOLD>
　　　　　　<前年度決算數>4</前年度決算數>
　　　　　　<上年度預算數 />
　　　　　　<科目名稱>其他旅運費</科目名稱>
　　　　　　<合計 />
　　　　　　<疫苗接種計畫 />
　　　　　　<一般行政管理計畫 />
　　　　</ROW>
　　　　<ROW>
　　　　　　<SEQNO>16</SEQNO>
　　　　　　<LEVEL>2</LEVEL>
　　　　　　<BOLD>0</BOLD>
　　　　　　<前年度決算數>12948</前年度決算數>
　　　　　　<上年度預算數>18194</上年度預算數>
　　　　　　<科目名稱>印刷裝訂與廣告費</科目名稱>
　　　　　　<合計>18194</合計>
　　　　　　<疫苗接種計畫>18144</疫苗接種計畫>
　　　　　　<一般行政管理計畫>50</一般行政管理計畫>
　　　　</ROW>
　　　　<ROW>
　　　　　　<SEQNO>17</SEQNO>
　　　　　　<LEVEL>3</LEVEL>
　　　　　　<BOLD>0</BOLD>
　　　　　　<前年度決算數>1116</前年度決算數>
　　　　　　<上年度預算數>1500</上年度預算數>
　　　　　　<科目名稱>印刷及裝訂費</科目名稱>
　　　　　　<合計>1500</合計>
　　　　　　<疫苗接種計畫>1450</疫苗接種計畫>
　　　　　　<一般行政管理計畫>50</一般行政管理計畫>
　　　　</ROW>
　　　　<ROW>
　　　　　　<SEQNO>18</SEQNO>
　　　　　　<LEVEL>3</LEVEL>
　　　　　　<BOLD>0</BOLD>
　　　　　　<前年度決算數>11832</前年度決算數>
　　　　　　<上年度預算數>16694</上年度預算數>
　　　　　　<科目名稱>業務宣導費</科目名稱>
　　　　　　<合計>16694</合計>
　　　　　　<疫苗接種計畫>16694</疫苗接種計畫>
　　　　　　<一般行政管理計畫 />
　　　　</ROW>
　　　　<ROW>
　　　　　　<SEQNO>19</SEQNO>
　　　　　　<LEVEL>2</LEVEL>
　　　　　　<BOLD>0</BOLD>
　　　　　　<前年度決算數>48</前年度決算數>
　　　　　　<上年度預算數>150</上年度預算數>
　　　　　　<科目名稱>修理保養及保固費</科目名稱>
　　　　　　<合計>150</合計>
　　　　　　<疫苗接種計畫 />
　　　　　　<一般行政管理計畫>150</一般行政管理計畫>
　　　　</ROW>
　　　　<ROW>
　　　　　　<SEQNO>20</SEQNO>
　　　　　　<LEVEL>3</LEVEL>
　　　　　　<BOLD>0</BOLD>
　　　　　　<前年度決算數 />
　　　　　　<上年度預算數>50</上年度預算數>
　　　　　　<科目名稱>機械及設備修護費</科目名稱>
　　　　　　<合計>50</合計>
　　　　　　<疫苗接種計畫 />
　　　　　　<一般行政管理計畫>50</一般行政管理計畫>
　　　　</ROW>
　　　　<ROW>
　　　　　　<SEQNO>21</SEQNO>
　　　　　　<LEVEL>3</LEVEL>
　　　　　　<BOLD>0</BOLD>
　　　　　　<前年度決算數>45</前年度決算數>
　　　　　　<上年度預算數>100</上年度預算數>
　　　　　　<科目名稱>雜項設備修護費</科目名稱>
　　　　　　<合計>100</合計>
　　　　　　<疫苗接種計畫 />
　　　　　　<一般行政管理計畫>100</一般行政管理計畫>
　　　　</ROW>
　　　　<ROW>
　　　　　　<SEQNO>22</SEQNO>
　　　　　　<LEVEL>3</LEVEL>
　　　　　　<BOLD>0</BOLD>
　　　　　　<前年度決算數>3</前年度決算數>
　　　　　　<上年度預算數 />
　　　　　　<科目名稱>其他資產修護費</科目名稱>
　　　　　　<合計 />
　　　　　　<疫苗接種計畫 />
　　　　　　<一般行政管理計畫 />
　　　　</ROW>
　　　　<ROW>
　　　　　　<SEQNO>23</SEQNO>
　　　　　　<LEVEL>2</LEVEL>
　　　　　　<BOLD>0</BOLD>
　　　　　　<前年度決算數>4243</前年度決算數>
　　　　　　<上年度預算數>4812</上年度預算數>
　　　　　　<科目名稱>一般服務費</科目名稱>
　　　　　　<合計>4806</合計>
　　　　　　<疫苗接種計畫>4053</疫苗接種計畫>
　　　　　　<一般行政管理計畫>753</一般行政管理計畫>
　　　　</ROW>
　　　　<ROW>
　　　　　　<SEQNO>24</SEQNO>
　　　　　　<LEVEL>3</LEVEL>
　　　　　　<BOLD>0</BOLD>
　　　　　　<前年度決算數>6</前年度決算數>
　　　　　　<上年度預算數 />
　　　　　　<科目名稱>佣金、匯費、經理費及手續費</科目名稱>
　　　　　　<合計 />
　　　　　　<疫苗接種計畫 />
　　　　　　<一般行政管理計畫 />
　　　　</ROW>
　　　　<ROW>
　　　　　　<SEQNO>25</SEQNO>
　　　　　　<LEVEL>3</LEVEL>
　　　　　　<BOLD>0</BOLD>
　　　　　　<前年度決算數>2851</前年度決算數>
　　　　　　<上年度預算數>2851</上年度預算數>
　　　　　　<科目名稱>代理（辦）費</科目名稱>
　　　　　　<合計>2851</合計>
　　　　　　<疫苗接種計畫>2851</疫苗接種計畫>
　　　　　　<一般行政管理計畫 />
　　　　</ROW>
　　　　<ROW>
　　　　　　<SEQNO>26</SEQNO>
　　　　　　<LEVEL>3</LEVEL>
　　　　　　<BOLD>0</BOLD>
　　　　　　<前年度決算數>1244</前年度決算數>
　　　　　　<上年度預算數 />
　　　　　　<科目名稱>外包費</科目名稱>
　　　　　　<合計 />
　　　　　　<疫苗接種計畫 />
　　　　　　<一般行政管理計畫 />
　　　　</ROW>
　　　　<ROW>
　　　　　　<SEQNO>27</SEQNO>
　　　　　　<LEVEL>3</LEVEL>
　　　　　　<BOLD>0</BOLD>
　　　　　　<前年度決算數>80</前年度決算數>
　　　　　　<上年度預算數>1961</上年度預算數>
　　　　　　<科目名稱>計時與計件人員酬金</科目名稱>
　　　　　　<合計>1955</合計>
　　　　　　<疫苗接種計畫>1202</疫苗接種計畫>
　　　　　　<一般行政管理計畫>753</一般行政管理計畫>
　　　　</ROW>
　　　　<ROW>
　　　　　　<SEQNO>28</SEQNO>
　　　　　　<LEVEL>3</LEVEL>
　　　　　　<BOLD>0</BOLD>
　　　　　　<前年度決算數>62</前年度決算數>
　　　　　　<上年度預算數 />
　　　　　　<科目名稱>替代役待遇及給與</科目名稱>
　　　　　　<合計 />
　　　　　　<疫苗接種計畫 />
　　　　　　<一般行政管理計畫 />
　　　　</ROW>
　　　　<ROW>
　　　　　　<SEQNO>29</SEQNO>
　　　　　　<LEVEL>2</LEVEL>
　　　　　　<BOLD>0</BOLD>
　　　　　　<前年度決算數>6656</前年度決算數>
　　　　　　<上年度預算數>15710</上年度預算數>
　　　　　　<科目名稱>專業服務費</科目名稱>
　　　　　　<合計>13686</合計>
　　　　　　<疫苗接種計畫>13686</疫苗接種計畫>
　　　　　　<一般行政管理計畫 />
　　　　</ROW>
　　　　<ROW>
　　　　　　<SEQNO>30</SEQNO>
　　　　　　<LEVEL>3</LEVEL>
　　　　　　<BOLD>0</BOLD>
　　　　　　<前年度決算數>365</前年度決算數>
　　　　　　<上年度預算數>600</上年度預算數>
　　　　　　<科目名稱>講課鐘點、稿費、出席審查及查詢費</科目名稱>
　　　　　　<合計>600</合計>
　　　　　　<疫苗接種計畫>600</疫苗接種計畫>
　　　　　　<一般行政管理計畫 />
　　　　</ROW>
　　　　<ROW>
　　　　　　<SEQNO>31</SEQNO>
　　　　　　<LEVEL>3</LEVEL>
　　　　　　<BOLD>0</BOLD>
　　　　　　<前年度決算數 />
　　　　　　<上年度預算數>4300</上年度預算數>
　　　　　　<科目名稱>委託調查研究費</科目名稱>
　　　　　　<合計>300</合計>
　　　　　　<疫苗接種計畫>300</疫苗接種計畫>
　　　　　　<一般行政管理計畫 />
　　　　</ROW>
　　　　<ROW>
　　　　　　<SEQNO>32</SEQNO>
　　　　　　<LEVEL>3</LEVEL>
　　　　　　<BOLD>0</BOLD>
　　　　　　<前年度決算數>4716</前年度決算數>
　　　　　　<上年度預算數>5000</上年度預算數>
　　　　　　<科目名稱>電腦軟體服務費</科目名稱>
　　　　　　<合計>6976</合計>
　　　　　　<疫苗接種計畫>6976</疫苗接種計畫>
　　　　　　<一般行政管理計畫 />
　　　　</ROW>
　　　　<ROW>
　　　　　　<SEQNO>33</SEQNO>
　　　　　　<LEVEL>3</LEVEL>
　　　　　　<BOLD>0</BOLD>
　　　　　　<前年度決算數>1575</前年度決算數>
　　　　　　<上年度預算數>5810</上年度預算數>
　　　　　　<科目名稱>其他專業服務費</科目名稱>
　　　　　　<合計>5810</合計>
　　　　　　<疫苗接種計畫>5810</疫苗接種計畫>
　　　　　　<一般行政管理計畫 />
　　　　</ROW>
　　　　<ROW>
　　　　　　<SEQNO>34</SEQNO>
　　　　　　<LEVEL>1</LEVEL>
　　　　　　<BOLD>1</BOLD>
　　　　　　<前年度決算數>2827847</前年度決算數>
　　　　　　<上年度預算數>2578567</上年度預算數>
　　　　　　<科目名稱>材料及用品費</科目名稱>
　　　　　　<合計>2453300</合計>
　　　　　　<疫苗接種計畫>2453174</疫苗接種計畫>
　　　　　　<一般行政管理計畫>126</一般行政管理計畫>
　　　　</ROW>
　　　　<ROW>
　　　　　　<SEQNO>35</SEQNO>
　　　　　　<LEVEL>2</LEVEL>
　　　　　　<BOLD>0</BOLD>
　　　　　　<前年度決算數>2827847</前年度決算數>
　　　　　　<上年度預算數>2578567</上年度預算數>
　　　　　　<科目名稱>用品消耗</科目名稱>
　　　　　　<合計>2453300</合計>
　　　　　　<疫苗接種計畫>2453174</疫苗接種計畫>
　　　　　　<一般行政管理計畫>126</一般行政管理計畫>
　　　　</ROW>
　　　　<ROW>
　　　　　　<SEQNO>36</SEQNO>
　　　　　　<LEVEL>3</LEVEL>
　　　　　　<BOLD>0</BOLD>
　　　　　　<前年度決算數 />
　　　　　　<上年度預算數>100</上年度預算數>
　　　　　　<科目名稱>辦公（事務）用品</科目名稱>
　　　　　　<合計>100</合計>
　　　　　　<疫苗接種計畫 />
　　　　　　<一般行政管理計畫>100</一般行政管理計畫>
　　　　</ROW>
　　　　<ROW>
　　　　　　<SEQNO>37</SEQNO>
　　　　　　<LEVEL>3</LEVEL>
　　　　　　<BOLD>0</BOLD>
　　　　　　<前年度決算數>2</前年度決算數>
　　　　　　<上年度預算數>26</上年度預算數>
　　　　　　<科目名稱>食品</科目名稱>
　　　　　　<合計>26</合計>
　　　　　　<疫苗接種計畫 />
　　　　　　<一般行政管理計畫>26</一般行政管理計畫>
　　　　</ROW>
　　　　<ROW>
　　　　　　<SEQNO>38</SEQNO>
　　　　　　<LEVEL>3</LEVEL>
　　　　　　<BOLD>0</BOLD>
　　　　　　<前年度決算數>2827845</前年度決算數>
　　　　　　<上年度預算數>2578441</上年度預算數>
　　　　　　<科目名稱>其他用品消耗</科目名稱>
　　　　　　<合計>2453174</合計>
　　　　　　<疫苗接種計畫>2453174</疫苗接種計畫>
　　　　　　<一般行政管理計畫 />
　　　　</ROW>
　　　　<ROW>
　　　　　　<SEQNO>39</SEQNO>
　　　　　　<LEVEL>1</LEVEL>
　　　　　　<BOLD>1</BOLD>
　　　　　　<前年度決算數>119</前年度決算數>
　　　　　　<上年度預算數 />
　　　　　　<科目名稱>租金、償債、利息及相關手續費</科目名稱>
　　　　　　<合計 />
　　　　　　<疫苗接種計畫 />
　　　　　　<一般行政管理計畫 />
　　　　</ROW>
　　　　<ROW>
　　　　　　<SEQNO>40</SEQNO>
　　　　　　<LEVEL>2</LEVEL>
　　　　　　<BOLD>0</BOLD>
　　　　　　<前年度決算數>119</前年度決算數>
　　　　　　<上年度預算數 />
　　　　　　<科目名稱>房租</科目名稱>
　　　　　　<合計 />
　　　　　　<疫苗接種計畫 />
　　　　　　<一般行政管理計畫 />
　　　　</ROW>
　　　　<ROW>
　　　　　　<SEQNO>41</SEQNO>
　　　　　　<LEVEL>3</LEVEL>
　　　　　　<BOLD>0</BOLD>
　　　　　　<前年度決算數>119</前年度決算數>
　　　　　　<上年度預算數 />
　　　　　　<科目名稱>一般房屋租金</科目名稱>
　　　　　　<合計 />
　　　　　　<疫苗接種計畫 />
　　　　　　<一般行政管理計畫 />
　　　　</ROW>
　　　　<ROW>
　　　　　　<SEQNO>42</SEQNO>
　　　　　　<LEVEL>1</LEVEL>
　　　　　　<BOLD>1</BOLD>
　　　　　　<前年度決算數>10271</前年度決算數>
　　　　　　<上年度預算數>13730</上年度預算數>
　　　　　　<科目名稱>購建固定資產、無形資產及非理財目的之長期投資</科目名稱>
　　　　　　<合計>14000</合計>
　　　　　　<疫苗接種計畫>14000</疫苗接種計畫>
　　　　　　<一般行政管理計畫 />
　　　　</ROW>
　　　　<ROW>
　　　　　　<SEQNO>43</SEQNO>
　　　　　　<LEVEL>2</LEVEL>
　　　　　　<BOLD>0</BOLD>
　　　　　　<前年度決算數>397</前年度決算數>
　　　　　　<上年度預算數>3500</上年度預算數>
　　　　　　<科目名稱>購建固定資產</科目名稱>
　　　　　　<合計>6500</合計>
　　　　　　<疫苗接種計畫>6500</疫苗接種計畫>
　　　　　　<一般行政管理計畫 />
　　　　</ROW>
　　　　<ROW>
　　　　　　<SEQNO>44</SEQNO>
　　　　　　<LEVEL>3</LEVEL>
　　　　　　<BOLD>0</BOLD>
　　　　　　<前年度決算數>113</前年度決算數>
　　　　　　<上年度預算數>3100</上年度預算數>
　　　　　　<科目名稱>購置機械及設備</科目名稱>
　　　　　　<合計>6100</合計>
　　　　　　<疫苗接種計畫>6100</疫苗接種計畫>
　　　　　　<一般行政管理計畫 />
　　　　</ROW>
　　　　<ROW>
　　　　　　<SEQNO>45</SEQNO>
　　　　　　<LEVEL>3</LEVEL>
　　　　　　<BOLD>0</BOLD>
　　　　　　<前年度決算數>284</前年度決算數>
　　　　　　<上年度預算數>400</上年度預算數>
　　　　　　<科目名稱>購置雜項設備</科目名稱>
　　　　　　<合計>400</合計>
　　　　　　<疫苗接種計畫>400</疫苗接種計畫>
　　　　　　<一般行政管理計畫 />
　　　　</ROW>
　　　　<ROW>
　　　　　　<SEQNO>46</SEQNO>
　　　　　　<LEVEL>2</LEVEL>
　　　　　　<BOLD>0</BOLD>
　　　　　　<前年度決算數>9874</前年度決算數>
　　　　　　<上年度預算數>10230</上年度預算數>
　　　　　　<科目名稱>購置無形資產</科目名稱>
　　　　　　<合計>7500</合計>
　　　　　　<疫苗接種計畫>7500</疫苗接種計畫>
　　　　　　<一般行政管理計畫 />
　　　　</ROW>
　　　　<ROW>
　　　　　　<SEQNO>47</SEQNO>
　　　　　　<LEVEL>3</LEVEL>
　　　　　　<BOLD>0</BOLD>
　　　　　　<前年度決算數>9874</前年度決算數>
　　　　　　<上年度預算數>10230</上年度預算數>
　　　　　　<科目名稱>購置電腦軟體</科目名稱>
　　　　　　<合計>7500</合計>
　　　　　　<疫苗接種計畫>7500</疫苗接種計畫>
　　　　　　<一般行政管理計畫 />
　　　　</ROW>
　　　　<ROW>
　　　　　　<SEQNO>48</SEQNO>
　　　　　　<LEVEL>1</LEVEL>
　　　　　　<BOLD>1</BOLD>
　　　　　　<前年度決算數>647639</前年度決算數>
　　　　　　<上年度預算數>1017508</上年度預算數>
　　　　　　<科目名稱>會費、捐助、補助、分攤、照護、救濟與交流活動費</科目名稱>
　　　　　　<合計>936658</合計>
　　　　　　<疫苗接種計畫>936658</疫苗接種計畫>
　　　　　　<一般行政管理計畫 />
　　　　</ROW>
　　　　<ROW>
　　　　　　<SEQNO>49</SEQNO>
　　　　　　<LEVEL>2</LEVEL>
　　　　　　<BOLD>0</BOLD>
　　　　　　<前年度決算數>3</前年度決算數>
　　　　　　<上年度預算數 />
　　　　　　<科目名稱>會費</科目名稱>
　　　　　　<合計 />
　　　　　　<疫苗接種計畫 />
　　　　　　<一般行政管理計畫 />
　　　　</ROW>
　　　　<ROW>
　　　　　　<SEQNO>50</SEQNO>
　　　　　　<LEVEL>3</LEVEL>
　　　　　　<BOLD>0</BOLD>
　　　　　　<前年度決算數>3</前年度決算數>
　　　　　　<上年度預算數 />
　　　　　　<科目名稱>職業團體會費</科目名稱>
　　　　　　<合計 />
　　　　　　<疫苗接種計畫 />
　　　　　　<一般行政管理計畫 />
　　　　</ROW>
　　　　<ROW>
　　　　　　<SEQNO>51</SEQNO>
　　　　　　<LEVEL>2</LEVEL>
　　　　　　<BOLD>0</BOLD>
　　　　　　<前年度決算數>647636</前年度決算數>
　　　　　　<上年度預算數>1016000</上年度預算數>
　　　　　　<科目名稱>捐助、補助與獎助</科目名稱>
　　　　　　<合計>935150</合計>
　　　　　　<疫苗接種計畫>935150</疫苗接種計畫>
　　　　　　<一般行政管理計畫 />
　　　　</ROW>
　　　　<ROW>
　　　　　　<SEQNO>52</SEQNO>
　　　　　　<LEVEL>3</LEVEL>
　　　　　　<BOLD>0</BOLD>
　　　　　　<前年度決算數>130249</前年度決算數>
　　　　　　<上年度預算數>189300</上年度預算數>
　　　　　　<科目名稱>補（協）助政府機關（構）</科目名稱>
　　　　　　<合計>189300</合計>
　　　　　　<疫苗接種計畫>189300</疫苗接種計畫>
　　　　　　<一般行政管理計畫 />
　　　　</ROW>
　　　　<ROW>
　　　　　　<SEQNO>53</SEQNO>
　　　　　　<LEVEL>3</LEVEL>
　　　　　　<BOLD>0</BOLD>
　　　　　　<前年度決算數>517388</前年度決算數>
　　　　　　<上年度預算數>826700</上年度預算數>
　　　　　　<科目名稱>捐助個人</科目名稱>
　　　　　　<合計>745850</合計>
　　　　　　<疫苗接種計畫>745850</疫苗接種計畫>
　　　　　　<一般行政管理計畫 />
　　　　</ROW>
　　　　<ROW>
　　　　　　<SEQNO>54</SEQNO>
　　　　　　<LEVEL>2</LEVEL>
　　　　　　<BOLD>0</BOLD>
　　　　　　<前年度決算數 />
　　　　　　<上年度預算數>1508</上年度預算數>
　　　　　　<科目名稱>補貼、獎勵、慰問、照護與救濟</科目名稱>
　　　　　　<合計>1508</合計>
　　　　　　<疫苗接種計畫>1508</疫苗接種計畫>
　　　　　　<一般行政管理計畫 />
　　　　</ROW>
　　　　<ROW>
　　　　　　<SEQNO>55</SEQNO>
　　　　　　<LEVEL>3</LEVEL>
　　　　　　<BOLD>0</BOLD>
　　　　　　<前年度決算數 />
　　　　　　<上年度預算數>1508</上年度預算數>
　　　　　　<科目名稱>獎勵費用</科目名稱>
　　　　　　<合計>1508</合計>
　　　　　　<疫苗接種計畫>1508</疫苗接種計畫>
　　　　　　<一般行政管理計畫 />
　　　　</ROW>
　　　　<ROW>
　　　　　　<SEQNO>56</SEQNO>
　　　　　　<LEVEL>1</LEVEL>
　　　　　　<BOLD>1</BOLD>
　　　　　　<前年度決算數>100</前年度決算數>
　　　　　　<上年度預算數 />
　　　　　　<科目名稱>其他</科目名稱>
　　　　　　<合計 />
　　　　　　<疫苗接種計畫 />
　　　　　　<一般行政管理計畫 />
　　　　</ROW>
　　　　<ROW>
　　　　　　<SEQNO>57</SEQNO>
　　　　　　<LEVEL>2</LEVEL>
　　　　　　<BOLD>0</BOLD>
　　　　　　<前年度決算數>100</前年度決算數>
　　　　　　<上年度預算數 />
　　　　　　<科目名稱>其他支出</科目名稱>
　　　　　　<合計 />
　　　　　　<疫苗接種計畫 />
　　　　　　<一般行政管理計畫 />
　　　　</ROW>
　　　　<ROW>
　　　　　　<SEQNO>58</SEQNO>
　　　　　　<LEVEL>3</LEVEL>
　　　　　　<BOLD>0</BOLD>
　　　　　　<前年度決算數>100</前年度決算數>
　　　　　　<上年度預算數 />
　　　　　　<科目名稱>其他</科目名稱>
　　　　　　<合計 />
　　　　　　<疫苗接種計畫 />
　　　　　　<一般行政管理計畫 />
　　　　</ROW>
　　　　<ROW>
　　　　　　<SEQNO>59</SEQNO>
　　　　　　<LEVEL>1</LEVEL>
　　　　　　<BOLD>1</BOLD>
　　　　　　<前年度決算數>3512188</前年度決算數>
　　　　　　<上年度預算數>3652012</上年度預算數>
　　　　　　<科目名稱>合計</科目名稱>
　　　　　　<合計>3444399</合計>
　　　　　　<疫苗接種計畫>3442898</疫苗接種計畫>
　　　　　　<一般行政管理計畫>1501</一般行政管理計畫>
　　　　</ROW>
　　</DataSet>
</GenericData>

