<?xml version="1.0" encoding="UTF-8"?>
<tables>
    <BCTDOUTGO>
        <BCTDOUTGO_row>
            <bm_fiscalyear>112</bm_fiscalyear>
            <bm_fundkind>1</bm_fundkind>
            <bm_budgetkind>1</bm_budgetkind>
            <bm_specialbudgetno/>
            <bm_agenno>57005</bm_agenno>
            <bm_agentype>C</bm_agentype>
            <bm_budgetstate>1</bm_budgetstate>
            <bm_abroadplan>2</bm_abroadplan>
            <bm_projtype>1 </bm_projtype>
            <bm_projno>01</bm_projno>
            <bm_abroadplanname>考察緊急新興傳染病疫情、了解防治策略，並進行港埠檢疫交流</bm_abroadplanname>
            <bm_visitsts>1</bm_visitsts>
            <bm_visitexplain/>
            <bm_dispatchstaffs>0</bm_dispatchstaffs>
            <bm_abroadsite1/>
            <bm_abroadsite2/>
            <bm_abroadsite3/>
            <bm_abroadperiod1/>
            <bm_abroadperiodto1/>
            <bm_abroadperiod2/>
            <bm_abroadperiodto2/>
            <bm_abroadperiod3/>
            <bm_abroadperiodto3/>
            <bm_abroadstaffs1>0</bm_abroadstaffs1>
            <bm_abroadstaffs2>0</bm_abroadstaffs2>
            <bm_abroadstaffs3>0</bm_abroadstaffs3>
            <bm_abroadallowance1>0.00</bm_abroadallowance1>
            <bm_abroadallowance2>0.00</bm_abroadallowance2>
            <bm_abroadallowance3>0.00</bm_abroadallowance3>
            <bm_budgetno>6557050200</bm_budgetno>
            <bm_regionno>43</bm_regionno>
            <bm_country>中國大陸、香港、澳門</bm_country>
            <bm_agency>中國、香港、澳門等防疫檢疫相關機構</bm_agency>
            <bm_cont_text>考察陸方緊急、新興傳染病疫情防治情況，建立境外傳染病防治量能；與大陸相互交流傳染病防治措施及港埠檢疫建置，進行交流合作業務。</bm_cont_text>
            <bm_durationfrom>11201</bm_durationfrom>
            <bm_durationto>11212</bm_durationto>
            <bm_days>3</bm_days>
            <bm_persons>2</bm_persons>
            <bm_amt_trans>33000.00</bm_amt_trans>
            <bm_amt_life>25000.00</bm_amt_life>
            <bm_amt_public>10000.00</bm_amt_public>
            <bm_amt_books>0.00</bm_amt_books>
            <bm_amt_flight>0.00</bm_amt_flight>
            <bm_versiondate/>
        </BCTDOUTGO_row>
    </BCTDOUTGO>
</tables>
