<?xml version="1.0" encoding="UTF-8"?>
<tables>
    <BCME3470>
        <BCME3470_row>
            <budgetno>00570000000</budgetno>
            <budgetname>衛生福利部主管</budgetname>
            <damt1>0.000000</damt1>
            <damt2>322620.000000</damt2>
            <damt3>0.000000</damt3>
            <damt4>43052.000000</damt4>
            <damt5>13400.000000</damt5>
            <damt6>114737.000000</damt6>
            <damt7>15129.000000</damt7>
            <damt8>0.000000</damt8>
            <damt9>0.000000</damt9>
            <damt10>26820.000000</damt10>
            <damt11>535758.000000</damt11>
            <no1>19</no1>
            <no2>00</no2>
            <no3>00</no3>
            <no4>00</no4>
            <budgetno_conver>0057000000</budgetno_conver>
            <b_level>1</b_level>
        </BCME3470_row>
        <BCME3470_row>
            <budgetno>00570050000</budgetno>
            <budgetname>疾病管制署</budgetname>
            <damt1>0.000000</damt1>
            <damt2>322620.000000</damt2>
            <damt3>0.000000</damt3>
            <damt4>43052.000000</damt4>
            <damt5>13400.000000</damt5>
            <damt6>114737.000000</damt6>
            <damt7>15129.000000</damt7>
            <damt8>0.000000</damt8>
            <damt9>0.000000</damt9>
            <damt10>26820.000000</damt10>
            <damt11>535758.000000</damt11>
            <no1>19</no1>
            <no2>02</no2>
            <no3>00</no3>
            <no4>00</no4>
            <budgetno_conver>0057050000</budgetno_conver>
            <b_level>2</b_level>
        </BCME3470_row>
        <BCME3470_row>
            <budgetno>52570050000</budgetno>
            <budgetname>科學支出</budgetname>
            <damt1>0.000000</damt1>
            <damt2>0.000000</damt2>
            <damt3>0.000000</damt3>
            <damt4>12000.000000</damt4>
            <damt5>0.000000</damt5>
            <damt6>54874.000000</damt6>
            <damt7>132.000000</damt7>
            <damt8>0.000000</damt8>
            <damt9>0.000000</damt9>
            <damt10>0.000000</damt10>
            <damt11>67006.000000</damt11>
            <no1>19</no1>
            <no2/>
            <no3/>
            <no4/>
            <budgetno_conver>5257050000</budgetno_conver>
            <b_level>2</b_level>
        </BCME3470_row>
        <BCME3470_row>
            <budgetno>52570050400</budgetno>
            <budgetname>科技業務</budgetname>
            <damt1>0.000000</damt1>
            <damt2>0.000000</damt2>
            <damt3>0.000000</damt3>
            <damt4>12000.000000</damt4>
            <damt5>0.000000</damt5>
            <damt6>54874.000000</damt6>
            <damt7>132.000000</damt7>
            <damt8>0.000000</damt8>
            <damt9>0.000000</damt9>
            <damt10>0.000000</damt10>
            <damt11>67006.000000</damt11>
            <no1>19</no1>
            <no2>02</no2>
            <no3>01</no3>
            <no4>00</no4>
            <budgetno_conver>5257050400</budgetno_conver>
            <b_level>3</b_level>
        </BCME3470_row>
        <BCME3470_row>
            <budgetno>65570050000</budgetno>
            <budgetname>醫療保健支出</budgetname>
            <damt1>0.000000</damt1>
            <damt2>322620.000000</damt2>
            <damt3>0.000000</damt3>
            <damt4>31052.000000</damt4>
            <damt5>13400.000000</damt5>
            <damt6>59863.000000</damt6>
            <damt7>14997.000000</damt7>
            <damt8>0.000000</damt8>
            <damt9>0.000000</damt9>
            <damt10>26820.000000</damt10>
            <damt11>468752.000000</damt11>
            <no1>19</no1>
            <no2/>
            <no3/>
            <no4/>
            <budgetno_conver>6557050000</budgetno_conver>
            <b_level>2</b_level>
        </BCME3470_row>
        <BCME3470_row>
            <budgetno>65570050100</budgetno>
            <budgetname>一般行政</budgetname>
            <damt1>0.000000</damt1>
            <damt2>0.000000</damt2>
            <damt3>0.000000</damt3>
            <damt4>0.000000</damt4>
            <damt5>0.000000</damt5>
            <damt6>0.000000</damt6>
            <damt7>1109.000000</damt7>
            <damt8>0.000000</damt8>
            <damt9>0.000000</damt9>
            <damt10>0.000000</damt10>
            <damt11>1109.000000</damt11>
            <no1>19</no1>
            <no2>02</no2>
            <no3>02</no3>
            <no4>00</no4>
            <budgetno_conver>6557050100</budgetno_conver>
            <b_level>3</b_level>
        </BCME3470_row>
        <BCME3470_row>
            <budgetno>65570050200</budgetno>
            <budgetname>防疫業務</budgetname>
            <damt1>0.000000</damt1>
            <damt2>320.000000</damt2>
            <damt3>0.000000</damt3>
            <damt4>31052.000000</damt4>
            <damt5>13400.000000</damt5>
            <damt6>59863.000000</damt6>
            <damt7>13888.000000</damt7>
            <damt8>0.000000</damt8>
            <damt9>0.000000</damt9>
            <damt10>26820.000000</damt10>
            <damt11>145343.000000</damt11>
            <no1>19</no1>
            <no2>02</no2>
            <no3>03</no3>
            <no4>00</no4>
            <budgetno_conver>6557050200</budgetno_conver>
            <b_level>3</b_level>
        </BCME3470_row>
        <BCME3470_row>
            <budgetno>65570059000</budgetno>
            <budgetname>一般建築及設備</budgetname>
            <damt1>0.000000</damt1>
            <damt2>322300.000000</damt2>
            <damt3>0.000000</damt3>
            <damt4>0.000000</damt4>
            <damt5>0.000000</damt5>
            <damt6>0.000000</damt6>
            <damt7>0.000000</damt7>
            <damt8>0.000000</damt8>
            <damt9>0.000000</damt9>
            <damt10>0.000000</damt10>
            <damt11>322300.000000</damt11>
            <no1>19</no1>
            <no2>02</no2>
            <no3>04</no3>
            <no4>00</no4>
            <budgetno_conver>6557059000</budgetno_conver>
            <b_level>3</b_level>
        </BCME3470_row>
        <BCME3470_row>
            <budgetno>65570059002</budgetno>
            <budgetname>營建工程</budgetname>
            <damt1>0.000000</damt1>
            <damt2>322300.000000</damt2>
            <damt3>0.000000</damt3>
            <damt4>0.000000</damt4>
            <damt5>0.000000</damt5>
            <damt6>0.000000</damt6>
            <damt7>0.000000</damt7>
            <damt8>0.000000</damt8>
            <damt9>0.000000</damt9>
            <damt10>0.000000</damt10>
            <damt11>322300.000000</damt11>
            <no1>19</no1>
            <no2>02</no2>
            <no3>04</no3>
            <no4>01</no4>
            <budgetno_conver>6557059002</budgetno_conver>
            <b_level>4</b_level>
        </BCME3470_row>
    </BCME3470>
</tables>
