<?xml version="1.0" encoding="UTF-8"?>
<tables>
    <BCTDMANAMT>
        <BCTDMANAMT_row>
            <bn_fiscalyear>112</bn_fiscalyear>
            <bn_fundkind>1</bn_fundkind>
            <bn_budgetkind>1</bn_budgetkind>
            <bn_specialbudgetno/>
            <bn_agenno>57005</bn_agenno>
            <bn_agentype>C</bn_agentype>
            <bn_budgetstate>1</bn_budgetstate>
            <bn_budgetsource>1</bn_budgetsource>
            <bn_man1>837</bn_man1>
            <bn_man1_l>835</bn_man1_l>
            <bn_man2>0</bn_man2>
            <bn_man2_l>0</bn_man2_l>
            <bn_man3>15</bn_man3>
            <bn_man3_l>15</bn_man3_l>
            <bn_man4>19</bn_man4>
            <bn_man4_l>20</bn_man4_l>
            <bn_man5>40</bn_man5>
            <bn_man5_l>40</bn_man5_l>
            <bn_man6>3</bn_man6>
            <bn_man6_l>3</bn_man6_l>
            <bn_man7>0</bn_man7>
            <bn_man7_l>0</bn_man7_l>
            <bn_man8>2</bn_man8>
            <bn_man8_l>2</bn_man8_l>
            <bn_man9>21</bn_man9>
            <bn_man9_l>21</bn_man9_l>
            <bn_man10>0</bn_man10>
            <bn_man10_l>0</bn_man10_l>
            <bn_man11>0</bn_man11>
            <bn_man11_l>0</bn_man11_l>
            <bn_amt_man>1022789000.00</bn_amt_man>
            <bn_amt_mngbsn>980912000.00</bn_amt_mngbsn>
            <bn_text>本署以業務費預計進用臨時人員136人88,940千元及勞務承攬277人199,055千元，分述如下：&#xd;
&amp;lt;#H1&amp;gt;科技業務，預計進用臨時人員49人，經費33,192千元；勞務承攬5人，經費3,855千元。&#xd;
&amp;lt;#H1&amp;gt;一般行政，預計進用臨時人員5人，經費3,159千元；勞務承攬24人，經費13,527千元。&#xd;
&amp;lt;#H1&amp;gt;防疫業務，預計進用臨時人員82人，經費52,589千元；勞務承攬248人，經費181,673千元。</bn_text>
            <display_name>65570050100 一般行政</display_name>
        </BCTDMANAMT_row>
    </BCTDMANAMT>
</tables>
