<?xml version="1.0" encoding="UTF-8"?>
<tables>
    <BCME3450>
        <BCME3450_row>
            <objectNo>合計</objectNo>
            <budget>
                <budgetno_6557050100>1109132.00</budgetno_6557050100>
                <budgetno_5257050400>281116.00</budgetno_5257050400>
                <budgetno_6557050200>88599703.00</budgetno_6557050200>
                <budgetno_6557059002>322300.00</budgetno_6557059002>
                <budgetno_6557059800>50.00</budgetno_6557059800>
            </budget>
            <total>90312301.00</total>
        </BCME3450_row>
        <BCME3450_row>
            <objectNo>1000 人事費</objectNo>
            <budget>
                <budgetno_6557050100>1071950.00</budgetno_6557050100>
                <budgetno_5257050400/>
                <budgetno_6557050200/>
                <budgetno_6557059002/>
                <budgetno_6557059800/>
            </budget>
            <total>1071950.00</total>
        </BCME3450_row>
        <BCME3450_row>
            <objectNo>  1015 法定編制人員待遇</objectNo>
            <budget>
                <budgetno_6557050100>639512.00</budgetno_6557050100>
                <budgetno_5257050400/>
                <budgetno_6557050200/>
                <budgetno_6557059002/>
                <budgetno_6557059800/>
            </budget>
            <total>639512.00</total>
        </BCME3450_row>
        <BCME3450_row>
            <objectNo>  1020 約聘僱人員待遇</objectNo>
            <budget>
                <budgetno_6557050100>25838.00</budgetno_6557050100>
                <budgetno_5257050400/>
                <budgetno_6557050200/>
                <budgetno_6557059002/>
                <budgetno_6557059800/>
            </budget>
            <total>25838.00</total>
        </BCME3450_row>
        <BCME3450_row>
            <objectNo>  1025 技工及工友待遇</objectNo>
            <budget>
                <budgetno_6557050100>23777.00</budgetno_6557050100>
                <budgetno_5257050400/>
                <budgetno_6557050200/>
                <budgetno_6557059002/>
                <budgetno_6557059800/>
            </budget>
            <total>23777.00</total>
        </BCME3450_row>
        <BCME3450_row>
            <objectNo>  1030 獎金</objectNo>
            <budget>
                <budgetno_6557050100>191929.00</budgetno_6557050100>
                <budgetno_5257050400/>
                <budgetno_6557050200/>
                <budgetno_6557059002/>
                <budgetno_6557059800/>
            </budget>
            <total>191929.00</total>
        </BCME3450_row>
        <BCME3450_row>
            <objectNo>  1035 其他給與</objectNo>
            <budget>
                <budgetno_6557050100>14810.00</budgetno_6557050100>
                <budgetno_5257050400/>
                <budgetno_6557050200/>
                <budgetno_6557059002/>
                <budgetno_6557059800/>
            </budget>
            <total>14810.00</total>
        </BCME3450_row>
        <BCME3450_row>
            <objectNo>  1040 加班值班費</objectNo>
            <budget>
                <budgetno_6557050100>33412.00</budgetno_6557050100>
                <budgetno_5257050400/>
                <budgetno_6557050200/>
                <budgetno_6557059002/>
                <budgetno_6557059800/>
            </budget>
            <total>33412.00</total>
        </BCME3450_row>
        <BCME3450_row>
            <objectNo>  1045 退休退職給付</objectNo>
            <budget>
                <budgetno_6557050100>3598.00</budgetno_6557050100>
                <budgetno_5257050400/>
                <budgetno_6557050200/>
                <budgetno_6557059002/>
                <budgetno_6557059800/>
            </budget>
            <total>3598.00</total>
        </BCME3450_row>
        <BCME3450_row>
            <objectNo>  1050 退休離職儲金</objectNo>
            <budget>
                <budgetno_6557050100>75213.00</budgetno_6557050100>
                <budgetno_5257050400/>
                <budgetno_6557050200/>
                <budgetno_6557059002/>
                <budgetno_6557059800/>
            </budget>
            <total>75213.00</total>
        </BCME3450_row>
        <BCME3450_row>
            <objectNo>  1055 保險</objectNo>
            <budget>
                <budgetno_6557050100>63861.00</budgetno_6557050100>
                <budgetno_5257050400/>
                <budgetno_6557050200/>
                <budgetno_6557059002/>
                <budgetno_6557059800/>
            </budget>
            <total>63861.00</total>
        </BCME3450_row>
        <BCME3450_row>
            <objectNo>2000 業務費</objectNo>
            <budget>
                <budgetno_6557050100>34131.00</budgetno_6557050100>
                <budgetno_5257050400>211910.00</budgetno_5257050400>
                <budgetno_6557050200>37079988.00</budgetno_6557050200>
                <budgetno_6557059002/>
                <budgetno_6557059800/>
            </budget>
            <total>37326029.00</total>
        </BCME3450_row>
        <BCME3450_row>
            <objectNo>  2003 教育訓練費</objectNo>
            <budget>
                <budgetno_6557050100>215.00</budgetno_6557050100>
                <budgetno_5257050400>250.00</budgetno_5257050400>
                <budgetno_6557050200>4931.00</budgetno_6557050200>
                <budgetno_6557059002/>
                <budgetno_6557059800/>
            </budget>
            <total>5396.00</total>
        </BCME3450_row>
        <BCME3450_row>
            <objectNo>  2006 水電費</objectNo>
            <budget>
                <budgetno_6557050100>4635.00</budgetno_6557050100>
                <budgetno_5257050400>4607.00</budgetno_5257050400>
                <budgetno_6557050200>56478.00</budgetno_6557050200>
                <budgetno_6557059002/>
                <budgetno_6557059800/>
            </budget>
            <total>65720.00</total>
        </BCME3450_row>
        <BCME3450_row>
            <objectNo>  2009 通訊費</objectNo>
            <budget>
                <budgetno_6557050100>1000.00</budgetno_6557050100>
                <budgetno_5257050400>2503.00</budgetno_5257050400>
                <budgetno_6557050200>101956.00</budgetno_6557050200>
                <budgetno_6557059002/>
                <budgetno_6557059800/>
            </budget>
            <total>105459.00</total>
        </BCME3450_row>
        <BCME3450_row>
            <objectNo>  2012 土地租金</objectNo>
            <budget>
                <budgetno_6557050100/>
                <budgetno_5257050400/>
                <budgetno_6557050200>3335.00</budgetno_6557050200>
                <budgetno_6557059002/>
                <budgetno_6557059800/>
            </budget>
            <total>3335.00</total>
        </BCME3450_row>
        <BCME3450_row>
            <objectNo>  2015 權利使用費</objectNo>
            <budget>
                <budgetno_6557050100/>
                <budgetno_5257050400>50.00</budgetno_5257050400>
                <budgetno_6557050200>2103.00</budgetno_6557050200>
                <budgetno_6557059002/>
                <budgetno_6557059800/>
            </budget>
            <total>2153.00</total>
        </BCME3450_row>
        <BCME3450_row>
            <objectNo>  2018 資訊服務費</objectNo>
            <budget>
                <budgetno_6557050100/>
                <budgetno_5257050400>22665.00</budgetno_5257050400>
                <budgetno_6557050200>164080.00</budgetno_6557050200>
                <budgetno_6557059002/>
                <budgetno_6557059800/>
            </budget>
            <total>186745.00</total>
        </BCME3450_row>
        <BCME3450_row>
            <objectNo>  2021 其他業務租金</objectNo>
            <budget>
                <budgetno_6557050100>543.00</budgetno_6557050100>
                <budgetno_5257050400>500.00</budgetno_5257050400>
                <budgetno_6557050200>210167.00</budgetno_6557050200>
                <budgetno_6557059002/>
                <budgetno_6557059800/>
            </budget>
            <total>211210.00</total>
        </BCME3450_row>
        <BCME3450_row>
            <objectNo>  2024 稅捐及規費</objectNo>
            <budget>
                <budgetno_6557050100>962.00</budgetno_6557050100>
                <budgetno_5257050400/>
                <budgetno_6557050200>133.00</budgetno_6557050200>
                <budgetno_6557059002/>
                <budgetno_6557059800/>
            </budget>
            <total>1095.00</total>
        </BCME3450_row>
        <BCME3450_row>
            <objectNo>  2027 保險費</objectNo>
            <budget>
                <budgetno_6557050100>124.00</budgetno_6557050100>
                <budgetno_5257050400>100.00</budgetno_5257050400>
                <budgetno_6557050200>338.00</budgetno_6557050200>
                <budgetno_6557059002/>
                <budgetno_6557059800/>
            </budget>
            <total>562.00</total>
        </BCME3450_row>
        <BCME3450_row>
            <objectNo>  2030 兼職費</objectNo>
            <budget>
                <budgetno_6557050100/>
                <budgetno_5257050400/>
                <budgetno_6557050200>5760.00</budgetno_6557050200>
                <budgetno_6557059002/>
                <budgetno_6557059800/>
            </budget>
            <total>5760.00</total>
        </BCME3450_row>
        <BCME3450_row>
            <objectNo>  2033 臨時人員酬金</objectNo>
            <budget>
                <budgetno_6557050100>3159.00</budgetno_6557050100>
                <budgetno_5257050400>33192.00</budgetno_5257050400>
                <budgetno_6557050200>52589.00</budgetno_6557050200>
                <budgetno_6557059002/>
                <budgetno_6557059800/>
            </budget>
            <total>88940.00</total>
        </BCME3450_row>
        <BCME3450_row>
            <objectNo>  2036 按日按件計資酬金</objectNo>
            <budget>
                <budgetno_6557050100>507.00</budgetno_6557050100>
                <budgetno_5257050400>1981.00</budgetno_5257050400>
                <budgetno_6557050200>6363.00</budgetno_6557050200>
                <budgetno_6557059002/>
                <budgetno_6557059800/>
            </budget>
            <total>8851.00</total>
        </BCME3450_row>
        <BCME3450_row>
            <objectNo>  2039 委辦費</objectNo>
            <budget>
                <budgetno_6557050100/>
                <budgetno_5257050400>68804.00</budgetno_5257050400>
                <budgetno_6557050200>8016794.00</budgetno_6557050200>
                <budgetno_6557059002/>
                <budgetno_6557059800/>
            </budget>
            <total>8085598.00</total>
        </BCME3450_row>
        <BCME3450_row>
            <objectNo>  2042 國際組織會費</objectNo>
            <budget>
                <budgetno_6557050100/>
                <budgetno_5257050400/>
                <budgetno_6557050200>79.00</budgetno_6557050200>
                <budgetno_6557059002/>
                <budgetno_6557059800/>
            </budget>
            <total>79.00</total>
        </BCME3450_row>
        <BCME3450_row>
            <objectNo>  2045 國內組織會費</objectNo>
            <budget>
                <budgetno_6557050100/>
                <budgetno_5257050400>25.00</budgetno_5257050400>
                <budgetno_6557050200>749.00</budgetno_6557050200>
                <budgetno_6557059002/>
                <budgetno_6557059800/>
            </budget>
            <total>774.00</total>
        </BCME3450_row>
        <BCME3450_row>
            <objectNo>  2051 物品</objectNo>
            <budget>
                <budgetno_6557050100>3072.00</budgetno_6557050100>
                <budgetno_5257050400>58718.00</budgetno_5257050400>
                <budgetno_6557050200>27930318.00</budgetno_6557050200>
                <budgetno_6557059002/>
                <budgetno_6557059800/>
            </budget>
            <total>27992108.00</total>
        </BCME3450_row>
        <BCME3450_row>
            <objectNo>  2054 一般事務費</objectNo>
            <budget>
                <budgetno_6557050100>16204.00</budgetno_6557050100>
                <budgetno_5257050400>13125.00</budgetno_5257050400>
                <budgetno_6557050200>418140.00</budgetno_6557050200>
                <budgetno_6557059002/>
                <budgetno_6557059800/>
            </budget>
            <total>447469.00</total>
        </BCME3450_row>
        <BCME3450_row>
            <objectNo>  2063 房屋建築養護費</objectNo>
            <budget>
                <budgetno_6557050100>1100.00</budgetno_6557050100>
                <budgetno_5257050400/>
                <budgetno_6557050200>5179.00</budgetno_6557050200>
                <budgetno_6557059002/>
                <budgetno_6557059800/>
            </budget>
            <total>6279.00</total>
        </BCME3450_row>
        <BCME3450_row>
            <objectNo>  2066 車輛及辦公器具養護費</objectNo>
            <budget>
                <budgetno_6557050100>259.00</budgetno_6557050100>
                <budgetno_5257050400/>
                <budgetno_6557050200>1332.00</budgetno_6557050200>
                <budgetno_6557059002/>
                <budgetno_6557059800/>
            </budget>
            <total>1591.00</total>
        </BCME3450_row>
        <BCME3450_row>
            <objectNo>  2069 設施及機械設備養護費</objectNo>
            <budget>
                <budgetno_6557050100>1819.00</budgetno_6557050100>
                <budgetno_5257050400>3425.00</budgetno_5257050400>
                <budgetno_6557050200>18180.00</budgetno_6557050200>
                <budgetno_6557059002/>
                <budgetno_6557059800/>
            </budget>
            <total>23424.00</total>
        </BCME3450_row>
        <BCME3450_row>
            <objectNo>  2072 國內旅費</objectNo>
            <budget>
                <budgetno_6557050100>340.00</budgetno_6557050100>
                <budgetno_5257050400>1670.00</budgetno_5257050400>
                <budgetno_6557050200>5457.00</budgetno_6557050200>
                <budgetno_6557059002/>
                <budgetno_6557059800/>
            </budget>
            <total>7467.00</total>
        </BCME3450_row>
        <BCME3450_row>
            <objectNo>  2075 大陸地區旅費</objectNo>
            <budget>
                <budgetno_6557050100/>
                <budgetno_5257050400/>
                <budgetno_6557050200>68.00</budgetno_6557050200>
                <budgetno_6557059002/>
                <budgetno_6557059800/>
            </budget>
            <total>68.00</total>
        </BCME3450_row>
        <BCME3450_row>
            <objectNo>  2078 國外旅費</objectNo>
            <budget>
                <budgetno_6557050100/>
                <budgetno_5257050400/>
                <budgetno_6557050200>1662.00</budgetno_6557050200>
                <budgetno_6557059002/>
                <budgetno_6557059800/>
            </budget>
            <total>1662.00</total>
        </BCME3450_row>
        <BCME3450_row>
            <objectNo>  2081 運費</objectNo>
            <budget>
                <budgetno_6557050100>24.00</budgetno_6557050100>
                <budgetno_5257050400>275.00</budgetno_5257050400>
                <budgetno_6557050200>73621.00</budgetno_6557050200>
                <budgetno_6557059002/>
                <budgetno_6557059800/>
            </budget>
            <total>73920.00</total>
        </BCME3450_row>
        <BCME3450_row>
            <objectNo>  2084 短程車資</objectNo>
            <budget>
                <budgetno_6557050100>10.00</budgetno_6557050100>
                <budgetno_5257050400>20.00</budgetno_5257050400>
                <budgetno_6557050200>176.00</budgetno_6557050200>
                <budgetno_6557059002/>
                <budgetno_6557059800/>
            </budget>
            <total>206.00</total>
        </BCME3450_row>
        <BCME3450_row>
            <objectNo>  2093 特別費</objectNo>
            <budget>
                <budgetno_6557050100>158.00</budgetno_6557050100>
                <budgetno_5257050400/>
                <budgetno_6557050200/>
                <budgetno_6557059002/>
                <budgetno_6557059800/>
            </budget>
            <total>158.00</total>
        </BCME3450_row>
        <BCME3450_row>
            <objectNo>3000 設備及投資</objectNo>
            <budget>
                <budgetno_6557050100>1109.00</budgetno_6557050100>
                <budgetno_5257050400>67006.00</budgetno_5257050400>
                <budgetno_6557050200>118523.00</budgetno_6557050200>
                <budgetno_6557059002>322300.00</budgetno_6557059002>
                <budgetno_6557059800/>
            </budget>
            <total>508938.00</total>
        </BCME3450_row>
        <BCME3450_row>
            <objectNo>  3010 房屋建築及設備費</objectNo>
            <budget>
                <budgetno_6557050100/>
                <budgetno_5257050400/>
                <budgetno_6557050200>320.00</budgetno_6557050200>
                <budgetno_6557059002>322300.00</budgetno_6557059002>
                <budgetno_6557059800/>
            </budget>
            <total>322620.00</total>
        </BCME3450_row>
        <BCME3450_row>
            <objectNo>  3020 機械設備費</objectNo>
            <budget>
                <budgetno_6557050100/>
                <budgetno_5257050400>12000.00</budgetno_5257050400>
                <budgetno_6557050200>31052.00</budgetno_6557050200>
                <budgetno_6557059002/>
                <budgetno_6557059800/>
            </budget>
            <total>43052.00</total>
        </BCME3450_row>
        <BCME3450_row>
            <objectNo>  3025 運輸設備費</objectNo>
            <budget>
                <budgetno_6557050100/>
                <budgetno_5257050400/>
                <budgetno_6557050200>13400.00</budgetno_6557050200>
                <budgetno_6557059002/>
                <budgetno_6557059800/>
            </budget>
            <total>13400.00</total>
        </BCME3450_row>
        <BCME3450_row>
            <objectNo>  3030 資訊軟硬體設備費</objectNo>
            <budget>
                <budgetno_6557050100/>
                <budgetno_5257050400>54874.00</budgetno_5257050400>
                <budgetno_6557050200>59863.00</budgetno_6557050200>
                <budgetno_6557059002/>
                <budgetno_6557059800/>
            </budget>
            <total>114737.00</total>
        </BCME3450_row>
        <BCME3450_row>
            <objectNo>  3035 雜項設備費</objectNo>
            <budget>
                <budgetno_6557050100>1109.00</budgetno_6557050100>
                <budgetno_5257050400>132.00</budgetno_5257050400>
                <budgetno_6557050200>13888.00</budgetno_6557050200>
                <budgetno_6557059002/>
                <budgetno_6557059800/>
            </budget>
            <total>15129.00</total>
        </BCME3450_row>
        <BCME3450_row>
            <objectNo>4000 獎補助費</objectNo>
            <budget>
                <budgetno_6557050100>1942.00</budgetno_6557050100>
                <budgetno_5257050400>2200.00</budgetno_5257050400>
                <budgetno_6557050200>51401192.00</budgetno_6557050200>
                <budgetno_6557059002/>
                <budgetno_6557059800/>
            </budget>
            <total>51405334.00</total>
        </BCME3450_row>
        <BCME3450_row>
            <objectNo>  4005 對直轄市政府之補助</objectNo>
            <budget>
                <budgetno_6557050100/>
                <budgetno_5257050400/>
                <budgetno_6557050200>2275719.00</budgetno_6557050200>
                <budgetno_6557059002/>
                <budgetno_6557059800/>
            </budget>
            <total>2275719.00</total>
        </BCME3450_row>
        <BCME3450_row>
            <objectNo>  4010 對各縣市政府之補助</objectNo>
            <budget>
                <budgetno_6557050100/>
                <budgetno_5257050400/>
                <budgetno_6557050200>736271.00</budgetno_6557050200>
                <budgetno_6557059002/>
                <budgetno_6557059800/>
            </budget>
            <total>736271.00</total>
        </BCME3450_row>
        <BCME3450_row>
            <objectNo>  4025 政府機關間之補助</objectNo>
            <budget>
                <budgetno_6557050100/>
                <budgetno_5257050400/>
                <budgetno_6557050200>1238.00</budgetno_6557050200>
                <budgetno_6557059002/>
                <budgetno_6557059800/>
            </budget>
            <total>1238.00</total>
        </BCME3450_row>
        <BCME3450_row>
            <objectNo>  4030 對特種基金之補助</objectNo>
            <budget>
                <budgetno_6557050100/>
                <budgetno_5257050400/>
                <budgetno_6557050200>26723647.00</budgetno_6557050200>
                <budgetno_6557059002/>
                <budgetno_6557059800/>
            </budget>
            <total>26723647.00</total>
        </BCME3450_row>
        <BCME3450_row>
            <objectNo>  4040 對國內團體之捐助</objectNo>
            <budget>
                <budgetno_6557050100/>
                <budgetno_5257050400/>
                <budgetno_6557050200>24122.00</budgetno_6557050200>
                <budgetno_6557059002/>
                <budgetno_6557059800/>
            </budget>
            <total>24122.00</total>
        </BCME3450_row>
        <BCME3450_row>
            <objectNo>  4045 對私校之獎助</objectNo>
            <budget>
                <budgetno_6557050100/>
                <budgetno_5257050400/>
                <budgetno_6557050200>200.00</budgetno_6557050200>
                <budgetno_6557059002/>
                <budgetno_6557059800/>
            </budget>
            <total>200.00</total>
        </BCME3450_row>
        <BCME3450_row>
            <objectNo>  4060 對公保軍保退撫基金之補助及挹注</objectNo>
            <budget>
                <budgetno_6557050100>468.00</budgetno_6557050100>
                <budgetno_5257050400/>
                <budgetno_6557050200/>
                <budgetno_6557059002/>
                <budgetno_6557059800/>
            </budget>
            <total>468.00</total>
        </BCME3450_row>
        <BCME3450_row>
            <objectNo>  4065 社會福利津貼及濟助</objectNo>
            <budget>
                <budgetno_6557050100/>
                <budgetno_5257050400/>
                <budgetno_6557050200>18565253.00</budgetno_6557050200>
                <budgetno_6557059002/>
                <budgetno_6557059800/>
            </budget>
            <total>18565253.00</total>
        </BCME3450_row>
        <BCME3450_row>
            <objectNo>  4075 差額補貼</objectNo>
            <budget>
                <budgetno_6557050100>208.00</budgetno_6557050100>
                <budgetno_5257050400/>
                <budgetno_6557050200/>
                <budgetno_6557059002/>
                <budgetno_6557059800/>
            </budget>
            <total>208.00</total>
        </BCME3450_row>
        <BCME3450_row>
            <objectNo>  4085 獎勵及慰問</objectNo>
            <budget>
                <budgetno_6557050100>1266.00</budgetno_6557050100>
                <budgetno_5257050400>2200.00</budgetno_5257050400>
                <budgetno_6557050200>3074532.00</budgetno_6557050200>
                <budgetno_6557059002/>
                <budgetno_6557059800/>
            </budget>
            <total>3077998.00</total>
        </BCME3450_row>
        <BCME3450_row>
            <objectNo>  4090 其他補助及捐助</objectNo>
            <budget>
                <budgetno_6557050100/>
                <budgetno_5257050400/>
                <budgetno_6557050200>210.00</budgetno_6557050200>
                <budgetno_6557059002/>
                <budgetno_6557059800/>
            </budget>
            <total>210.00</total>
        </BCME3450_row>
        <BCME3450_row>
            <objectNo>6000 預備金</objectNo>
            <budget>
                <budgetno_6557050100/>
                <budgetno_5257050400/>
                <budgetno_6557050200/>
                <budgetno_6557059002/>
                <budgetno_6557059800>50.00</budgetno_6557059800>
            </budget>
            <total>50.00</total>
        </BCME3450_row>
        <BCME3450_row>
            <objectNo>  6005 第一預備金</objectNo>
            <budget>
                <budgetno_6557050100/>
                <budgetno_5257050400/>
                <budgetno_6557050200/>
                <budgetno_6557059002/>
                <budgetno_6557059800>50.00</budgetno_6557059800>
            </budget>
            <total>50.00</total>
        </BCME3450_row>
    </BCME3450>
</tables>
