<?xml version="1.0" encoding="UTF-8"?>
<tables>
    <BCME3480>
        <BCME3480_row>
            <level>1</level>
            <ba_objectno>1005</ba_objectno>
            <mi_objectname>民意代表待遇</mi_objectname>
            <objectnoname>1005民意代表待遇</objectnoname>
            <budgetamt_sum>0.00</budgetamt_sum>
            <displaymemo/>
            <btn_memo/>
        </BCME3480_row>
        <BCME3480_row>
            <level>1</level>
            <ba_objectno>1010</ba_objectno>
            <mi_objectname>政務人員待遇</mi_objectname>
            <objectnoname>1010政務人員待遇</objectnoname>
            <budgetamt_sum>0.00</budgetamt_sum>
            <displaymemo/>
            <btn_memo/>
        </BCME3480_row>
        <BCME3480_row>
            <level>1</level>
            <ba_objectno>1015</ba_objectno>
            <mi_objectname>法定編制人員待遇</mi_objectname>
            <objectnoname>1015法定編制人員待遇</objectnoname>
            <budgetamt_sum>639512000.00</budgetamt_sum>
            <displaymemo/>
            <btn_memo/>
        </BCME3480_row>
        <BCME3480_row>
            <level>1</level>
            <ba_objectno>1020</ba_objectno>
            <mi_objectname>約聘僱人員待遇</mi_objectname>
            <objectnoname>1020約聘僱人員待遇</objectnoname>
            <budgetamt_sum>25838000.00</budgetamt_sum>
            <displaymemo/>
            <btn_memo/>
        </BCME3480_row>
        <BCME3480_row>
            <level>1</level>
            <ba_objectno>1025</ba_objectno>
            <mi_objectname>技工及工友待遇</mi_objectname>
            <objectnoname>1025技工及工友待遇</objectnoname>
            <budgetamt_sum>23777000.00</budgetamt_sum>
            <displaymemo/>
            <btn_memo/>
        </BCME3480_row>
        <BCME3480_row>
            <level>1</level>
            <ba_objectno>1030</ba_objectno>
            <mi_objectname>獎金</mi_objectname>
            <objectnoname>1030獎金</objectnoname>
            <budgetamt_sum>191929000.00</budgetamt_sum>
            <displaymemo/>
            <btn_memo/>
        </BCME3480_row>
        <BCME3480_row>
            <level>1</level>
            <ba_objectno>1035</ba_objectno>
            <mi_objectname>其他給與</mi_objectname>
            <objectnoname>1035其他給與</objectnoname>
            <budgetamt_sum>14810000.00</budgetamt_sum>
            <displaymemo/>
            <btn_memo/>
        </BCME3480_row>
        <BCME3480_row>
            <level>1</level>
            <ba_objectno>1040</ba_objectno>
            <mi_objectname>加班值班費</mi_objectname>
            <objectnoname>1040加班值班費</objectnoname>
            <budgetamt_sum>33412000.00</budgetamt_sum>
            <displaymemo/>
            <btn_memo/>
        </BCME3480_row>
        <BCME3480_row>
            <level>1</level>
            <ba_objectno>1045</ba_objectno>
            <mi_objectname>退休退職給付</mi_objectname>
            <objectnoname>1045退休退職給付</objectnoname>
            <budgetamt_sum>3598000.00</budgetamt_sum>
            <displaymemo/>
            <btn_memo/>
        </BCME3480_row>
        <BCME3480_row>
            <level>1</level>
            <ba_objectno>1050</ba_objectno>
            <mi_objectname>退休離職儲金</mi_objectname>
            <objectnoname>1050退休離職儲金</objectnoname>
            <budgetamt_sum>75213000.00</budgetamt_sum>
            <displaymemo/>
            <btn_memo/>
        </BCME3480_row>
        <BCME3480_row>
            <level>1</level>
            <ba_objectno>1055</ba_objectno>
            <mi_objectname>保險</mi_objectname>
            <objectnoname>1055保險</objectnoname>
            <budgetamt_sum>63861000.00</budgetamt_sum>
            <displaymemo/>
            <btn_memo/>
        </BCME3480_row>
        <BCME3480_row>
            <level>1</level>
            <ba_objectno>1060</ba_objectno>
            <mi_objectname>調待準備</mi_objectname>
            <objectnoname>1060調待準備</objectnoname>
            <budgetamt_sum>0.00</budgetamt_sum>
            <displaymemo/>
            <btn_memo/>
        </BCME3480_row>
        <BCME3480_row>
            <level>2</level>
            <ba_objectno/>
            <mi_objectname/>
            <objectnoname>合計</objectnoname>
            <budgetamt_sum>1071950000.00</budgetamt_sum>
            <displaymemo/>
            <btn_memo/>
        </BCME3480_row>
    </BCME3480>
</tables>
