<?xml version="1.0" encoding="UTF-8"?>
<Root>
    <Row>
        <款>19</款>
        <項/>
        <目/>
        <節/>
        <科目名稱>衛生福利部主管</科目名稱>
        <預算科目編號>00570000000</預算科目編號>
    </Row>
    <Row>
        <款/>
        <項>2</項>
        <目/>
        <節/>
        <科目名稱>疾病管制署</科目名稱>
        <預算科目編號>00570050000</預算科目編號>
        <人事費>1071950</人事費>
        <業務費_經>37326029</業務費_經>
        <奬補助費_經>51378514</奬補助費_經>
        <債務費>0</債務費>
        <預備金_經>50</預備金_經>
        <經常支出小計>89776543</經常支出小計>
        <業務費_資>0</業務費_資>
        <設備及投資>508938</設備及投資>
        <奬補助費_資>26820</奬補助費_資>
        <預備金_資>0</預備金_資>
        <資本支出小計>535758</資本支出小計>
        <合計>90312301</合計>
    </Row>
    <Row>
        <款/>
        <項/>
        <目/>
        <節/>
        <科目名稱>科學支出</科目名稱>
        <預算科目編號>52570050000</預算科目編號>
        <人事費>0</人事費>
        <業務費_經>211910</業務費_經>
        <奬補助費_經>2200</奬補助費_經>
        <債務費>0</債務費>
        <預備金_經>0</預備金_經>
        <經常支出小計>214110</經常支出小計>
        <業務費_資>0</業務費_資>
        <設備及投資>67006</設備及投資>
        <奬補助費_資>0</奬補助費_資>
        <預備金_資>0</預備金_資>
        <資本支出小計>67006</資本支出小計>
        <合計>281116</合計>
    </Row>
    <Row>
        <款/>
        <項/>
        <目>1</目>
        <節/>
        <科目名稱>科技業務</科目名稱>
        <預算科目編號>52570050400</預算科目編號>
        <人事費>0</人事費>
        <業務費_經>211910</業務費_經>
        <奬補助費_經>2200</奬補助費_經>
        <債務費>0</債務費>
        <預備金_經>0</預備金_經>
        <經常支出小計>214110</經常支出小計>
        <業務費_資>0</業務費_資>
        <設備及投資>67006</設備及投資>
        <奬補助費_資>0</奬補助費_資>
        <預備金_資>0</預備金_資>
        <資本支出小計>67006</資本支出小計>
        <合計>281116</合計>
    </Row>
    <Row>
        <款/>
        <項/>
        <目/>
        <節/>
        <科目名稱>醫療保健支出</科目名稱>
        <預算科目編號>65570050000</預算科目編號>
        <人事費>1071950</人事費>
        <業務費_經>37114119</業務費_經>
        <奬補助費_經>51376314</奬補助費_經>
        <債務費>0</債務費>
        <預備金_經>50</預備金_經>
        <經常支出小計>89562433</經常支出小計>
        <業務費_資>0</業務費_資>
        <設備及投資>441932</設備及投資>
        <奬補助費_資>26820</奬補助費_資>
        <預備金_資>0</預備金_資>
        <資本支出小計>468752</資本支出小計>
        <合計>90031185</合計>
    </Row>
    <Row>
        <款/>
        <項/>
        <目>2</目>
        <節/>
        <科目名稱>一般行政</科目名稱>
        <預算科目編號>65570050100</預算科目編號>
        <人事費>1071950</人事費>
        <業務費_經>34131</業務費_經>
        <奬補助費_經>1942</奬補助費_經>
        <債務費>0</債務費>
        <預備金_經>0</預備金_經>
        <經常支出小計>1108023</經常支出小計>
        <業務費_資>0</業務費_資>
        <設備及投資>1109</設備及投資>
        <奬補助費_資>0</奬補助費_資>
        <預備金_資>0</預備金_資>
        <資本支出小計>1109</資本支出小計>
        <合計>1109132</合計>
    </Row>
    <Row>
        <款/>
        <項/>
        <目>3</目>
        <節/>
        <科目名稱>防疫業務</科目名稱>
        <預算科目編號>65570050200</預算科目編號>
        <人事費>0</人事費>
        <業務費_經>37079988</業務費_經>
        <奬補助費_經>51374372</奬補助費_經>
        <債務費>0</債務費>
        <預備金_經>0</預備金_經>
        <經常支出小計>88454360</經常支出小計>
        <業務費_資>0</業務費_資>
        <設備及投資>118523</設備及投資>
        <奬補助費_資>26820</奬補助費_資>
        <預備金_資>0</預備金_資>
        <資本支出小計>145343</資本支出小計>
        <合計>88599703</合計>
    </Row>
    <Row>
        <款/>
        <項/>
        <目>4</目>
        <節/>
        <科目名稱>一般建築及設備</科目名稱>
        <預算科目編號>65570059000</預算科目編號>
        <人事費>0</人事費>
        <業務費_經>0</業務費_經>
        <奬補助費_經>0</奬補助費_經>
        <債務費>0</債務費>
        <預備金_經>0</預備金_經>
        <經常支出小計>0</經常支出小計>
        <業務費_資>0</業務費_資>
        <設備及投資>322300</設備及投資>
        <奬補助費_資>0</奬補助費_資>
        <預備金_資>0</預備金_資>
        <資本支出小計>322300</資本支出小計>
        <合計>322300</合計>
    </Row>
    <Row>
        <款/>
        <項/>
        <目/>
        <節>1</節>
        <科目名稱>營建工程</科目名稱>
        <預算科目編號>65570059002</預算科目編號>
        <人事費>0</人事費>
        <業務費_經>0</業務費_經>
        <奬補助費_經>0</奬補助費_經>
        <債務費>0</債務費>
        <預備金_經>0</預備金_經>
        <經常支出小計>0</經常支出小計>
        <業務費_資>0</業務費_資>
        <設備及投資>322300</設備及投資>
        <奬補助費_資>0</奬補助費_資>
        <預備金_資>0</預備金_資>
        <資本支出小計>322300</資本支出小計>
        <合計>322300</合計>
    </Row>
    <Row>
        <款/>
        <項/>
        <目>5</目>
        <節/>
        <科目名稱>第一預備金</科目名稱>
        <預算科目編號>65570059800</預算科目編號>
        <人事費>0</人事費>
        <業務費_經>0</業務費_經>
        <奬補助費_經>0</奬補助費_經>
        <債務費>0</債務費>
        <預備金_經>50</預備金_經>
        <經常支出小計>50</經常支出小計>
        <業務費_資>0</業務費_資>
        <設備及投資>0</設備及投資>
        <奬補助費_資>0</奬補助費_資>
        <預備金_資>0</預備金_資>
        <資本支出小計>0</資本支出小計>
        <合計>50</合計>
    </Row>
</Root>
