<?xml version="1.0" encoding="UTF-8"?>
<tables>
    <BCME3420>
        <BCME3420_row>
            <budgetno/>
            <agenno/>
            <agentype/>
            <mh_budgetname>合    計</mh_budgetname>
            <displayname>合    計</displayname>
            <budgetno_conver/>
            <tyear_amt>90312301000</tyear_amt>
            <lyear_amt>24294226000</lyear_amt>
            <byear_amt>5504319552</byear_amt>
            <b_amt>66018075000</b_amt>
            <bc_content/>
            <memo/>
        </BCME3420_row>
        <BCME3420_row>
            <budgetno>00570000000</budgetno>
            <agenno>57005</agenno>
            <agentype>C</agentype>
            <mh_budgetname>衛生福利部主管</mh_budgetname>
            <displayname>衛生福利部主管</displayname>
            <budgetno_conver>0057000000</budgetno_conver>
            <tyear_amt>90312301000</tyear_amt>
            <lyear_amt>24294226000</lyear_amt>
            <byear_amt>5504319552</byear_amt>
            <b_amt>66018075000</b_amt>
            <bc_content/>
        </BCME3420_row>
        <BCME3420_row>
            <budgetno>00570050000</budgetno>
            <agenno>57005</agenno>
            <agentype>C</agentype>
            <mh_budgetname>疾病管制署</mh_budgetname>
            <displayname>疾病管制署</displayname>
            <budgetno_conver>0057050000</budgetno_conver>
            <tyear_amt>90312301000</tyear_amt>
            <lyear_amt>24294226000</lyear_amt>
            <byear_amt>5504319552</byear_amt>
            <b_amt>66018075000</b_amt>
            <bc_content/>
        </BCME3420_row>
        <BCME3420_row>
            <budgetno>52570050000</budgetno>
            <agenno>57005</agenno>
            <agentype>C</agentype>
            <mh_budgetname>科學支出</mh_budgetname>
            <displayname>科學支出</displayname>
            <budgetno_conver>5257050000</budgetno_conver>
            <tyear_amt>281116000</tyear_amt>
            <lyear_amt>212978000</lyear_amt>
            <byear_amt>236535612</byear_amt>
            <b_amt>68138000</b_amt>
            <bc_content/>
        </BCME3420_row>
        <BCME3420_row>
            <budgetno>52570050400</budgetno>
            <agenno>57005</agenno>
            <agentype>C</agentype>
            <mh_budgetname>科技業務</mh_budgetname>
            <displayname>科技業務</displayname>
            <budgetno_conver>5257050400</budgetno_conver>
            <tyear_amt>281116000</tyear_amt>
            <lyear_amt>212978000</lyear_amt>
            <byear_amt>236535612</byear_amt>
            <b_amt>68138000</b_amt>
            <bc_content>&lt;#H1&gt;本年度預算數281,116千元，包括業務費211,910千元，設備及投資67,006千元，獎補助費2,200千元。&#xd;
&lt;#H1&gt;本年度預算數之內容與上年度之比較如下：&#xd;
&lt;#H2&gt;防疫科技發展研究及科技管理經費129,500千元，較上年度增列辦理後疫情傳染病偵測技術推展及病原體監測等經費39,469千元。&#xd;
&lt;#H2&gt;新興生醫臨床試驗提升計畫經費7,752千元，較上年度減列購置新興病原培養與檢測試劑耗材等經費626千元。&#xd;
&lt;#H2&gt;建構智慧防疫新生活行動計畫經費72,000千元，較上年度增列辦理醫療院所人工智慧即時疫情警示與智能諮詢服務等經費22,000千元。&#xd;
&lt;#H2&gt;衛福業務數位轉型服務躍升計畫總經費676,690千元，分5年辦理，110至111年度已編列175,280千元，本年度續編第3年經費79,995千元，本科目編列4,184千元，較上年度減列1,816千元。&#xd;
&lt;#H2&gt;新增建構動植物健康安全防護網絡經費67,680千元。&#xd;
&lt;#H2&gt;上年度防疫一體傳染病整合防治計畫預算業已編竣，所列46,926千元如數減列。&#xd;
&lt;#H2&gt;上年度禽傳人之流感防控技術預算業已編竣，所列11,643千元如數減列。</bc_content>
        </BCME3420_row>
        <BCME3420_row>
            <budgetno>65570050000</budgetno>
            <agenno>57005</agenno>
            <agentype>C</agentype>
            <mh_budgetname>醫療保健支出</mh_budgetname>
            <displayname>醫療保健支出</displayname>
            <budgetno_conver>6557050000</budgetno_conver>
            <tyear_amt>90031185000</tyear_amt>
            <lyear_amt>24081248000</lyear_amt>
            <byear_amt>5267783940</byear_amt>
            <b_amt>65949937000</b_amt>
            <bc_content/>
        </BCME3420_row>
        <BCME3420_row>
            <budgetno>65570050100</budgetno>
            <agenno>57005</agenno>
            <agentype>C</agentype>
            <mh_budgetname>一般行政</mh_budgetname>
            <displayname>一般行政</displayname>
            <budgetno_conver>6557050100</budgetno_conver>
            <tyear_amt>1109132000</tyear_amt>
            <lyear_amt>1066704000</lyear_amt>
            <byear_amt>1046577398</byear_amt>
            <b_amt>42428000</b_amt>
            <bc_content>&lt;#H1&gt;本年度預算數1,109,132千元，包括人事費1,071,950千元，業務費34,131千元，設備及投資1,109千元，獎補助費1,942千元。 &#xd;
&lt;#H1&gt;本年度預算數之內容與上年度之比較如下：&#xd;
&lt;#H2&gt;人員維持費1,056,201千元，較上年度伸算增列調整待遇等經費42,497千元。&#xd;
&lt;#H2&gt;基本行政工作維持費37,182千元，較上年度增列年金改革節省退撫給付挹注退撫基金等經費398千元。&#xd;
&lt;#H2&gt;研發替代役經費15,749千元，較上年度減列467千元，其中：&#xd;
&lt;#H3&gt;新興傳染病暨流感大流行應變整備及邊境檢疫計畫總經費6,867,702千元，分6年辦理，111年度已編列248,061千元，本年度續編第2年經費271,276千元，本科目編列1,902千元，較上年度減列115千元。&#xd;
&lt;#H3&gt;2030年消除愛滋第一期計畫總經費9,697,156千元，分5年辦理，111年度已編列1,400,537千元，本年度續編第2年經費1,362,918千元，本科目編列870千元，較上年度減列413千元。&#xd;
&lt;#H3&gt;我國加入WHO2035消除結核第二期計畫總經費6,398,790千元，分5年辦理，110至111年度已編列2,016,891千元，本年度續編第3年經費1,005,110千元，本科目編列870千元，較上年度增列195千元。</bc_content>
        </BCME3420_row>
        <BCME3420_row>
            <budgetno>65570050200</budgetno>
            <agenno>57005</agenno>
            <agentype>C</agentype>
            <mh_budgetname>防疫業務</mh_budgetname>
            <displayname>防疫業務</displayname>
            <budgetno_conver>6557050200</budgetno_conver>
            <tyear_amt>88599703000</tyear_amt>
            <lyear_amt>22840876000</lyear_amt>
            <byear_amt>4218406542</byear_amt>
            <b_amt>65758827000</b_amt>
            <bc_content>&lt;#H1&gt;本年度預算數88,599,703千元，包括業務費37,079,988千元，設備及投資118,523千元，獎補助費51,401,192千元。&#xd;
&lt;#H1&gt;本年度預算數之內容與上年度之比較如下：&#xd;
&lt;#H2&gt;傳染病防治及應變規劃經費275,253千元，較上年度增列辦理卡介苗及抗蛇毒血清生物製劑生產供應計畫等經費14,058千元。&#xd;
&lt;#H2&gt;急性傳染病流行風險監控與管理第三期計畫總經費1,459,158千元，分4年辦理，110至111年度已編列161,085千元，本年度續編第3年經費79,262千元，與上年度同。&#xd;
&lt;#H2&gt;新興傳染病暨流感大流行應變整備及邊境檢疫計畫總經費6,867,702千元，分6年辦理，111年度已編列248,061千元，本年度續編第2年經費271,276千元，本科目編列269,374千元，較上年度增列23,330千元。&#xd;
&lt;#H2&gt;2030年消除愛滋第一期計畫總經費9,697,156千元，分5年辦理，111年度已編列1,400,537千元，本年度續編第2年經費1,362,918千元，本科目編列1,362,048千元，較上年度減列37,206千元。&#xd;
&lt;#H2&gt;我國加入WHO2035消除結核第二期計畫總經費6,398,790千元，分5年辦理，110至111年度已編列2,016,891千元，本年度續編第3年經費1,005,110千元，本科目編列1,004,240千元，較上年度減列195千元。&#xd;
&lt;#H2&gt;充實國家疫苗基金及促進國民免疫力第三期計畫總經費19,568,531千元，公務預算負擔5,250,228千元，分5年辦理，108至111年度已編列4,201,722千元，本年度續編最後1年經費1,048,506千元，與上年度同。&#xd;
&lt;#H2&gt;新南向醫衛合作與產業鏈發展中長程計畫第二期總經費1,692,256千元，分4年辦理，111年度已編列211,203千元，本年度續編第2年經費211,363千元，本科目編列4,730千元，與上年度同。&#xd;
&lt;#H2&gt;邁向全球衛生安全－抗生素抗藥性管理行動策略計畫總經費553,500千元，分5年辦理，109至111年度已編列54,802千元，本年度續編第4年經費14,904千元，較上年度減列2,630千元。&#xd;
&lt;#H2&gt;建構新世代國家傳染病檢驗網絡強化防疫檢驗量能計畫總經費1,432,446千元，分6年辦理，109至111年度已編列137,212千元，本年度續編第4年經費41,386千元，與上年度同。&#xd;
&lt;#H2&gt;後疫情時期防治經費84,500,000千元，較上年度增列採購抗病毒藥物及隔離治療等經費65,761,470千元。&#xd;
</bc_content>
        </BCME3420_row>
        <BCME3420_row>
            <budgetno>65570059000</budgetno>
            <agenno>57005</agenno>
            <agentype>C</agentype>
            <mh_budgetname>一般建築及設備</mh_budgetname>
            <displayname>一般建築及設備</displayname>
            <budgetno_conver>6557059000</budgetno_conver>
            <tyear_amt>322300000</tyear_amt>
            <lyear_amt>173618000</lyear_amt>
            <byear_amt>2800000</byear_amt>
            <b_amt>148682000</b_amt>
            <bc_content/>
        </BCME3420_row>
        <BCME3420_row>
            <budgetno>65570059002</budgetno>
            <agenno>57005</agenno>
            <agentype>C</agentype>
            <mh_budgetname>營建工程</mh_budgetname>
            <displayname>營建工程</displayname>
            <budgetno_conver>6557059002</budgetno_conver>
            <tyear_amt>322300000</tyear_amt>
            <lyear_amt>173618000</lyear_amt>
            <byear_amt>2800000</byear_amt>
            <b_amt>148682000</b_amt>
            <bc_content>衛生福利部防疫中心興建工程計畫總經費4,068,000千元，分7年辦理，110至111年度已編列176,418千元，本年度續編第3年經費322,300千元，較上年度增列148,682千元。</bc_content>
        </BCME3420_row>
        <BCME3420_row>
            <budgetno>65570059800</budgetno>
            <agenno>57005</agenno>
            <agentype>C</agentype>
            <mh_budgetname>第一預備金</mh_budgetname>
            <displayname>第一預備金</displayname>
            <budgetno_conver>6557059800</budgetno_conver>
            <tyear_amt>50000</tyear_amt>
            <lyear_amt>50000</lyear_amt>
            <byear_amt>0</byear_amt>
            <b_amt>0</b_amt>
            <bc_content>仍照上年度預算數編列。</bc_content>
        </BCME3420_row>
    </BCME3420>
</tables>
