<?xml version="1.0" encoding="UTF-8"?>
<GenericData>
　　<Header>
　　　　<Table Id="fngbeffect" Name="５年來主要業務計畫分析表" Domain="NBA" />
　　　　<Program Id="NBAGBR120_A" />
　　　　<Sender Name="疫苗基金" />
　　　　<報表名稱>５年來主要業務計畫分析表</報表名稱>
　　　　<年度>107</年度>
　　　　<基金>疫苗基金</基金>
　　　　<階段>預算案</階段>
　　　　<版本>1</版本>
　　　　<單位>新臺幣千元</單位>
　　</Header>
　　<DataSet>
　　　　<ROW>
　　　　　　<SEQNO>1</SEQNO>
　　　　　　<LEVEL>1</LEVEL>
　　　　　　<BOLD>1</BOLD>
　　　　　　<年度及項目>本年度預算數</年度及項目>
　　　　　　<單位 />
　　　　　　<數量>-</數量>
　　　　　　<單位成本或平均利率>-</單位成本或平均利率>
　　　　　　<預算數>3128725.00</預算數>
　　　　　　<說明 />
　　　　</ROW>
　　　　<ROW>
　　　　　　<SEQNO>2</SEQNO>
　　　　　　<LEVEL>2</LEVEL>
　　　　　　<BOLD>0</BOLD>
　　　　　　<年度及項目>疫苗接種計畫</年度及項目>
　　　　　　<單位 />
　　　　　　<數量>-</數量>
　　　　　　<單位成本或平均利率>-</單位成本或平均利率>
　　　　　　<預算數>3128725.00</預算數>
　　　　　　<說明 />
　　　　</ROW>
　　　　<ROW>
　　　　　　<SEQNO>3</SEQNO>
　　　　　　<LEVEL>1</LEVEL>
　　　　　　<BOLD>1</BOLD>
　　　　　　<年度及項目>上年度預算數</年度及項目>
　　　　　　<單位 />
　　　　　　<數量>-</數量>
　　　　　　<單位成本或平均利率>-</單位成本或平均利率>
　　　　　　<預算數>2288553.00</預算數>
　　　　　　<說明 />
　　　　</ROW>
　　　　<ROW>
　　　　　　<SEQNO>4</SEQNO>
　　　　　　<LEVEL>2</LEVEL>
　　　　　　<BOLD>0</BOLD>
　　　　　　<年度及項目>疫苗接種計畫</年度及項目>
　　　　　　<單位 />
　　　　　　<數量>-</數量>
　　　　　　<單位成本或平均利率>-</單位成本或平均利率>
　　　　　　<預算數>2288553.00</預算數>
　　　　　　<說明 />
　　　　</ROW>
　　　　<ROW>
　　　　　　<SEQNO>5</SEQNO>
　　　　　　<LEVEL>1</LEVEL>
　　　　　　<BOLD>1</BOLD>
　　　　　　<年度及項目>前年度決算數</年度及項目>
　　　　　　<單位 />
　　　　　　<數量>-</數量>
　　　　　　<單位成本或平均利率>-</單位成本或平均利率>
　　　　　　<預算數>2642314.00</預算數>
　　　　　　<說明 />
　　　　</ROW>
　　　　<ROW>
　　　　　　<SEQNO>6</SEQNO>
　　　　　　<LEVEL>2</LEVEL>
　　　　　　<BOLD>0</BOLD>
　　　　　　<年度及項目>疫苗接種計畫</年度及項目>
　　　　　　<單位 />
　　　　　　<數量>-</數量>
　　　　　　<單位成本或平均利率>-</單位成本或平均利率>
　　　　　　<預算數>2642314.00</預算數>
　　　　　　<說明 />
　　　　</ROW>
　　　　<ROW>
　　　　　　<SEQNO>7</SEQNO>
　　　　　　<LEVEL>1</LEVEL>
　　　　　　<BOLD>1</BOLD>
　　　　　　<年度及項目>104年度決算數</年度及項目>
　　　　　　<單位 />
　　　　　　<數量>-</數量>
　　　　　　<單位成本或平均利率>-</單位成本或平均利率>
　　　　　　<預算數>1773298.00</預算數>
　　　　　　<說明 />
　　　　</ROW>
　　　　<ROW>
　　　　　　<SEQNO>8</SEQNO>
　　　　　　<LEVEL>2</LEVEL>
　　　　　　<BOLD>0</BOLD>
　　　　　　<年度及項目>疫苗接種計畫</年度及項目>
　　　　　　<單位 />
　　　　　　<數量>-</數量>
　　　　　　<單位成本或平均利率>-</單位成本或平均利率>
　　　　　　<預算數>1773298.00</預算數>
　　　　　　<說明 />
　　　　</ROW>
　　　　<ROW>
　　　　　　<SEQNO>9</SEQNO>
　　　　　　<LEVEL>1</LEVEL>
　　　　　　<BOLD>1</BOLD>
　　　　　　<年度及項目>103年度決算數</年度及項目>
　　　　　　<單位 />
　　　　　　<數量>-</數量>
　　　　　　<單位成本或平均利率>-</單位成本或平均利率>
　　　　　　<預算數>1555556.00</預算數>
　　　　　　<說明 />
　　　　</ROW>
　　　　<ROW>
　　　　　　<SEQNO>10</SEQNO>
　　　　　　<LEVEL>2</LEVEL>
　　　　　　<BOLD>0</BOLD>
　　　　　　<年度及項目>疫苗接種計畫</年度及項目>
　　　　　　<單位 />
　　　　　　<數量>-</數量>
　　　　　　<單位成本或平均利率>-</單位成本或平均利率>
　　　　　　<預算數>1555556.00</預算數>
　　　　　　<說明 />
　　　　</ROW>
　　</DataSet>
</GenericData>

