<?xml version="1.0" encoding="UTF-8"?>
<GenericData>
　　<Header>
　　　　<Table Id="fngbcostanlyz" Name="單位成本分析表" Domain="NBA" />
　　　　<Program Id="NBAGBR100_A" />
　　　　<Sender Name="疫苗基金" />
　　　　<報表名稱>單位成本分析表</報表名稱>
　　　　<年度>107</年度>
　　　　<基金>疫苗基金</基金>
　　　　<階段>預算案</階段>
　　　　<版本>1</版本>
　　　　<單位>新臺幣千元</單位>
　　</Header>
　　<DataSet>
　　　　<ROW>
　　　　　　<SEQNO>1</SEQNO>
　　　　　　<LEVEL>1</LEVEL>
　　　　　　<BOLD>1</BOLD>
　　　　　　<計畫別>疫苗接種計畫</計畫別>
　　　　　　<單位 />
　　　　　　<單位成本或平均利率>0</單位成本或平均利率>
　　　　　　<數量>0</數量>
　　　　　　<預算數>3128725.00</預算數>
　　　　　　<說明 />
　　　　</ROW>
　　　　<ROW>
　　　　　　<SEQNO>2</SEQNO>
　　　　　　<LEVEL>2</LEVEL>
　　　　　　<BOLD>0</BOLD>
　　　　　　<計畫別>一、日本腦炎疫苗</計畫別>
　　　　　　<單位>CC</單位>
　　　　　　<單位成本或平均利率>560.00</單位成本或平均利率>
　　　　　　<數量>630000.00</數量>
　　　　　　<預算數>352800.00</預算數>
　　　　　　<說明>日本腦炎疫苗352,800千元。(800元×630,000cc×70%)</說明>
　　　　</ROW>
　　　　<ROW>
　　　　　　<SEQNO>3</SEQNO>
　　　　　　<LEVEL>2</LEVEL>
　　　　　　<BOLD>0</BOLD>
　　　　　　<計畫別>二、黃熱病疫苗</計畫別>
　　　　　　<單位>劑</單位>
　　　　　　<單位成本或平均利率>1950.00</單位成本或平均利率>
　　　　　　<數量>9500.00</數量>
　　　　　　<預算數>18525.00</預算數>
　　　　　　<說明>黃熱病疫苗18,525千元。(1,950元×9,500劑)</說明>
　　　　</ROW>
　　　　<ROW>
　　　　　　<SEQNO>4</SEQNO>
　　　　　　<LEVEL>2</LEVEL>
　　　　　　<BOLD>0</BOLD>
　　　　　　<計畫別>三、流行性腦脊髓膜炎疫苗</計畫別>
　　　　　　<單位>劑</單位>
　　　　　　<單位成本或平均利率>1050.00</單位成本或平均利率>
　　　　　　<數量>8000.00</數量>
　　　　　　<預算數>8400.00</預算數>
　　　　　　<說明>流行性腦脊髓膜炎疫苗8,400千元。(1,050元×8,000劑)</說明>
　　　　</ROW>
　　　　<ROW>
　　　　　　<SEQNO>5</SEQNO>
　　　　　　<LEVEL>2</LEVEL>
　　　　　　<BOLD>0</BOLD>
　　　　　　<計畫別>四、水痘疫苗</計畫別>
　　　　　　<單位>劑</單位>
　　　　　　<單位成本或平均利率>420.00</單位成本或平均利率>
　　　　　　<數量>250000.00</數量>
　　　　　　<預算數>105000.00</預算數>
　　　　　　<說明>水痘疫苗105,000千元。(600元×250,000劑×70%）</說明>
　　　　</ROW>
　　　　<ROW>
　　　　　　<SEQNO>6</SEQNO>
　　　　　　<LEVEL>2</LEVEL>
　　　　　　<BOLD>0</BOLD>
　　　　　　<計畫別>五、幼兒結合型肺炎鏈球菌疫苗</計畫別>
　　　　　　<單位>劑</單位>
　　　　　　<單位成本或平均利率>893.20</單位成本或平均利率>
　　　　　　<數量>660000.00</數量>
　　　　　　<預算數>589512.00</預算數>
　　　　　　<說明>幼兒結合型肺炎鏈球菌疫苗589,512千元。(1,276元×660,000劑×70%)</說明>
　　　　</ROW>
　　　　<ROW>
　　　　　　<SEQNO>7</SEQNO>
　　　　　　<LEVEL>2</LEVEL>
　　　　　　<BOLD>0</BOLD>
　　　　　　<計畫別>六、破傷風白喉非細胞型百日咳及不活化小兒麻痺混合疫苗</計畫別>
　　　　　　<單位>劑</單位>
　　　　　　<單位成本或平均利率>455.00</單位成本或平均利率>
　　　　　　<數量>220000.00</數量>
　　　　　　<預算數>100100.00</預算數>
　　　　　　<說明>破傷風白喉非細胞型百日咳及不活化小兒麻痺混合疫苗100,100千元。（650元×220,000劑×70%）</說明>
　　　　</ROW>
　　　　<ROW>
　　　　　　<SEQNO>8</SEQNO>
　　　　　　<LEVEL>2</LEVEL>
　　　　　　<BOLD>0</BOLD>
　　　　　　<計畫別>七、注射式小兒麻痺疫苗</計畫別>
　　　　　　<單位>劑</單位>
　　　　　　<單位成本或平均利率>450.00</單位成本或平均利率>
　　　　　　<數量>3000.00</數量>
　　　　　　<預算數>1350.00</預算數>
　　　　　　<說明>注射式小兒麻痺疫苗1,350千元。(450元×3,000劑)</說明>
　　　　</ROW>
　　　　<ROW>
　　　　　　<SEQNO>9</SEQNO>
　　　　　　<LEVEL>2</LEVEL>
　　　　　　<BOLD>0</BOLD>
　　　　　　<計畫別>八、麻疹腮腺炎德國麻疹混合疫苗</計畫別>
　　　　　　<單位>劑</單位>
　　　　　　<單位成本或平均利率>126.00</單位成本或平均利率>
　　　　　　<數量>420000.00</數量>
　　　　　　<預算數>52920.00</預算數>
　　　　　　<說明>麻疹腮腺炎德國麻疹混合疫苗52,920千元。
(180元×420,000劑×70%）</說明>
　　　　</ROW>
　　　　<ROW>
　　　　　　<SEQNO>10</SEQNO>
　　　　　　<LEVEL>2</LEVEL>
　　　　　　<BOLD>0</BOLD>
　　　　　　<計畫別>九、B型肝炎疫苗</計畫別>
　　　　　　<單位>劑</單位>
　　　　　　<單位成本或平均利率>105.00</單位成本或平均利率>
　　　　　　<數量>630000.00</數量>
　　　　　　<預算數>66150.00</預算數>
　　　　　　<說明>B型肝炎疫苗66,150千元。(150元×630,000劑×70%）</說明>
　　　　</ROW>
　　　　<ROW>
　　　　　　<SEQNO>11</SEQNO>
　　　　　　<LEVEL>2</LEVEL>
　　　　　　<BOLD>0</BOLD>
　　　　　　<計畫別>十、B型肝炎免疫球蛋白</計畫別>
　　　　　　<單位>劑</單位>
　　　　　　<單位成本或平均利率>1680.00</單位成本或平均利率>
　　　　　　<數量>4000.00</數量>
　　　　　　<預算數>6720.00</預算數>
　　　　　　<說明>B型肝炎免疫球蛋白6,720千元。（2,400元×4,000劑×70%）</說明>
　　　　</ROW>
　　　　<ROW>
　　　　　　<SEQNO>12</SEQNO>
　　　　　　<LEVEL>2</LEVEL>
　　　　　　<BOLD>0</BOLD>
　　　　　　<計畫別>十一、A型肝炎疫苗</計畫別>
　　　　　　<單位>劑</單位>
　　　　　　<單位成本或平均利率>450.00</單位成本或平均利率>
　　　　　　<數量>20000.00</數量>
　　　　　　<預算數>9000.00</預算數>
　　　　　　<說明>A型肝炎疫苗9,000千元。(450元×20,000劑）(幼兒13,000劑，成人7,000劑)</說明>
　　　　</ROW>
　　　　<ROW>
　　　　　　<SEQNO>13</SEQNO>
　　　　　　<LEVEL>2</LEVEL>
　　　　　　<BOLD>0</BOLD>
　　　　　　<計畫別>十二、多合一疫苗</計畫別>
　　　　　　<單位>劑</單位>
　　　　　　<單位成本或平均利率>595.00</單位成本或平均利率>
　　　　　　<數量>800000.00</數量>
　　　　　　<預算數>476000.00</預算數>
　　　　　　<說明>多合一疫苗476,000千元。(850元×800,000劑×70%)</說明>
　　　　</ROW>
　　　　<ROW>
　　　　　　<SEQNO>14</SEQNO>
　　　　　　<LEVEL>2</LEVEL>
　　　　　　<BOLD>0</BOLD>
　　　　　　<計畫別>十三、流感疫苗</計畫別>
　　　　　　<單位>劑</單位>
　　　　　　<單位成本或平均利率>86.13</單位成本或平均利率>
　　　　　　<數量>6000000.00</數量>
　　　　　　<預算數>516800.00</預算數>
　　　　　　<說明>流感疫苗516,800千元。
1.0.25ml：36,400千元。
(130元×400,000劑×70%)
2.0.5ml：470,400千元。
(120元×5,600,000劑×70%)
3.優先取得流感大流行疫苗權利金10,000千元。</說明>
　　　　</ROW>
　　　　<ROW>
　　　　　　<SEQNO>15</SEQNO>
　　　　　　<LEVEL>2</LEVEL>
　　　　　　<BOLD>0</BOLD>
　　　　　　<計畫別>十四、卡介苗(BCG)</計畫別>
　　　　　　<單位>劑</單位>
　　　　　　<單位成本或平均利率>814.13</單位成本或平均利率>
　　　　　　<數量>24000.00</數量>
　　　　　　<預算數>19539.00</預算數>
　　　　　　<說明>卡介苗19,539千元。
1.委託製造(已簽約)：8,493千元(1,011元×12,000瓶×70%)
2.委託製造(未簽約)：11,046千元(1,315元×12,000瓶×70%)</說明>
　　　　</ROW>
　　　　<ROW>
　　　　　　<SEQNO>16</SEQNO>
　　　　　　<LEVEL>2</LEVEL>
　　　　　　<BOLD>0</BOLD>
　　　　　　<計畫別>十五、傷寒疫苗</計畫別>
　　　　　　<單位>劑</單位>
　　　　　　<單位成本或平均利率>1200.00</單位成本或平均利率>
　　　　　　<數量>1700.00</數量>
　　　　　　<預算數>2040.00</預算數>
　　　　　　<說明>傷寒疫苗2,040千元。(1,200元×1,700劑)</說明>
　　　　</ROW>
　　　　<ROW>
　　　　　　<SEQNO>17</SEQNO>
　　　　　　<LEVEL>2</LEVEL>
　　　　　　<BOLD>0</BOLD>
　　　　　　<計畫別>十六、長者肺炎鏈球菌疫苗</計畫別>
　　　　　　<單位>劑</單位>
　　　　　　<單位成本或平均利率>303.03</單位成本或平均利率>
　　　　　　<數量>33000.00</數量>
　　　　　　<預算數>10000.00</預算數>
　　　　　　<說明>長者肺炎鏈球菌疫苗10,000千元。(303.03元×33,000劑)</說明>
　　　　</ROW>
　　　　<ROW>
　　　　　　<SEQNO>18</SEQNO>
　　　　　　<LEVEL>2</LEVEL>
　　　　　　<BOLD>0</BOLD>
　　　　　　<計畫別>十七、溫度及冷凍監視片</計畫別>
　　　　　　<單位>劑</單位>
　　　　　　<單位成本或平均利率>82.98</單位成本或平均利率>
　　　　　　<數量>36200.00</數量>
　　　　　　<預算數>3004.00</預算數>
　　　　　　<說明>溫度及冷凍監視片3,004千元。（溫度監視片:80元×29,000片，凍片:95元×7,200片）</說明>
　　　　</ROW>
　　　　<ROW>
　　　　　　<SEQNO>19</SEQNO>
　　　　　　<LEVEL>2</LEVEL>
　　　　　　<BOLD>0</BOLD>
　　　　　　<計畫別>十八、疫苗接種計畫相關費用</計畫別>
　　　　　　<單位 />
　　　　　　<單位成本或平均利率>0</單位成本或平均利率>
　　　　　　<數量>0</數量>
　　　　　　<預算數>790865.00</預算數>
　　　　　　<說明>無適當單位可資衡量。</說明>
　　　　</ROW>
　　　　<ROW>
　　　　　　<SEQNO>20</SEQNO>
　　　　　　<LEVEL>1</LEVEL>
　　　　　　<BOLD>1</BOLD>
　　　　　　<計畫別>一般行政管理計畫</計畫別>
　　　　　　<單位 />
　　　　　　<單位成本或平均利率>0</單位成本或平均利率>
　　　　　　<數量>0</數量>
　　　　　　<預算數>1484.00</預算數>
　　　　　　<說明>無適當單位可資衡量。</說明>
　　　　</ROW>
　　　　<ROW>
　　　　　　<SEQNO>21</SEQNO>
　　　　　　<LEVEL>1</LEVEL>
　　　　　　<BOLD>1</BOLD>
　　　　　　<計畫別>合計</計畫別>
　　　　　　<單位 />
　　　　　　<單位成本或平均利率>0</單位成本或平均利率>
　　　　　　<數量>0</數量>
　　　　　　<預算數>3130209.00</預算數>
　　　　　　<說明 />
　　　　</ROW>
　　</DataSet>
</GenericData>

