<?xml version="1.0" encoding="UTF-8"?>
<GenericData>
　　<Header>
　　　　<Table Id="FNGBCARS" Name="增購及汰舊換新管理用公務車輛明細表" Domain="NBA" />
　　　　<Program Id="NBAGBR160_A" />
　　　　<Sender Name="疫苗基金" />
　　　　<報表名稱>增購及汰舊換新管理用公務車輛明細表</報表名稱>
　　　　<年度>107</年度>
　　　　<基金>疫苗基金</基金>
　　　　<階段>預算案</階段>
　　　　<版本>1</版本>
　　　　<單位>新臺幣千元</單位>
　　</Header>
　　<DataSet>
　　　　<COMM />
　　</DataSet>
</GenericData>

