<?xml version="1.0" encoding="UTF-8"?>
<GenericData>
　　<Header>
　　　　<Table Id="fngbbalancer" Name="預計平衡表" Domain="NBA" />
　　　　<Program Id="NBAGBR110_A" />
　　　　<Sender Name="疫苗基金" />
　　　　<報表名稱>預計平衡表</報表名稱>
　　　　<年度>107</年度>
　　　　<基金>疫苗基金</基金>
　　　　<階段>預算案</階段>
　　　　<版本>1</版本>
　　　　<單位>新臺幣千元</單位>
　　</Header>
　　<DataSet>
　　　　<ROW>
　　　　　　<SEQNO>1</SEQNO>
　　　　　　<LEVEL>01</LEVEL>
　　　　　　<BOLD>1</BOLD>
　　　　　　<民國105年12月31日實際數>2612630.00</民國105年12月31日實際數>
　　　　　　<科目>資產</科目>
　　　　　　<民國107年12月31日預計數>1551351.00</民國107年12月31日預計數>
　　　　　　<民國106年12月31日預計數>1913105.00</民國106年12月31日預計數>
　　　　　　<比較增減>-361754.00</比較增減>
　　　　</ROW>
　　　　<ROW>
　　　　　　<SEQNO>2</SEQNO>
　　　　　　<LEVEL>02</LEVEL>
　　　　　　<BOLD>0</BOLD>
　　　　　　<民國105年12月31日實際數>2612630.00</民國105年12月31日實際數>
　　　　　　<科目>流動資產</科目>
　　　　　　<民國107年12月31日預計數>1551351.00</民國107年12月31日預計數>
　　　　　　<民國106年12月31日預計數>1913105.00</民國106年12月31日預計數>
　　　　　　<比較增減>-361754.00</比較增減>
　　　　</ROW>
　　　　<ROW>
　　　　　　<SEQNO>3</SEQNO>
　　　　　　<LEVEL>03</LEVEL>
　　　　　　<BOLD>0</BOLD>
　　　　　　<民國105年12月31日實際數>1752436.00</民國105年12月31日實際數>
　　　　　　<科目>現金</科目>
　　　　　　<民國107年12月31日預計數>720268.00</民國107年12月31日預計數>
　　　　　　<民國106年12月31日預計數>1081255.00</民國106年12月31日預計數>
　　　　　　<比較增減>-360987.00</比較增減>
　　　　</ROW>
　　　　<ROW>
　　　　　　<SEQNO>4</SEQNO>
　　　　　　<LEVEL>04</LEVEL>
　　　　　　<BOLD>0</BOLD>
　　　　　　<民國105年12月31日實際數>1752336.00</民國105年12月31日實際數>
　　　　　　<科目>銀行存款</科目>
　　　　　　<民國107年12月31日預計數>720168.00</民國107年12月31日預計數>
　　　　　　<民國106年12月31日預計數>1081155.00</民國106年12月31日預計數>
　　　　　　<比較增減>-360987.00</比較增減>
　　　　</ROW>
　　　　<ROW>
　　　　　　<SEQNO>5</SEQNO>
　　　　　　<LEVEL>04</LEVEL>
　　　　　　<BOLD>0</BOLD>
　　　　　　<民國105年12月31日實際數>100.00</民國105年12月31日實際數>
　　　　　　<科目>零用及週轉金</科目>
　　　　　　<民國107年12月31日預計數>100.00</民國107年12月31日預計數>
　　　　　　<民國106年12月31日預計數>100.00</民國106年12月31日預計數>
　　　　　　<比較增減 />
　　　　</ROW>
　　　　<ROW>
　　　　　　<SEQNO>6</SEQNO>
　　　　　　<LEVEL>03</LEVEL>
　　　　　　<BOLD>0</BOLD>
　　　　　　<民國105年12月31日實際數>94075.00</民國105年12月31日實際數>
　　　　　　<科目>應收款項</科目>
　　　　　　<民國107年12月31日預計數>81083.00</民國107年12月31日預計數>
　　　　　　<民國106年12月31日預計數>81733.00</民國106年12月31日預計數>
　　　　　　<比較增減>-650.00</比較增減>
　　　　</ROW>
　　　　<ROW>
　　　　　　<SEQNO>7</SEQNO>
　　　　　　<LEVEL>04</LEVEL>
　　　　　　<BOLD>0</BOLD>
　　　　　　<民國105年12月31日實際數>88475.00</民國105年12月31日實際數>
　　　　　　<科目>應收帳款</科目>
　　　　　　<民國107年12月31日預計數>75483.00</民國107年12月31日預計數>
　　　　　　<民國106年12月31日預計數>75483.00</民國106年12月31日預計數>
　　　　　　<比較增減 />
　　　　</ROW>
　　　　<ROW>
　　　　　　<SEQNO>8</SEQNO>
　　　　　　<LEVEL>04</LEVEL>
　　　　　　<BOLD>0</BOLD>
　　　　　　<民國105年12月31日實際數>1719.00</民國105年12月31日實際數>
　　　　　　<科目>應收利息</科目>
　　　　　　<民國107年12月31日預計數>1600.00</民國107年12月31日預計數>
　　　　　　<民國106年12月31日預計數>1750.00</民國106年12月31日預計數>
　　　　　　<比較增減>-150.00</比較增減>
　　　　</ROW>
　　　　<ROW>
　　　　　　<SEQNO>9</SEQNO>
　　　　　　<LEVEL>04</LEVEL>
　　　　　　<BOLD>0</BOLD>
　　　　　　<民國105年12月31日實際數>3880.00</民國105年12月31日實際數>
　　　　　　<科目>其他應收款</科目>
　　　　　　<民國107年12月31日預計數>4000.00</民國107年12月31日預計數>
　　　　　　<民國106年12月31日預計數>4500.00</民國106年12月31日預計數>
　　　　　　<比較增減>-500.00</比較增減>
　　　　</ROW>
　　　　<ROW>
　　　　　　<SEQNO>10</SEQNO>
　　　　　　<LEVEL>03</LEVEL>
　　　　　　<BOLD>0</BOLD>
　　　　　　<民國105年12月31日實際數>766119.00</民國105年12月31日實際數>
　　　　　　<科目>預付款項</科目>
　　　　　　<民國107年12月31日預計數>750000.00</民國107年12月31日預計數>
　　　　　　<民國106年12月31日預計數>750117.00</民國106年12月31日預計數>
　　　　　　<比較增減>-117.00</比較增減>
　　　　</ROW>
　　　　<ROW>
　　　　　　<SEQNO>11</SEQNO>
　　　　　　<LEVEL>04</LEVEL>
　　　　　　<BOLD>0</BOLD>
　　　　　　<民國105年12月31日實際數>766117.00</民國105年12月31日實際數>
　　　　　　<科目>預付費用</科目>
　　　　　　<民國107年12月31日預計數>750000.00</民國107年12月31日預計數>
　　　　　　<民國106年12月31日預計數>750117.00</民國106年12月31日預計數>
　　　　　　<比較增減>-117.00</比較增減>
　　　　</ROW>
　　　　<ROW>
　　　　　　<SEQNO>12</SEQNO>
　　　　　　<LEVEL>04</LEVEL>
　　　　　　<BOLD>0</BOLD>
　　　　　　<民國105年12月31日實際數>2.00</民國105年12月31日實際數>
　　　　　　<科目>其他預付款</科目>
　　　　　　<民國107年12月31日預計數 />
　　　　　　<民國106年12月31日預計數 />
　　　　　　<比較增減 />
　　　　</ROW>
　　　　<ROW>
　　　　　　<SEQNO>13</SEQNO>
　　　　　　<LEVEL>01</LEVEL>
　　　　　　<BOLD>1</BOLD>
　　　　　　<民國105年12月31日實際數>2612630.00</民國105年12月31日實際數>
　　　　　　<科目>資產總額</科目>
　　　　　　<民國107年12月31日預計數>1551351.00</民國107年12月31日預計數>
　　　　　　<民國106年12月31日預計數>1913105.00</民國106年12月31日預計數>
　　　　　　<比較增減>-361754.00</比較增減>
　　　　</ROW>
　　　　<ROW>
　　　　　　<SEQNO>14</SEQNO>
　　　　　　<LEVEL>01</LEVEL>
　　　　　　<BOLD>1</BOLD>
　　　　　　<民國105年12月31日實際數>1538068.00</民國105年12月31日實際數>
　　　　　　<科目>負債</科目>
　　　　　　<民國107年12月31日預計數>1551000.00</民國107年12月31日預計數>
　　　　　　<民國106年12月31日預計數>1540000.00</民國106年12月31日預計數>
　　　　　　<比較增減>11000.00</比較增減>
　　　　</ROW>
　　　　<ROW>
　　　　　　<SEQNO>15</SEQNO>
　　　　　　<LEVEL>02</LEVEL>
　　　　　　<BOLD>0</BOLD>
　　　　　　<民國105年12月31日實際數>1443016.00</民國105年12月31日實際數>
　　　　　　<科目>流動負債</科目>
　　　　　　<民國107年12月31日預計數>1455000.00</民國107年12月31日預計數>
　　　　　　<民國106年12月31日預計數>1440000.00</民國106年12月31日預計數>
　　　　　　<比較增減>15000.00</比較增減>
　　　　</ROW>
　　　　<ROW>
　　　　　　<SEQNO>16</SEQNO>
　　　　　　<LEVEL>03</LEVEL>
　　　　　　<BOLD>0</BOLD>
　　　　　　<民國105年12月31日實際數>1443016.00</民國105年12月31日實際數>
　　　　　　<科目>應付款項</科目>
　　　　　　<民國107年12月31日預計數>1455000.00</民國107年12月31日預計數>
　　　　　　<民國106年12月31日預計數>1440000.00</民國106年12月31日預計數>
　　　　　　<比較增減>15000.00</比較增減>
　　　　</ROW>
　　　　<ROW>
　　　　　　<SEQNO>17</SEQNO>
　　　　　　<LEVEL>04</LEVEL>
　　　　　　<BOLD>0</BOLD>
　　　　　　<民國105年12月31日實際數>585377.00</民國105年12月31日實際數>
　　　　　　<科目>應付代收款</科目>
　　　　　　<民國107年12月31日預計數>590000.00</民國107年12月31日預計數>
　　　　　　<民國106年12月31日預計數>585000.00</民國106年12月31日預計數>
　　　　　　<比較增減>5000.00</比較增減>
　　　　</ROW>
　　　　<ROW>
　　　　　　<SEQNO>18</SEQNO>
　　　　　　<LEVEL>04</LEVEL>
　　　　　　<BOLD>0</BOLD>
　　　　　　<民國105年12月31日實際數>854061.00</民國105年12月31日實際數>
　　　　　　<科目>應付費用</科目>
　　　　　　<民國107年12月31日預計數>865000.00</民國107年12月31日預計數>
　　　　　　<民國106年12月31日預計數>855000.00</民國106年12月31日預計數>
　　　　　　<比較增減>10000.00</比較增減>
　　　　</ROW>
　　　　<ROW>
　　　　　　<SEQNO>19</SEQNO>
　　　　　　<LEVEL>04</LEVEL>
　　　　　　<BOLD>0</BOLD>
　　　　　　<民國105年12月31日實際數>3578.00</民國105年12月31日實際數>
　　　　　　<科目>其他應付款</科目>
　　　　　　<民國107年12月31日預計數 />
　　　　　　<民國106年12月31日預計數 />
　　　　　　<比較增減 />
　　　　</ROW>
　　　　<ROW>
　　　　　　<SEQNO>20</SEQNO>
　　　　　　<LEVEL>02</LEVEL>
　　　　　　<BOLD>0</BOLD>
　　　　　　<民國105年12月31日實際數>95052.00</民國105年12月31日實際數>
　　　　　　<科目>其他負債</科目>
　　　　　　<民國107年12月31日預計數>96000.00</民國107年12月31日預計數>
　　　　　　<民國106年12月31日預計數>100000.00</民國106年12月31日預計數>
　　　　　　<比較增減>-4000.00</比較增減>
　　　　</ROW>
　　　　<ROW>
　　　　　　<SEQNO>21</SEQNO>
　　　　　　<LEVEL>03</LEVEL>
　　　　　　<BOLD>0</BOLD>
　　　　　　<民國105年12月31日實際數>95052.00</民國105年12月31日實際數>
　　　　　　<科目>什項負債</科目>
　　　　　　<民國107年12月31日預計數>96000.00</民國107年12月31日預計數>
　　　　　　<民國106年12月31日預計數>100000.00</民國106年12月31日預計數>
　　　　　　<比較增減>-4000.00</比較增減>
　　　　</ROW>
　　　　<ROW>
　　　　　　<SEQNO>22</SEQNO>
　　　　　　<LEVEL>04</LEVEL>
　　　　　　<BOLD>0</BOLD>
　　　　　　<民國105年12月31日實際數>95052.00</民國105年12月31日實際數>
　　　　　　<科目>存入保證金</科目>
　　　　　　<民國107年12月31日預計數>96000.00</民國107年12月31日預計數>
　　　　　　<民國106年12月31日預計數>100000.00</民國106年12月31日預計數>
　　　　　　<比較增減>-4000.00</比較增減>
　　　　</ROW>
　　　　<ROW>
　　　　　　<SEQNO>23</SEQNO>
　　　　　　<LEVEL>01</LEVEL>
　　　　　　<BOLD>1</BOLD>
　　　　　　<民國105年12月31日實際數>1074562.00</民國105年12月31日實際數>
　　　　　　<科目>基金餘額</科目>
　　　　　　<民國107年12月31日預計數>351.00</民國107年12月31日預計數>
　　　　　　<民國106年12月31日預計數>373105.00</民國106年12月31日預計數>
　　　　　　<比較增減>-372754.00</比較增減>
　　　　</ROW>
　　　　<ROW>
　　　　　　<SEQNO>24</SEQNO>
　　　　　　<LEVEL>02</LEVEL>
　　　　　　<BOLD>0</BOLD>
　　　　　　<民國105年12月31日實際數>1074562.00</民國105年12月31日實際數>
　　　　　　<科目>基金餘額</科目>
　　　　　　<民國107年12月31日預計數>351.00</民國107年12月31日預計數>
　　　　　　<民國106年12月31日預計數>373105.00</民國106年12月31日預計數>
　　　　　　<比較增減>-372754.00</比較增減>
　　　　</ROW>
　　　　<ROW>
　　　　　　<SEQNO>25</SEQNO>
　　　　　　<LEVEL>03</LEVEL>
　　　　　　<BOLD>0</BOLD>
　　　　　　<民國105年12月31日實際數>1074562.00</民國105年12月31日實際數>
　　　　　　<科目>基金餘額</科目>
　　　　　　<民國107年12月31日預計數>351.00</民國107年12月31日預計數>
　　　　　　<民國106年12月31日預計數>373105.00</民國106年12月31日預計數>
　　　　　　<比較增減>-372754.00</比較增減>
　　　　</ROW>
　　　　<ROW>
　　　　　　<SEQNO>26</SEQNO>
　　　　　　<LEVEL>04</LEVEL>
　　　　　　<BOLD>0</BOLD>
　　　　　　<民國105年12月31日實際數>1074562.00</民國105年12月31日實際數>
　　　　　　<科目>累積餘額</科目>
　　　　　　<民國107年12月31日預計數>373105.00</民國107年12月31日預計數>
　　　　　　<民國106年12月31日預計數>703337.00</民國106年12月31日預計數>
　　　　　　<比較增減>-330232.00</比較增減>
　　　　</ROW>
　　　　<ROW>
　　　　　　<SEQNO>27</SEQNO>
　　　　　　<LEVEL>04</LEVEL>
　　　　　　<BOLD>0</BOLD>
　　　　　　<民國105年12月31日實際數 />
　　　　　　<科目>本期短絀</科目>
　　　　　　<民國107年12月31日預計數>-372754.00</民國107年12月31日預計數>
　　　　　　<民國106年12月31日預計數>-330232.00</民國106年12月31日預計數>
　　　　　　<比較增減>-42522.00</比較增減>
　　　　</ROW>
　　　　<ROW>
　　　　　　<SEQNO>28</SEQNO>
　　　　　　<LEVEL>01</LEVEL>
　　　　　　<BOLD>1</BOLD>
　　　　　　<民國105年12月31日實際數>2612630.00</民國105年12月31日實際數>
　　　　　　<科目>負債及基金餘額合計</科目>
　　　　　　<民國107年12月31日預計數>1551351.00</民國107年12月31日預計數>
　　　　　　<民國106年12月31日預計數>1913105.00</民國106年12月31日預計數>
　　　　　　<比較增減>-361754.00</比較增減>
　　　　</ROW>
　　　　<COMM>「信託代理與保證資產(負債)」預計期末金額為600千元，為保管有價證券及保證品等。</COMM>
　　</DataSet>
</GenericData>

