<?xml version="1.0" encoding="UTF-8"?>
<GenericData>
　　<Header>
　　　　<Table Id="fngbworkr" Name="基金用途明細表" Domain="NBA" />
　　　　<Program Id="NBAGBR090_A" />
　　　　<Sender Name="疫苗基金" />
　　　　<報表名稱>基金用途明細表</報表名稱>
　　　　<年度>107</年度>
　　　　<基金>疫苗基金</基金>
　　　　<階段>預算案</階段>
　　　　<版本>1</版本>
　　　　<單位>新臺幣千元</單位>
　　</Header>
　　<DataSet>
　　　　<ROW>
　　　　　　<SEQNO>1</SEQNO>
　　　　　　<LEVEL>2</LEVEL>
　　　　　　<BOLD>1</BOLD>
　　　　　　<前年度決算數>2642314.00</前年度決算數>
　　　　　　<業務計畫及用途別科目>疫苗接種計畫</業務計畫及用途別科目>
　　　　　　<本年度預算數>3128725.00</本年度預算數>
　　　　　　<上年度預算數>2288553.00</上年度預算數>
　　　　　　<計畫內容說明 />
　　　　</ROW>
　　　　<ROW>
　　　　　　<SEQNO>2</SEQNO>
　　　　　　<LEVEL>3</LEVEL>
　　　　　　<BOLD>0</BOLD>
　　　　　　<前年度決算數>16008.00</前年度決算數>
　　　　　　<業務計畫及用途別科目>服務費用</業務計畫及用途別科目>
　　　　　　<本年度預算數>31457.00</本年度預算數>
　　　　　　<上年度預算數>15548.00</上年度預算數>
　　　　　　<計畫內容說明 />
　　　　</ROW>
　　　　<ROW>
　　　　　　<SEQNO>3</SEQNO>
　　　　　　<LEVEL>4</LEVEL>
　　　　　　<BOLD>0</BOLD>
　　　　　　<前年度決算數>600.00</前年度決算數>
　　　　　　<業務計畫及用途別科目>郵電費</業務計畫及用途別科目>
　　　　　　<本年度預算數>1600.00</本年度預算數>
　　　　　　<上年度預算數>1600.00</上年度預算數>
　　　　　　<計畫內容說明>1.電話費900千元。
2.簡訊費用600千元。
3.郵費100千元。</計畫內容說明>
　　　　</ROW>
　　　　<ROW>
　　　　　　<SEQNO>4</SEQNO>
　　　　　　<LEVEL>4</LEVEL>
　　　　　　<BOLD>0</BOLD>
　　　　　　<前年度決算數>1162.00</前年度決算數>
　　　　　　<業務計畫及用途別科目>旅運費</業務計畫及用途別科目>
　　　　　　<本年度預算數>1883.00</本年度預算數>
　　　　　　<上年度預算數>1963.00</上年度預算數>
　　　　　　<計畫內容說明>1.為推動預防接種業務參與國際會議、研習及交流等國外旅費881千元。
2.輔導預防接種工作、參與疫苗相關會議等之國內旅費402千元。
3.資料、冷運冷藏設備及疫苗調撥運送費等600千元。</計畫內容說明>
　　　　</ROW>
　　　　<ROW>
　　　　　　<SEQNO>5</SEQNO>
　　　　　　<LEVEL>4</LEVEL>
　　　　　　<BOLD>0</BOLD>
　　　　　　<前年度決算數>5606.00</前年度決算數>
　　　　　　<業務計畫及用途別科目>印刷裝訂與廣告費</業務計畫及用途別科目>
　　　　　　<本年度預算數>18144.00</本年度預算數>
　　　　　　<上年度預算數>3144.00</上年度預算數>
　　　　　　<計畫內容說明>1.預防接種紀錄卡、研習訓練講義教材、疫苗實務手冊、疫苗接種計畫書及接種作業宣導品等之印刷裝訂費2,450千元。
2.疫苗政策業務宣導費15,694千元。</計畫內容說明>
　　　　</ROW>
　　　　<ROW>
　　　　　　<SEQNO>6</SEQNO>
　　　　　　<LEVEL>4</LEVEL>
　　　　　　<BOLD>0</BOLD>
　　　　　　<前年度決算數>1927.00</前年度決算數>
　　　　　　<業務計畫及用途別科目>一般服務費</業務計畫及用途別科目>
　　　　　　<本年度預算數>3960.00</本年度預算數>
　　　　　　<上年度預算數>2271.00</上年度預算數>
　　　　　　<計畫內容說明>1.辦理疫苗業務之研發替代役人員1名，所需之待遇及給與610千元。
2.執行疫苗業務人員2名所需外包費990千元。
3.委託中央健康保險署代辦醫療行政費用2,360千元。</計畫內容說明>
　　　　</ROW>
　　　　<ROW>
　　　　　　<SEQNO>7</SEQNO>
　　　　　　<LEVEL>4</LEVEL>
　　　　　　<BOLD>0</BOLD>
　　　　　　<前年度決算數>6714.00</前年度決算數>
　　　　　　<業務計畫及用途別科目>專業服務費</業務計畫及用途別科目>
　　　　　　<本年度預算數>5870.00</本年度預算數>
　　　　　　<上年度預算數>6570.00</上年度預算數>
　　　　　　<計畫內容說明>1.預防接種諮詢委員出席費500千元。
2.預防接種相關文件、書之專業審查費、翻譯費、鐘點費等600千元。
3.委託相關學會、地方衛生機關或民間單位辦理醫師、護理人員預防接種實務教育及相關研習費用4,000千元。
4.流感疫苗管理系統相關維護費470千元。
5.預防接種業務相關調查費300千元。</計畫內容說明>
　　　　</ROW>
　　　　<ROW>
　　　　　　<SEQNO>8</SEQNO>
　　　　　　<LEVEL>3</LEVEL>
　　　　　　<BOLD>0</BOLD>
　　　　　　<前年度決算數>2060635.00</前年度決算數>
　　　　　　<業務計畫及用途別科目>材料及用品費</業務計畫及用途別科目>
　　　　　　<本年度預算數>2338860.00</本年度預算數>
　　　　　　<上年度預算數>1971892.00</上年度預算數>
　　　　　　<計畫內容說明 />
　　　　</ROW>
　　　　<ROW>
　　　　　　<SEQNO>9</SEQNO>
　　　　　　<LEVEL>4</LEVEL>
　　　　　　<BOLD>0</BOLD>
　　　　　　<前年度決算數>2060635.00</前年度決算數>
　　　　　　<業務計畫及用途別科目>用品消耗</業務計畫及用途別科目>
　　　　　　<本年度預算數>2338860.00</本年度預算數>
　　　　　　<上年度預算數>1971892.00</上年度預算數>
　　　　　　<計畫內容說明>1.依據傳染病防治法第27條採購疫苗，考量疫苗之必要產程、供貨期程、劑量及效期，為跨年度採購，各項疫苗採購計2,334,856千元，明細如下：
(1)日本腦炎疫苗352,800千元。
(2)黃熱病疫苗18,525千元。
(3)流行性腦脊髓膜炎疫苗8,400千元。
(4)水痘疫苗105,000千元。
(5)幼兒結合型肺炎鏈球菌疫苗589,512千元。
(6)破傷風白喉非細胞型百日咳及不活化小兒麻痺混合疫苗100,100千元。
(7)注射式小兒麻痺疫苗1,350千元。
(8)麻疹腮腺炎德國麻疹混合疫苗52,920千元。
(9)B型肝炎疫苗66,150千元。
(10)B型肝炎免疫球蛋白6,720千元。
(11)A型肝炎疫苗9,000千元。
(12)多合一疫苗476,000千元。
(13)流感疫苗516,800千元：0.25ml:36,400千元；0.5ml:470,400千元；優先取得流感大流行疫苗權利金10,000千元。
(14)卡介苗19,539千元。
(15)傷寒疫苗2,040千元。
(16)長者肺炎鏈球菌疫苗10,000千元。
2.購置溫度及冷凍監視片3,004千元。
3.辦公用品及事務機器需要耗用之設備零件等費用200千元。
4.運用於疫苗等生物藥品之追蹤管理所需相關用品消耗等費用800千元。</計畫內容說明>
　　　　</ROW>
　　　　<ROW>
　　　　　　<SEQNO>10</SEQNO>
　　　　　　<LEVEL>3</LEVEL>
　　　　　　<BOLD>0</BOLD>
　　　　　　<前年度決算數>13873.00</前年度決算數>
　　　　　　<業務計畫及用途別科目>購建固定資產、無形資產及非理財目的之長期投資</業務計畫及用途別科目>
　　　　　　<本年度預算數>5500.00</本年度預算數>
　　　　　　<上年度預算數>10000.00</上年度預算數>
　　　　　　<計畫內容說明 />
　　　　</ROW>
　　　　<ROW>
　　　　　　<SEQNO>11</SEQNO>
　　　　　　<LEVEL>4</LEVEL>
　　　　　　<BOLD>0</BOLD>
　　　　　　<前年度決算數>13636.00</前年度決算數>
　　　　　　<業務計畫及用途別科目>購建固定資產</業務計畫及用途別科目>
　　　　　　<本年度預算數>500.00</本年度預算數>
　　　　　　<上年度預算數>4500.00</上年度預算數>
　　　　　　<計畫內容說明>購置、汰換存放疫苗之冰箱、冷運冷藏及溫度監視等設備500千元。</計畫內容說明>
　　　　</ROW>
　　　　<ROW>
　　　　　　<SEQNO>12</SEQNO>
　　　　　　<LEVEL>4</LEVEL>
　　　　　　<BOLD>0</BOLD>
　　　　　　<前年度決算數>237.00</前年度決算數>
　　　　　　<業務計畫及用途別科目>購置無形資產</業務計畫及用途別科目>
　　　　　　<本年度預算數>5000.00</本年度預算數>
　　　　　　<上年度預算數>5500.00</上年度預算數>
　　　　　　<計畫內容說明>1.全國性預防接種資訊管理系統功能擴增3,000千元。
2.流感疫苗管理系統功能擴增2,000千元。</計畫內容說明>
　　　　</ROW>
　　　　<ROW>
　　　　　　<SEQNO>13</SEQNO>
　　　　　　<LEVEL>3</LEVEL>
　　　　　　<BOLD>0</BOLD>
　　　　　　<前年度決算數>551797.00</前年度決算數>
　　　　　　<業務計畫及用途別科目>會費、捐助、補助、分攤、照護、救濟與交流活動費</業務計畫及用途別科目>
　　　　　　<本年度預算數>752908.00</本年度預算數>
　　　　　　<上年度預算數>291113.00</上年度預算數>
　　　　　　<計畫內容說明 />
　　　　</ROW>
　　　　<ROW>
　　　　　　<SEQNO>14</SEQNO>
　　　　　　<LEVEL>4</LEVEL>
　　　　　　<BOLD>0</BOLD>
　　　　　　<前年度決算數>551797.00</前年度決算數>
　　　　　　<業務計畫及用途別科目>捐助、補助與獎助</業務計畫及用途別科目>
　　　　　　<本年度預算數>751400.00</本年度預算數>
　　　　　　<上年度預算數>289913.00</上年度預算數>
　　　　　　<計畫內容說明>1.補助各縣(市)衛生局所針對轄內合約接種單位購置、汰換疫苗冷運冷藏及溫度監視等相關設備15,000千元。
2.補助各縣(市)衛生局所辦理預防接種與宣導等作業及提升接種率等相關費用174,300千元。
3.補助流感疫苗、1歲以下幼兒常規疫苗及低收中低收入戶學齡前幼兒常規疫苗接種處置費562,100千元。</計畫內容說明>
　　　　</ROW>
　　　　<ROW>
　　　　　　<SEQNO>15</SEQNO>
　　　　　　<LEVEL>4</LEVEL>
　　　　　　<BOLD>0</BOLD>
　　　　　　<前年度決算數 />
　　　　　　<業務計畫及用途別科目>補貼、獎勵、慰問、照護與救濟</業務計畫及用途別科目>
　　　　　　<本年度預算數>1508.00</本年度預算數>
　　　　　　<上年度預算數>1200.00</上年度預算數>
　　　　　　<計畫內容說明>獎勵預防接種業務優良之衛生局所、合約醫療院所。</計畫內容說明>
　　　　</ROW>
　　　　<ROW>
　　　　　　<SEQNO>16</SEQNO>
　　　　　　<LEVEL>3</LEVEL>
　　　　　　<BOLD>0</BOLD>
　　　　　　<前年度決算數>1.00</前年度決算數>
　　　　　　<業務計畫及用途別科目>其他</業務計畫及用途別科目>
　　　　　　<本年度預算數 />
　　　　　　<上年度預算數 />
　　　　　　<計畫內容說明 />
　　　　</ROW>
　　　　<ROW>
　　　　　　<SEQNO>17</SEQNO>
　　　　　　<LEVEL>4</LEVEL>
　　　　　　<BOLD>0</BOLD>
　　　　　　<前年度決算數>1.00</前年度決算數>
　　　　　　<業務計畫及用途別科目>其他支出</業務計畫及用途別科目>
　　　　　　<本年度預算數 />
　　　　　　<上年度預算數 />
　　　　　　<計畫內容說明 />
　　　　</ROW>
　　　　<ROW>
　　　　　　<SEQNO>18</SEQNO>
　　　　　　<LEVEL>2</LEVEL>
　　　　　　<BOLD>1</BOLD>
　　　　　　<前年度決算數>1157.00</前年度決算數>
　　　　　　<業務計畫及用途別科目>一般行政管理計畫</業務計畫及用途別科目>
　　　　　　<本年度預算數>1484.00</本年度預算數>
　　　　　　<上年度預算數>1484.00</上年度預算數>
　　　　　　<計畫內容說明 />
　　　　</ROW>
　　　　<ROW>
　　　　　　<SEQNO>19</SEQNO>
　　　　　　<LEVEL>3</LEVEL>
　　　　　　<BOLD>0</BOLD>
　　　　　　<前年度決算數>76.00</前年度決算數>
　　　　　　<業務計畫及用途別科目>用人費用</業務計畫及用途別科目>
　　　　　　<本年度預算數>80.00</本年度預算數>
　　　　　　<上年度預算數>80.00</上年度預算數>
　　　　　　<計畫內容說明 />
　　　　</ROW>
　　　　<ROW>
　　　　　　<SEQNO>20</SEQNO>
　　　　　　<LEVEL>4</LEVEL>
　　　　　　<BOLD>0</BOLD>
　　　　　　<前年度決算數>76.00</前年度決算數>
　　　　　　<業務計畫及用途別科目>超時工作報酬</業務計畫及用途別科目>
　　　　　　<本年度預算數>80.00</本年度預算數>
　　　　　　<上年度預算數>80.00</上年度預算數>
　　　　　　<計畫內容說明>兼任人員加班費。</計畫內容說明>
　　　　</ROW>
　　　　<ROW>
　　　　　　<SEQNO>21</SEQNO>
　　　　　　<LEVEL>3</LEVEL>
　　　　　　<BOLD>0</BOLD>
　　　　　　<前年度決算數>1069.00</前年度決算數>
　　　　　　<業務計畫及用途別科目>服務費用</業務計畫及用途別科目>
　　　　　　<本年度預算數>1278.00</本年度預算數>
　　　　　　<上年度預算數>1278.00</上年度預算數>
　　　　　　<計畫內容說明 />
　　　　</ROW>
　　　　<ROW>
　　　　　　<SEQNO>22</SEQNO>
　　　　　　<LEVEL>4</LEVEL>
　　　　　　<BOLD>0</BOLD>
　　　　　　<前年度決算數>342.00</前年度決算數>
　　　　　　<業務計畫及用途別科目>水電費</業務計畫及用途別科目>
　　　　　　<本年度預算數>342.00</本年度預算數>
　　　　　　<上年度預算數>342.00</上年度預算數>
　　　　　　<計畫內容說明>工作場所水電費。</計畫內容說明>
　　　　</ROW>
　　　　<ROW>
　　　　　　<SEQNO>23</SEQNO>
　　　　　　<LEVEL>4</LEVEL>
　　　　　　<BOLD>0</BOLD>
　　　　　　<前年度決算數>24.00</前年度決算數>
　　　　　　<業務計畫及用途別科目>印刷裝訂與廣告費</業務計畫及用途別科目>
　　　　　　<本年度預算數>50.00</本年度預算數>
　　　　　　<上年度預算數>50.00</上年度預算數>
　　　　　　<計畫內容說明>預、決算書印刷裝訂等費用。</計畫內容說明>
　　　　</ROW>
　　　　<ROW>
　　　　　　<SEQNO>24</SEQNO>
　　　　　　<LEVEL>4</LEVEL>
　　　　　　<BOLD>0</BOLD>
　　　　　　<前年度決算數>23.00</前年度決算數>
　　　　　　<業務計畫及用途別科目>修理保養及保固費</業務計畫及用途別科目>
　　　　　　<本年度預算數>150.00</本年度預算數>
　　　　　　<上年度預算數>150.00</上年度預算數>
　　　　　　<計畫內容說明>辦公器具、設施及機械養護費。</計畫內容說明>
　　　　</ROW>
　　　　<ROW>
　　　　　　<SEQNO>25</SEQNO>
　　　　　　<LEVEL>4</LEVEL>
　　　　　　<BOLD>0</BOLD>
　　　　　　<前年度決算數>680.00</前年度決算數>
　　　　　　<業務計畫及用途別科目>一般服務費</業務計畫及用途別科目>
　　　　　　<本年度預算數>736.00</本年度預算數>
　　　　　　<上年度預算數>736.00</上年度預算數>
　　　　　　<計畫內容說明>辦理一般行政業務之外包人員1名614千元及分攤衛生福利特別收入基金會計業務僱用外包人員2名所需外包費122千元。</計畫內容說明>
　　　　</ROW>
　　　　<ROW>
　　　　　　<SEQNO>26</SEQNO>
　　　　　　<LEVEL>3</LEVEL>
　　　　　　<BOLD>0</BOLD>
　　　　　　<前年度決算數>12.00</前年度決算數>
　　　　　　<業務計畫及用途別科目>材料及用品費</業務計畫及用途別科目>
　　　　　　<本年度預算數>126.00</本年度預算數>
　　　　　　<上年度預算數>126.00</上年度預算數>
　　　　　　<計畫內容說明 />
　　　　</ROW>
　　　　<ROW>
　　　　　　<SEQNO>27</SEQNO>
　　　　　　<LEVEL>4</LEVEL>
　　　　　　<BOLD>0</BOLD>
　　　　　　<前年度決算數>12.00</前年度決算數>
　　　　　　<業務計畫及用途別科目>用品消耗</業務計畫及用途別科目>
　　　　　　<本年度預算數>126.00</本年度預算數>
　　　　　　<上年度預算數>126.00</上年度預算數>
　　　　　　<計畫內容說明>辦理各項會議、活動雜支及辦公用品之電腦報表用紙、文具紙張、書籍等。</計畫內容說明>
　　　　</ROW>
　　　　<ROW>
　　　　　　<SEQNO>28</SEQNO>
　　　　　　<LEVEL>1</LEVEL>
　　　　　　<BOLD>1</BOLD>
　　　　　　<前年度決算數>2643471.00</前年度決算數>
　　　　　　<業務計畫及用途別科目>總計</業務計畫及用途別科目>
　　　　　　<本年度預算數>3130209.00</本年度預算數>
　　　　　　<上年度預算數>2290037.00</上年度預算數>
　　　　　　<計畫內容說明 />
　　　　</ROW>
　　</DataSet>
</GenericData>

