<?xml version="1.0" encoding="UTF-8"?>
<GenericData>
　　<Header>
　　　　<Table Id="FNGBWORKR" Name="基金來源、用途及餘絀預計表" Domain="NBA" />
　　　　<Program Id="NBAGBR040_A" />
　　　　<Sender Name="疫苗基金" />
　　　　<報表名稱>基金來源、用途及餘絀預計表</報表名稱>
　　　　<年度>107</年度>
　　　　<基金>疫苗基金</基金>
　　　　<階段>預算案</階段>
　　　　<版本>1</版本>
　　　　<單位>新臺幣千元</單位>
　　</Header>
　　<DataSet>
　　　　<ROW>
　　　　　　<SEQNO>1</SEQNO>
　　　　　　<LEVEL>1</LEVEL>
　　　　　　<BOLD>1</BOLD>
　　　　　　<前年度決算數>2325468</前年度決算數>
　　　　　　<項目>基金來源</項目>
　　　　　　<本年度預算數>2757455</本年度預算數>
　　　　　　<上年度預算數>1588580</上年度預算數>
　　　　　　<比較增減>1168875</比較增減>
　　　　</ROW>
　　　　<ROW>
　　　　　　<SEQNO>2</SEQNO>
　　　　　　<LEVEL>2</LEVEL>
　　　　　　<BOLD>0</BOLD>
　　　　　　<前年度決算數>976537</前年度決算數>
　　　　　　<項目>徵收及依法分配收入</項目>
　　　　　　<本年度預算數>2024500</本年度預算數>
　　　　　　<上年度預算數>854025</上年度預算數>
　　　　　　<比較增減>1170475</比較增減>
　　　　</ROW>
　　　　<ROW>
　　　　　　<SEQNO>3</SEQNO>
　　　　　　<LEVEL>3</LEVEL>
　　　　　　<BOLD>0</BOLD>
　　　　　　<前年度決算數>962290</前年度決算數>
　　　　　　<項目>健康福利捐分配收入</項目>
　　　　　　<本年度預算數>2003800</本年度預算數>
　　　　　　<上年度預算數>840000</上年度預算數>
　　　　　　<比較增減>1163800</比較增減>
　　　　</ROW>
　　　　<ROW>
　　　　　　<SEQNO>4</SEQNO>
　　　　　　<LEVEL>3</LEVEL>
　　　　　　<BOLD>0</BOLD>
　　　　　　<前年度決算數>14246</前年度決算數>
　　　　　　<項目>其他徵收及依法分配收入</項目>
　　　　　　<本年度預算數>20700</本年度預算數>
　　　　　　<上年度預算數>14025</上年度預算數>
　　　　　　<比較增減>6675</比較增減>
　　　　</ROW>
　　　　<ROW>
　　　　　　<SEQNO>5</SEQNO>
　　　　　　<LEVEL>2</LEVEL>
　　　　　　<BOLD>0</BOLD>
　　　　　　<前年度決算數>5613</前年度決算數>
　　　　　　<項目>財產收入</項目>
　　　　　　<本年度預算數>1295</本年度預算數>
　　　　　　<上年度預算數>1845</上年度預算數>
　　　　　　<比較增減>-550</比較增減>
　　　　</ROW>
　　　　<ROW>
　　　　　　<SEQNO>6</SEQNO>
　　　　　　<LEVEL>3</LEVEL>
　　　　　　<BOLD>0</BOLD>
　　　　　　<前年度決算數>5613</前年度決算數>
　　　　　　<項目>利息收入</項目>
　　　　　　<本年度預算數>1295</本年度預算數>
　　　　　　<上年度預算數>1845</上年度預算數>
　　　　　　<比較增減>-550</比較增減>
　　　　</ROW>
　　　　<ROW>
　　　　　　<SEQNO>7</SEQNO>
　　　　　　<LEVEL>2</LEVEL>
　　　　　　<BOLD>0</BOLD>
　　　　　　<前年度決算數>1332656</前年度決算數>
　　　　　　<項目>政府撥入收入</項目>
　　　　　　<本年度預算數>730160</本年度預算數>
　　　　　　<上年度預算數>731210</上年度預算數>
　　　　　　<比較增減>-1050</比較增減>
　　　　</ROW>
　　　　<ROW>
　　　　　　<SEQNO>8</SEQNO>
　　　　　　<LEVEL>3</LEVEL>
　　　　　　<BOLD>0</BOLD>
　　　　　　<前年度決算數>1332656</前年度決算數>
　　　　　　<項目>公庫撥款收入</項目>
　　　　　　<本年度預算數>730160</本年度預算數>
　　　　　　<上年度預算數>731210</上年度預算數>
　　　　　　<比較增減>-1050</比較增減>
　　　　</ROW>
　　　　<ROW>
　　　　　　<SEQNO>9</SEQNO>
　　　　　　<LEVEL>2</LEVEL>
　　　　　　<BOLD>0</BOLD>
　　　　　　<前年度決算數>10662</前年度決算數>
　　　　　　<項目>其他收入</項目>
　　　　　　<本年度預算數>1500</本年度預算數>
　　　　　　<上年度預算數>1500</上年度預算數>
　　　　　　<比較增減>0</比較增減>
　　　　</ROW>
　　　　<ROW>
　　　　　　<SEQNO>10</SEQNO>
　　　　　　<LEVEL>3</LEVEL>
　　　　　　<BOLD>0</BOLD>
　　　　　　<前年度決算數>10662</前年度決算數>
　　　　　　<項目>雜項收入</項目>
　　　　　　<本年度預算數>1500</本年度預算數>
　　　　　　<上年度預算數>1500</上年度預算數>
　　　　　　<比較增減>0</比較增減>
　　　　</ROW>
　　　　<ROW>
　　　　　　<SEQNO>11</SEQNO>
　　　　　　<LEVEL>1</LEVEL>
　　　　　　<BOLD>1</BOLD>
　　　　　　<前年度決算數>2643471</前年度決算數>
　　　　　　<項目>基金用途</項目>
　　　　　　<本年度預算數>3130209</本年度預算數>
　　　　　　<上年度預算數>2290037</上年度預算數>
　　　　　　<比較增減>840172</比較增減>
　　　　</ROW>
　　　　<ROW>
　　　　　　<SEQNO>12</SEQNO>
　　　　　　<LEVEL>2</LEVEL>
　　　　　　<BOLD>0</BOLD>
　　　　　　<前年度決算數>2642314</前年度決算數>
　　　　　　<項目>疫苗接種計畫</項目>
　　　　　　<本年度預算數>3128725</本年度預算數>
　　　　　　<上年度預算數>2288553</上年度預算數>
　　　　　　<比較增減>840172</比較增減>
　　　　</ROW>
　　　　<ROW>
　　　　　　<SEQNO>13</SEQNO>
　　　　　　<LEVEL>2</LEVEL>
　　　　　　<BOLD>0</BOLD>
　　　　　　<前年度決算數>1157</前年度決算數>
　　　　　　<項目>一般行政管理計畫</項目>
　　　　　　<本年度預算數>1484</本年度預算數>
　　　　　　<上年度預算數>1484</上年度預算數>
　　　　　　<比較增減>0</比較增減>
　　　　</ROW>
　　　　<ROW>
　　　　　　<SEQNO>14</SEQNO>
　　　　　　<LEVEL>1</LEVEL>
　　　　　　<BOLD>1</BOLD>
　　　　　　<前年度決算數>-318004</前年度決算數>
　　　　　　<項目>本期賸餘(短絀)</項目>
　　　　　　<本年度預算數>-372754</本年度預算數>
　　　　　　<上年度預算數>-701457</上年度預算數>
　　　　　　<比較增減>328703</比較增減>
　　　　</ROW>
　　　　<ROW>
　　　　　　<SEQNO>15</SEQNO>
　　　　　　<LEVEL>1</LEVEL>
　　　　　　<BOLD>1</BOLD>
　　　　　　<前年度決算數>1392566</前年度決算數>
　　　　　　<項目>期初基金餘額</項目>
　　　　　　<本年度預算數>373105</本年度預算數>
　　　　　　<上年度預算數>703337</上年度預算數>
　　　　　　<比較增減>-330232</比較增減>
　　　　</ROW>
　　　　<ROW>
　　　　　　<SEQNO>16</SEQNO>
　　　　　　<LEVEL>1</LEVEL>
　　　　　　<BOLD>1</BOLD>
　　　　　　<前年度決算數>0</前年度決算數>
　　　　　　<項目>解繳公庫</項目>
　　　　　　<本年度預算數>0</本年度預算數>
　　　　　　<上年度預算數>0</上年度預算數>
　　　　　　<比較增減>0</比較增減>
　　　　</ROW>
　　　　<ROW>
　　　　　　<SEQNO>17</SEQNO>
　　　　　　<LEVEL>1</LEVEL>
　　　　　　<BOLD>1</BOLD>
　　　　　　<前年度決算數>1074562</前年度決算數>
　　　　　　<項目>期末基金餘額</項目>
　　　　　　<本年度預算數>351</本年度預算數>
　　　　　　<上年度預算數>1880</上年度預算數>
　　　　　　<比較增減>-1529</比較增減>
　　　　</ROW>
　　　　<COMM />
　　</DataSet>
</GenericData>

