﻿name,schema,description
107-B2-432300106-主要表-20180626112944.xml,schema-主要表.csv,主要表
107-B2-432300106-基金來源、用途及餘絀預計表-20180626112944.xml,schema-基金來源、用途及餘絀預計表.csv,基金來源、用途及餘絀預計表
107-B2-432300106-現金流量預計表-20180626112945.xml,schema-現金流量預計表.csv,現金流量預計表
107-B2-432300106-基金來源明細表-20180626112945.xml,schema-基金來源明細表.csv,基金來源明細表
107-B2-432300106-基金用途明細表-20180626112946.xml,schema-基金用途明細表.csv,基金用途明細表
107-B2-432300106-單位(或計畫)成本分析表-20180626112947.xml,schema-單位(或計畫)成本分析表.csv,單位(或計畫)成本分析表
107-B2-432300106-預計平衡表-20180626112947.xml,schema-預計平衡表.csv,預計平衡表
107-B2-432300106-5年來主要業務計畫分析表-20180626112948.xml,schema-5年來主要業務計畫分析表.csv,5年來主要業務計畫分析表
107-B2-432300106-員工人數彙計表-20180626112949.xml,schema-員工人數彙計表.csv,員工人數彙計表
107-B2-432300106-用人費用彙計表-20180626112949.xml,schema-用人費用彙計表.csv,用人費用彙計表
107-B2-432300106-各項費用彙計表-20180626112950.xml,schema-各項費用彙計表.csv,各項費用彙計表
