﻿name,title
SEQNO,SEQNO
LEVEL,LEVEL
BOLD,BOLD
科目,科目
正式員額薪資,正式員額薪資
聘僱人員薪資,聘僱人員薪資
超時工作報酬,超時工作報酬
津貼,津貼
獎金-年終獎金,獎金-年終獎金
獎金-考績獎金,獎金-考績獎金
獎金-其他,獎金-其他
退休及卹償金-退休金,退休及卹償金-退休金
退休及卹償金-卹償金,退休及卹償金-卹償金
資遣費,資遣費
福利費-分擔保險費,福利費-分擔保險費
福利費-傷病醫藥費,福利費-傷病醫藥費
福利費-提撥福利金,福利費-提撥福利金
福利費-其他,福利費-其他
提繳費,提繳費
合計,合計
兼任人員用人費用,兼任人員用人費用
總計,總計
