﻿"name","schema","description"
"109-會計月報_歲入累計表_20200917102750.xml","schema-會計月報_歲入累計表.csv","會計月報_歲入累計表"
"109-會計月報_經費累計表_20200917102751.xml","schema-會計月報_經費累計表.csv","會計月報_經費累計表"
"109-會計月報_以前年度歲出轉入數累計表_20200917102752.xml","schema-會計月報_以前年度歲出轉入數累計表.csv","會計月報_以前年度歲出轉入數累計表"
"109-歲出用途別累計表_20200917102752.xml","schema-歲出用途別累計表.csv","歲出用途別累計表"
"109-繳付公庫數分析表_20200917102753.xml","schema-繳付公庫數分析表.csv","繳付公庫數分析表"
"109-公庫撥入數分析表_20200917102754.xml","schema-公庫撥入數分析表.csv","公庫撥入數分析表"
"109-平衡表_20200917102755.xml","schema-平衡表.csv","平衡表"
"109-收入支出表_20200917102755.xml","schema-收入支出表.csv","收入支出表"
"109_會計月報_預算執行及會計收支對照表_20200917102756.xml","schema-會計月報_預算執行及會計收支對照表.csv","會計月報_預算執行及會計收支對照表"
