<?xml version="1.0" encoding="UTF-8"?>
<tables>
    <BCME3420>
        <BCME3420_row>
            <budgetno/>
            <agenno/>
            <agentype/>
            <mh_budgetname>合    計</mh_budgetname>
            <displayname>合    計</displayname>
            <budgetno_conver/>
            <tyear_amt>5542990000</tyear_amt>
            <lyear_amt>5051291000</lyear_amt>
            <byear_amt>6234029360</byear_amt>
            <b_amt>491699000</b_amt>
            <bc_content/>
            <memo/>
        </BCME3420_row>
        <BCME3420_row>
            <budgetno>00570000000</budgetno>
            <agenno>57005</agenno>
            <agentype>C</agentype>
            <mh_budgetname>衛生福利部主管</mh_budgetname>
            <displayname>衛生福利部主管</displayname>
            <budgetno_conver>0057000000</budgetno_conver>
            <tyear_amt>5542990000</tyear_amt>
            <lyear_amt>5051291000</lyear_amt>
            <byear_amt>6234029360</byear_amt>
            <b_amt>491699000</b_amt>
            <bc_content/>
        </BCME3420_row>
        <BCME3420_row>
            <budgetno>00570050000</budgetno>
            <agenno>57005</agenno>
            <agentype>C</agentype>
            <mh_budgetname>疾病管制署</mh_budgetname>
            <displayname>疾病管制署</displayname>
            <budgetno_conver>0057050000</budgetno_conver>
            <tyear_amt>5542990000</tyear_amt>
            <lyear_amt>5051291000</lyear_amt>
            <byear_amt>6234029360</byear_amt>
            <b_amt>491699000</b_amt>
            <bc_content/>
        </BCME3420_row>
        <BCME3420_row>
            <budgetno>52570050000</budgetno>
            <agenno>57005</agenno>
            <agentype>C</agentype>
            <mh_budgetname>科學支出</mh_budgetname>
            <displayname>科學支出</displayname>
            <budgetno_conver>5257050000</budgetno_conver>
            <tyear_amt>362951000</tyear_amt>
            <lyear_amt>367323000</lyear_amt>
            <byear_amt>268575138</byear_amt>
            <b_amt>-4372000</b_amt>
            <bc_content/>
        </BCME3420_row>
        <BCME3420_row>
            <budgetno>52570050400</budgetno>
            <agenno>57005</agenno>
            <agentype>C</agentype>
            <mh_budgetname>科技業務</mh_budgetname>
            <displayname>科技業務</displayname>
            <budgetno_conver>5257050400</budgetno_conver>
            <tyear_amt>362951000</tyear_amt>
            <lyear_amt>367323000</lyear_amt>
            <byear_amt>268575138</byear_amt>
            <b_amt>-4372000</b_amt>
            <bc_content>&lt;#H1&gt;本年度預算數362,951千元，包括業務費244,505千元，設備及投資113,366千元，獎補助費5,080千元。&#xd;
&lt;#H1&gt;本年度預算數之內容與上年度之比較如下：&#xd;
&lt;#H2&gt;防疫科技發展研究及科技管理經費128,088千元，較上年度減列購置檢驗儀器等經費17,709千元。&#xd;
&lt;#H2&gt;防疫雲2.0計畫經費15,383千元，較上年度增列辦理系統及資料交換模式盤點等經費383千元。&#xd;
&lt;#H2&gt;傳染病快速檢驗試劑之研發及生物風險管理系統經費11,091千元，較上年度減列委託辦理生物技術相關實驗室建構生物風險管理系統研究等經費968千元。&#xd;
&lt;#H2&gt;氣候變遷相關傳染病對國人健康及防疫影響之評估經費4,944千元，較上年度減列購置即時螢光高通量擴增反應偵測儀等經費4,867千元。&#xd;
&lt;#H2&gt;防疫一體傳染病整合防治計畫經費73,699千元，較上年度減列儀器年度校正及維修等經費2,206千元。&#xd;
&lt;#H2&gt;巨量資料於感染相關監測及防治策略之應用計畫經費7,657千元，較上年度減列委託辦理抗生素抗藥性自動通報系統之推廣與輔導計畫等經費794千元。&#xd;
&lt;#H2&gt;新增新世代智慧防疫行動計畫經費101,764千元。&#xd;
&lt;#H2&gt;新增禽傳人之流感防控技術經費20,325千元。&#xd;
&lt;#H2&gt;上年度辦理物質成癮整合型計畫進行藥癮族群愛滋防治研究預算業已編竣，所列1,181千元如數減列。&#xd;
&lt;#H2&gt;上年度辦理食媒性傳染病及其病原監測防護網研究計畫預算業已編竣，所列99,119千元如數減列。&#xd;
</bc_content>
        </BCME3420_row>
        <BCME3420_row>
            <budgetno>71570050000</budgetno>
            <agenno>57005</agenno>
            <agentype>C</agentype>
            <mh_budgetname>醫療保健支出</mh_budgetname>
            <displayname>醫療保健支出</displayname>
            <budgetno_conver>7157050000</budgetno_conver>
            <tyear_amt>5180039000</tyear_amt>
            <lyear_amt>4683968000</lyear_amt>
            <byear_amt>5965454222</byear_amt>
            <b_amt>496071000</b_amt>
            <bc_content/>
        </BCME3420_row>
        <BCME3420_row>
            <budgetno>71570050100</budgetno>
            <agenno>57005</agenno>
            <agentype>C</agentype>
            <mh_budgetname>一般行政</mh_budgetname>
            <displayname>一般行政</displayname>
            <budgetno_conver>7157050100</budgetno_conver>
            <tyear_amt>985017000</tyear_amt>
            <lyear_amt>966247000</lyear_amt>
            <byear_amt>990372931</byear_amt>
            <b_amt>18770000</b_amt>
            <bc_content>&lt;#H1&gt;本年度預算數985,017千元，包括人事費955,706千元，業務費25,351千元，設備及投資2,578千元，獎補助費1,382千元。 &#xd;
&lt;#H1&gt;本年度預算數之內容與上年度之比較如下：&#xd;
&lt;#H2&gt;人員維持費928,271千元，較上年度核實減列人事費7,206千元。&#xd;
&lt;#H2&gt;基本行政工作維持費29,311千元，較上年度減列水電費等1,459千元。&#xd;
&lt;#H2&gt;新增研發替代役經費27,435千元，其中：&#xd;
&lt;#H3&gt;強化邊境檢疫及境外防疫第一期計畫總經費620,000千元，分5年辦理，本年度編列第1年經費51,470千元，分配本科目編列1,694千元。&#xd;
&lt;#H3&gt;我國加入WHO2035消除結核第一期計畫總經費18,390,319千元，分5年辦理，105至106年度已編列2,121,854千元，本年度續編第3年經費992,112千元，分配本科目編列600千元。</bc_content>
        </BCME3420_row>
        <BCME3420_row>
            <budgetno>71570050200</budgetno>
            <agenno>57005</agenno>
            <agentype>C</agentype>
            <mh_budgetname>防疫業務</mh_budgetname>
            <displayname>防疫業務</displayname>
            <budgetno_conver>7157050200</budgetno_conver>
            <tyear_amt>4153212000</tyear_amt>
            <lyear_amt>3709833000</lyear_amt>
            <byear_amt>4972131291</byear_amt>
            <b_amt>443379000</b_amt>
            <bc_content>&lt;#H1&gt;本年度預算數4,153,212千元，包括業務費863,418千元，設備及投資84,477千元，獎補助費3,205,317千元。&#xd;
&lt;#H1&gt;本年度預算數之內容與上年度之比較如下：&#xd;
&lt;#H2&gt;傳染病防治及應變規劃經費276,114千元，較上年度減列辦理邊境檢疫業務及購置紅外線熱影像儀等經費29,767千元。&#xd;
&lt;#H2&gt;急性傳染病流行風險監控與管理第二期計畫總經費3,911,999千元，公務預算負擔299,992千元，分5年辦理，105至106年度已編列166,268千元，本年度續編第3年經費48,219千元，較上年度減列1,320千元。&#xd;
&lt;#H2&gt;愛滋防治第六期五年計畫總經費12,504,544千元，分5年辦理，106年度已編列1,261,826千元，本年度續編第2年經費1,751,129千元，較上年度增列489,303千元。&#xd;
&lt;#H2&gt;我國加入WHO2035消除結核第一期計畫總經費18,390,319千元，分5年辦理，105至106年度已編列2,121,854千元，本年度續編第3年經費992,112千元，分配本科目編列991,512千元，較上年度減列67,477千元。&#xd;
&lt;#H2&gt;我國因應流感大流行準備第三期計畫總經費3,228,200千元，分6年辦理，105至106年度已編列619,085千元，本年度續編第3年經費280,290千元，較上年度減列24,181千元。&#xd;
&lt;#H2&gt;新興傳染病風險監測與應變整備計畫總經費661,340千元，分6年辦理，105至106年度已編列12,202千元，本年度續編第3年經費4,428千元，較上年度減列1,327千元。&#xd;
&lt;#H2&gt;充實國家疫苗基金及促進國民免疫力第二期計畫總經費13,876,691千元，公務預算負擔4,260,015千元，分5年辦理，103至106年度已編列3,529,855千元，本年度續編最後1年經費730,160千元，分配本科目編列722,322千元，較上年度減列1,050千元。&#xd;
&lt;#H2&gt;新增強化邊境檢疫及境外防疫第一期計畫總經費620,000千元，分5年辦理，本年度編列第1年經費51,470千元，分配本科目編列49,776千元。&#xd;
&lt;#H2&gt;新增新南向醫衛合作與產業鏈發展中長程計畫總經費1,670,845千元，分4年辦理，本年度編列第1年經費291,738千元，分配本科目編列29,422千元。</bc_content>
        </BCME3420_row>
        <BCME3420_row>
            <budgetno>71570058100</budgetno>
            <agenno>57005</agenno>
            <agentype>C</agentype>
            <mh_budgetname>非營業特種基金</mh_budgetname>
            <displayname>非營業特種基金</displayname>
            <budgetno_conver>7157058100</budgetno_conver>
            <tyear_amt>7838000</tyear_amt>
            <lyear_amt>7838000</lyear_amt>
            <byear_amt>0</byear_amt>
            <b_amt>0</b_amt>
            <bc_content/>
        </BCME3420_row>
        <BCME3420_row>
            <budgetno>71570058110</budgetno>
            <agenno>57005</agenno>
            <agentype>C</agentype>
            <mh_budgetname>衛生福利特別收入基金</mh_budgetname>
            <displayname>衛生福利特別收入基金</displayname>
            <budgetno_conver>7157058110</budgetno_conver>
            <tyear_amt>7838000</tyear_amt>
            <lyear_amt>7838000</lyear_amt>
            <byear_amt>0</byear_amt>
            <b_amt>0</b_amt>
            <bc_content>&lt;#H1&gt;本年度預算數7,838千元，均為設備及投資。&#xd;
&lt;#H1&gt;充實國家疫苗基金及促進國民免疫力第二期計畫總經費13,876,691千元，公務預算負擔4,260,015千元，分5年辦理，103至106年度已編列3,529,855千元，本年度續編最後1年經費730,160千元，分配本科目編列7,838千元，與上年度同。&#xd;
</bc_content>
        </BCME3420_row>
        <BCME3420_row>
            <budgetno>71570059000</budgetno>
            <agenno>57005</agenno>
            <agentype>C</agentype>
            <mh_budgetname>一般建築及設備</mh_budgetname>
            <displayname>一般建築及設備</displayname>
            <budgetno_conver>7157059000</budgetno_conver>
            <tyear_amt>33922000</tyear_amt>
            <lyear_amt>0</lyear_amt>
            <byear_amt>2950000</byear_amt>
            <b_amt>33922000</b_amt>
            <bc_content/>
        </BCME3420_row>
        <BCME3420_row>
            <budgetno>71570059002</budgetno>
            <agenno>57005</agenno>
            <agentype>C</agentype>
            <mh_budgetname>營建工程</mh_budgetname>
            <displayname>營建工程</displayname>
            <budgetno_conver>7157059002</budgetno_conver>
            <tyear_amt>33922000</tyear_amt>
            <lyear_amt>0</lyear_amt>
            <byear_amt>0</byear_amt>
            <b_amt>33922000</b_amt>
            <bc_content>&lt;#H1&gt;本年度預算數33,922千元，均為設備及投資。&#xd;
&lt;#H1&gt;新增建物耐震能力評估及補強工程等經費如列數。</bc_content>
        </BCME3420_row>
        <BCME3420_row>
            <budgetno>71570059800</budgetno>
            <agenno>57005</agenno>
            <agentype>C</agentype>
            <mh_budgetname>第一預備金</mh_budgetname>
            <displayname>第一預備金</displayname>
            <budgetno_conver>7157059800</budgetno_conver>
            <tyear_amt>50000</tyear_amt>
            <lyear_amt>50000</lyear_amt>
            <byear_amt>0</byear_amt>
            <b_amt>0</b_amt>
            <bc_content>仍照上年度預算數編列。</bc_content>
        </BCME3420_row>
    </BCME3420>
</tables>
