<?xml version="1.0" encoding="UTF-8"?>
<tables>
    <BCTDBUDGETDETAIL>
        <BCTDBUDGETDETAIL_row>
            <ba_fiscalyear>107</ba_fiscalyear>
            <ba_fundkind>1</ba_fundkind>
            <ba_budgetkind>1</ba_budgetkind>
            <ba_specialbudgetno/>
            <ba_agenno>57005</ba_agenno>
            <ba_agentype>C</ba_agentype>
            <ba_budgetstate>1</ba_budgetstate>
            <ba_versiondate/>
            <ba_budgetyear>107</ba_budgetyear>
            <ba_budgetno>04570050301</ba_budgetno>
            <ba_subprojectno/>
            <mj_subprojectname/>
            <ba_departno>02</ba_departno>
            <ba_objectno/>
            <ba_budgettype>R</ba_budgettype>
            <ba_budgetsource>1</ba_budgetsource>
            <ba_mergetype>1</ba_mergetype>
            <ba_budgetamt>4500000.00</ba_budgetamt>
            <ba_flowflag/>
            <ba_signflag/>
            <ba_signno/>
            <ba_key>11  </ba_key>
        </BCTDBUDGETDETAIL_row>
        <BCTDBUDGETDETAIL_row>
            <ba_fiscalyear>107</ba_fiscalyear>
            <ba_fundkind>1</ba_fundkind>
            <ba_budgetkind>1</ba_budgetkind>
            <ba_specialbudgetno/>
            <ba_agenno>57005</ba_agenno>
            <ba_agentype>C</ba_agentype>
            <ba_budgetstate>1</ba_budgetstate>
            <ba_versiondate/>
            <ba_budgetyear>107</ba_budgetyear>
            <ba_budgetno>05570050101</ba_budgetno>
            <ba_subprojectno/>
            <mj_subprojectname/>
            <ba_departno>10</ba_departno>
            <ba_objectno/>
            <ba_budgettype>R</ba_budgettype>
            <ba_budgetsource>1</ba_budgetsource>
            <ba_mergetype>1</ba_mergetype>
            <ba_budgetamt>34257000.00</ba_budgetamt>
            <ba_flowflag/>
            <ba_signflag/>
            <ba_signno/>
            <ba_key>11  </ba_key>
        </BCTDBUDGETDETAIL_row>
        <BCTDBUDGETDETAIL_row>
            <ba_fiscalyear>107</ba_fiscalyear>
            <ba_fundkind>1</ba_fundkind>
            <ba_budgetkind>1</ba_budgetkind>
            <ba_specialbudgetno/>
            <ba_agenno>57005</ba_agenno>
            <ba_agentype>C</ba_agentype>
            <ba_budgetstate>1</ba_budgetstate>
            <ba_versiondate/>
            <ba_budgetyear>107</ba_budgetyear>
            <ba_budgetno>05570050102</ba_budgetno>
            <ba_subprojectno/>
            <mj_subprojectname/>
            <ba_departno>10</ba_departno>
            <ba_objectno/>
            <ba_budgettype>R</ba_budgettype>
            <ba_budgetsource>1</ba_budgetsource>
            <ba_mergetype>1</ba_mergetype>
            <ba_budgetamt>5990000.00</ba_budgetamt>
            <ba_flowflag/>
            <ba_signflag/>
            <ba_signno/>
            <ba_key>11  </ba_key>
        </BCTDBUDGETDETAIL_row>
        <BCTDBUDGETDETAIL_row>
            <ba_fiscalyear>107</ba_fiscalyear>
            <ba_fundkind>1</ba_fundkind>
            <ba_budgetkind>1</ba_budgetkind>
            <ba_specialbudgetno/>
            <ba_agenno>57005</ba_agenno>
            <ba_agentype>C</ba_agentype>
            <ba_budgetstate>1</ba_budgetstate>
            <ba_versiondate/>
            <ba_budgetyear>107</ba_budgetyear>
            <ba_budgetno>05570050311</ba_budgetno>
            <ba_subprojectno/>
            <mj_subprojectname/>
            <ba_departno>14</ba_departno>
            <ba_objectno/>
            <ba_budgettype>R</ba_budgettype>
            <ba_budgetsource>1</ba_budgetsource>
            <ba_mergetype>1</ba_mergetype>
            <ba_budgetamt>83774000.00</ba_budgetamt>
            <ba_flowflag/>
            <ba_signflag/>
            <ba_signno/>
            <ba_key>11  </ba_key>
        </BCTDBUDGETDETAIL_row>
        <BCTDBUDGETDETAIL_row>
            <ba_fiscalyear>107</ba_fiscalyear>
            <ba_fundkind>1</ba_fundkind>
            <ba_budgetkind>1</ba_budgetkind>
            <ba_specialbudgetno/>
            <ba_agenno>57005</ba_agenno>
            <ba_agentype>C</ba_agentype>
            <ba_budgetstate>1</ba_budgetstate>
            <ba_versiondate/>
            <ba_budgetyear>107</ba_budgetyear>
            <ba_budgetno>07570050106</ba_budgetno>
            <ba_subprojectno/>
            <mj_subprojectname/>
            <ba_departno>02</ba_departno>
            <ba_objectno/>
            <ba_budgettype>R</ba_budgettype>
            <ba_budgetsource>1</ba_budgetsource>
            <ba_mergetype>1</ba_mergetype>
            <ba_budgetamt>336000.00</ba_budgetamt>
            <ba_flowflag/>
            <ba_signflag/>
            <ba_signno/>
            <ba_key>11  </ba_key>
        </BCTDBUDGETDETAIL_row>
        <BCTDBUDGETDETAIL_row>
            <ba_fiscalyear>107</ba_fiscalyear>
            <ba_fundkind>1</ba_fundkind>
            <ba_budgetkind>1</ba_budgetkind>
            <ba_specialbudgetno/>
            <ba_agenno>57005</ba_agenno>
            <ba_agentype>C</ba_agentype>
            <ba_budgetstate>1</ba_budgetstate>
            <ba_versiondate/>
            <ba_budgetyear>107</ba_budgetyear>
            <ba_budgetno>07570050600</ba_budgetno>
            <ba_subprojectno/>
            <mj_subprojectname/>
            <ba_departno>02</ba_departno>
            <ba_objectno/>
            <ba_budgettype>R</ba_budgettype>
            <ba_budgetsource>1</ba_budgetsource>
            <ba_mergetype>1</ba_mergetype>
            <ba_budgetamt>290000.00</ba_budgetamt>
            <ba_flowflag/>
            <ba_signflag/>
            <ba_signno/>
            <ba_key>11  </ba_key>
        </BCTDBUDGETDETAIL_row>
        <BCTDBUDGETDETAIL_row>
            <ba_fiscalyear>107</ba_fiscalyear>
            <ba_fundkind>1</ba_fundkind>
            <ba_budgetkind>1</ba_budgetkind>
            <ba_specialbudgetno/>
            <ba_agenno>57005</ba_agenno>
            <ba_agentype>C</ba_agentype>
            <ba_budgetstate>1</ba_budgetstate>
            <ba_versiondate/>
            <ba_budgetyear>107</ba_budgetyear>
            <ba_budgetno>11570050901</ba_budgetno>
            <ba_subprojectno/>
            <mj_subprojectname/>
            <ba_departno>15</ba_departno>
            <ba_objectno/>
            <ba_budgettype>R</ba_budgettype>
            <ba_budgetsource>1</ba_budgetsource>
            <ba_mergetype>1</ba_mergetype>
            <ba_budgetamt>300000.00</ba_budgetamt>
            <ba_flowflag/>
            <ba_signflag/>
            <ba_signno/>
            <ba_key>11  </ba_key>
        </BCTDBUDGETDETAIL_row>
        <BCTDBUDGETDETAIL_row>
            <ba_fiscalyear>107</ba_fiscalyear>
            <ba_fundkind>1</ba_fundkind>
            <ba_budgetkind>1</ba_budgetkind>
            <ba_specialbudgetno/>
            <ba_agenno>57005</ba_agenno>
            <ba_agentype>C</ba_agentype>
            <ba_budgetstate>1</ba_budgetstate>
            <ba_versiondate/>
            <ba_budgetyear>107</ba_budgetyear>
            <ba_budgetno>11570050909</ba_budgetno>
            <ba_subprojectno/>
            <mj_subprojectname/>
            <ba_departno>11</ba_departno>
            <ba_objectno/>
            <ba_budgettype>R</ba_budgettype>
            <ba_budgetsource>1</ba_budgetsource>
            <ba_mergetype>1</ba_mergetype>
            <ba_budgetamt>169000.00</ba_budgetamt>
            <ba_flowflag/>
            <ba_signflag/>
            <ba_signno/>
            <ba_key>11  </ba_key>
        </BCTDBUDGETDETAIL_row>
    </BCTDBUDGETDETAIL>
    <BCTDMEMO>
        <BCTDMEMO_row>
            <bc_fiscalyear>107</bc_fiscalyear>
            <bc_fundkind>1</bc_fundkind>
            <bc_budgetkind>1</bc_budgetkind>
            <bc_specialbudgetno/>
            <bc_agenno>57005</bc_agenno>
            <bc_agentype>C</bc_agentype>
            <bc_budgetstate>1</bc_budgetstate>
            <bc_reportno>BCME3430</bc_reportno>
            <bc_key>0457005030102xxxxxxxR1x0</bc_key>
            <bc_versiondate/>
            <bc_content>廠商違約逾期交貨之賠償收入。</bc_content>
        </BCTDMEMO_row>
        <BCTDMEMO_row>
            <bc_fiscalyear>107</bc_fiscalyear>
            <bc_fundkind>1</bc_fundkind>
            <bc_budgetkind>1</bc_budgetkind>
            <bc_specialbudgetno/>
            <bc_agenno>57005</bc_agenno>
            <bc_agentype>C</bc_agentype>
            <bc_budgetstate>1</bc_budgetstate>
            <bc_reportno>BCME3430</bc_reportno>
            <bc_key>04570050301xR1x1</bc_key>
            <bc_versiondate/>
            <bc_content>廠商逾期違約賠償收入。</bc_content>
        </BCTDMEMO_row>
        <BCTDMEMO_row>
            <bc_fiscalyear>107</bc_fiscalyear>
            <bc_fundkind>1</bc_fundkind>
            <bc_budgetkind>1</bc_budgetkind>
            <bc_specialbudgetno/>
            <bc_agenno>57005</bc_agenno>
            <bc_agentype>C</bc_agentype>
            <bc_budgetstate>1</bc_budgetstate>
            <bc_reportno>BCME3430</bc_reportno>
            <bc_key>04570050301xR1x2</bc_key>
            <bc_versiondate/>
            <bc_content>依照政府採購法及契約所定之賠償辦理。</bc_content>
        </BCTDMEMO_row>
        <BCTDMEMO_row>
            <bc_fiscalyear>107</bc_fiscalyear>
            <bc_fundkind>1</bc_fundkind>
            <bc_budgetkind>1</bc_budgetkind>
            <bc_specialbudgetno/>
            <bc_agenno>57005</bc_agenno>
            <bc_agentype>C</bc_agentype>
            <bc_budgetstate>1</bc_budgetstate>
            <bc_reportno>BCME3430</bc_reportno>
            <bc_key>0557005010110xxxxxxxR1x0</bc_key>
            <bc_versiondate/>
            <bc_content>&lt;#H1&gt;船舶衛生檢疫費34,257千元：&#xd;
&lt;#H2&gt;一千噸以下登船檢疫費1.2千元×10艘次＝12千元。  &#xd;
&lt;#H2&gt;超過一千噸至五千噸登船檢疫費1.5千元×10艘次＝15千元。&#xd;
&lt;#H2&gt;超過五千噸至一萬噸登船檢疫費2千元×10艘次＝20千元。  &#xd;
&lt;#H2&gt;超過一萬噸至三萬噸登船檢疫費2.5千元×10艘次＝25千元。&#xd;
&lt;#H2&gt;超過三萬噸至五萬噸登船檢疫費3.5千元×10艘次＝35千元。  &#xd;
&lt;#H2&gt;超過五萬噸登船檢疫費5千元×30艘次＝150千元。  &#xd;
&lt;#H2&gt;審查檢疫費1千元×34,000艘次＝34,000千元。&#xd;
</bc_content>
        </BCTDMEMO_row>
        <BCTDMEMO_row>
            <bc_fiscalyear>107</bc_fiscalyear>
            <bc_fundkind>1</bc_fundkind>
            <bc_budgetkind>1</bc_budgetkind>
            <bc_specialbudgetno/>
            <bc_agenno>57005</bc_agenno>
            <bc_agentype>C</bc_agentype>
            <bc_budgetstate>1</bc_budgetstate>
            <bc_reportno>BCME3430</bc_reportno>
            <bc_key>05570050101xR1x1</bc_key>
            <bc_versiondate/>
            <bc_content>辦理進出口船舶檢疫事項。</bc_content>
        </BCTDMEMO_row>
        <BCTDMEMO_row>
            <bc_fiscalyear>107</bc_fiscalyear>
            <bc_fundkind>1</bc_fundkind>
            <bc_budgetkind>1</bc_budgetkind>
            <bc_specialbudgetno/>
            <bc_agenno>57005</bc_agenno>
            <bc_agentype>C</bc_agentype>
            <bc_budgetstate>1</bc_budgetstate>
            <bc_reportno>BCME3430</bc_reportno>
            <bc_key>05570050101xR1x2</bc_key>
            <bc_versiondate/>
            <bc_content>依衛生福利部102年10月17日部授疾字第1020103431號令修正發布「港埠檢疫費用徵收辦法」計收。</bc_content>
        </BCTDMEMO_row>
        <BCTDMEMO_row>
            <bc_fiscalyear>107</bc_fiscalyear>
            <bc_fundkind>1</bc_fundkind>
            <bc_budgetkind>1</bc_budgetkind>
            <bc_specialbudgetno/>
            <bc_agenno>57005</bc_agenno>
            <bc_agentype>C</bc_agentype>
            <bc_budgetstate>1</bc_budgetstate>
            <bc_reportno>BCME3430</bc_reportno>
            <bc_key>0557005010210xxxxxxxR1x0</bc_key>
            <bc_versiondate/>
            <bc_content>&lt;#H1&gt;國際預防接種證明書費2,043千元：&#xd;
&lt;#H2&gt;辦理國際預防接種證明書初簽證書證照費0.2千元×8,700件＝1,740千元。&#xd;
&lt;#H2&gt;辦理國際預防接種證明書加簽證書證照費0.15千元×1,700件＝255千元。&#xd;
&lt;#H2&gt;辦理國際預防接種證明書補發證書證照費0.2千元×240件＝48千元。&#xd;
&lt;#H1&gt;船舶衛生管制或免予衛生管制證明書3,927千元：&#xd;
&lt;#H2&gt;一千噸以下船舶衛生管制或免予衛生管制證明書費3千元×125件＝375千元。            &#xd;
&lt;#H2&gt;超過一千噸船舶衛生管制或免予衛生管制證明書費4千元×830件＝3,320千元。&#xd;
&lt;#H2&gt;船舶衛生管制或免予衛生管制證明書延期、放行或更改船名、噸位等簽證費1千元×232件＝232千元。&#xd;
&lt;#H1&gt;屍體出境准許證明書費0.2千元×100件＝20千元。&#xd;
</bc_content>
        </BCTDMEMO_row>
        <BCTDMEMO_row>
            <bc_fiscalyear>107</bc_fiscalyear>
            <bc_fundkind>1</bc_fundkind>
            <bc_budgetkind>1</bc_budgetkind>
            <bc_specialbudgetno/>
            <bc_agenno>57005</bc_agenno>
            <bc_agentype>C</bc_agentype>
            <bc_budgetstate>1</bc_budgetstate>
            <bc_reportno>BCME3430</bc_reportno>
            <bc_key>05570050102xR1x1</bc_key>
            <bc_versiondate/>
            <bc_content>&lt;#H1&gt;國際預防接種證明書費。
&lt;#H1&gt;船舶衛生管制或免予衛生管制證明書費。
&lt;#H1&gt;屍體出境准許證明書費。
</bc_content>
        </BCTDMEMO_row>
        <BCTDMEMO_row>
            <bc_fiscalyear>107</bc_fiscalyear>
            <bc_fundkind>1</bc_fundkind>
            <bc_budgetkind>1</bc_budgetkind>
            <bc_specialbudgetno/>
            <bc_agenno>57005</bc_agenno>
            <bc_agentype>C</bc_agentype>
            <bc_budgetstate>1</bc_budgetstate>
            <bc_reportno>BCME3430</bc_reportno>
            <bc_key>05570050102xR1x2</bc_key>
            <bc_versiondate/>
            <bc_content>依衛生福利部102年10月17日部授疾字第1020103431號令修正發布「港埠檢疫費用徵收辦法」計收。</bc_content>
        </BCTDMEMO_row>
        <BCTDMEMO_row>
            <bc_fiscalyear>107</bc_fiscalyear>
            <bc_fundkind>1</bc_fundkind>
            <bc_budgetkind>1</bc_budgetkind>
            <bc_specialbudgetno/>
            <bc_agenno>57005</bc_agenno>
            <bc_agentype>C</bc_agentype>
            <bc_budgetstate>1</bc_budgetstate>
            <bc_reportno>BCME3430</bc_reportno>
            <bc_key>0557005031114xxxxxxxR1x0</bc_key>
            <bc_versiondate/>
            <bc_content>&lt;#H1&gt;生物製劑供應費78,604千元：抗蛇毒血清凍晶注射劑4,504劑，每劑17.452千元，計收78,604千元。&#xd;
&lt;#H1&gt;瘧疾預防用藥供應費420千元：阿托奎酮與氯胍混合製劑1,810錠，每錠採購成本0.212千元加計處理成本0.02千元，計收420千元（每年歲入將依採購成本異動）。&#xd;
&lt;#H1&gt;阿米巴性痢疾藥品供應費800千元：巴龍黴素7,273錠，每錠採購成本0.106千元加計處理成本0.004千元，計收800千元（每年歲入將依採購藥品種類、成本及病患數而異動）。&#xd;
&lt;#H1&gt;愛滋防治針具及保險套自動服務機收入3,950千元：服務機係各縣市政府衛生局基於愛滋防治目的而設置，並以低於衛材包成本之價格提供使用。</bc_content>
        </BCTDMEMO_row>
        <BCTDMEMO_row>
            <bc_fiscalyear>107</bc_fiscalyear>
            <bc_fundkind>1</bc_fundkind>
            <bc_budgetkind>1</bc_budgetkind>
            <bc_specialbudgetno/>
            <bc_agenno>57005</bc_agenno>
            <bc_agentype>C</bc_agentype>
            <bc_budgetstate>1</bc_budgetstate>
            <bc_reportno>BCME3430</bc_reportno>
            <bc_key>05570050311xR1x1</bc_key>
            <bc_versiondate/>
            <bc_content>&lt;#H1&gt;抗蛇毒血清凍晶注射劑銷售收入。&#xd;
&lt;#H1&gt;提供出國旅客瘧疾預防用藥收入。&#xd;
&lt;#H1&gt;提供非本國籍者阿米巴性痢疾個案治療藥品收入。&#xd;
&lt;#H1&gt;愛滋防治針具及保險套自動服務機收入。</bc_content>
        </BCTDMEMO_row>
        <BCTDMEMO_row>
            <bc_fiscalyear>107</bc_fiscalyear>
            <bc_fundkind>1</bc_fundkind>
            <bc_budgetkind>1</bc_budgetkind>
            <bc_specialbudgetno/>
            <bc_agenno>57005</bc_agenno>
            <bc_agentype>C</bc_agentype>
            <bc_budgetstate>1</bc_budgetstate>
            <bc_reportno>BCME3430</bc_reportno>
            <bc_key>05570050311xR1x2</bc_key>
            <bc_versiondate/>
            <bc_content>&lt;#H1&gt;依衛生福利部105年11月2日部授疾字第1050101155號令修正發布「衛生福利部疾病管制署生物製劑收費標準」計收。&#xd;
&lt;#H1&gt;依衛生福利部105年6月21日部授疾字第1052100211號公告修正之「預防接種費、瘧疾預防藥品費及阿米巴性痢疾藥品收費金額表」計收。&#xd;
&lt;#H1&gt;依衛生福利部102年10月17日部授疾字第1020103431號令修正發布「港埠檢疫費用徵收辦法」計收。</bc_content>
        </BCTDMEMO_row>
        <BCTDMEMO_row>
            <bc_fiscalyear>107</bc_fiscalyear>
            <bc_fundkind>1</bc_fundkind>
            <bc_budgetkind>1</bc_budgetkind>
            <bc_specialbudgetno/>
            <bc_agenno>57005</bc_agenno>
            <bc_agentype>C</bc_agentype>
            <bc_budgetstate>1</bc_budgetstate>
            <bc_reportno>BCME3430</bc_reportno>
            <bc_key>0757005010602xxxxxxxR1x0</bc_key>
            <bc_versiondate/>
            <bc_content>本署員工使用停車位租金收入336千元（0.8千元×11人×12個月；0.6千元×7人×12個月；0.5千元×30人×12個月）。</bc_content>
        </BCTDMEMO_row>
        <BCTDMEMO_row>
            <bc_fiscalyear>107</bc_fiscalyear>
            <bc_fundkind>1</bc_fundkind>
            <bc_budgetkind>1</bc_budgetkind>
            <bc_specialbudgetno/>
            <bc_agenno>57005</bc_agenno>
            <bc_agentype>C</bc_agentype>
            <bc_budgetstate>1</bc_budgetstate>
            <bc_reportno>BCME3430</bc_reportno>
            <bc_key>07570050106xR1x1</bc_key>
            <bc_versiondate/>
            <bc_content>本署員工使用停車位租金收入。</bc_content>
        </BCTDMEMO_row>
        <BCTDMEMO_row>
            <bc_fiscalyear>107</bc_fiscalyear>
            <bc_fundkind>1</bc_fundkind>
            <bc_budgetkind>1</bc_budgetkind>
            <bc_specialbudgetno/>
            <bc_agenno>57005</bc_agenno>
            <bc_agentype>C</bc_agentype>
            <bc_budgetstate>1</bc_budgetstate>
            <bc_reportno>BCME3430</bc_reportno>
            <bc_key>07570050106xR1x2</bc_key>
            <bc_versiondate/>
            <bc_content>衛生福利部疾病管制署停車場收費管理辦法。</bc_content>
        </BCTDMEMO_row>
        <BCTDMEMO_row>
            <bc_fiscalyear>107</bc_fiscalyear>
            <bc_fundkind>1</bc_fundkind>
            <bc_budgetkind>1</bc_budgetkind>
            <bc_specialbudgetno/>
            <bc_agenno>57005</bc_agenno>
            <bc_agentype>C</bc_agentype>
            <bc_budgetstate>1</bc_budgetstate>
            <bc_reportno>BCME3430</bc_reportno>
            <bc_key>0757005060002xxxxxxxR1x0</bc_key>
            <bc_versiondate/>
            <bc_content>出售廢舊財產收入，估如列數。</bc_content>
        </BCTDMEMO_row>
        <BCTDMEMO_row>
            <bc_fiscalyear>107</bc_fiscalyear>
            <bc_fundkind>1</bc_fundkind>
            <bc_budgetkind>1</bc_budgetkind>
            <bc_specialbudgetno/>
            <bc_agenno>57005</bc_agenno>
            <bc_agentype>C</bc_agentype>
            <bc_budgetstate>1</bc_budgetstate>
            <bc_reportno>BCME3430</bc_reportno>
            <bc_key>07570050600xR1x1</bc_key>
            <bc_versiondate/>
            <bc_content>變賣廢舊物品等收入。</bc_content>
        </BCTDMEMO_row>
        <BCTDMEMO_row>
            <bc_fiscalyear>107</bc_fiscalyear>
            <bc_fundkind>1</bc_fundkind>
            <bc_budgetkind>1</bc_budgetkind>
            <bc_specialbudgetno/>
            <bc_agenno>57005</bc_agenno>
            <bc_agentype>C</bc_agentype>
            <bc_budgetstate>1</bc_budgetstate>
            <bc_reportno>BCME3430</bc_reportno>
            <bc_key>07570050600xR1x2</bc_key>
            <bc_versiondate/>
            <bc_content>&lt;#H1&gt;國有財產法第55條及財政收支劃分法第27、28條。&#xd;
&lt;#H1&gt;國有公用財產管理手冊第66點。</bc_content>
        </BCTDMEMO_row>
        <BCTDMEMO_row>
            <bc_fiscalyear>107</bc_fiscalyear>
            <bc_fundkind>1</bc_fundkind>
            <bc_budgetkind>1</bc_budgetkind>
            <bc_specialbudgetno/>
            <bc_agenno>57005</bc_agenno>
            <bc_agentype>C</bc_agentype>
            <bc_budgetstate>1</bc_budgetstate>
            <bc_reportno>BCME3430</bc_reportno>
            <bc_key>1157005090115xxxxxxxR1x0</bc_key>
            <bc_versiondate/>
            <bc_content>收回以前年度委辦及補助計畫賸餘款。</bc_content>
        </BCTDMEMO_row>
        <BCTDMEMO_row>
            <bc_fiscalyear>107</bc_fiscalyear>
            <bc_fundkind>1</bc_fundkind>
            <bc_budgetkind>1</bc_budgetkind>
            <bc_specialbudgetno/>
            <bc_agenno>57005</bc_agenno>
            <bc_agentype>C</bc_agentype>
            <bc_budgetstate>1</bc_budgetstate>
            <bc_reportno>BCME3430</bc_reportno>
            <bc_key>11570050901xR1x1</bc_key>
            <bc_versiondate/>
            <bc_content>收回以前各年度委辦、補助計畫賸餘款。</bc_content>
        </BCTDMEMO_row>
        <BCTDMEMO_row>
            <bc_fiscalyear>107</bc_fiscalyear>
            <bc_fundkind>1</bc_fundkind>
            <bc_budgetkind>1</bc_budgetkind>
            <bc_specialbudgetno/>
            <bc_agenno>57005</bc_agenno>
            <bc_agentype>C</bc_agentype>
            <bc_budgetstate>1</bc_budgetstate>
            <bc_reportno>BCME3430</bc_reportno>
            <bc_key>11570050901xR1x2</bc_key>
            <bc_versiondate/>
            <bc_content> 預算法第75條。</bc_content>
        </BCTDMEMO_row>
        <BCTDMEMO_row>
            <bc_fiscalyear>107</bc_fiscalyear>
            <bc_fundkind>1</bc_fundkind>
            <bc_budgetkind>1</bc_budgetkind>
            <bc_specialbudgetno/>
            <bc_agenno>57005</bc_agenno>
            <bc_agentype>C</bc_agentype>
            <bc_budgetstate>1</bc_budgetstate>
            <bc_reportno>BCME3430</bc_reportno>
            <bc_key>1157005090911xxxxxxxR1x0</bc_key>
            <bc_versiondate/>
            <bc_content>&lt;#H1&gt;出售防疫相關出版品417本，每本平均售價0.2千元，依據「政府出版品管理要點」定價百分之六十結付項款，0.2千元×417本×60％＝50千元。&#xd;
&lt;#H1&gt;借用宿舍員工自薪資扣回繳庫數65千元。&#xd;
&lt;#H1&gt;借用職務宿舍管理費繳庫數52千元。&#xd;
&lt;#H1&gt;本署員工補發識別證工本費收入2千元。</bc_content>
        </BCTDMEMO_row>
        <BCTDMEMO_row>
            <bc_fiscalyear>107</bc_fiscalyear>
            <bc_fundkind>1</bc_fundkind>
            <bc_budgetkind>1</bc_budgetkind>
            <bc_specialbudgetno/>
            <bc_agenno>57005</bc_agenno>
            <bc_agentype>C</bc_agentype>
            <bc_budgetstate>1</bc_budgetstate>
            <bc_reportno>BCME3430</bc_reportno>
            <bc_key>11570050909xR1x1</bc_key>
            <bc_versiondate/>
            <bc_content>&lt;#H1&gt;出售防疫相關出版品收入。&#xd;
&lt;#H1&gt;借用宿舍員工自薪資扣回繳庫數（含宿舍管理費）。&#xd;
&lt;#H1&gt;補發識別證工本費。&#xd;
</bc_content>
        </BCTDMEMO_row>
        <BCTDMEMO_row>
            <bc_fiscalyear>107</bc_fiscalyear>
            <bc_fundkind>1</bc_fundkind>
            <bc_budgetkind>1</bc_budgetkind>
            <bc_specialbudgetno/>
            <bc_agenno>57005</bc_agenno>
            <bc_agentype>C</bc_agentype>
            <bc_budgetstate>1</bc_budgetstate>
            <bc_reportno>BCME3430</bc_reportno>
            <bc_key>11570050909xR1x2</bc_key>
            <bc_versiondate/>
            <bc_content>&lt;#H1&gt;依據「政府出版品管理要點」計收。&#xd;
&lt;#H1&gt;依據「全國公教員工待遇支給要點」及「中央各機關學校職務宿舍之設置管理規定事項」規定辦理。&#xd;
&lt;#H1&gt;依據本署102年7月23日修訂識別證卡使用管理要點辦理。&#xd;
</bc_content>
        </BCTDMEMO_row>
    </BCTDMEMO>
</tables>
