<?xml version="1.0" encoding="UTF-8"?>
<tables>
    <BCME3450>
        <BCME3450_row>
            <objectNo>合計</objectNo>
            <budget>
                <budgetno_7157050100>985017.00</budgetno_7157050100>
                <budgetno_5257050400>362951.00</budgetno_5257050400>
                <budgetno_7157050200>4153212.00</budgetno_7157050200>
                <budgetno_7157058110>7838.00</budgetno_7157058110>
                <budgetno_7157059002>33922.00</budgetno_7157059002>
                <budgetno_7157059800>50.00</budgetno_7157059800>
            </budget>
            <total>5542990.00</total>
        </BCME3450_row>
        <BCME3450_row>
            <objectNo>0100 人事費</objectNo>
            <budget>
                <budgetno_7157050100>955706.00</budgetno_7157050100>
                <budgetno_5257050400/>
                <budgetno_7157050200/>
                <budgetno_7157058110/>
                <budgetno_7157059002/>
                <budgetno_7157059800/>
            </budget>
            <total>955706.00</total>
        </BCME3450_row>
        <BCME3450_row>
            <objectNo>  0103 法定編制人員待遇</objectNo>
            <budget>
                <budgetno_7157050100>590520.00</budgetno_7157050100>
                <budgetno_5257050400/>
                <budgetno_7157050200/>
                <budgetno_7157058110/>
                <budgetno_7157059002/>
                <budgetno_7157059800/>
            </budget>
            <total>590520.00</total>
        </BCME3450_row>
        <BCME3450_row>
            <objectNo>  0104 約聘僱人員待遇</objectNo>
            <budget>
                <budgetno_7157050100>2452.00</budgetno_7157050100>
                <budgetno_5257050400/>
                <budgetno_7157050200/>
                <budgetno_7157058110/>
                <budgetno_7157059002/>
                <budgetno_7157059800/>
            </budget>
            <total>2452.00</total>
        </BCME3450_row>
        <BCME3450_row>
            <objectNo>  0105 技工及工友待遇</objectNo>
            <budget>
                <budgetno_7157050100>30432.00</budgetno_7157050100>
                <budgetno_5257050400/>
                <budgetno_7157050200/>
                <budgetno_7157058110/>
                <budgetno_7157059002/>
                <budgetno_7157059800/>
            </budget>
            <total>30432.00</total>
        </BCME3450_row>
        <BCME3450_row>
            <objectNo>  0111 獎金</objectNo>
            <budget>
                <budgetno_7157050100>178511.00</budgetno_7157050100>
                <budgetno_5257050400/>
                <budgetno_7157050200/>
                <budgetno_7157058110/>
                <budgetno_7157059002/>
                <budgetno_7157059800/>
            </budget>
            <total>178511.00</total>
        </BCME3450_row>
        <BCME3450_row>
            <objectNo>  0121 其他給與</objectNo>
            <budget>
                <budgetno_7157050100>14156.00</budgetno_7157050100>
                <budgetno_5257050400/>
                <budgetno_7157050200/>
                <budgetno_7157058110/>
                <budgetno_7157059002/>
                <budgetno_7157059800/>
            </budget>
            <total>14156.00</total>
        </BCME3450_row>
        <BCME3450_row>
            <objectNo>  0131 加班值班費</objectNo>
            <budget>
                <budgetno_7157050100>26140.00</budgetno_7157050100>
                <budgetno_5257050400/>
                <budgetno_7157050200/>
                <budgetno_7157058110/>
                <budgetno_7157059002/>
                <budgetno_7157059800/>
            </budget>
            <total>26140.00</total>
        </BCME3450_row>
        <BCME3450_row>
            <objectNo>  0142 退休退職給付</objectNo>
            <budget>
                <budgetno_7157050100>2763.00</budgetno_7157050100>
                <budgetno_5257050400/>
                <budgetno_7157050200/>
                <budgetno_7157058110/>
                <budgetno_7157059002/>
                <budgetno_7157059800/>
            </budget>
            <total>2763.00</total>
        </BCME3450_row>
        <BCME3450_row>
            <objectNo>  0143 退休離職儲金</objectNo>
            <budget>
                <budgetno_7157050100>53272.00</budgetno_7157050100>
                <budgetno_5257050400/>
                <budgetno_7157050200/>
                <budgetno_7157058110/>
                <budgetno_7157059002/>
                <budgetno_7157059800/>
            </budget>
            <total>53272.00</total>
        </BCME3450_row>
        <BCME3450_row>
            <objectNo>  0151 保險</objectNo>
            <budget>
                <budgetno_7157050100>57460.00</budgetno_7157050100>
                <budgetno_5257050400/>
                <budgetno_7157050200/>
                <budgetno_7157058110/>
                <budgetno_7157059002/>
                <budgetno_7157059800/>
            </budget>
            <total>57460.00</total>
        </BCME3450_row>
        <BCME3450_row>
            <objectNo>0200 業務費</objectNo>
            <budget>
                <budgetno_7157050100>25351.00</budgetno_7157050100>
                <budgetno_5257050400>244505.00</budgetno_5257050400>
                <budgetno_7157050200>863418.00</budgetno_7157050200>
                <budgetno_7157058110/>
                <budgetno_7157059002/>
                <budgetno_7157059800/>
            </budget>
            <total>1133274.00</total>
        </BCME3450_row>
        <BCME3450_row>
            <objectNo>  0201 教育訓練費</objectNo>
            <budget>
                <budgetno_7157050100>215.00</budgetno_7157050100>
                <budgetno_5257050400>2222.00</budgetno_5257050400>
                <budgetno_7157050200>6519.00</budgetno_7157050200>
                <budgetno_7157058110/>
                <budgetno_7157059002/>
                <budgetno_7157059800/>
            </budget>
            <total>8956.00</total>
        </BCME3450_row>
        <BCME3450_row>
            <objectNo>  0202 水電費</objectNo>
            <budget>
                <budgetno_7157050100>4500.00</budgetno_7157050100>
                <budgetno_5257050400>5345.00</budgetno_5257050400>
                <budgetno_7157050200>24448.00</budgetno_7157050200>
                <budgetno_7157058110/>
                <budgetno_7157059002/>
                <budgetno_7157059800/>
            </budget>
            <total>34293.00</total>
        </BCME3450_row>
        <BCME3450_row>
            <objectNo>  0203 通訊費</objectNo>
            <budget>
                <budgetno_7157050100>1000.00</budgetno_7157050100>
                <budgetno_5257050400>2597.00</budgetno_5257050400>
                <budgetno_7157050200>9241.00</budgetno_7157050200>
                <budgetno_7157058110/>
                <budgetno_7157059002/>
                <budgetno_7157059800/>
            </budget>
            <total>12838.00</total>
        </BCME3450_row>
        <BCME3450_row>
            <objectNo>  0211 土地租金</objectNo>
            <budget>
                <budgetno_7157050100/>
                <budgetno_5257050400/>
                <budgetno_7157050200>3339.00</budgetno_7157050200>
                <budgetno_7157058110/>
                <budgetno_7157059002/>
                <budgetno_7157059800/>
            </budget>
            <total>3339.00</total>
        </BCME3450_row>
        <BCME3450_row>
            <objectNo>  0212 權利使用費</objectNo>
            <budget>
                <budgetno_7157050100/>
                <budgetno_5257050400>200.00</budgetno_5257050400>
                <budgetno_7157050200>40.00</budgetno_7157050200>
                <budgetno_7157058110/>
                <budgetno_7157059002/>
                <budgetno_7157059800/>
            </budget>
            <total>240.00</total>
        </BCME3450_row>
        <BCME3450_row>
            <objectNo>  0215 資訊服務費</objectNo>
            <budget>
                <budgetno_7157050100/>
                <budgetno_5257050400>20333.00</budgetno_5257050400>
                <budgetno_7157050200>10004.00</budgetno_7157050200>
                <budgetno_7157058110/>
                <budgetno_7157059002/>
                <budgetno_7157059800/>
            </budget>
            <total>30337.00</total>
        </BCME3450_row>
        <BCME3450_row>
            <objectNo>  0219 其他業務租金</objectNo>
            <budget>
                <budgetno_7157050100>543.00</budgetno_7157050100>
                <budgetno_5257050400>360.00</budgetno_5257050400>
                <budgetno_7157050200>18391.00</budgetno_7157050200>
                <budgetno_7157058110/>
                <budgetno_7157059002/>
                <budgetno_7157059800/>
            </budget>
            <total>19294.00</total>
        </BCME3450_row>
        <BCME3450_row>
            <objectNo>  0221 稅捐及規費</objectNo>
            <budget>
                <budgetno_7157050100>962.00</budgetno_7157050100>
                <budgetno_5257050400/>
                <budgetno_7157050200>439.00</budgetno_7157050200>
                <budgetno_7157058110/>
                <budgetno_7157059002/>
                <budgetno_7157059800/>
            </budget>
            <total>1401.00</total>
        </BCME3450_row>
        <BCME3450_row>
            <objectNo>  0231 保險費</objectNo>
            <budget>
                <budgetno_7157050100>124.00</budgetno_7157050100>
                <budgetno_5257050400>143.00</budgetno_5257050400>
                <budgetno_7157050200>283.00</budgetno_7157050200>
                <budgetno_7157058110/>
                <budgetno_7157059002/>
                <budgetno_7157059800/>
            </budget>
            <total>550.00</total>
        </BCME3450_row>
        <BCME3450_row>
            <objectNo>  0241 兼職費</objectNo>
            <budget>
                <budgetno_7157050100/>
                <budgetno_5257050400/>
                <budgetno_7157050200>5760.00</budgetno_7157050200>
                <budgetno_7157058110/>
                <budgetno_7157059002/>
                <budgetno_7157059800/>
            </budget>
            <total>5760.00</total>
        </BCME3450_row>
        <BCME3450_row>
            <objectNo>  0249 臨時人員酬金</objectNo>
            <budget>
                <budgetno_7157050100>837.00</budgetno_7157050100>
                <budgetno_5257050400/>
                <budgetno_7157050200>1030.00</budgetno_7157050200>
                <budgetno_7157058110/>
                <budgetno_7157059002/>
                <budgetno_7157059800/>
            </budget>
            <total>1867.00</total>
        </BCME3450_row>
        <BCME3450_row>
            <objectNo>  0250 按日按件計資酬金</objectNo>
            <budget>
                <budgetno_7157050100>507.00</budgetno_7157050100>
                <budgetno_5257050400>2068.00</budgetno_5257050400>
                <budgetno_7157050200>7912.00</budgetno_7157050200>
                <budgetno_7157058110/>
                <budgetno_7157059002/>
                <budgetno_7157059800/>
            </budget>
            <total>10487.00</total>
        </BCME3450_row>
        <BCME3450_row>
            <objectNo>  0251 委辦費</objectNo>
            <budget>
                <budgetno_7157050100/>
                <budgetno_5257050400>94754.00</budgetno_5257050400>
                <budgetno_7157050200>142730.00</budgetno_7157050200>
                <budgetno_7157058110/>
                <budgetno_7157059002/>
                <budgetno_7157059800/>
            </budget>
            <total>237484.00</total>
        </BCME3450_row>
        <BCME3450_row>
            <objectNo>  0261 國際組織會費</objectNo>
            <budget>
                <budgetno_7157050100/>
                <budgetno_5257050400/>
                <budgetno_7157050200>194.00</budgetno_7157050200>
                <budgetno_7157058110/>
                <budgetno_7157059002/>
                <budgetno_7157059800/>
            </budget>
            <total>194.00</total>
        </BCME3450_row>
        <BCME3450_row>
            <objectNo>  0262 國內組織會費</objectNo>
            <budget>
                <budgetno_7157050100/>
                <budgetno_5257050400>30.00</budgetno_5257050400>
                <budgetno_7157050200>538.00</budgetno_7157050200>
                <budgetno_7157058110/>
                <budgetno_7157059002/>
                <budgetno_7157059800/>
            </budget>
            <total>568.00</total>
        </BCME3450_row>
        <BCME3450_row>
            <objectNo>  0271 物品</objectNo>
            <budget>
                <budgetno_7157050100>3353.00</budgetno_7157050100>
                <budgetno_5257050400>67184.00</budgetno_5257050400>
                <budgetno_7157050200>457972.00</budgetno_7157050200>
                <budgetno_7157058110/>
                <budgetno_7157059002/>
                <budgetno_7157059800/>
            </budget>
            <total>528509.00</total>
        </BCME3450_row>
        <BCME3450_row>
            <objectNo>  0279 一般事務費</objectNo>
            <budget>
                <budgetno_7157050100>9599.00</budgetno_7157050100>
                <budgetno_5257050400>41385.00</budgetno_5257050400>
                <budgetno_7157050200>129473.00</budgetno_7157050200>
                <budgetno_7157058110/>
                <budgetno_7157059002/>
                <budgetno_7157059800/>
            </budget>
            <total>180457.00</total>
        </BCME3450_row>
        <BCME3450_row>
            <objectNo>  0282 房屋建築養護費</objectNo>
            <budget>
                <budgetno_7157050100>1100.00</budgetno_7157050100>
                <budgetno_5257050400/>
                <budgetno_7157050200>4725.00</budgetno_7157050200>
                <budgetno_7157058110/>
                <budgetno_7157059002/>
                <budgetno_7157059800/>
            </budget>
            <total>5825.00</total>
        </BCME3450_row>
        <BCME3450_row>
            <objectNo>  0283 車輛及辦公器具養護費</objectNo>
            <budget>
                <budgetno_7157050100>260.00</budgetno_7157050100>
                <budgetno_5257050400/>
                <budgetno_7157050200>1828.00</budgetno_7157050200>
                <budgetno_7157058110/>
                <budgetno_7157059002/>
                <budgetno_7157059800/>
            </budget>
            <total>2088.00</total>
        </BCME3450_row>
        <BCME3450_row>
            <objectNo>  0284 設施及機械設備養護費</objectNo>
            <budget>
                <budgetno_7157050100>1819.00</budgetno_7157050100>
                <budgetno_5257050400>5389.00</budgetno_5257050400>
                <budgetno_7157050200>23345.00</budgetno_7157050200>
                <budgetno_7157058110/>
                <budgetno_7157059002/>
                <budgetno_7157059800/>
            </budget>
            <total>30553.00</total>
        </BCME3450_row>
        <BCME3450_row>
            <objectNo>  0291 國內旅費</objectNo>
            <budget>
                <budgetno_7157050100>340.00</budgetno_7157050100>
                <budgetno_5257050400>1887.00</budgetno_5257050400>
                <budgetno_7157050200>9277.00</budgetno_7157050200>
                <budgetno_7157058110/>
                <budgetno_7157059002/>
                <budgetno_7157059800/>
            </budget>
            <total>11504.00</total>
        </BCME3450_row>
        <BCME3450_row>
            <objectNo>  0292 大陸地區旅費</objectNo>
            <budget>
                <budgetno_7157050100/>
                <budgetno_5257050400/>
                <budgetno_7157050200>434.00</budgetno_7157050200>
                <budgetno_7157058110/>
                <budgetno_7157059002/>
                <budgetno_7157059800/>
            </budget>
            <total>434.00</total>
        </BCME3450_row>
        <BCME3450_row>
            <objectNo>  0293 國外旅費</objectNo>
            <budget>
                <budgetno_7157050100/>
                <budgetno_5257050400/>
                <budgetno_7157050200>2942.00</budgetno_7157050200>
                <budgetno_7157058110/>
                <budgetno_7157059002/>
                <budgetno_7157059800/>
            </budget>
            <total>2942.00</total>
        </BCME3450_row>
        <BCME3450_row>
            <objectNo>  0294 運費</objectNo>
            <budget>
                <budgetno_7157050100>24.00</budgetno_7157050100>
                <budgetno_5257050400>523.00</budgetno_5257050400>
                <budgetno_7157050200>2294.00</budgetno_7157050200>
                <budgetno_7157058110/>
                <budgetno_7157059002/>
                <budgetno_7157059800/>
            </budget>
            <total>2841.00</total>
        </BCME3450_row>
        <BCME3450_row>
            <objectNo>  0295 短程車資</objectNo>
            <budget>
                <budgetno_7157050100>10.00</budgetno_7157050100>
                <budgetno_5257050400>85.00</budgetno_5257050400>
                <budgetno_7157050200>260.00</budgetno_7157050200>
                <budgetno_7157058110/>
                <budgetno_7157059002/>
                <budgetno_7157059800/>
            </budget>
            <total>355.00</total>
        </BCME3450_row>
        <BCME3450_row>
            <objectNo>  0299 特別費</objectNo>
            <budget>
                <budgetno_7157050100>158.00</budgetno_7157050100>
                <budgetno_5257050400/>
                <budgetno_7157050200/>
                <budgetno_7157058110/>
                <budgetno_7157059002/>
                <budgetno_7157059800/>
            </budget>
            <total>158.00</total>
        </BCME3450_row>
        <BCME3450_row>
            <objectNo>0300 設備及投資</objectNo>
            <budget>
                <budgetno_7157050100>2578.00</budgetno_7157050100>
                <budgetno_5257050400>113366.00</budgetno_5257050400>
                <budgetno_7157050200>84477.00</budgetno_7157050200>
                <budgetno_7157058110>7838.00</budgetno_7157058110>
                <budgetno_7157059002>33922.00</budgetno_7157059002>
                <budgetno_7157059800/>
            </budget>
            <total>242181.00</total>
        </BCME3450_row>
        <BCME3450_row>
            <objectNo>  0302 房屋建築及設備費</objectNo>
            <budget>
                <budgetno_7157050100/>
                <budgetno_5257050400/>
                <budgetno_7157050200/>
                <budgetno_7157058110/>
                <budgetno_7157059002>33922.00</budgetno_7157059002>
                <budgetno_7157059800/>
            </budget>
            <total>33922.00</total>
        </BCME3450_row>
        <BCME3450_row>
            <objectNo>  0303 公共建設及設施費</objectNo>
            <budget>
                <budgetno_7157050100/>
                <budgetno_5257050400/>
                <budgetno_7157050200>3500.00</budgetno_7157050200>
                <budgetno_7157058110/>
                <budgetno_7157059002/>
                <budgetno_7157059800/>
            </budget>
            <total>3500.00</total>
        </BCME3450_row>
        <BCME3450_row>
            <objectNo>  0304 機械設備費</objectNo>
            <budget>
                <budgetno_7157050100>425.00</budgetno_7157050100>
                <budgetno_5257050400>16225.00</budgetno_5257050400>
                <budgetno_7157050200>23517.00</budgetno_7157050200>
                <budgetno_7157058110/>
                <budgetno_7157059002/>
                <budgetno_7157059800/>
            </budget>
            <total>40167.00</total>
        </BCME3450_row>
        <BCME3450_row>
            <objectNo>  0305 運輸設備費</objectNo>
            <budget>
                <budgetno_7157050100>800.00</budgetno_7157050100>
                <budgetno_5257050400/>
                <budgetno_7157050200>7200.00</budgetno_7157050200>
                <budgetno_7157058110/>
                <budgetno_7157059002/>
                <budgetno_7157059800/>
            </budget>
            <total>8000.00</total>
        </BCME3450_row>
        <BCME3450_row>
            <objectNo>  0306 資訊軟硬體設備費</objectNo>
            <budget>
                <budgetno_7157050100/>
                <budgetno_5257050400>96366.00</budgetno_5257050400>
                <budgetno_7157050200>41112.00</budgetno_7157050200>
                <budgetno_7157058110/>
                <budgetno_7157059002/>
                <budgetno_7157059800/>
            </budget>
            <total>137478.00</total>
        </BCME3450_row>
        <BCME3450_row>
            <objectNo>  0319 雜項設備費</objectNo>
            <budget>
                <budgetno_7157050100>1353.00</budgetno_7157050100>
                <budgetno_5257050400>775.00</budgetno_5257050400>
                <budgetno_7157050200>9148.00</budgetno_7157050200>
                <budgetno_7157058110/>
                <budgetno_7157059002/>
                <budgetno_7157059800/>
            </budget>
            <total>11276.00</total>
        </BCME3450_row>
        <BCME3450_row>
            <objectNo>  0331 投資</objectNo>
            <budget>
                <budgetno_7157050100/>
                <budgetno_5257050400/>
                <budgetno_7157050200/>
                <budgetno_7157058110>7838.00</budgetno_7157058110>
                <budgetno_7157059002/>
                <budgetno_7157059800/>
            </budget>
            <total>7838.00</total>
        </BCME3450_row>
        <BCME3450_row>
            <objectNo>0400 獎補助費</objectNo>
            <budget>
                <budgetno_7157050100>1382.00</budgetno_7157050100>
                <budgetno_5257050400>5080.00</budgetno_5257050400>
                <budgetno_7157050200>3205317.00</budgetno_7157050200>
                <budgetno_7157058110/>
                <budgetno_7157059002/>
                <budgetno_7157059800/>
            </budget>
            <total>3211779.00</total>
        </BCME3450_row>
        <BCME3450_row>
            <objectNo>  0403 對直轄市政府之補助</objectNo>
            <budget>
                <budgetno_7157050100/>
                <budgetno_5257050400/>
                <budgetno_7157050200>40005.00</budgetno_7157050200>
                <budgetno_7157058110/>
                <budgetno_7157059002/>
                <budgetno_7157059800/>
            </budget>
            <total>40005.00</total>
        </BCME3450_row>
        <BCME3450_row>
            <objectNo>  0410 對臺灣省各縣市之補助</objectNo>
            <budget>
                <budgetno_7157050100/>
                <budgetno_5257050400/>
                <budgetno_7157050200>36782.00</budgetno_7157050200>
                <budgetno_7157058110/>
                <budgetno_7157059002/>
                <budgetno_7157059800/>
            </budget>
            <total>36782.00</total>
        </BCME3450_row>
        <BCME3450_row>
            <objectNo>  0429 對福建省各縣之補助</objectNo>
            <budget>
                <budgetno_7157050100/>
                <budgetno_5257050400/>
                <budgetno_7157050200>517.00</budgetno_7157050200>
                <budgetno_7157058110/>
                <budgetno_7157059002/>
                <budgetno_7157059800/>
            </budget>
            <total>517.00</total>
        </BCME3450_row>
        <BCME3450_row>
            <objectNo>  0430 政府機關間之補助</objectNo>
            <budget>
                <budgetno_7157050100/>
                <budgetno_5257050400/>
                <budgetno_7157050200>865.00</budgetno_7157050200>
                <budgetno_7157058110/>
                <budgetno_7157059002/>
                <budgetno_7157059800/>
            </budget>
            <total>865.00</total>
        </BCME3450_row>
        <BCME3450_row>
            <objectNo>  0432 對特種基金之補助</objectNo>
            <budget>
                <budgetno_7157050100/>
                <budgetno_5257050400>1000.00</budgetno_5257050400>
                <budgetno_7157050200>747083.00</budgetno_7157050200>
                <budgetno_7157058110/>
                <budgetno_7157059002/>
                <budgetno_7157059800/>
            </budget>
            <total>748083.00</total>
        </BCME3450_row>
        <BCME3450_row>
            <objectNo>  0437 對國內團體之捐助</objectNo>
            <budget>
                <budgetno_7157050100/>
                <budgetno_5257050400>3880.00</budgetno_5257050400>
                <budgetno_7157050200>23521.00</budgetno_7157050200>
                <budgetno_7157058110/>
                <budgetno_7157059002/>
                <budgetno_7157059800/>
            </budget>
            <total>27401.00</total>
        </BCME3450_row>
        <BCME3450_row>
            <objectNo>  0438 對私校之獎助</objectNo>
            <budget>
                <budgetno_7157050100/>
                <budgetno_5257050400/>
                <budgetno_7157050200>200.00</budgetno_7157050200>
                <budgetno_7157058110/>
                <budgetno_7157059002/>
                <budgetno_7157059800/>
            </budget>
            <total>200.00</total>
        </BCME3450_row>
        <BCME3450_row>
            <objectNo>  0445 社會福利津貼及濟助</objectNo>
            <budget>
                <budgetno_7157050100/>
                <budgetno_5257050400/>
                <budgetno_7157050200>2350004.00</budgetno_7157050200>
                <budgetno_7157058110/>
                <budgetno_7157059002/>
                <budgetno_7157059800/>
            </budget>
            <total>2350004.00</total>
        </BCME3450_row>
        <BCME3450_row>
            <objectNo>  0454 差額補貼</objectNo>
            <budget>
                <budgetno_7157050100>152.00</budgetno_7157050100>
                <budgetno_5257050400/>
                <budgetno_7157050200/>
                <budgetno_7157058110/>
                <budgetno_7157059002/>
                <budgetno_7157059800/>
            </budget>
            <total>152.00</total>
        </BCME3450_row>
        <BCME3450_row>
            <objectNo>  0475 獎勵及慰問</objectNo>
            <budget>
                <budgetno_7157050100>1230.00</budgetno_7157050100>
                <budgetno_5257050400>200.00</budgetno_5257050400>
                <budgetno_7157050200>1330.00</budgetno_7157050200>
                <budgetno_7157058110/>
                <budgetno_7157059002/>
                <budgetno_7157059800/>
            </budget>
            <total>2760.00</total>
        </BCME3450_row>
        <BCME3450_row>
            <objectNo>  0476 其他補助及捐助</objectNo>
            <budget>
                <budgetno_7157050100/>
                <budgetno_5257050400/>
                <budgetno_7157050200>5010.00</budgetno_7157050200>
                <budgetno_7157058110/>
                <budgetno_7157059002/>
                <budgetno_7157059800/>
            </budget>
            <total>5010.00</total>
        </BCME3450_row>
        <BCME3450_row>
            <objectNo>0900 預備金</objectNo>
            <budget>
                <budgetno_7157050100/>
                <budgetno_5257050400/>
                <budgetno_7157050200/>
                <budgetno_7157058110/>
                <budgetno_7157059002/>
                <budgetno_7157059800>50.00</budgetno_7157059800>
            </budget>
            <total>50.00</total>
        </BCME3450_row>
        <BCME3450_row>
            <objectNo>  0901 第一預備金</objectNo>
            <budget>
                <budgetno_7157050100/>
                <budgetno_5257050400/>
                <budgetno_7157050200/>
                <budgetno_7157058110/>
                <budgetno_7157059002/>
                <budgetno_7157059800>50.00</budgetno_7157059800>
            </budget>
            <total>50.00</total>
        </BCME3450_row>
    </BCME3450>
</tables>
