<?xml version="1.0" encoding="UTF-8"?>
<tables>
    <BCME3470>
        <BCME3470_row>
            <budgetno>00570000000</budgetno>
            <budgetname>衛生福利部主管</budgetname>
            <damt1>0.000000</damt1>
            <damt2>33922.000000</damt2>
            <damt3>3500.000000</damt3>
            <damt4>40167.000000</damt4>
            <damt5>8000.000000</damt5>
            <damt6>137478.000000</damt6>
            <damt7>11276.000000</damt7>
            <damt8>0.000000</damt8>
            <damt9>7838.000000</damt9>
            <damt10>4880.000000</damt10>
            <damt11>247061.000000</damt11>
            <no1>19</no1>
            <no2>00</no2>
            <no3>00</no3>
            <no4>00</no4>
            <budgetno_conver>0057000000</budgetno_conver>
            <b_level>1</b_level>
        </BCME3470_row>
        <BCME3470_row>
            <budgetno>00570050000</budgetno>
            <budgetname>疾病管制署</budgetname>
            <damt1>0.000000</damt1>
            <damt2>33922.000000</damt2>
            <damt3>3500.000000</damt3>
            <damt4>40167.000000</damt4>
            <damt5>8000.000000</damt5>
            <damt6>137478.000000</damt6>
            <damt7>11276.000000</damt7>
            <damt8>0.000000</damt8>
            <damt9>7838.000000</damt9>
            <damt10>4880.000000</damt10>
            <damt11>247061.000000</damt11>
            <no1>19</no1>
            <no2>02</no2>
            <no3>00</no3>
            <no4>00</no4>
            <budgetno_conver>0057050000</budgetno_conver>
            <b_level>2</b_level>
        </BCME3470_row>
        <BCME3470_row>
            <budgetno>52570050000</budgetno>
            <budgetname>科學支出</budgetname>
            <damt1>0.000000</damt1>
            <damt2>0.000000</damt2>
            <damt3>0.000000</damt3>
            <damt4>16225.000000</damt4>
            <damt5>0.000000</damt5>
            <damt6>96366.000000</damt6>
            <damt7>775.000000</damt7>
            <damt8>0.000000</damt8>
            <damt9>0.000000</damt9>
            <damt10>4880.000000</damt10>
            <damt11>118246.000000</damt11>
            <no1>19</no1>
            <no2/>
            <no3/>
            <no4/>
            <budgetno_conver>5257050000</budgetno_conver>
            <b_level>2</b_level>
        </BCME3470_row>
        <BCME3470_row>
            <budgetno>52570050400</budgetno>
            <budgetname>科技業務</budgetname>
            <damt1>0.000000</damt1>
            <damt2>0.000000</damt2>
            <damt3>0.000000</damt3>
            <damt4>16225.000000</damt4>
            <damt5>0.000000</damt5>
            <damt6>96366.000000</damt6>
            <damt7>775.000000</damt7>
            <damt8>0.000000</damt8>
            <damt9>0.000000</damt9>
            <damt10>4880.000000</damt10>
            <damt11>118246.000000</damt11>
            <no1>19</no1>
            <no2>02</no2>
            <no3>01</no3>
            <no4>00</no4>
            <budgetno_conver>5257050400</budgetno_conver>
            <b_level>3</b_level>
        </BCME3470_row>
        <BCME3470_row>
            <budgetno>71570050000</budgetno>
            <budgetname>醫療保健支出</budgetname>
            <damt1>0.000000</damt1>
            <damt2>33922.000000</damt2>
            <damt3>3500.000000</damt3>
            <damt4>23942.000000</damt4>
            <damt5>8000.000000</damt5>
            <damt6>41112.000000</damt6>
            <damt7>10501.000000</damt7>
            <damt8>0.000000</damt8>
            <damt9>7838.000000</damt9>
            <damt10>0.000000</damt10>
            <damt11>128815.000000</damt11>
            <no1>19</no1>
            <no2/>
            <no3/>
            <no4/>
            <budgetno_conver>7157050000</budgetno_conver>
            <b_level>2</b_level>
        </BCME3470_row>
        <BCME3470_row>
            <budgetno>71570050100</budgetno>
            <budgetname>一般行政</budgetname>
            <damt1>0.000000</damt1>
            <damt2>0.000000</damt2>
            <damt3>0.000000</damt3>
            <damt4>425.000000</damt4>
            <damt5>800.000000</damt5>
            <damt6>0.000000</damt6>
            <damt7>1353.000000</damt7>
            <damt8>0.000000</damt8>
            <damt9>0.000000</damt9>
            <damt10>0.000000</damt10>
            <damt11>2578.000000</damt11>
            <no1>19</no1>
            <no2>02</no2>
            <no3>02</no3>
            <no4>00</no4>
            <budgetno_conver>7157050100</budgetno_conver>
            <b_level>3</b_level>
        </BCME3470_row>
        <BCME3470_row>
            <budgetno>71570050200</budgetno>
            <budgetname>防疫業務</budgetname>
            <damt1>0.000000</damt1>
            <damt2>0.000000</damt2>
            <damt3>3500.000000</damt3>
            <damt4>23517.000000</damt4>
            <damt5>7200.000000</damt5>
            <damt6>41112.000000</damt6>
            <damt7>9148.000000</damt7>
            <damt8>0.000000</damt8>
            <damt9>0.000000</damt9>
            <damt10>0.000000</damt10>
            <damt11>84477.000000</damt11>
            <no1>19</no1>
            <no2>02</no2>
            <no3>03</no3>
            <no4>00</no4>
            <budgetno_conver>7157050200</budgetno_conver>
            <b_level>3</b_level>
        </BCME3470_row>
        <BCME3470_row>
            <budgetno>71570058100</budgetno>
            <budgetname>非營業特種基金</budgetname>
            <damt1>0.000000</damt1>
            <damt2>0.000000</damt2>
            <damt3>0.000000</damt3>
            <damt4>0.000000</damt4>
            <damt5>0.000000</damt5>
            <damt6>0.000000</damt6>
            <damt7>0.000000</damt7>
            <damt8>0.000000</damt8>
            <damt9>7838.000000</damt9>
            <damt10>0.000000</damt10>
            <damt11>7838.000000</damt11>
            <no1>19</no1>
            <no2>02</no2>
            <no3>04</no3>
            <no4>00</no4>
            <budgetno_conver>7157058100</budgetno_conver>
            <b_level>3</b_level>
        </BCME3470_row>
        <BCME3470_row>
            <budgetno>71570058110</budgetno>
            <budgetname>衛生福利特別收入基金</budgetname>
            <damt1>0.000000</damt1>
            <damt2>0.000000</damt2>
            <damt3>0.000000</damt3>
            <damt4>0.000000</damt4>
            <damt5>0.000000</damt5>
            <damt6>0.000000</damt6>
            <damt7>0.000000</damt7>
            <damt8>0.000000</damt8>
            <damt9>7838.000000</damt9>
            <damt10>0.000000</damt10>
            <damt11>7838.000000</damt11>
            <no1>19</no1>
            <no2>02</no2>
            <no3>04</no3>
            <no4>01</no4>
            <budgetno_conver>7157058110</budgetno_conver>
            <b_level>4</b_level>
        </BCME3470_row>
        <BCME3470_row>
            <budgetno>71570059000</budgetno>
            <budgetname>一般建築及設備</budgetname>
            <damt1>0.000000</damt1>
            <damt2>33922.000000</damt2>
            <damt3>0.000000</damt3>
            <damt4>0.000000</damt4>
            <damt5>0.000000</damt5>
            <damt6>0.000000</damt6>
            <damt7>0.000000</damt7>
            <damt8>0.000000</damt8>
            <damt9>0.000000</damt9>
            <damt10>0.000000</damt10>
            <damt11>33922.000000</damt11>
            <no1>19</no1>
            <no2>02</no2>
            <no3>05</no3>
            <no4>00</no4>
            <budgetno_conver>7157059000</budgetno_conver>
            <b_level>3</b_level>
        </BCME3470_row>
        <BCME3470_row>
            <budgetno>71570059002</budgetno>
            <budgetname>營建工程</budgetname>
            <damt1>0.000000</damt1>
            <damt2>33922.000000</damt2>
            <damt3>0.000000</damt3>
            <damt4>0.000000</damt4>
            <damt5>0.000000</damt5>
            <damt6>0.000000</damt6>
            <damt7>0.000000</damt7>
            <damt8>0.000000</damt8>
            <damt9>0.000000</damt9>
            <damt10>0.000000</damt10>
            <damt11>33922.000000</damt11>
            <no1>19</no1>
            <no2>02</no2>
            <no3>05</no3>
            <no4>01</no4>
            <budgetno_conver>7157059002</budgetno_conver>
            <b_level>4</b_level>
        </BCME3470_row>
    </BCME3470>
</tables>
