<?xml version="1.0" encoding="UTF-8"?>
<GenericData>
　　<Header>
　　　　<Table Id="fngbbalancer" Name="預計平衡表" Domain="NBA" />
　　　　<Program Id="NBAGBR110_A" />
　　　　<Sender Name="疫苗基金" />
　　　　<報表名稱>預計平衡表</報表名稱>
　　　　<年度>108</年度>
　　　　<基金>疫苗基金</基金>
　　　　<階段>法定預算</階段>
　　　　<版本>1</版本>
　　　　<單位>新臺幣千元</單位>
　　</Header>
　　<DataSet>
　　　　<ROW>
　　　　　　<SEQNO>1</SEQNO>
　　　　　　<LEVEL>01</LEVEL>
　　　　　　<BOLD>1</BOLD>
　　　　　　<民國106年12月31日實際數>4025177.00</民國106年12月31日實際數>
　　　　　　<科目>資產</科目>
　　　　　　<民國108年12月31日預計數>2323045.00</民國108年12月31日預計數>
　　　　　　<民國107年12月31日預計數>3104138.00</民國107年12月31日預計數>
　　　　　　<比較增減>-781093.00</比較增減>
　　　　</ROW>
　　　　<ROW>
　　　　　　<SEQNO>2</SEQNO>
　　　　　　<LEVEL>02</LEVEL>
　　　　　　<BOLD>0</BOLD>
　　　　　　<民國106年12月31日實際數>4025177.00</民國106年12月31日實際數>
　　　　　　<科目>流動資產</科目>
　　　　　　<民國108年12月31日預計數>2323045.00</民國108年12月31日預計數>
　　　　　　<民國107年12月31日預計數>3104138.00</民國107年12月31日預計數>
　　　　　　<比較增減>-781093.00</比較增減>
　　　　</ROW>
　　　　<ROW>
　　　　　　<SEQNO>3</SEQNO>
　　　　　　<LEVEL>03</LEVEL>
　　　　　　<BOLD>0</BOLD>
　　　　　　<民國106年12月31日實際數>2716398.00</民國106年12月31日實際數>
　　　　　　<科目>現金</科目>
　　　　　　<民國108年12月31日預計數>1173087.00</民國108年12月31日預計數>
　　　　　　<民國107年12月31日預計數>1973055.00</民國107年12月31日預計數>
　　　　　　<比較增減>-799968.00</比較增減>
　　　　</ROW>
　　　　<ROW>
　　　　　　<SEQNO>4</SEQNO>
　　　　　　<LEVEL>04</LEVEL>
　　　　　　<BOLD>0</BOLD>
　　　　　　<民國106年12月31日實際數>2716298.00</民國106年12月31日實際數>
　　　　　　<科目>銀行存款</科目>
　　　　　　<民國108年12月31日預計數>1173087.00</民國108年12月31日預計數>
　　　　　　<民國107年12月31日預計數>1973055.00</民國107年12月31日預計數>
　　　　　　<比較增減>-799968.00</比較增減>
　　　　</ROW>
　　　　<ROW>
　　　　　　<SEQNO>5</SEQNO>
　　　　　　<LEVEL>04</LEVEL>
　　　　　　<BOLD>0</BOLD>
　　　　　　<民國106年12月31日實際數>100.00</民國106年12月31日實際數>
　　　　　　<科目>零用及週轉金</科目>
　　　　　　<民國108年12月31日預計數 />
　　　　　　<民國107年12月31日預計數 />
　　　　　　<比較增減 />
　　　　</ROW>
　　　　<ROW>
　　　　　　<SEQNO>6</SEQNO>
　　　　　　<LEVEL>03</LEVEL>
　　　　　　<BOLD>0</BOLD>
　　　　　　<民國106年12月31日實際數>153777.00</民國106年12月31日實際數>
　　　　　　<科目>應收款項</科目>
　　　　　　<民國108年12月31日預計數>19958.00</民國108年12月31日預計數>
　　　　　　<民國107年12月31日預計數>81083.00</民國107年12月31日預計數>
　　　　　　<比較增減>-61125.00</比較增減>
　　　　</ROW>
　　　　<ROW>
　　　　　　<SEQNO>7</SEQNO>
　　　　　　<LEVEL>04</LEVEL>
　　　　　　<BOLD>0</BOLD>
　　　　　　<民國106年12月31日實際數>152040.00</民國106年12月31日實際數>
　　　　　　<科目>應收帳款</科目>
　　　　　　<民國108年12月31日預計數>18630.00</民國108年12月31日預計數>
　　　　　　<民國107年12月31日預計數>75860.00</民國107年12月31日預計數>
　　　　　　<比較增減>-57230.00</比較增減>
　　　　</ROW>
　　　　<ROW>
　　　　　　<SEQNO>8</SEQNO>
　　　　　　<LEVEL>04</LEVEL>
　　　　　　<BOLD>0</BOLD>
　　　　　　<民國106年12月31日實際數>1730.00</民國106年12月31日實際數>
　　　　　　<科目>應收利息</科目>
　　　　　　<民國108年12月31日預計數>1328.00</民國108年12月31日預計數>
　　　　　　<民國107年12月31日預計數>723.00</民國107年12月31日預計數>
　　　　　　<比較增減>605.00</比較增減>
　　　　</ROW>
　　　　<ROW>
　　　　　　<SEQNO>9</SEQNO>
　　　　　　<LEVEL>04</LEVEL>
　　　　　　<BOLD>0</BOLD>
　　　　　　<民國106年12月31日實際數>7.00</民國106年12月31日實際數>
　　　　　　<科目>其他應收款</科目>
　　　　　　<民國108年12月31日預計數 />
　　　　　　<民國107年12月31日預計數>4500.00</民國107年12月31日預計數>
　　　　　　<比較增減>-4500.00</比較增減>
　　　　</ROW>
　　　　<ROW>
　　　　　　<SEQNO>10</SEQNO>
　　　　　　<LEVEL>03</LEVEL>
　　　　　　<BOLD>0</BOLD>
　　　　　　<民國106年12月31日實際數>1155002.00</民國106年12月31日實際數>
　　　　　　<科目>預付款項</科目>
　　　　　　<民國108年12月31日預計數>1130000.00</民國108年12月31日預計數>
　　　　　　<民國107年12月31日預計數>1050000.00</民國107年12月31日預計數>
　　　　　　<比較增減>80000.00</比較增減>
　　　　</ROW>
　　　　<ROW>
　　　　　　<SEQNO>11</SEQNO>
　　　　　　<LEVEL>04</LEVEL>
　　　　　　<BOLD>0</BOLD>
　　　　　　<民國106年12月31日實際數>1155002.00</民國106年12月31日實際數>
　　　　　　<科目>預付費用</科目>
　　　　　　<民國108年12月31日預計數>1130000.00</民國108年12月31日預計數>
　　　　　　<民國107年12月31日預計數>1050000.00</民國107年12月31日預計數>
　　　　　　<比較增減>80000.00</比較增減>
　　　　</ROW>
　　　　<ROW>
　　　　　　<SEQNO>12</SEQNO>
　　　　　　<LEVEL>01</LEVEL>
　　　　　　<BOLD>1</BOLD>
　　　　　　<民國106年12月31日實際數>4025177.00</民國106年12月31日實際數>
　　　　　　<科目>資產總額</科目>
　　　　　　<民國108年12月31日預計數>2323045.00</民國108年12月31日預計數>
　　　　　　<民國107年12月31日預計數>3104138.00</民國107年12月31日預計數>
　　　　　　<比較增減>-781093.00</比較增減>
　　　　</ROW>
　　　　<ROW>
　　　　　　<SEQNO>13</SEQNO>
　　　　　　<LEVEL>01</LEVEL>
　　　　　　<BOLD>1</BOLD>
　　　　　　<民國106年12月31日實際數>2300284.00</民國106年12月31日實際數>
　　　　　　<科目>負債</科目>
　　　　　　<民國108年12月31日預計數>1880000.00</民國108年12月31日預計數>
　　　　　　<民國107年12月31日預計數>1751000.00</民國107年12月31日預計數>
　　　　　　<比較增減>129000.00</比較增減>
　　　　</ROW>
　　　　<ROW>
　　　　　　<SEQNO>14</SEQNO>
　　　　　　<LEVEL>02</LEVEL>
　　　　　　<BOLD>0</BOLD>
　　　　　　<民國106年12月31日實際數>2285769.00</民國106年12月31日實際數>
　　　　　　<科目>流動負債</科目>
　　　　　　<民國108年12月31日預計數>1830000.00</民國108年12月31日預計數>
　　　　　　<民國107年12月31日預計數>1655000.00</民國107年12月31日預計數>
　　　　　　<比較增減>175000.00</比較增減>
　　　　</ROW>
　　　　<ROW>
　　　　　　<SEQNO>15</SEQNO>
　　　　　　<LEVEL>03</LEVEL>
　　　　　　<BOLD>0</BOLD>
　　　　　　<民國106年12月31日實際數>2285769.00</民國106年12月31日實際數>
　　　　　　<科目>應付款項</科目>
　　　　　　<民國108年12月31日預計數>1830000.00</民國108年12月31日預計數>
　　　　　　<民國107年12月31日預計數>1655000.00</民國107年12月31日預計數>
　　　　　　<比較增減>175000.00</比較增減>
　　　　</ROW>
　　　　<ROW>
　　　　　　<SEQNO>16</SEQNO>
　　　　　　<LEVEL>04</LEVEL>
　　　　　　<BOLD>0</BOLD>
　　　　　　<民國106年12月31日實際數>389612.00</民國106年12月31日實際數>
　　　　　　<科目>應付代收款</科目>
　　　　　　<民國108年12月31日預計數>530000.00</民國108年12月31日預計數>
　　　　　　<民國107年12月31日預計數>585000.00</民國107年12月31日預計數>
　　　　　　<比較增減>-55000.00</比較增減>
　　　　</ROW>
　　　　<ROW>
　　　　　　<SEQNO>17</SEQNO>
　　　　　　<LEVEL>04</LEVEL>
　　　　　　<BOLD>0</BOLD>
　　　　　　<民國106年12月31日實際數>1896156.00</民國106年12月31日實際數>
　　　　　　<科目>應付費用</科目>
　　　　　　<民國108年12月31日預計數>1300000.00</民國108年12月31日預計數>
　　　　　　<民國107年12月31日預計數>1070000.00</民國107年12月31日預計數>
　　　　　　<比較增減>230000.00</比較增減>
　　　　</ROW>
　　　　<ROW>
　　　　　　<SEQNO>18</SEQNO>
　　　　　　<LEVEL>02</LEVEL>
　　　　　　<BOLD>0</BOLD>
　　　　　　<民國106年12月31日實際數>14515.00</民國106年12月31日實際數>
　　　　　　<科目>其他負債</科目>
　　　　　　<民國108年12月31日預計數>50000.00</民國108年12月31日預計數>
　　　　　　<民國107年12月31日預計數>96000.00</民國107年12月31日預計數>
　　　　　　<比較增減>-46000.00</比較增減>
　　　　</ROW>
　　　　<ROW>
　　　　　　<SEQNO>19</SEQNO>
　　　　　　<LEVEL>03</LEVEL>
　　　　　　<BOLD>0</BOLD>
　　　　　　<民國106年12月31日實際數>14515.00</民國106年12月31日實際數>
　　　　　　<科目>什項負債</科目>
　　　　　　<民國108年12月31日預計數>50000.00</民國108年12月31日預計數>
　　　　　　<民國107年12月31日預計數>96000.00</民國107年12月31日預計數>
　　　　　　<比較增減>-46000.00</比較增減>
　　　　</ROW>
　　　　<ROW>
　　　　　　<SEQNO>20</SEQNO>
　　　　　　<LEVEL>04</LEVEL>
　　　　　　<BOLD>0</BOLD>
　　　　　　<民國106年12月31日實際數>14515.00</民國106年12月31日實際數>
　　　　　　<科目>存入保證金</科目>
　　　　　　<民國108年12月31日預計數>50000.00</民國108年12月31日預計數>
　　　　　　<民國107年12月31日預計數>96000.00</民國107年12月31日預計數>
　　　　　　<比較增減>-46000.00</比較增減>
　　　　</ROW>
　　　　<ROW>
　　　　　　<SEQNO>21</SEQNO>
　　　　　　<LEVEL>01</LEVEL>
　　　　　　<BOLD>1</BOLD>
　　　　　　<民國106年12月31日實際數>1724892.00</民國106年12月31日實際數>
　　　　　　<科目>基金餘額</科目>
　　　　　　<民國108年12月31日預計數>443045.00</民國108年12月31日預計數>
　　　　　　<民國107年12月31日預計數>1353138.00</民國107年12月31日預計數>
　　　　　　<比較增減>-910093.00</比較增減>
　　　　</ROW>
　　　　<ROW>
　　　　　　<SEQNO>22</SEQNO>
　　　　　　<LEVEL>02</LEVEL>
　　　　　　<BOLD>0</BOLD>
　　　　　　<民國106年12月31日實際數>1724892.00</民國106年12月31日實際數>
　　　　　　<科目>基金餘額</科目>
　　　　　　<民國108年12月31日預計數>443045.00</民國108年12月31日預計數>
　　　　　　<民國107年12月31日預計數>1353138.00</民國107年12月31日預計數>
　　　　　　<比較增減>-910093.00</比較增減>
　　　　</ROW>
　　　　<ROW>
　　　　　　<SEQNO>23</SEQNO>
　　　　　　<LEVEL>03</LEVEL>
　　　　　　<BOLD>0</BOLD>
　　　　　　<民國106年12月31日實際數>1724892.00</民國106年12月31日實際數>
　　　　　　<科目>基金餘額</科目>
　　　　　　<民國108年12月31日預計數>443045.00</民國108年12月31日預計數>
　　　　　　<民國107年12月31日預計數>1353138.00</民國107年12月31日預計數>
　　　　　　<比較增減>-910093.00</比較增減>
　　　　</ROW>
　　　　<ROW>
　　　　　　<SEQNO>24</SEQNO>
　　　　　　<LEVEL>04</LEVEL>
　　　　　　<BOLD>0</BOLD>
　　　　　　<民國106年12月31日實際數>1724892.00</民國106年12月31日實際數>
　　　　　　<科目>累積餘額</科目>
　　　　　　<民國108年12月31日預計數>443045.00</民國108年12月31日預計數>
　　　　　　<民國107年12月31日預計數>1353138.00</民國107年12月31日預計數>
　　　　　　<比較增減>-910093.00</比較增減>
　　　　</ROW>
　　　　<ROW>
　　　　　　<SEQNO>25</SEQNO>
　　　　　　<LEVEL>01</LEVEL>
　　　　　　<BOLD>1</BOLD>
　　　　　　<民國106年12月31日實際數>4025177.00</民國106年12月31日實際數>
　　　　　　<科目>負債及基金餘額合計</科目>
　　　　　　<民國108年12月31日預計數>2323045.00</民國108年12月31日預計數>
　　　　　　<民國107年12月31日預計數>3104138.00</民國107年12月31日預計數>
　　　　　　<比較增減>-781093.00</比較增減>
　　　　</ROW>
　　　　<COMM>「信託代理與保證資產(負債)」預計期末金額為600千元，為保管有價證券及保證品等。</COMM>
　　</DataSet>
</GenericData>

