<?xml version="1.0" encoding="UTF-8"?>
<GenericData>
　　<Header>
　　　　<Table Id="FNGAUSE" Name="各項費用彙計表" Domain="NBA" />
　　　　<Program Id="NBAGBR150_A" />
　　　　<Sender Name="疫苗基金" />
　　　　<報表名稱>各項費用彙計表</報表名稱>
　　　　<年度>108</年度>
　　　　<基金>疫苗基金</基金>
　　　　<階段>法定預算</階段>
　　　　<版本>1</版本>
　　　　<單位>新臺幣千元</單位>
　　</Header>
　　<DataSet>
　　　　<ROW>
　　　　　　<SEQNO>1</SEQNO>
　　　　　　<LEVEL>1</LEVEL>
　　　　　　<BOLD>1</BOLD>
　　　　　　<前年度決算數>79.00</前年度決算數>
　　　　　　<上年度預算數>80.00</上年度預算數>
　　　　　　<科目名稱>用人費用</科目名稱>
　　　　　　<合計>80.00</合計>
　　　　　　<一般行政管理計畫>80.00</一般行政管理計畫>
　　　　</ROW>
　　　　<ROW>
　　　　　　<SEQNO>2</SEQNO>
　　　　　　<LEVEL>2</LEVEL>
　　　　　　<BOLD>0</BOLD>
　　　　　　<前年度決算數>79.00</前年度決算數>
　　　　　　<上年度預算數>80.00</上年度預算數>
　　　　　　<科目名稱>超時工作報酬</科目名稱>
　　　　　　<合計>80.00</合計>
　　　　　　<一般行政管理計畫>80.00</一般行政管理計畫>
　　　　</ROW>
　　　　<ROW>
　　　　　　<SEQNO>3</SEQNO>
　　　　　　<LEVEL>1</LEVEL>
　　　　　　<BOLD>1</BOLD>
　　　　　　<前年度決算數>31745.00</前年度決算數>
　　　　　　<上年度預算數>31735.00</上年度預算數>
　　　　　　<科目名稱>服務費用</科目名稱>
　　　　　　<合計>37275.00</合計>
　　　　　　<疫苗接種計畫>36049.00</疫苗接種計畫>
　　　　　　<一般行政管理計畫>1226.00</一般行政管理計畫>
　　　　</ROW>
　　　　<ROW>
　　　　　　<SEQNO>4</SEQNO>
　　　　　　<LEVEL>2</LEVEL>
　　　　　　<BOLD>0</BOLD>
　　　　　　<前年度決算數>342.00</前年度決算數>
　　　　　　<上年度預算數>342.00</上年度預算數>
　　　　　　<科目名稱>水電費</科目名稱>
　　　　　　<合計>342.00</合計>
　　　　　　<一般行政管理計畫>342.00</一般行政管理計畫>
　　　　</ROW>
　　　　<ROW>
　　　　　　<SEQNO>5</SEQNO>
　　　　　　<LEVEL>2</LEVEL>
　　　　　　<BOLD>0</BOLD>
　　　　　　<前年度決算數>621.00</前年度決算數>
　　　　　　<上年度預算數>1600.00</上年度預算數>
　　　　　　<科目名稱>郵電費</科目名稱>
　　　　　　<合計>1600.00</合計>
　　　　　　<疫苗接種計畫>1600.00</疫苗接種計畫>
　　　　</ROW>
　　　　<ROW>
　　　　　　<SEQNO>6</SEQNO>
　　　　　　<LEVEL>2</LEVEL>
　　　　　　<BOLD>0</BOLD>
　　　　　　<前年度決算數>995.00</前年度決算數>
　　　　　　<上年度預算數>1883.00</上年度預算數>
　　　　　　<科目名稱>旅運費</科目名稱>
　　　　　　<合計>1583.00</合計>
　　　　　　<疫苗接種計畫>1583.00</疫苗接種計畫>
　　　　</ROW>
　　　　<ROW>
　　　　　　<SEQNO>7</SEQNO>
　　　　　　<LEVEL>2</LEVEL>
　　　　　　<BOLD>0</BOLD>
　　　　　　<前年度決算數>20531.00</前年度決算數>
　　　　　　<上年度預算數>17194.00</上年度預算數>
　　　　　　<科目名稱>印刷裝訂與廣告費</科目名稱>
　　　　　　<合計>18194.00</合計>
　　　　　　<疫苗接種計畫>18144.00</疫苗接種計畫>
　　　　　　<一般行政管理計畫>50.00</一般行政管理計畫>
　　　　</ROW>
　　　　<ROW>
　　　　　　<SEQNO>8</SEQNO>
　　　　　　<LEVEL>2</LEVEL>
　　　　　　<BOLD>0</BOLD>
　　　　　　<前年度決算數>17.00</前年度決算數>
　　　　　　<上年度預算數>150.00</上年度預算數>
　　　　　　<科目名稱>修理保養及保固費</科目名稱>
　　　　　　<合計>150.00</合計>
　　　　　　<一般行政管理計畫>150.00</一般行政管理計畫>
　　　　</ROW>
　　　　<ROW>
　　　　　　<SEQNO>9</SEQNO>
　　　　　　<LEVEL>2</LEVEL>
　　　　　　<BOLD>0</BOLD>
　　　　　　<前年度決算數>3538.00</前年度決算數>
　　　　　　<上年度預算數>4696.00</上年度預算數>
　　　　　　<科目名稱>一般服務費</科目名稱>
　　　　　　<合計>4196.00</合計>
　　　　　　<疫苗接種計畫>3512.00</疫苗接種計畫>
　　　　　　<一般行政管理計畫>684.00</一般行政管理計畫>
　　　　</ROW>
　　　　<ROW>
　　　　　　<SEQNO>10</SEQNO>
　　　　　　<LEVEL>2</LEVEL>
　　　　　　<BOLD>0</BOLD>
　　　　　　<前年度決算數>5700.00</前年度決算數>
　　　　　　<上年度預算數>5870.00</上年度預算數>
　　　　　　<科目名稱>專業服務費</科目名稱>
　　　　　　<合計>11210.00</合計>
　　　　　　<疫苗接種計畫>11210.00</疫苗接種計畫>
　　　　</ROW>
　　　　<ROW>
　　　　　　<SEQNO>11</SEQNO>
　　　　　　<LEVEL>1</LEVEL>
　　　　　　<BOLD>1</BOLD>
　　　　　　<前年度決算數>2156029.00</前年度決算數>
　　　　　　<上年度預算數>2338986.00</上年度預算數>
　　　　　　<科目名稱>材料及用品費</科目名稱>
　　　　　　<合計>2284506.00</合計>
　　　　　　<疫苗接種計畫>2284380.00</疫苗接種計畫>
　　　　　　<一般行政管理計畫>126.00</一般行政管理計畫>
　　　　</ROW>
　　　　<ROW>
　　　　　　<SEQNO>12</SEQNO>
　　　　　　<LEVEL>2</LEVEL>
　　　　　　<BOLD>0</BOLD>
　　　　　　<前年度決算數>2156029.00</前年度決算數>
　　　　　　<上年度預算數>2338986.00</上年度預算數>
　　　　　　<科目名稱>用品消耗</科目名稱>
　　　　　　<合計>2284506.00</合計>
　　　　　　<疫苗接種計畫>2284380.00</疫苗接種計畫>
　　　　　　<一般行政管理計畫>126.00</一般行政管理計畫>
　　　　</ROW>
　　　　<ROW>
　　　　　　<SEQNO>13</SEQNO>
　　　　　　<LEVEL>1</LEVEL>
　　　　　　<BOLD>1</BOLD>
　　　　　　<前年度決算數>8168.00</前年度決算數>
　　　　　　<上年度預算數>5500.00</上年度預算數>
　　　　　　<科目名稱>購建固定資產、無形資產及非理財目的之長期投資</科目名稱>
　　　　　　<合計>16200.00</合計>
　　　　　　<疫苗接種計畫>16200.00</疫苗接種計畫>
　　　　</ROW>
　　　　<ROW>
　　　　　　<SEQNO>14</SEQNO>
　　　　　　<LEVEL>2</LEVEL>
　　　　　　<BOLD>0</BOLD>
　　　　　　<前年度決算數>176.00</前年度決算數>
　　　　　　<上年度預算數>500.00</上年度預算數>
　　　　　　<科目名稱>購建固定資產</科目名稱>
　　　　　　<合計>500.00</合計>
　　　　　　<疫苗接種計畫>500.00</疫苗接種計畫>
　　　　</ROW>
　　　　<ROW>
　　　　　　<SEQNO>15</SEQNO>
　　　　　　<LEVEL>2</LEVEL>
　　　　　　<BOLD>0</BOLD>
　　　　　　<前年度決算數>7992.00</前年度決算數>
　　　　　　<上年度預算數>5000.00</上年度預算數>
　　　　　　<科目名稱>購置無形資產</科目名稱>
　　　　　　<合計>15700.00</合計>
　　　　　　<疫苗接種計畫>15700.00</疫苗接種計畫>
　　　　</ROW>
　　　　<ROW>
　　　　　　<SEQNO>16</SEQNO>
　　　　　　<LEVEL>1</LEVEL>
　　　　　　<BOLD>1</BOLD>
　　　　　　<前年度決算數>699134.00</前年度決算數>
　　　　　　<上年度預算數>752908.00</上年度預算數>
　　　　　　<科目名稱>會費、捐助、補助、分攤、照護、救濟與交流活動費</科目名稱>
　　　　　　<合計>1019718.00</合計>
　　　　　　<疫苗接種計畫>1019718.00</疫苗接種計畫>
　　　　</ROW>
　　　　<ROW>
　　　　　　<SEQNO>17</SEQNO>
　　　　　　<LEVEL>2</LEVEL>
　　　　　　<BOLD>0</BOLD>
　　　　　　<前年度決算數>699134.00</前年度決算數>
　　　　　　<上年度預算數>751400.00</上年度預算數>
　　　　　　<科目名稱>捐助、補助與獎助</科目名稱>
　　　　　　<合計>1018210.00</合計>
　　　　　　<疫苗接種計畫>1018210.00</疫苗接種計畫>
　　　　</ROW>
　　　　<ROW>
　　　　　　<SEQNO>18</SEQNO>
　　　　　　<LEVEL>2</LEVEL>
　　　　　　<BOLD>0</BOLD>
　　　　　　<前年度決算數>-</前年度決算數>
　　　　　　<上年度預算數>1508.00</上年度預算數>
　　　　　　<科目名稱>補貼、獎勵、慰問、照護與救濟</科目名稱>
　　　　　　<合計>1508.00</合計>
　　　　　　<疫苗接種計畫>1508.00</疫苗接種計畫>
　　　　</ROW>
　　　　<ROW>
　　　　　　<SEQNO>19</SEQNO>
　　　　　　<LEVEL>1</LEVEL>
　　　　　　<BOLD>1</BOLD>
　　　　　　<前年度決算數>633.00</前年度決算數>
　　　　　　<上年度預算數>-</上年度預算數>
　　　　　　<科目名稱>其他</科目名稱>
　　　　　　<合計>-</合計>
　　　　　　<疫苗接種計畫>-</疫苗接種計畫>
　　　　</ROW>
　　　　<ROW>
　　　　　　<SEQNO>20</SEQNO>
　　　　　　<LEVEL>2</LEVEL>
　　　　　　<BOLD>0</BOLD>
　　　　　　<前年度決算數>633.00</前年度決算數>
　　　　　　<上年度預算數>-</上年度預算數>
　　　　　　<科目名稱>其他支出</科目名稱>
　　　　　　<合計>-</合計>
　　　　　　<疫苗接種計畫>-</疫苗接種計畫>
　　　　</ROW>
　　　　<ROW>
　　　　　　<SEQNO>21</SEQNO>
　　　　　　<LEVEL>1</LEVEL>
　　　　　　<BOLD>1</BOLD>
　　　　　　<前年度決算數>2895788.00</前年度決算數>
　　　　　　<上年度預算數>3129209.00</上年度預算數>
　　　　　　<科目名稱>合計</科目名稱>
　　　　　　<合計>3357779.00</合計>
　　　　　　<疫苗接種計畫>3356347.00</疫苗接種計畫>
　　　　　　<一般行政管理計畫>1432.00</一般行政管理計畫>
　　　　</ROW>
　　</DataSet>
</GenericData>

