<?xml version="1.0" encoding="UTF-8"?>
<GenericData>
　　<Header>
　　　　<Table Domain="NBA" Id="FNGBCAPITAL" Name="資本資產及長期負債明細表" />
　　　　<Program Id="NBAGBR300_A" />
　　　　<Sender Name="疫苗基金" />
　　　　<報表名稱>資本資產及長期負債明細表</報表名稱>
　　　　<年度>108</年度>
　　　　<基金>疫苗基金</基金>
　　　　<階段>審定決算</階段>
　　　　<版本>1</版本>
　　　　<單位>新臺幣元</單位>
　　</Header>
　　<DataSet>
　　　　<ROW>
　　　　　　<SEQNO>1</SEQNO>
　　　　　　<LEVEL>2</LEVEL>
　　　　　　<BOLD>0</BOLD>
　　　　　　<項目>資產</項目>
　　　　　　<取得成本_舉債數>34974.00</取得成本_舉債數>
　　　　　　<以前年度累計折舊_長期投資評價_未攤銷溢價>-11419.00</以前年度累計折舊_長期投資評價_未攤銷溢價>
　　　　　　<本年度增加數>16200.00</本年度增加數>
　　　　　　<本年度減少數>7364.00</本年度減少數>
　　　　　　<本年度累計折舊_長期投資評價變動數_攤銷數>-2559.00</本年度累計折舊_長期投資評價變動數_攤銷數>
　　　　　　<期末餘額>29832.00</期末餘額>
　　　　　　<本年度增加類型 />
　　　　　　<本年度減少類型 />
　　　　　　<主要增減原因說明 />
　　　　</ROW>
　　　　<ROW>
　　　　　　<SEQNO>2</SEQNO>
　　　　　　<LEVEL>3</LEVEL>
　　　　　　<BOLD>0</BOLD>
　　　　　　<項目>非理財目的之長期投資</項目>
　　　　　　<取得成本_舉債數 />
　　　　　　<以前年度累計折舊_長期投資評價_未攤銷溢價 />
　　　　　　<本年度增加數 />
　　　　　　<本年度減少數 />
　　　　　　<本年度累計折舊_長期投資評價變動數_攤銷數 />
　　　　　　<期末餘額 />
　　　　　　<本年度增加類型 />
　　　　　　<本年度減少類型 />
　　　　　　<主要增減原因說明 />
　　　　</ROW>
　　　　<ROW>
　　　　　　<SEQNO>3</SEQNO>
　　　　　　<LEVEL>3</LEVEL>
　　　　　　<BOLD>0</BOLD>
　　　　　　<項目>土地</項目>
　　　　　　<取得成本_舉債數 />
　　　　　　<以前年度累計折舊_長期投資評價_未攤銷溢價 />
　　　　　　<本年度增加數 />
　　　　　　<本年度減少數 />
　　　　　　<本年度累計折舊_長期投資評價變動數_攤銷數 />
　　　　　　<期末餘額 />
　　　　　　<本年度增加類型 />
　　　　　　<本年度減少類型 />
　　　　　　<主要增減原因說明 />
　　　　</ROW>
　　　　<ROW>
　　　　　　<SEQNO>4</SEQNO>
　　　　　　<LEVEL>3</LEVEL>
　　　　　　<BOLD>0</BOLD>
　　　　　　<項目>土地改良物</項目>
　　　　　　<取得成本_舉債數 />
　　　　　　<以前年度累計折舊_長期投資評價_未攤銷溢價 />
　　　　　　<本年度增加數 />
　　　　　　<本年度減少數 />
　　　　　　<本年度累計折舊_長期投資評價變動數_攤銷數 />
　　　　　　<期末餘額 />
　　　　　　<本年度增加類型 />
　　　　　　<本年度減少類型 />
　　　　　　<主要增減原因說明 />
　　　　</ROW>
　　　　<ROW>
　　　　　　<SEQNO>5</SEQNO>
　　　　　　<LEVEL>3</LEVEL>
　　　　　　<BOLD>0</BOLD>
　　　　　　<項目>房屋及建築</項目>
　　　　　　<取得成本_舉債數 />
　　　　　　<以前年度累計折舊_長期投資評價_未攤銷溢價 />
　　　　　　<本年度增加數 />
　　　　　　<本年度減少數 />
　　　　　　<本年度累計折舊_長期投資評價變動數_攤銷數 />
　　　　　　<期末餘額 />
　　　　　　<本年度增加類型 />
　　　　　　<本年度減少類型 />
　　　　　　<主要增減原因說明 />
　　　　</ROW>
　　　　<ROW>
　　　　　　<SEQNO>6</SEQNO>
　　　　　　<LEVEL>3</LEVEL>
　　　　　　<BOLD>0</BOLD>
　　　　　　<項目>機械及設備</項目>
　　　　　　<取得成本_舉債數>15082.00</取得成本_舉債數>
　　　　　　<以前年度累計折舊_長期投資評價_未攤銷溢價>-10933.00</以前年度累計折舊_長期投資評價_未攤銷溢價>
　　　　　　<本年度增加數>100.00</本年度增加數>
　　　　　　<本年度減少數 />
　　　　　　<本年度累計折舊_長期投資評價變動數_攤銷數>-2394.00</本年度累計折舊_長期投資評價變動數_攤銷數>
　　　　　　<期末餘額>1855.00</期末餘額>
　　　　　　<本年度增加類型>(1)</本年度增加類型>
　　　　　　<本年度減少類型 />
　　　　　　<主要增減原因說明>增加原因:購置、汰換溫度監視等設備。</主要增減原因說明>
　　　　</ROW>
　　　　<ROW>
　　　　　　<SEQNO>7</SEQNO>
　　　　　　<LEVEL>3</LEVEL>
　　　　　　<BOLD>0</BOLD>
　　　　　　<項目>交通及運輸設備</項目>
　　　　　　<取得成本_舉債數>28.00</取得成本_舉債數>
　　　　　　<以前年度累計折舊_長期投資評價_未攤銷溢價>-28.00</以前年度累計折舊_長期投資評價_未攤銷溢價>
　　　　　　<本年度增加數 />
　　　　　　<本年度減少數 />
　　　　　　<本年度累計折舊_長期投資評價變動數_攤銷數 />
　　　　　　<期末餘額 />
　　　　　　<本年度增加類型 />
　　　　　　<本年度減少類型 />
　　　　　　<主要增減原因說明 />
　　　　</ROW>
　　　　<ROW>
　　　　　　<SEQNO>8</SEQNO>
　　　　　　<LEVEL>3</LEVEL>
　　　　　　<BOLD>0</BOLD>
　　　　　　<項目>雜項設備</項目>
　　　　　　<取得成本_舉債數>1116.00</取得成本_舉債數>
　　　　　　<以前年度累計折舊_長期投資評價_未攤銷溢價>-458.00</以前年度累計折舊_長期投資評價_未攤銷溢價>
　　　　　　<本年度增加數>400.00</本年度增加數>
　　　　　　<本年度減少數 />
　　　　　　<本年度累計折舊_長期投資評價變動數_攤銷數>-165.00</本年度累計折舊_長期投資評價變動數_攤銷數>
　　　　　　<期末餘額>893.00</期末餘額>
　　　　　　<本年度增加類型>(1)</本年度增加類型>
　　　　　　<本年度減少類型 />
　　　　　　<主要增減原因說明>增加原因:購置、汰換存放疫苗之冰箱及冷運冷藏等設備。</主要增減原因說明>
　　　　</ROW>
　　　　<ROW>
　　　　　　<SEQNO>9</SEQNO>
　　　　　　<LEVEL>3</LEVEL>
　　　　　　<BOLD>0</BOLD>
　　　　　　<項目>購建中固定資產</項目>
　　　　　　<取得成本_舉債數 />
　　　　　　<以前年度累計折舊_長期投資評價_未攤銷溢價 />
　　　　　　<本年度增加數 />
　　　　　　<本年度減少數 />
　　　　　　<本年度累計折舊_長期投資評價變動數_攤銷數 />
　　　　　　<期末餘額 />
　　　　　　<本年度增加類型 />
　　　　　　<本年度減少類型 />
　　　　　　<主要增減原因說明 />
　　　　</ROW>
　　　　<ROW>
　　　　　　<SEQNO>10</SEQNO>
　　　　　　<LEVEL>3</LEVEL>
　　　　　　<BOLD>0</BOLD>
　　　　　　<項目>電腦軟體</項目>
　　　　　　<取得成本_舉債數>18748.00</取得成本_舉債數>
　　　　　　<以前年度累計折舊_長期投資評價_未攤銷溢價 />
　　　　　　<本年度增加數>15700.00</本年度增加數>
　　　　　　<本年度減少數>7364.00</本年度減少數>
　　　　　　<本年度累計折舊_長期投資評價變動數_攤銷數 />
　　　　　　<期末餘額>27084.00</期末餘額>
　　　　　　<本年度增加類型>(1)</本年度增加類型>
　　　　　　<本年度減少類型>(10)</本年度減少類型>
　　　　　　<主要增減原因說明>增加原因:擴增全國性預防接種資訊管理系統及流感疫苗管理系統、提升醫療院所資訊系統配合自動介接全國性預防接種資訊管理系統之效能及品質之功能擴增，暨建置疫苗基金預算控制系統。減少原因:電腦軟體攤銷。</主要增減原因說明>
　　　　</ROW>
　　　　<ROW>
　　　　　　<SEQNO>11</SEQNO>
　　　　　　<LEVEL>3</LEVEL>
　　　　　　<BOLD>0</BOLD>
　　　　　　<項目>權利</項目>
　　　　　　<取得成本_舉債數 />
　　　　　　<以前年度累計折舊_長期投資評價_未攤銷溢價 />
　　　　　　<本年度增加數 />
　　　　　　<本年度減少數 />
　　　　　　<本年度累計折舊_長期投資評價變動數_攤銷數 />
　　　　　　<期末餘額 />
　　　　　　<本年度增加類型 />
　　　　　　<本年度減少類型 />
　　　　　　<主要增減原因說明 />
　　　　</ROW>
　　　　<ROW>
　　　　　　<SEQNO>12</SEQNO>
　　　　　　<LEVEL>3</LEVEL>
　　　　　　<BOLD>0</BOLD>
　　　　　　<項目>遞耗資產</項目>
　　　　　　<取得成本_舉債數 />
　　　　　　<以前年度累計折舊_長期投資評價_未攤銷溢價 />
　　　　　　<本年度增加數 />
　　　　　　<本年度減少數 />
　　　　　　<本年度累計折舊_長期投資評價變動數_攤銷數 />
　　　　　　<期末餘額 />
　　　　　　<本年度增加類型 />
　　　　　　<本年度減少類型 />
　　　　　　<主要增減原因說明 />
　　　　</ROW>
　　　　<ROW>
　　　　　　<SEQNO>13</SEQNO>
　　　　　　<LEVEL>3</LEVEL>
　　　　　　<BOLD>0</BOLD>
　　　　　　<項目>其他</項目>
　　　　　　<取得成本_舉債數 />
　　　　　　<以前年度累計折舊_長期投資評價_未攤銷溢價 />
　　　　　　<本年度增加數 />
　　　　　　<本年度減少數 />
　　　　　　<本年度累計折舊_長期投資評價變動數_攤銷數 />
　　　　　　<期末餘額 />
　　　　　　<本年度增加類型 />
　　　　　　<本年度減少類型 />
　　　　　　<主要增減原因說明 />
　　　　</ROW>
　　　　<ROW>
　　　　　　<SEQNO>14</SEQNO>
　　　　　　<LEVEL>2</LEVEL>
　　　　　　<BOLD>0</BOLD>
　　　　　　<項目>負債</項目>
　　　　　　<取得成本_舉債數 />
　　　　　　<以前年度累計折舊_長期投資評價_未攤銷溢價 />
　　　　　　<本年度增加數 />
　　　　　　<本年度減少數 />
　　　　　　<本年度累計折舊_長期投資評價變動數_攤銷數 />
　　　　　　<期末餘額 />
　　　　　　<本年度增加類型 />
　　　　　　<本年度減少類型 />
　　　　　　<主要增減原因說明 />
　　　　</ROW>
　　　　<ROW>
　　　　　　<SEQNO>15</SEQNO>
　　　　　　<LEVEL>3</LEVEL>
　　　　　　<BOLD>0</BOLD>
　　　　　　<項目>長期債務</項目>
　　　　　　<取得成本_舉債數 />
　　　　　　<以前年度累計折舊_長期投資評價_未攤銷溢價 />
　　　　　　<本年度增加數 />
　　　　　　<本年度減少數 />
　　　　　　<本年度累計折舊_長期投資評價變動數_攤銷數 />
　　　　　　<期末餘額 />
　　　　　　<本年度增加類型 />
　　　　　　<本年度減少類型 />
　　　　　　<主要增減原因說明 />
　　　　</ROW>
　　　　<COMM>1.分攤辦理健康照護基金之會計及出納業務外包人員3名。
2.辦理醫療發展基金業務之研發替代役3名。
3.辦理醫療發展基金業務推動弱勢族群醫療照護計畫之勞務承攬人員2名。</COMM>
　　</DataSet>
</GenericData>

