<?xml version="1.0" encoding="UTF-8"?>
<GenericData>
　　<Header>
　　　　<Table Id="fngbcostanlyz" Name="單位成本分析表" Domain="NBA" />
　　　　<Program Id="NBAGBR100_A" />
　　　　<Sender Name="疫苗基金" />
　　　　<報表名稱>單位成本分析表</報表名稱>
　　　　<年度>108</年度>
　　　　<基金>疫苗基金</基金>
　　　　<階段>法定預算</階段>
　　　　<版本>1</版本>
　　　　<單位>新臺幣千元</單位>
　　</Header>
　　<DataSet>
　　　　<ROW>
　　　　　　<SEQNO>1</SEQNO>
　　　　　　<LEVEL>1</LEVEL>
　　　　　　<BOLD>1</BOLD>
　　　　　　<計畫別>疫苗接種計畫</計畫別>
　　　　　　<單位 />
　　　　　　<單位成本或平均利率>0</單位成本或平均利率>
　　　　　　<數量>0</數量>
　　　　　　<預算數>3356347.00</預算數>
　　　　　　<說明 />
　　　　</ROW>
　　　　<ROW>
　　　　　　<SEQNO>2</SEQNO>
　　　　　　<LEVEL>2</LEVEL>
　　　　　　<BOLD>0</BOLD>
　　　　　　<計畫別>一、日本腦炎疫苗</計畫別>
　　　　　　<單位>劑</單位>
　　　　　　<單位成本或平均利率>493.54</單位成本或平均利率>
　　　　　　<數量>603500.00</數量>
　　　　　　<預算數>297850.00</預算數>
　　　　　　<說明>日本腦炎疫苗297,850千元。
1.幼兒常規:680元×600,000劑×70%=285,600千元
2.免疫不全:3,500元×3,500劑=12,250千元</說明>
　　　　</ROW>
　　　　<ROW>
　　　　　　<SEQNO>3</SEQNO>
　　　　　　<LEVEL>2</LEVEL>
　　　　　　<BOLD>0</BOLD>
　　　　　　<計畫別>二、黃熱病疫苗</計畫別>
　　　　　　<單位>劑</單位>
　　　　　　<單位成本或平均利率>1950.00</單位成本或平均利率>
　　　　　　<數量>10380.00</數量>
　　　　　　<預算數>20241.00</預算數>
　　　　　　<說明>黃熱病疫苗20,241千元。(1,950元×10,380劑)</說明>
　　　　</ROW>
　　　　<ROW>
　　　　　　<SEQNO>4</SEQNO>
　　　　　　<LEVEL>2</LEVEL>
　　　　　　<BOLD>0</BOLD>
　　　　　　<計畫別>三、流行性腦脊髓膜炎疫苗</計畫別>
　　　　　　<單位>劑</單位>
　　　　　　<單位成本或平均利率>1110.00</單位成本或平均利率>
　　　　　　<數量>8000.00</數量>
　　　　　　<預算數>8880.00</預算數>
　　　　　　<說明>流行性腦脊髓膜炎疫苗8,880千元。(1,110元×8,000劑)</說明>
　　　　</ROW>
　　　　<ROW>
　　　　　　<SEQNO>5</SEQNO>
　　　　　　<LEVEL>2</LEVEL>
　　　　　　<BOLD>0</BOLD>
　　　　　　<計畫別>四、水痘疫苗</計畫別>
　　　　　　<單位>劑</單位>
　　　　　　<單位成本或平均利率>420.00</單位成本或平均利率>
　　　　　　<數量>250000.00</數量>
　　　　　　<預算數>105000.00</預算數>
　　　　　　<說明>水痘疫苗105,000千元。(600元×250,000劑×70%）</說明>
　　　　</ROW>
　　　　<ROW>
　　　　　　<SEQNO>6</SEQNO>
　　　　　　<LEVEL>2</LEVEL>
　　　　　　<BOLD>0</BOLD>
　　　　　　<計畫別>五、幼兒結合型肺炎鏈球菌疫苗</計畫別>
　　　　　　<單位>劑</單位>
　　　　　　<單位成本或平均利率>884.80</單位成本或平均利率>
　　　　　　<數量>660000.00</數量>
　　　　　　<預算數>583968.00</預算數>
　　　　　　<說明>幼兒結合型肺炎鏈球菌疫苗583,968千元。(1,264元×660,000劑×70%）</說明>
　　　　</ROW>
　　　　<ROW>
　　　　　　<SEQNO>7</SEQNO>
　　　　　　<LEVEL>2</LEVEL>
　　　　　　<BOLD>0</BOLD>
　　　　　　<計畫別>六、破傷風白喉非細胞型百日咳及不活化小兒麻痺混合疫苗</計畫別>
　　　　　　<單位>劑</單位>
　　　　　　<單位成本或平均利率>420.00</單位成本或平均利率>
　　　　　　<數量>250000.00</數量>
　　　　　　<預算數>105000.00</預算數>
　　　　　　<說明>破傷風白喉非細胞型百日咳及不活化小兒麻痺混合疫苗105,000千元。（600元×250,000劑×70%）</說明>
　　　　</ROW>
　　　　<ROW>
　　　　　　<SEQNO>8</SEQNO>
　　　　　　<LEVEL>2</LEVEL>
　　　　　　<BOLD>0</BOLD>
　　　　　　<計畫別>七、注射式小兒麻痺疫苗</計畫別>
　　　　　　<單位>劑</單位>
　　　　　　<單位成本或平均利率>450.00</單位成本或平均利率>
　　　　　　<數量>3000.00</數量>
　　　　　　<預算數>1350.00</預算數>
　　　　　　<說明>注射式小兒麻痺疫苗1,350千元。(450元×3,000劑)</說明>
　　　　</ROW>
　　　　<ROW>
　　　　　　<SEQNO>9</SEQNO>
　　　　　　<LEVEL>2</LEVEL>
　　　　　　<BOLD>0</BOLD>
　　　　　　<計畫別>八、麻疹腮腺炎德國麻疹混合疫苗</計畫別>
　　　　　　<單位>劑</單位>
　　　　　　<單位成本或平均利率>126.00</單位成本或平均利率>
　　　　　　<數量>420000.00</數量>
　　　　　　<預算數>52920.00</預算數>
　　　　　　<說明>麻疹腮腺炎德國麻疹混合疫苗52,920千元。&#xD;
(180元×420,000劑×70%）</說明>
　　　　</ROW>
　　　　<ROW>
　　　　　　<SEQNO>10</SEQNO>
　　　　　　<LEVEL>2</LEVEL>
　　　　　　<BOLD>0</BOLD>
　　　　　　<計畫別>九、B型肝炎疫苗</計畫別>
　　　　　　<單位>劑</單位>
　　　　　　<單位成本或平均利率>91.00</單位成本或平均利率>
　　　　　　<數量>630000.00</數量>
　　　　　　<預算數>57330.00</預算數>
　　　　　　<說明>B型肝炎疫苗57,330千元。（130元×630,000劑×70%）</說明>
　　　　</ROW>
　　　　<ROW>
　　　　　　<SEQNO>11</SEQNO>
　　　　　　<LEVEL>2</LEVEL>
　　　　　　<BOLD>0</BOLD>
　　　　　　<計畫別>十、B型肝炎免疫球蛋白</計畫別>
　　　　　　<單位>劑</單位>
　　　　　　<單位成本或平均利率>1780.00</單位成本或平均利率>
　　　　　　<數量>2000.00</數量>
　　　　　　<預算數>3560.00</預算數>
　　　　　　<說明>B型肝炎免疫球蛋白3,560千元。（2,543元×2,000劑×70%）</說明>
　　　　</ROW>
　　　　<ROW>
　　　　　　<SEQNO>12</SEQNO>
　　　　　　<LEVEL>2</LEVEL>
　　　　　　<BOLD>0</BOLD>
　　　　　　<計畫別>十一、A型肝炎疫苗</計畫別>
　　　　　　<單位>劑</單位>
　　　　　　<單位成本或平均利率>500.00</單位成本或平均利率>
　　　　　　<數量>1000.00</數量>
　　　　　　<預算數>500.00</預算數>
　　　　　　<說明>A型肝炎疫苗500千元。(500元×1,000劑）</說明>
　　　　</ROW>
　　　　<ROW>
　　　　　　<SEQNO>13</SEQNO>
　　　　　　<LEVEL>2</LEVEL>
　　　　　　<BOLD>0</BOLD>
　　　　　　<計畫別>十二、多合一疫苗</計畫別>
　　　　　　<單位>劑</單位>
　　　　　　<單位成本或平均利率>553.00</單位成本或平均利率>
　　　　　　<數量>900000.00</數量>
　　　　　　<預算數>497700.00</預算數>
　　　　　　<說明>多合一疫苗497,700千元。(790元×900,000劑×70%)</說明>
　　　　</ROW>
　　　　<ROW>
　　　　　　<SEQNO>14</SEQNO>
　　　　　　<LEVEL>2</LEVEL>
　　　　　　<BOLD>0</BOLD>
　　　　　　<計畫別>十三、季節性流感疫苗</計畫別>
　　　　　　<單位>劑</單位>
　　　　　　<單位成本或平均利率>84.47</單位成本或平均利率>
　　　　　　<數量>6000000.00</數量>
　　　　　　<預算數>506800.00</預算數>
　　　　　　<說明>季節性流感疫苗506,800千元。&#xD;
1.0.25ml：36,400千元。&#xD;
(130元×400,000劑×70%)&#xD;
2.0.5ml：470,400千元。&#xD;
(120元×5,600,000劑×70%)</說明>
　　　　</ROW>
　　　　<ROW>
　　　　　　<SEQNO>15</SEQNO>
　　　　　　<LEVEL>2</LEVEL>
　　　　　　<BOLD>0</BOLD>
　　　　　　<計畫別>十四、優先取得流感大流行疫苗權利金</計畫別>
　　　　　　<單位>劑</單位>
　　　　　　<單位成本或平均利率>20.00</單位成本或平均利率>
　　　　　　<數量>1000000.00</數量>
　　　　　　<預算數>20000.00</預算數>
　　　　　　<說明>優先取得流感大流行疫苗權利金20,000千元。&#xD;
(20元/劑×1,000,000劑=20,000千元)</說明>
　　　　</ROW>
　　　　<ROW>
　　　　　　<SEQNO>16</SEQNO>
　　　　　　<LEVEL>2</LEVEL>
　　　　　　<BOLD>0</BOLD>
　　　　　　<計畫別>十五、卡介苗(BCG)</計畫別>
　　　　　　<單位>瓶</單位>
　　　　　　<單位成本或平均利率>672.00</單位成本或平均利率>
　　　　　　<數量>22000.00</數量>
　　　　　　<預算數>14784.00</預算數>
　　　　　　<說明>卡介苗14,784千元。(專案進口960元×22,000瓶×70%)</說明>
　　　　</ROW>
　　　　<ROW>
　　　　　　<SEQNO>17</SEQNO>
　　　　　　<LEVEL>2</LEVEL>
　　　　　　<BOLD>0</BOLD>
　　　　　　<計畫別>十六、傷寒疫苗</計畫別>
　　　　　　<單位>劑</單位>
　　　　　　<單位成本或平均利率>1650.00</單位成本或平均利率>
　　　　　　<數量>1500.00</數量>
　　　　　　<預算數>2475.00</預算數>
　　　　　　<說明>傷寒疫苗2,475千元。(1,650元×1,500劑)</說明>
　　　　</ROW>
　　　　<ROW>
　　　　　　<SEQNO>18</SEQNO>
　　　　　　<LEVEL>2</LEVEL>
　　　　　　<BOLD>0</BOLD>
　　　　　　<計畫別>十七、破傷風白喉混合疫苗</計畫別>
　　　　　　<單位>劑</單位>
　　　　　　<單位成本或平均利率>500.00</單位成本或平均利率>
　　　　　　<數量>2500.00</數量>
　　　　　　<預算數>1250.00</預算數>
　　　　　　<說明>破傷風白喉混合疫苗1,250千元。（500元×2,500劑）</說明>
　　　　</ROW>
　　　　<ROW>
　　　　　　<SEQNO>19</SEQNO>
　　　　　　<LEVEL>2</LEVEL>
　　　　　　<BOLD>0</BOLD>
　　　　　　<計畫別>十八、生物製劑</計畫別>
　　　　　　<單位>劑</單位>
　　　　　　<單位成本或平均利率>4300.00</單位成本或平均利率>
　　　　　　<數量>160.00</數量>
　　　　　　<預算數>688.00</預算數>
　　　　　　<說明>人用狂犬病免疫球蛋白688千元。（4,300元×160劑）</說明>
　　　　</ROW>
　　　　<ROW>
　　　　　　<SEQNO>20</SEQNO>
　　　　　　<LEVEL>2</LEVEL>
　　　　　　<BOLD>0</BOLD>
　　　　　　<計畫別>十九、溫度及冷凍監視片</計畫別>
　　　　　　<單位>片</單位>
　　　　　　<單位成本或平均利率>82.29</單位成本或平均利率>
　　　　　　<數量>47200.00</數量>
　　　　　　<預算數>3884.00</預算數>
　　　　　　<說明>溫度及冷凍監視片3,884千元。（溫度監視片:80元×40,000片，凍片:95元×7,200片）</說明>
　　　　</ROW>
　　　　<ROW>
　　　　　　<SEQNO>21</SEQNO>
　　　　　　<LEVEL>2</LEVEL>
　　　　　　<BOLD>0</BOLD>
　　　　　　<計畫別>二十、辦公用品及事務機器需要耗用之設備零件等費用</計畫別>
　　　　　　<單位 />
　　　　　　<單位成本或平均利率>0</單位成本或平均利率>
　　　　　　<數量>0</數量>
　　　　　　<預算數>200.00</預算數>
　　　　　　<說明>無適當單位可資衡量。</說明>
　　　　</ROW>
　　　　<ROW>
　　　　　　<SEQNO>22</SEQNO>
　　　　　　<LEVEL>2</LEVEL>
　　　　　　<BOLD>0</BOLD>
　　　　　　<計畫別>二十一、疫苗接種計畫相關費用</計畫別>
　　　　　　<單位 />
　　　　　　<單位成本或平均利率>0</單位成本或平均利率>
　　　　　　<數量>0</數量>
　　　　　　<預算數>1071967.00</預算數>
　　　　　　<說明>無適當單位可資衡量。</說明>
　　　　</ROW>
　　　　<ROW>
　　　　　　<SEQNO>23</SEQNO>
　　　　　　<LEVEL>1</LEVEL>
　　　　　　<BOLD>1</BOLD>
　　　　　　<計畫別>一般行政管理計畫</計畫別>
　　　　　　<單位 />
　　　　　　<單位成本或平均利率>0</單位成本或平均利率>
　　　　　　<數量>0</數量>
　　　　　　<預算數>1432.00</預算數>
　　　　　　<說明>無適當單位可資衡量。</說明>
　　　　</ROW>
　　　　<ROW>
　　　　　　<SEQNO>24</SEQNO>
　　　　　　<LEVEL>1</LEVEL>
　　　　　　<BOLD>1</BOLD>
　　　　　　<計畫別>合計</計畫別>
　　　　　　<單位 />
　　　　　　<單位成本或平均利率>0</單位成本或平均利率>
　　　　　　<數量>0</數量>
　　　　　　<預算數>3357779.00</預算數>
　　　　　　<說明 />
　　　　</ROW>
　　</DataSet>
</GenericData>

