﻿name,title
SEQNO,SEQNO
LEVEL,LEVEL
BOLD,BOLD
項目,項目
取得成本_舉債數,取得成本_舉債數
以前年度累計折舊_長期投資評價_未攤銷溢價,以前年度累計折舊_長期投資評價_未攤銷溢價
本年度增加數,本年度增加數
本年度減少數,本年度減少數
本年度累計折舊_長期投資評價變動數_攤銷數,本年度累計折舊_長期投資評價變動數_攤銷數
期末餘額,期末餘額
本年度增加類型,本年度增加類型
本年度減少類型,本年度減少類型
主要增減原因說明,主要增減原因說明
