﻿"name","schema","description"
"109-會計月報_歲入累計表_20221007075936.xml","schema-會計月報_歲入累計表.csv","會計月報_歲入累計表"
"109-會計月報_經費累計表_20221007075938.xml","schema-會計月報_經費累計表.csv","會計月報_經費累計表"
"109-會計月報_以前年度歲出轉入數累計表_20221007075938.xml","schema-會計月報_以前年度歲出轉入數累計表.csv","會計月報_以前年度歲出轉入數累計表"
"109-歲出用途別累計表_20221007075939.xml","schema-歲出用途別累計表.csv","歲出用途別累計表"
"109-繳付公庫數分析表_20221007075941.xml","schema-繳付公庫數分析表.csv","繳付公庫數分析表"
"109-公庫撥入數分析表_20221007075943.xml","schema-公庫撥入數分析表.csv","公庫撥入數分析表"
"109-平衡表_20221007075944.xml","schema-平衡表.csv","平衡表"
"109-收入支出表_20221007075947.xml","schema-收入支出表.csv","收入支出表"
"109-長期投資、固定資產、遞耗資產及無形資產變動表_20221007075948.xml","schema-長期投資、固定資產、遞耗資產及無形資產變動表.csv","長期投資、固定資產、遞耗資產及無形資產變動表"
"109_會計月報_預算執行及會計收支對照表_20221007075949.xml","schema-會計月報_預算執行及會計收支對照表.csv","會計月報_預算執行及會計收支對照表"
