﻿"name","schema","description"
"113_決算編制_歲入來源別決算表_20250619115740.xml","schema-決算編制_歲入來源別決算表.csv","決算編制_歲入來源別決算表"
"113_決算編制_歲出政事別決算表_20250619115743.xml","schema-決算編制_歲出政事別決算表.csv","決算編制_歲出政事別決算表"
"113_決算編制_歲出機關別決算表_20250619115754.xml","schema-決算編制_歲出機關別決算表.csv","決算編制_歲出機關別決算表"
"113_決算編制_以前年度歲出政事別轉入數決算表_20250619115755.xml","schema-決算編制_以前年度歲出政事別轉入數決算表.csv","決算編制_以前年度歲出政事別轉入數決算表"
"113_決算編制_以前年度歲出機關別轉入數決算表_20250619115757.xml","schema-決算編制_以前年度歲出機關別轉入數決算表.csv","決算編制_以前年度歲出機關別轉入數決算表"
"113-平衡表_20250619115800.xml","schema-平衡表.csv","平衡表"
"113_決算編制-長期投資、固定資產、遞耗資產及無形資產變動表_20250619115803.xml","schema-決算編制-長期投資、固定資產、遞耗資產及無形資產變動表.csv","決算編制-長期投資、固定資產、遞耗資產及無形資產變動表"
"113_決算編製_決算與會計收支對照表_20250619115804.xml","schema-決算編製_決算與會計收支對照表.csv","決算編製_決算與會計收支對照表"
"113_決算編制-歲出用途別決算累計表_20250619115806.xml","schema-決算編制-歲出用途別決算累計表.csv","決算編制-歲出用途別決算累計表"
"113_決算編制-歲出用途別決算分析表_20250619115808.xml","schema-決算編制-歲出用途別決算分析表.csv","決算編制-歲出用途別決算分析表"
"113-繳付公庫數分析表_20250619115810.xml","schema-繳付公庫數分析表.csv","繳付公庫數分析表"
"113-公庫撥入數分析表_20250619115812.xml","schema-公庫撥入數分析表.csv","公庫撥入數分析表"
"113-收入支出表_20250619115815.xml","schema-收入支出表.csv","收入支出表"
